solid OpenSCAD_Model
  facet normal -0.7071067811865475 -0.7071067811865475 0
    outer loop
      vertex 1.5 0 0
      vertex 1.5 0 3.1999999999999997
      vertex 0 1.5 0
    endloop
  endfacet
  facet normal -0.7071067811865475 -0.7071067811865475 0
    outer loop
      vertex 0 1.5 3.1999999999999997
      vertex 0 1.5 0
      vertex 1.5 0 3.1999999999999997
    endloop
  endfacet
  facet normal 0.7071067811865475 -0.7071067811865475 0
    outer loop
      vertex 28 1.5 0
      vertex 28 1.5 3.1999999999999997
      vertex 26.5 0 0
    endloop
  endfacet
  facet normal 0.7071067811865475 -0.7071067811865475 0
    outer loop
      vertex 26.5 0 3.1999999999999997
      vertex 26.5 0 0
      vertex 28 1.5 3.1999999999999997
    endloop
  endfacet
  facet normal -0.7071067811865475 0.7071067811865475 0
    outer loop
      vertex 0 54.5 0
      vertex 0 54.5 3.1999999999999997
      vertex 1.5 56 0
    endloop
  endfacet
  facet normal -0.7071067811865475 0.7071067811865475 0
    outer loop
      vertex 1.5 56 3.1999999999999997
      vertex 1.5 56 0
      vertex 0 54.5 3.1999999999999997
    endloop
  endfacet
  facet normal 0.7071067811865475 0.7071067811865475 0
    outer loop
      vertex 26.5 56 0
      vertex 26.5 56 3.1999999999999997
      vertex 28 54.5 0
    endloop
  endfacet
  facet normal 0.7071067811865475 0.7071067811865475 0
    outer loop
      vertex 28 54.5 3.1999999999999997
      vertex 28 54.5 0
      vertex 26.5 56 3.1999999999999997
    endloop
  endfacet
  facet normal 0 0 1
    outer loop
      vertex 5.399999998509884 40.20000000298023 0.5
      vertex 5.4103717726469025 42.324701410532 0.5
      vertex 5.399999998509884 42.254780550756244 0.5
    endloop
  endfacet
  facet normal 0 0 1
    outer loop
      vertex 5.399999998509884 40.20000000298023 0.5
      vertex 5.429447732567786 42.40085689425469 0.5
      vertex 5.4103717726469025 42.324701410532 0.5
    endloop
  endfacet
  facet normal 0 0 1
    outer loop
      vertex 5.399999998509884 40.20000000298023 0.5
      vertex 5.455896377265452 42.47477589249611 0.5
      vertex 5.429447732567786 42.40085689425469 0.5
    endloop
  endfacet
  facet normal 0 0 1
    outer loop
      vertex 5.399999998509884 40.20000000298023 0.5
      vertex 5.489462986290453 42.54574653953314 0.5
      vertex 5.455896377265452 42.47477589249611 0.5
    endloop
  endfacet
  facet normal 0 0 1
    outer loop
      vertex 5.399999998509884 40.20000000298023 0.5
      vertex 5.529824308753012 42.613085334002974 0.5
      vertex 5.489462986290453 42.54574653953314 0.5
    endloop
  endfacet
  facet normal 0 0 1
    outer loop
      vertex 5.399999998509884 40.20000000298023 0.5
      vertex 5.576591640412806 42.676143777370456 0.5
      vertex 5.529824308753012 42.613085334002974 0.5
    endloop
  endfacet
  facet normal 0 0 1
    outer loop
      vertex 5.399999998509884 40.20000000298023 0.5
      vertex 5.62931457877159 42.73431457281113 0.5
      vertex 5.576591640412806 42.676143777370456 0.5
    endloop
  endfacet
  facet normal 0 0 1
    outer loop
      vertex 5.399999998509884 40.20000000298023 0.5
      vertex 5.760685421228407 42.86568542271853 0.5
      vertex 5.62931457877159 42.73431457281113 0.5
    endloop
  endfacet
  facet normal 0 0 1
    outer loop
      vertex 5.399999998509884 40.20000000298023 0.5
      vertex 5.813408359587191 42.92385622560978 0.5
      vertex 5.760685421228407 42.86568542271853 0.5
    endloop
  endfacet
  facet normal 1 0 0
    outer loop
      vertex 5.399999998509884 40.20000000298023 0.5
      vertex 5.399999998509884 42.254780550756244 0.5
      vertex 5.399999998509884 40.20000000298023 1.2414213562373093
    endloop
  endfacet
  facet normal 1 0 0
    outer loop
      vertex 5.399999998509884 42.254780550756244 0.5
      vertex 5.399999998509884 40.6 1.2414213562373093
      vertex 5.399999998509884 40.20000000298023 1.2414213562373093
    endloop
  endfacet
  facet normal 1 0 0
    outer loop
      vertex 5.399999998509884 42.254780550756244 0.5
      vertex 5.399999998509884 42.254780550756244 1.2414213562373093
      vertex 5.399999998509884 40.6 1.2414213562373093
    endloop
  endfacet
  facet normal 0 0 1
    outer loop
      vertex 5.399999998509884 40.20000000298023 0.5
      vertex 5.860175691246985 42.98691466152668 0.5
      vertex 5.813408359587191 42.92385622560978 0.5
    endloop
  endfacet
  facet normal 0 0 1
    outer loop
      vertex 5.399999998509884 40.20000000298023 0.5
      vertex 5.900537013709544 43.0542534634471 0.5
      vertex 5.860175691246985 42.98691466152668 0.5
    endloop
  endfacet
  facet normal 0 0 1
    outer loop
      vertex 5.399999998509884 40.20000000298023 0.5
      vertex 5.934103622734545 43.125224103033545 0.5
      vertex 5.900537013709544 43.0542534634471 0.5
    endloop
  endfacet
  facet normal 0 0 1
    outer loop
      vertex 5.399999998509884 40.20000000298023 0.5
      vertex 5.960552267432211 43.19914310872555 0.5
      vertex 5.934103622734545 43.125224103033545 0.5
    endloop
  endfacet
  facet normal 0 0 1
    outer loop
      vertex 5.399999998509884 40.20000000298023 0.5
      vertex 5.9796282273530945 43.27529859244824 0.5
      vertex 5.960552267432211 43.19914310872555 0.5
    endloop
  endfacet
  facet normal 0 0 1
    outer loop
      vertex 5.399999998509884 40.20000000298023 0.5
      vertex 9.458578646183014 51 0.5
      vertex 5.9796282273530945 43.27529859244824 0.5
    endloop
  endfacet
  facet normal 0 0 1
    outer loop
      vertex 5.429447732567786 44.99914310574532 0.5
      vertex 9.458578646183014 51 0.5
      vertex 5.4103717726469025 45.075298589468005 0.5
    endloop
  endfacet
  facet normal 0 0 1
    outer loop
      vertex 5.399999998509884 45.145219449243754 0.5
      vertex 5.4103717726469025 45.075298589468005 0.5
      vertex 9.458578646183014 51 0.5
    endloop
  endfacet
  facet normal 0 0 1
    outer loop
      vertex 5.576591640412806 44.72385622262955 0.5
      vertex 5.62931457877159 44.665685427188876 0.5
      vertex 9.458578646183014 51 0.5
    endloop
  endfacet
  facet normal 0 0 1
    outer loop
      vertex 5.760685421228407 44.53431457728148 0.5
      vertex 9.458578646183014 51 0.5
      vertex 5.62931457877159 44.665685427188876 0.5
    endloop
  endfacet
  facet normal 0 0 1
    outer loop
      vertex 5.489462986290453 44.854253460466865 0.5
      vertex 5.529824308753012 44.78691466599703 0.5
      vertex 9.458578646183014 51 0.5
    endloop
  endfacet
  facet normal 0 0 1
    outer loop
      vertex 5.455896377265452 44.925224107503894 0.5
      vertex 9.458578646183014 51 0.5
      vertex 5.429447732567786 44.99914310574532 0.5
    endloop
  endfacet
  facet normal 0 0 1
    outer loop
      vertex 5.455896377265452 44.925224107503894 0.5
      vertex 5.489462986290453 44.854253460466865 0.5
      vertex 9.458578646183014 51 0.5
    endloop
  endfacet
  facet normal 0 0 1
    outer loop
      vertex 5.529824308753012 44.78691466599703 0.5
      vertex 5.576591640412806 44.72385622262955 0.5
      vertex 9.458578646183014 51 0.5
    endloop
  endfacet
  facet normal 0 0 1
    outer loop
      vertex 5.399999998509884 45.145219449243754 0.5
      vertex 9.458578646183014 51 0.5
      vertex 5.399999998509884 46.94142135977745 0.5
    endloop
  endfacet
  facet normal 1 0 0
    outer loop
      vertex 5.399999998509884 45.145219449243754 0.5
      vertex 5.399999998509884 46.94142135977745 0.5
      vertex 5.399999998509884 45.145219449243754 1.2414213562373093
    endloop
  endfacet
  facet normal 1 0 0
    outer loop
      vertex 5.399999998509884 46.94142135977745 0.5
      vertex 5.399999998509884 46.94142135977745 1.2414213562373093
      vertex 5.399999998509884 45.145219449243754 1.2414213562373093
    endloop
  endfacet
  facet normal 0.7071067805375081 -0.7071067818355872 0
    outer loop
      vertex 5.399999998509884 46.94142135977745 0.5
      vertex 9.458578646183014 51 1.2414213562373093
      vertex 5.399999998509884 46.94142135977745 1.2414213562373093
    endloop
  endfacet
  facet normal 0 0 1
    outer loop
      vertex 5.9796282273530945 43.27529859244824 0.5
      vertex 9.458578646183014 51 0.5
      vertex 5.991147778630255 43.352957133948806 0.5
    endloop
  endfacet
  facet normal 0 0 1
    outer loop
      vertex 5.991147778630255 43.352957133948806 0.5
      vertex 9.458578646183014 51 0.5
      vertex 5.994999997019766 43.43137085139752 0.5
    endloop
  endfacet
  facet normal 0 0 1
    outer loop
      vertex 5.994999997019766 43.43137085139752 0.5
      vertex 9.458578646183014 51 0.5
      vertex 5.994999997019766 43.96862914860249 0.5
    endloop
  endfacet
  facet normal 0 0 1
    outer loop
      vertex 5.994999997019766 43.96862914860249 0.5
      vertex 9.458578646183014 51 0.5
      vertex 5.991147778630255 44.0470428660512 0.5
    endloop
  endfacet
  facet normal 0 0 1
    outer loop
      vertex 5.860175691246985 44.41308533847332 0.5
      vertex 5.900537013709544 44.34574653655291 0.5
      vertex 9.458578646183014 51 0.5
    endloop
  endfacet
  facet normal 0 0 1
    outer loop
      vertex 5.900537013709544 44.34574653655291 0.5
      vertex 5.934103622734545 44.27477589696646 0.5
      vertex 9.458578646183014 51 0.5
    endloop
  endfacet
  facet normal 0 0 1
    outer loop
      vertex 5.760685421228407 44.53431457728148 0.5
      vertex 5.813408359587191 44.47614377439022 0.5
      vertex 9.458578646183014 51 0.5
    endloop
  endfacet
  facet normal 0 0 1
    outer loop
      vertex 5.813408359587191 44.47614377439022 0.5
      vertex 5.860175691246985 44.41308533847332 0.5
      vertex 9.458578646183014 51 0.5
    endloop
  endfacet
  facet normal 0 0 1
    outer loop
      vertex 5.9796282273530945 44.12470140755177 0.5
      vertex 9.458578646183014 51 0.5
      vertex 5.960552267432211 44.200856891274455 0.5
    endloop
  endfacet
  facet normal 0 0 1
    outer loop
      vertex 5.991147778630255 44.0470428660512 0.5
      vertex 9.458578646183014 51 0.5
      vertex 5.9796282273530945 44.12470140755177 0.5
    endloop
  endfacet
  facet normal 0 0 1
    outer loop
      vertex 5.934103622734545 44.27477589696646 0.5
      vertex 5.960552267432211 44.200856891274455 0.5
      vertex 9.458578646183014 51 0.5
    endloop
  endfacet
  facet normal 0 0 1
    outer loop
      vertex 5.399999998509884 40.20000000298023 0.5
      vertex 5.9272077919069055 40.20000000298023 0.5
      vertex 18.541421353816986 51 0.5
    endloop
  endfacet
  facet normal 0.7071067805375081 -0.7071067818355872 -3.65244941941929e-16
    outer loop
      vertex 5.399999998509884 46.94142135977745 0.5
      vertex 9.458578646183014 51 0.5
      vertex 9.458578646183014 51 1.2414213562373093
    endloop
  endfacet
  facet normal 0 0 1
    outer loop
      vertex 5.399999998509884 40.20000000298023 0.5
      vertex 18.541421353816986 51 0.5
      vertex 9.458578646183014 51 0.5
    endloop
  endfacet
  facet normal 0 -1 0
    outer loop
      vertex 9.458578646183014 51 0.5
      vertex 18.541421353816986 51 1.2414213562373093
      vertex 9.458578646183014 51 1.2414213562373093
    endloop
  endfacet
  facet normal 0 0 1
    outer loop
      vertex 5.9272077919069055 40.20000000298023 0.5
      vertex 17.67279220213263 40.20000000298023 0.5
      vertex 18.541421353816986 51 0.5
    endloop
  endfacet
  facet normal 0 -1 0
    outer loop
      vertex 9.458578646183014 51 0.5
      vertex 18.541421353816986 51 0.5
      vertex 18.541421353816986 51 1.2414213562373093
    endloop
  endfacet
  facet normal 0 0 1
    outer loop
      vertex 17.67279220213263 40.20000000298023 0.5
      vertex 22.600000001490116 40.20000000298023 0.5
      vertex 18.541421353816986 51 0.5
    endloop
  endfacet
  facet normal -0.7071067805375081 -0.7071067818355872 0
    outer loop
      vertex 18.541421353816986 51 0.5
      vertex 22.600000001490116 46.94142135977745 1.2414213562373093
      vertex 18.541421353816986 51 1.2414213562373093
    endloop
  endfacet
  facet normal -1 0 0
    outer loop
      vertex 22.600000001490116 40.20000000298023 0.5
      vertex 22.600000001490116 40.20000000298023 1.2414213562373093
      vertex 22.600000001490116 46.94142135977745 0.5
    endloop
  endfacet
  facet normal 0 0 1
    outer loop
      vertex 18.541421353816986 51 0.5
      vertex 22.600000001490116 40.20000000298023 0.5
      vertex 22.600000001490116 46.94142135977745 0.5
    endloop
  endfacet
  facet normal -0.7071067805375081 -0.7071067818355872 3.65244941941929e-16
    outer loop
      vertex 18.541421353816986 51 0.5
      vertex 22.600000001490116 46.94142135977745 0.5
      vertex 22.600000001490116 46.94142135977745 1.2414213562373093
    endloop
  endfacet
  facet normal -1 0 0
    outer loop
      vertex 22.600000001490116 40.20000000298023 1.2414213562373093
      vertex 22.600000001490116 40.6 1.2414213562373093
      vertex 22.600000001490116 46.94142135977745 0.5
    endloop
  endfacet
  facet normal -1 0 0
    outer loop
      vertex 22.600000001490116 40.6 1.2414213562373093
      vertex 22.600000001490116 46.94142135977745 1.2414213562373093
      vertex 22.600000001490116 46.94142135977745 0.5
    endloop
  endfacet
  facet normal 0 0 1
    outer loop
      vertex 5.399999998509884 12.200000002980232 0.5
      vertex 5.4103717726469025 14.324701410531997 0.5
      vertex 5.399999998509884 14.254780550756246 0.5
    endloop
  endfacet
  facet normal 0 0 1
    outer loop
      vertex 5.399999998509884 12.200000002980232 0.5
      vertex 5.429447732567786 14.400856894254684 0.5
      vertex 5.4103717726469025 14.324701410531997 0.5
    endloop
  endfacet
  facet normal 0 0 1
    outer loop
      vertex 5.399999998509884 12.200000002980232 0.5
      vertex 5.455896377265452 14.474775892496108 0.5
      vertex 5.429447732567786 14.400856894254684 0.5
    endloop
  endfacet
  facet normal 0 0 1
    outer loop
      vertex 5.399999998509884 12.200000002980232 0.5
      vertex 5.489462986290453 14.545746539533138 0.5
      vertex 5.455896377265452 14.474775892496108 0.5
    endloop
  endfacet
  facet normal 0 0 1
    outer loop
      vertex 5.399999998509884 12.200000002980232 0.5
      vertex 5.529824308753012 14.613085334002971 0.5
      vertex 5.489462986290453 14.545746539533138 0.5
    endloop
  endfacet
  facet normal 0 0 1
    outer loop
      vertex 5.399999998509884 12.200000002980232 0.5
      vertex 5.576591640412806 14.676143777370452 0.5
      vertex 5.529824308753012 14.613085334002971 0.5
    endloop
  endfacet
  facet normal 0 0 1
    outer loop
      vertex 5.399999998509884 12.200000002980232 0.5
      vertex 5.62931457877159 14.734314572811126 0.5
      vertex 5.576591640412806 14.676143777370452 0.5
    endloop
  endfacet
  facet normal 0 0 1
    outer loop
      vertex 5.399999998509884 12.200000002980232 0.5
      vertex 5.760685421228407 14.865685422718524 0.5
      vertex 5.62931457877159 14.734314572811126 0.5
    endloop
  endfacet
  facet normal 0 0 1
    outer loop
      vertex 5.399999998509884 12.200000002980232 0.5
      vertex 5.813408359587191 14.923856225609779 0.5
      vertex 5.760685421228407 14.865685422718524 0.5
    endloop
  endfacet
  facet normal 1 0 0
    outer loop
      vertex 5.399999998509884 12.200000002980232 0.5
      vertex 5.399999998509884 14.254780550756246 0.5
      vertex 5.399999998509884 12.200000002980232 1.2414213562373093
    endloop
  endfacet
  facet normal 1 0 0
    outer loop
      vertex 5.399999998509884 12.200000002980232 1.2414213562373093
      vertex 5.399999998509884 14.254780550756246 0.5
      vertex 5.399999998509884 12.600000000000001 1.2414213562373093
    endloop
  endfacet
  facet normal 1 0 0
    outer loop
      vertex 5.399999998509884 12.600000000000001 1.2414213562373093
      vertex 5.399999998509884 14.254780550756246 0.5
      vertex 5.399999998509884 14.254780550756246 1.2414213562373093
    endloop
  endfacet
  facet normal 0 0 1
    outer loop
      vertex 5.399999998509884 12.200000002980232 0.5
      vertex 5.860175691246985 14.98691466152668 0.5
      vertex 5.813408359587191 14.923856225609779 0.5
    endloop
  endfacet
  facet normal 0 0 1
    outer loop
      vertex 5.399999998509884 12.200000002980232 0.5
      vertex 5.900537013709544 15.054253463447093 0.5
      vertex 5.860175691246985 14.98691466152668 0.5
    endloop
  endfacet
  facet normal 0 0 1
    outer loop
      vertex 5.399999998509884 12.200000002980232 0.5
      vertex 5.934103622734545 15.125224103033542 0.5
      vertex 5.900537013709544 15.054253463447093 0.5
    endloop
  endfacet
  facet normal 0 0 1
    outer loop
      vertex 5.399999998509884 12.200000002980232 0.5
      vertex 5.960552267432211 15.199143108725547 0.5
      vertex 5.934103622734545 15.125224103033542 0.5
    endloop
  endfacet
  facet normal 0 0 1
    outer loop
      vertex 5.399999998509884 12.200000002980232 0.5
      vertex 5.9796282273530945 15.275298592448234 0.5
      vertex 5.960552267432211 15.199143108725547 0.5
    endloop
  endfacet
  facet normal 0 0 1
    outer loop
      vertex 5.399999998509884 12.200000002980232 0.5
      vertex 9.458578646183014 23 0.5
      vertex 5.9796282273530945 15.275298592448234 0.5
    endloop
  endfacet
  facet normal 0 0 1
    outer loop
      vertex 5.429447732567786 16.999143105745315 0.5
      vertex 9.458578646183014 23 0.5
      vertex 5.4103717726469025 17.075298589468 0.5
    endloop
  endfacet
  facet normal 0 0 1
    outer loop
      vertex 5.399999998509884 17.145219449243754 0.5
      vertex 5.4103717726469025 17.075298589468 0.5
      vertex 9.458578646183014 23 0.5
    endloop
  endfacet
  facet normal 0 0 1
    outer loop
      vertex 5.62931457877159 16.665685427188873 0.5
      vertex 9.458578646183014 23 0.5
      vertex 5.576591640412806 16.723856222629546 0.5
    endloop
  endfacet
  facet normal 0 0 1
    outer loop
      vertex 5.62931457877159 16.665685427188873 0.5
      vertex 5.760685421228407 16.534314577281474 0.5
      vertex 9.458578646183014 23 0.5
    endloop
  endfacet
  facet normal 0 0 1
    outer loop
      vertex 5.489462986290453 16.85425346046686 0.5
      vertex 5.529824308753012 16.786914665997028 0.5
      vertex 9.458578646183014 23 0.5
    endloop
  endfacet
  facet normal 0 0 1
    outer loop
      vertex 5.455896377265452 16.92522410750389 0.5
      vertex 9.458578646183014 23 0.5
      vertex 5.429447732567786 16.999143105745315 0.5
    endloop
  endfacet
  facet normal 0 0 1
    outer loop
      vertex 5.455896377265452 16.92522410750389 0.5
      vertex 5.489462986290453 16.85425346046686 0.5
      vertex 9.458578646183014 23 0.5
    endloop
  endfacet
  facet normal 0 0 1
    outer loop
      vertex 5.529824308753012 16.786914665997028 0.5
      vertex 5.576591640412806 16.723856222629546 0.5
      vertex 9.458578646183014 23 0.5
    endloop
  endfacet
  facet normal 0 0 1
    outer loop
      vertex 5.399999998509884 17.145219449243754 0.5
      vertex 9.458578646183014 23 0.5
      vertex 5.399999998509884 18.94142135977745 0.5
    endloop
  endfacet
  facet normal 1 0 0
    outer loop
      vertex 5.399999998509884 17.145219449243754 0.5
      vertex 5.399999998509884 18.94142135977745 0.5
      vertex 5.399999998509884 17.145219449243754 1.2414213562373093
    endloop
  endfacet
  facet normal 1 0 0
    outer loop
      vertex 5.399999998509884 18.94142135977745 0.5
      vertex 5.399999998509884 18.94142135977745 1.2414213562373093
      vertex 5.399999998509884 17.145219449243754 1.2414213562373093
    endloop
  endfacet
  facet normal 0.7071067805375081 -0.7071067818355872 0
    outer loop
      vertex 5.399999998509884 18.94142135977745 0.5
      vertex 9.458578646183014 23 1.2414213562373093
      vertex 5.399999998509884 18.94142135977745 1.2414213562373093
    endloop
  endfacet
  facet normal 0 0 1
    outer loop
      vertex 5.9796282273530945 15.275298592448234 0.5
      vertex 9.458578646183014 23 0.5
      vertex 5.991147778630255 15.352957133948802 0.5
    endloop
  endfacet
  facet normal 0 0 1
    outer loop
      vertex 5.991147778630255 15.352957133948802 0.5
      vertex 9.458578646183014 23 0.5
      vertex 5.994999997019766 15.431370851397514 0.5
    endloop
  endfacet
  facet normal 0 0 1
    outer loop
      vertex 5.994999997019766 15.431370851397514 0.5
      vertex 9.458578646183014 23 0.5
      vertex 5.994999997019766 15.968629148602485 0.5
    endloop
  endfacet
  facet normal 0 0 1
    outer loop
      vertex 5.994999997019766 15.968629148602485 0.5
      vertex 9.458578646183014 23 0.5
      vertex 5.991147778630255 16.047042866051196 0.5
    endloop
  endfacet
  facet normal 0 0 1
    outer loop
      vertex 5.860175691246985 16.41308533847332 0.5
      vertex 5.900537013709544 16.345746536552905 0.5
      vertex 9.458578646183014 23 0.5
    endloop
  endfacet
  facet normal 0 0 1
    outer loop
      vertex 5.900537013709544 16.345746536552905 0.5
      vertex 5.934103622734545 16.274775896966457 0.5
      vertex 9.458578646183014 23 0.5
    endloop
  endfacet
  facet normal 0 0 1
    outer loop
      vertex 5.760685421228407 16.534314577281474 0.5
      vertex 5.813408359587191 16.47614377439022 0.5
      vertex 9.458578646183014 23 0.5
    endloop
  endfacet
  facet normal 0 0 1
    outer loop
      vertex 5.813408359587191 16.47614377439022 0.5
      vertex 5.860175691246985 16.41308533847332 0.5
      vertex 9.458578646183014 23 0.5
    endloop
  endfacet
  facet normal 0 0 1
    outer loop
      vertex 5.9796282273530945 16.124701407551765 0.5
      vertex 9.458578646183014 23 0.5
      vertex 5.960552267432211 16.20085689127445 0.5
    endloop
  endfacet
  facet normal 0 0 1
    outer loop
      vertex 5.991147778630255 16.047042866051196 0.5
      vertex 9.458578646183014 23 0.5
      vertex 5.9796282273530945 16.124701407551765 0.5
    endloop
  endfacet
  facet normal 0 0 1
    outer loop
      vertex 5.960552267432211 16.20085689127445 0.5
      vertex 9.458578646183014 23 0.5
      vertex 5.934103622734545 16.274775896966457 0.5
    endloop
  endfacet
  facet normal 0 0 1
    outer loop
      vertex 5.399999998509884 12.200000002980232 0.5
      vertex 5.9272077919069055 12.200000002980232 0.5
      vertex 18.541421353816986 23 0.5
    endloop
  endfacet
  facet normal 0.7071067805375081 -0.7071067818355872 -3.65244941941929e-16
    outer loop
      vertex 5.399999998509884 18.94142135977745 0.5
      vertex 9.458578646183014 23 0.5
      vertex 9.458578646183014 23 1.2414213562373093
    endloop
  endfacet
  facet normal 0 0 1
    outer loop
      vertex 5.399999998509884 12.200000002980232 0.5
      vertex 18.541421353816986 23 0.5
      vertex 9.458578646183014 23 0.5
    endloop
  endfacet
  facet normal 0 -1 0
    outer loop
      vertex 9.458578646183014 23 0.5
      vertex 18.541421353816986 23 1.2414213562373093
      vertex 9.458578646183014 23 1.2414213562373093
    endloop
  endfacet
  facet normal 0 0 1
    outer loop
      vertex 5.9272077919069055 12.200000002980232 0.5
      vertex 17.67279220213263 12.200000002980232 0.5
      vertex 18.541421353816986 23 0.5
    endloop
  endfacet
  facet normal 0 -1 0
    outer loop
      vertex 9.458578646183014 23 0.5
      vertex 18.541421353816986 23 0.5
      vertex 18.541421353816986 23 1.2414213562373093
    endloop
  endfacet
  facet normal 0 0 1
    outer loop
      vertex 17.67279220213263 12.200000002980232 0.5
      vertex 22.600000001490116 12.200000002980232 0.5
      vertex 18.541421353816986 23 0.5
    endloop
  endfacet
  facet normal -0.7071067805375081 -0.7071067818355872 0
    outer loop
      vertex 18.541421353816986 23 0.5
      vertex 22.600000001490116 18.94142135977745 1.2414213562373093
      vertex 18.541421353816986 23 1.2414213562373093
    endloop
  endfacet
  facet normal -1 0 0
    outer loop
      vertex 22.600000001490116 12.200000002980232 0.5
      vertex 22.600000001490116 12.200000002980232 1.2414213562373093
      vertex 22.600000001490116 18.94142135977745 0.5
    endloop
  endfacet
  facet normal 0 0 1
    outer loop
      vertex 18.541421353816986 23 0.5
      vertex 22.600000001490116 12.200000002980232 0.5
      vertex 22.600000001490116 18.94142135977745 0.5
    endloop
  endfacet
  facet normal -0.7071067805375081 -0.7071067818355872 3.65244941941929e-16
    outer loop
      vertex 18.541421353816986 23 0.5
      vertex 22.600000001490116 18.94142135977745 0.5
      vertex 22.600000001490116 18.94142135977745 1.2414213562373093
    endloop
  endfacet
  facet normal -1 0 0
    outer loop
      vertex 22.600000001490116 12.200000002980232 1.2414213562373093
      vertex 22.600000001490116 12.600000000000001 1.2414213562373093
      vertex 22.600000001490116 18.94142135977745 0.5
    endloop
  endfacet
  facet normal -1 0 0
    outer loop
      vertex 22.600000001490116 12.600000000000001 1.2414213562373093
      vertex 22.600000001490116 18.94142135977745 1.2414213562373093
      vertex 22.600000001490116 18.94142135977745 0.5
    endloop
  endfacet
  facet normal 0.7071067815628583 0 -0.7071067808102369
    outer loop
      vertex 5.399999998509884 40.6 1.2414213562373093
      vertex 5.399999998509884 42.254780550756244 1.2414213562373093
      vertex 5.863603893646305 40.6 1.7050252518671751
    endloop
  endfacet
  facet normal 0.707106781562865 3.8231482198600176e-15 -0.70710678081023
    outer loop
      vertex 5.399999998509884 42.254780550756244 1.2414213562373093
      vertex 5.424200804863938 42.324701410532 1.265622162617123
      vertex 5.863603893646305 40.6 1.7050252518671751
    endloop
  endfacet
  facet normal 0.707106781562851 -3.35114536637934e-15 -0.7071067808102441
    outer loop
      vertex 5.424200804863938 42.324701410532 1.265622162617123
      vertex 5.4687113780758345 42.40085689425469 1.3101327358763937
      vertex 5.863603893646305 40.6 1.7050252518671751
    endloop
  endfacet
  facet normal 0.7071067815628597 4.3201400939530435e-16 -0.7071067808102355
    outer loop
      vertex 5.4687113780758345 42.40085689425469 1.3101327358763937
      vertex 5.53042488245797 42.47477589249611 1.371846240324215
      vertex 5.863603893646305 40.6 1.7050252518671751
    endloop
  endfacet
  facet normal 0.7071067815628628 1.5812129030186283e-15 -0.7071067808102323
    outer loop
      vertex 5.53042488245797 42.47477589249611 1.371846240324215
      vertex 5.608746970294124 42.54574653953314 1.450168328243734
      vertex 5.863603893646305 40.6 1.7050252518671751
    endloop
  endfacet
  facet normal 0.707106781562858 3.0770423121542923e-16 -0.7071067808102371
    outer loop
      vertex 5.608746970294124 42.54574653953314 1.450168328243734
      vertex 5.702923389507079 42.613085334002974 1.5443447475569274
      vertex 5.863603893646305 40.6 1.7050252518671751
    endloop
  endfacet
  facet normal 0.707106781562856 -8.292481484446617e-18 -0.707106780810239
    outer loop
      vertex 5.702923389507079 42.613085334002974 1.5443447475569274
      vertex 5.812047163534796 42.676143777370456 1.6534685217007914
      vertex 5.863603893646305 40.6 1.7050252518671751
    endloop
  endfacet
  facet normal 0.7071067815628598 -7.984000218148633e-16 -0.7071067808102355
    outer loop
      vertex 5.863603893646305 40.6 1.7050252518671751
      vertex 6.758578643202782 42.79965987925901 2.6000000023762353
      vertex 6.758578643202782 42.389949498501586 2.6000000023762357
    endloop
  endfacet
  facet normal 0.7071067815628598 1.864331928188077e-16 -0.707106780810235
    outer loop
      vertex 5.863603893646305 40.6 1.7050252518671751
      vertex 5.812047163534796 42.676143777370456 1.6534685217007914
      vertex 5.93506735321321 42.73431457281113 1.7764887115101444
    endloop
  endfacet
  facet normal 0.7071067815628541 9.207673422435428e-15 -0.7071067808102408
    outer loop
      vertex 5.424200804863938 45.075298589468005 1.265622162617123
      vertex 6.758578643202782 46.320101015269756 2.6000000023762357
      vertex 5.4687113780758345 44.99914310574532 1.3101327358763935
    endloop
  endfacet
  facet normal 0.7071067815628599 -2.0120765880536565e-15 -0.7071067808102351
    outer loop
      vertex 5.4687113780758345 44.99914310574532 1.3101327358763935
      vertex 6.758578643202782 46.320101015269756 2.6000000023762357
      vertex 5.53042488245797 44.925224107503894 1.371846240324215
    endloop
  endfacet
  facet normal 0.7071067815628609 -3.634841933048627e-15 -0.7071067808102341
    outer loop
      vertex 5.53042488245797 44.925224107503894 1.371846240324215
      vertex 6.758578643202782 46.320101015269756 2.6000000023762357
      vertex 5.608746970294124 44.854253460466865 1.4501683282437339
    endloop
  endfacet
  facet normal 0.7071067815628588 -3.3004093668008476e-16 -0.7071067808102364
    outer loop
      vertex 5.608746970294124 44.854253460466865 1.4501683282437339
      vertex 6.758578643202782 46.320101015269756 2.6000000023762357
      vertex 5.702923389507079 44.78691466599703 1.5443447475569274
    endloop
  endfacet
  facet normal 0.7071067815628572 1.792099290202922e-15 -0.7071067808102379
    outer loop
      vertex 5.702923389507079 44.78691466599703 1.5443447475569274
      vertex 6.758578643202782 46.320101015269756 2.6000000023762357
      vertex 5.812047163534796 44.72385622262955 1.6534685217007916
    endloop
  endfacet
  facet normal 0.7071067815628614 -6.362610085962312e-15 -0.7071067808102337
    outer loop
      vertex 5.399999998509884 45.145219449243754 1.2414213562373093
      vertex 6.799999997019768 46.36152236908674 2.6414213562373092
      vertex 5.424200804863938 45.075298589468005 1.265622162617123
    endloop
  endfacet
  facet normal 0.7071067815628587 0 -0.7071067808102364
    outer loop
      vertex 5.399999998509884 45.145219449243754 1.2414213562373093
      vertex 5.399999998509884 46.94142135977745 1.2414213562373093
      vertex 6.799999997019768 46.36152236908674 2.6414213562373092
    endloop
  endfacet
  facet normal 0.7071067815628583 2.8147171094134255e-16 -0.7071067808102366
    outer loop
      vertex 5.863603893646305 40.6 1.7050252518671751
      vertex 5.93506735321321 42.73431457281113 1.7764887115101444
      vertex 6.758578643202782 42.79965987925901 2.6000000023762353
    endloop
  endfacet
  facet normal 0.7071067815628584 -1.7646063594087667e-16 -0.7071067808102366
    outer loop
      vertex 5.93506735321321 42.73431457281113 1.7764887115101444
      vertex 6.241599319380802 42.86568542271853 2.083020678003999
      vertex 6.758578643202782 42.79965987925901 2.6000000023762353
    endloop
  endfacet
  facet normal 0.7071067815628592 -4.982263457732108e-16 -0.7071067808102359
    outer loop
      vertex 5.812047163534796 44.72385622262955 1.6534685217007916
      vertex 6.758578643202782 46.320101015269756 2.6000000023762357
      vertex 5.93506735321321 44.665685427188876 1.7764887115101444
    endloop
  endfacet
  facet normal 0.707106781562858 6.142323829207202e-16 -0.707106780810237
    outer loop
      vertex 5.93506735321321 44.665685427188876 1.7764887115101444
      vertex 6.758578643202782 46.320101015269756 2.6000000023762357
      vertex 6.241599319380803 44.53431457728148 2.0830206780039995
    endloop
  endfacet
  facet normal 0.7071067815628591 8.980004666714255e-15 -0.707106780810236
    outer loop
      vertex 6.241599319380802 42.86568542271853 2.083020678003999
      vertex 6.3646195090592155 42.92385622560978 2.2060408678133525
      vertex 6.758578643202782 42.79965987925901 2.6000000023762353
    endloop
  endfacet
  facet normal 0.707106781562857 -3.653980981705705e-15 -0.7071067808102379
    outer loop
      vertex 6.3646195090592155 42.92385622560978 2.2060408678133525
      vertex 6.473743283086932 42.98691466152668 2.3151646419572165
      vertex 6.758578643202782 42.79965987925901 2.6000000023762353
    endloop
  endfacet
  facet normal 0.7071067815628597 -4.3719721832988117e-16 -0.7071067808102353
    outer loop
      vertex 6.241599319380803 44.53431457728148 2.0830206780039995
      vertex 6.758578643202782 46.320101015269756 2.6000000023762357
      vertex 6.364619509059216 44.47614377439022 2.2060408678133525
    endloop
  endfacet
  facet normal 0.7071067815628589 -4.301459877634282e-18 -0.7071067808102361
    outer loop
      vertex 6.364619509059216 44.47614377439022 2.2060408678133525
      vertex 6.758578643202782 46.320101015269756 2.6000000023762357
      vertex 6.473743283086932 44.41308533847332 2.3151646419572165
    endloop
  endfacet
  facet normal 0.7071067815628772 -3.599873497587788e-14 -0.7071067808102177
    outer loop
      vertex 5.424200804863938 45.075298589468005 1.265622162617123
      vertex 6.799999997019768 46.36152236908674 2.6414213562373092
      vertex 6.758578643202782 46.320101015269756 2.6000000023762357
    endloop
  endfacet
  facet normal 0.7071067815628593 3.376062979719126e-15 -0.7071067808102357
    outer loop
      vertex 6.473743283086932 42.98691466152668 2.3151646419572165
      vertex 6.567919702299887 43.0542534634471 2.4093410612704105
      vertex 6.758578643202782 42.79965987925901 2.6000000023762353
    endloop
  endfacet
  facet normal 0.7071067815628556 -2.345876496190671e-15 -0.7071067808102395
    outer loop
      vertex 6.567919702299887 43.0542534634471 2.4093410612704105
      vertex 6.646241790136043 43.125224103033545 2.4876631491899284
      vertex 6.758578643202782 42.79965987925901 2.6000000023762353
    endloop
  endfacet
  facet normal 0.7071067815628578 -8.038950444510685e-16 -0.7071067808102373
    outer loop
      vertex 6.646241790136043 43.125224103033545 2.4876631491899284
      vertex 6.707955294518179 43.19914310872555 2.5493766536377502
      vertex 6.758578643202782 42.79965987925901 2.6000000023762353
    endloop
  endfacet
  facet normal 0.7071067815628606 -1.0251013214525538e-16 -0.7071067808102345
    outer loop
      vertex 6.707955294518179 43.19914310872555 2.5493766536377502
      vertex 6.7524658677300735 43.27529859244824 2.593887226897021
      vertex 6.758578643202782 42.79965987925901 2.6000000023762353
    endloop
  endfacet
  facet normal 0.7071067815628647 0 -0.7071067808102304
    outer loop
      vertex 6.758578643202782 42.79965987925901 2.6000000023762353
      vertex 6.7524658677300735 43.27529859244824 2.593887226897021
      vertex 6.758578643202782 43.292959593879715 2.6000000023762353
    endloop
  endfacet
  facet normal 0.7071067815628603 -4.753929859144477e-16 -0.7071067808102346
    outer loop
      vertex 6.473743283086932 44.41308533847332 2.3151646419572165
      vertex 6.758578643202782 46.320101015269756 2.6000000023762357
      vertex 6.567919702299887 44.34574653655291 2.4093410612704105
    endloop
  endfacet
  facet normal 0.7071067815628548 6.114640644327653e-16 -0.7071067808102403
    outer loop
      vertex 6.567919702299887 44.34574653655291 2.4093410612704105
      vertex 6.758578643202782 46.320101015269756 2.6000000023762357
      vertex 6.646241790136043 44.27477589696646 2.4876631491899284
    endloop
  endfacet
  facet normal 0.7071067815628622 -2.1148405679309996e-16 -0.7071067808102329
    outer loop
      vertex 6.646241790136043 44.27477589696646 2.4876631491899284
      vertex 6.758578643202782 46.320101015269756 2.6000000023762357
      vertex 6.707955294518178 44.200856891274455 2.5493766536377502
    endloop
  endfacet
  facet normal 0.7071067815628536 2.0491539131470023e-16 -0.7071067808102415
    outer loop
      vertex 6.707955294518178 44.200856891274455 2.5493766536377502
      vertex 6.758578643202782 46.320101015269756 2.6000000023762357
      vertex 6.7524658677300735 44.12470140755177 2.593887226897021
    endloop
  endfacet
  facet normal 0.7071067815628649 1.4200860971788203e-16 -0.7071067808102303
    outer loop
      vertex 6.7524658677300735 44.12470140755177 2.593887226897021
      vertex 6.758578643202782 46.320101015269756 2.6000000023762357
      vertex 6.758578643202782 44.107040406120284 2.6000000023762353
    endloop
  endfacet
  facet normal 0.499999999762834 -0.49999999976283394 -0.7071067815219509
    outer loop
      vertex 5.399999998509884 46.94142135977745 1.2414213562373093
      vertex 10.038477629423141 49.600000001490116 2.6414213562373092
      vertex 6.799999997019768 46.36152236908674 2.6414213562373092
    endloop
  endfacet
  facet normal 0.5000000001496219 -0.5000000010675025 -0.7071067803259107
    outer loop
      vertex 5.399999998509884 46.94142135977745 1.2414213562373093
      vertex 9.458578646183014 51 1.2414213562373093
      vertex 10.038477629423141 49.600000001490116 2.6414213562373092
    endloop
  endfacet
  facet normal -6.36120485712179e-16 -0.7071067815628588 -0.7071067808102363
    outer loop
      vertex 9.458578646183014 51 1.2414213562373093
      vertex 10.27989898622036 49.841421358287334 2.3999999991831293
      vertex 10.038477629423141 49.600000001490116 2.6414213562373092
    endloop
  endfacet
  facet normal 2.4973264475533514e-19 -0.7071067815628586 -0.7071067808102365
    outer loop
      vertex 9.458578646183014 51 1.2414213562373093
      vertex 17.72010101377964 49.841421358287334 2.3999999991831293
      vertex 10.27989898622036 49.841421358287334 2.3999999991831293
    endloop
  endfacet
  facet normal 0 -0.7071067815628586 -0.7071067808102365
    outer loop
      vertex 9.458578646183014 51 1.2414213562373093
      vertex 18.541421353816986 51 1.2414213562373093
      vertex 17.72010101377964 49.841421358287334 2.3999999991831293
    endloop
  endfacet
  facet normal -0.49999999976283394 -0.499999999762834 -0.7071067815219509
    outer loop
      vertex 22.600000001490116 46.94142135977745 1.2414213562373093
      vertex 21.200000002980232 46.36152236908674 2.6414213562373092
      vertex 17.96152237057686 49.600000001490116 2.6414213562373092
    endloop
  endfacet
  facet normal -0.5000000001496219 -0.5000000010675025 -0.7071067803259107
    outer loop
      vertex 18.541421353816986 51 1.2414213562373093
      vertex 22.600000001490116 46.94142135977745 1.2414213562373093
      vertex 17.96152237057686 49.600000001490116 2.6414213562373092
    endloop
  endfacet
  facet normal 5.447073164662969e-16 -0.7071067815628589 -0.7071067808102361
    outer loop
      vertex 18.541421353816986 51 1.2414213562373093
      vertex 17.96152237057686 49.600000001490116 2.6414213562373092
      vertex 17.72010101377964 49.841421358287334 2.3999999991831293
    endloop
  endfacet
  facet normal -0.7071067815628576 -2.644331594572045e-15 -0.7071067808102376
    outer loop
      vertex 21.44142135977745 40.20000000298023 2.3999999991831293
      vertex 22.07395199797911 40.6 1.7674693603082263
      vertex 22.073951975030177 40.20000000298023 1.7674693832571595
    endloop
  endfacet
  facet normal 0 1 0
    outer loop
      vertex 21.44142135977745 40.20000000298023 2.3999999991831293
      vertex 22.073951975030177 40.20000000298023 1.7674693832571595
      vertex 21.44142135977745 40.20000000298023 2.399999998509884
    endloop
  endfacet
  facet normal -0.7071067815628586 0 -0.7071067808102364
    outer loop
      vertex 22.600000001490116 40.6 1.2414213562373093
      vertex 21.44142135977745 46.120101012289524 2.3999999991831293
      vertex 22.600000001490116 46.94142135977745 1.2414213562373093
    endloop
  endfacet
  facet normal -0.7071067815628589 -1.0340664950388297e-16 -0.7071067808102364
    outer loop
      vertex 22.600000001490116 40.6 1.2414213562373093
      vertex 22.07395199797911 40.6 1.7674693603082263
      vertex 21.44142135977745 46.120101012289524 2.3999999991831293
    endloop
  endfacet
  facet normal -0.7071067815628583 0 -0.7071067808102366
    outer loop
      vertex 21.44142135977745 40.20000000298023 2.3999999991831293
      vertex 21.44142135977745 46.120101012289524 2.3999999991831293
      vertex 22.07395199797911 40.6 1.7674693603082263
    endloop
  endfacet
  facet normal -0.7071067815628588 5.447073144165025e-16 -0.7071067808102361
    outer loop
      vertex 22.600000001490116 46.94142135977745 1.2414213562373093
      vertex 21.44142135977745 46.120101012289524 2.3999999991831293
      vertex 21.200000002980232 46.36152236908674 2.6414213562373092
    endloop
  endfacet
  facet normal 0.7071067815628581 0 -0.7071067808102368
    outer loop
      vertex 5.399999998509884 12.600000000000001 1.2414213562373093
      vertex 5.399999998509884 14.254780550756246 1.2414213562373093
      vertex 5.863603893646305 12.600000000000001 1.7050252518671751
    endloop
  endfacet
  facet normal 0.707106781562865 3.823148219860146e-15 -0.7071067808102302
    outer loop
      vertex 5.399999998509884 14.254780550756246 1.2414213562373093
      vertex 5.424200804863938 14.324701410531997 1.265622162617123
      vertex 5.863603893646305 12.600000000000001 1.7050252518671751
    endloop
  endfacet
  facet normal 0.707106781562851 -3.3511453663793447e-15 -0.707106780810244
    outer loop
      vertex 5.424200804863938 14.324701410531997 1.265622162617123
      vertex 5.4687113780758345 14.400856894254684 1.3101327358763937
      vertex 5.863603893646305 12.600000000000001 1.7050252518671751
    endloop
  endfacet
  facet normal 0.7071067815628597 4.32014009395305e-16 -0.7071067808102354
    outer loop
      vertex 5.4687113780758345 14.400856894254684 1.3101327358763937
      vertex 5.53042488245797 14.474775892496108 1.371846240324215
      vertex 5.863603893646305 12.600000000000001 1.7050252518671751
    endloop
  endfacet
  facet normal 0.7071067815628628 1.5812129030186309e-15 -0.7071067808102323
    outer loop
      vertex 5.53042488245797 14.474775892496108 1.371846240324215
      vertex 5.608746970294124 14.545746539533138 1.450168328243734
      vertex 5.863603893646305 12.600000000000001 1.7050252518671751
    endloop
  endfacet
  facet normal 0.7071067815628579 3.0770423121542973e-16 -0.707106780810237
    outer loop
      vertex 5.608746970294124 14.545746539533138 1.450168328243734
      vertex 5.702923389507079 14.613085334002971 1.5443447475569274
      vertex 5.863603893646305 12.600000000000001 1.7050252518671751
    endloop
  endfacet
  facet normal 0.707106781562856 -8.29248148444663e-18 -0.707106780810239
    outer loop
      vertex 5.702923389507079 14.613085334002971 1.5443447475569274
      vertex 5.812047163534796 14.676143777370452 1.6534685217007914
      vertex 5.863603893646305 12.600000000000001 1.7050252518671751
    endloop
  endfacet
  facet normal 0.7071067815628599 -7.984000218148632e-16 -0.7071067808102354
    outer loop
      vertex 5.863603893646305 12.600000000000001 1.7050252518671751
      vertex 6.758578643202782 14.799659879259009 2.6000000023762353
      vertex 6.758578643202782 14.389949498501585 2.6000000023762357
    endloop
  endfacet
  facet normal 0.7071067815628598 1.8643319281880802e-16 -0.707106780810235
    outer loop
      vertex 5.863603893646305 12.600000000000001 1.7050252518671751
      vertex 5.812047163534796 14.676143777370452 1.6534685217007914
      vertex 5.93506735321321 14.734314572811126 1.7764887115101444
    endloop
  endfacet
  facet normal 0.7071067815628541 9.207673422435419e-15 -0.7071067808102408
    outer loop
      vertex 5.424200804863938 17.075298589468 1.265622162617123
      vertex 6.758578643202782 18.320101015269756 2.6000000023762357
      vertex 5.4687113780758345 16.999143105745315 1.3101327358763935
    endloop
  endfacet
  facet normal 0.7071067815628598 -1.960847372809627e-15 -0.707106780810235
    outer loop
      vertex 5.53042488245797 16.92522410750389 1.371846240324215
      vertex 5.4687113780758345 16.999143105745315 1.3101327358763935
      vertex 6.758578643202782 18.320101015269756 2.6000000023762357
    endloop
  endfacet
  facet normal 0.7071067815628609 -3.6348419330486225e-15 -0.7071067808102341
    outer loop
      vertex 5.53042488245797 16.92522410750389 1.371846240324215
      vertex 6.758578643202782 18.320101015269756 2.6000000023762357
      vertex 5.608746970294124 16.85425346046686 1.4501683282437339
    endloop
  endfacet
  facet normal 0.7071067815628588 -3.300409366800842e-16 -0.7071067808102363
    outer loop
      vertex 5.608746970294124 16.85425346046686 1.4501683282437339
      vertex 6.758578643202782 18.320101015269756 2.6000000023762357
      vertex 5.702923389507079 16.786914665997028 1.5443447475569274
    endloop
  endfacet
  facet normal 0.7071067815628572 1.792099290202919e-15 -0.7071067808102378
    outer loop
      vertex 5.702923389507079 16.786914665997028 1.5443447475569274
      vertex 6.758578643202782 18.320101015269756 2.6000000023762357
      vertex 5.812047163534796 16.723856222629546 1.6534685217007916
    endloop
  endfacet
  facet normal 0.7071067815628613 -6.3626100859620634e-15 -0.7071067808102336
    outer loop
      vertex 5.399999998509884 17.145219449243754 1.2414213562373093
      vertex 6.799999997019768 18.361522369086742 2.6414213562373092
      vertex 5.424200804863938 17.075298589468 1.265622162617123
    endloop
  endfacet
  facet normal 0.7071067815628587 0 -0.7071067808102364
    outer loop
      vertex 5.399999998509884 17.145219449243754 1.2414213562373093
      vertex 5.399999998509884 18.94142135977745 1.2414213562373093
      vertex 6.799999997019768 18.361522369086742 2.6414213562373092
    endloop
  endfacet
  facet normal 0.7071067815628584 2.814717109413431e-16 -0.7071067808102366
    outer loop
      vertex 5.863603893646305 12.600000000000001 1.7050252518671751
      vertex 5.93506735321321 14.734314572811126 1.7764887115101444
      vertex 6.758578643202782 14.799659879259009 2.6000000023762353
    endloop
  endfacet
  facet normal 0.7071067815628584 -1.7646063594087775e-16 -0.7071067808102366
    outer loop
      vertex 5.93506735321321 14.734314572811126 1.7764887115101444
      vertex 6.241599319380802 14.865685422718524 2.083020678003999
      vertex 6.758578643202782 14.799659879259009 2.6000000023762353
    endloop
  endfacet
  facet normal 0.7071067815628591 -4.982263457732098e-16 -0.7071067808102359
    outer loop
      vertex 5.812047163534796 16.723856222629546 1.6534685217007916
      vertex 6.758578643202782 18.320101015269756 2.6000000023762357
      vertex 5.93506735321321 16.665685427188873 1.7764887115101444
    endloop
  endfacet
  facet normal 0.707106781562858 6.14232382920719e-16 -0.7071067808102371
    outer loop
      vertex 5.93506735321321 16.665685427188873 1.7764887115101444
      vertex 6.758578643202782 18.320101015269756 2.6000000023762357
      vertex 6.241599319380803 16.534314577281474 2.0830206780039995
    endloop
  endfacet
  facet normal 0.707106781562859 8.980004666714305e-15 -0.707106780810236
    outer loop
      vertex 6.241599319380802 14.865685422718524 2.083020678003999
      vertex 6.3646195090592155 14.923856225609779 2.2060408678133525
      vertex 6.758578643202782 14.799659879259009 2.6000000023762353
    endloop
  endfacet
  facet normal 0.7071067815628571 -3.653980981705724e-15 -0.7071067808102379
    outer loop
      vertex 6.3646195090592155 14.923856225609779 2.2060408678133525
      vertex 6.473743283086932 14.98691466152668 2.3151646419572165
      vertex 6.758578643202782 14.799659879259009 2.6000000023762353
    endloop
  endfacet
  facet normal 0.7071067815628599 -4.371972183298805e-16 -0.7071067808102353
    outer loop
      vertex 6.241599319380803 16.534314577281474 2.0830206780039995
      vertex 6.758578643202782 18.320101015269756 2.6000000023762357
      vertex 6.364619509059216 16.47614377439022 2.2060408678133525
    endloop
  endfacet
  facet normal 0.7071067815628589 -4.3014598776342746e-18 -0.7071067808102361
    outer loop
      vertex 6.364619509059216 16.47614377439022 2.2060408678133525
      vertex 6.758578643202782 18.320101015269756 2.6000000023762357
      vertex 6.473743283086932 16.41308533847332 2.3151646419572165
    endloop
  endfacet
  facet normal 0.707106781562885 -3.5998734975879674e-14 -0.7071067808102101
    outer loop
      vertex 5.424200804863938 17.075298589468 1.265622162617123
      vertex 6.799999997019768 18.361522369086742 2.6414213562373092
      vertex 6.758578643202782 18.320101015269756 2.6000000023762357
    endloop
  endfacet
  facet normal 0.7071067815628593 3.376062979719141e-15 -0.7071067808102357
    outer loop
      vertex 6.473743283086932 14.98691466152668 2.3151646419572165
      vertex 6.567919702299887 15.054253463447093 2.4093410612704105
      vertex 6.758578643202782 14.799659879259009 2.6000000023762353
    endloop
  endfacet
  facet normal 0.7071067815628556 -2.3458764961906806e-15 -0.7071067808102395
    outer loop
      vertex 6.567919702299887 15.054253463447093 2.4093410612704105
      vertex 6.646241790136043 15.125224103033542 2.4876631491899284
      vertex 6.758578643202782 14.799659879259009 2.6000000023762353
    endloop
  endfacet
  facet normal 0.7071067815628578 -8.078047010471899e-16 -0.7071067808102374
    outer loop
      vertex 6.758578643202782 14.799659879259009 2.6000000023762353
      vertex 6.646241790136043 15.125224103033542 2.4876631491899284
      vertex 6.707955294518179 15.199143108725547 2.5493766536377502
    endloop
  endfacet
  facet normal 0.7071067815628606 -1.0835448131211314e-16 -0.7071067808102345
    outer loop
      vertex 6.758578643202782 14.799659879259009 2.6000000023762353
      vertex 6.707955294518179 15.199143108725547 2.5493766536377502
      vertex 6.7524658677300735 15.275298592448234 2.593887226897021
    endloop
  endfacet
  facet normal 0.7071067815628648 0 -0.7071067808102304
    outer loop
      vertex 6.758578643202782 14.799659879259009 2.6000000023762353
      vertex 6.7524658677300735 15.275298592448234 2.593887226897021
      vertex 6.758578643202782 15.292959593879717 2.6000000023762353
    endloop
  endfacet
  facet normal 0.7071067815628603 -4.753929859144468e-16 -0.7071067808102346
    outer loop
      vertex 6.473743283086932 16.41308533847332 2.3151646419572165
      vertex 6.758578643202782 18.320101015269756 2.6000000023762357
      vertex 6.567919702299887 16.345746536552905 2.4093410612704105
    endloop
  endfacet
  facet normal 0.7071067815628548 6.114640644327642e-16 -0.7071067808102403
    outer loop
      vertex 6.567919702299887 16.345746536552905 2.4093410612704105
      vertex 6.758578643202782 18.320101015269756 2.6000000023762357
      vertex 6.646241790136043 16.274775896966457 2.4876631491899284
    endloop
  endfacet
  facet normal 0.7071067815628621 -2.114840567930996e-16 -0.7071067808102328
    outer loop
      vertex 6.646241790136043 16.274775896966457 2.4876631491899284
      vertex 6.758578643202782 18.320101015269756 2.6000000023762357
      vertex 6.707955294518178 16.20085689127445 2.5493766536377502
    endloop
  endfacet
  facet normal 0.7071067815628536 2.049153913146999e-16 -0.7071067808102416
    outer loop
      vertex 6.707955294518178 16.20085689127445 2.5493766536377502
      vertex 6.758578643202782 18.320101015269756 2.6000000023762357
      vertex 6.7524658677300735 16.124701407551765 2.593887226897021
    endloop
  endfacet
  facet normal 0.7071067815628649 1.4200860971788203e-16 -0.7071067808102303
    outer loop
      vertex 6.7524658677300735 16.124701407551765 2.593887226897021
      vertex 6.758578643202782 18.320101015269756 2.6000000023762357
      vertex 6.758578643202782 16.107040406120284 2.6000000023762353
    endloop
  endfacet
  facet normal 0.499999999762834 -0.49999999976283394 -0.7071067815219509
    outer loop
      vertex 5.399999998509884 18.94142135977745 1.2414213562373093
      vertex 10.038477629423141 21.600000001490116 2.6414213562373092
      vertex 6.799999997019768 18.361522369086742 2.6414213562373092
    endloop
  endfacet
  facet normal 0.5000000001496219 -0.5000000010675025 -0.7071067803259107
    outer loop
      vertex 5.399999998509884 18.94142135977745 1.2414213562373093
      vertex 9.458578646183014 23 1.2414213562373093
      vertex 10.038477629423141 21.600000001490116 2.6414213562373092
    endloop
  endfacet
  facet normal -6.36120485712179e-16 -0.7071067815628588 -0.7071067808102363
    outer loop
      vertex 9.458578646183014 23 1.2414213562373093
      vertex 10.27989898622036 21.841421358287334 2.3999999991831293
      vertex 10.038477629423141 21.600000001490116 2.6414213562373092
    endloop
  endfacet
  facet normal 2.4973264475533514e-19 -0.7071067815628586 -0.7071067808102365
    outer loop
      vertex 9.458578646183014 23 1.2414213562373093
      vertex 17.72010101377964 21.841421358287334 2.3999999991831293
      vertex 10.27989898622036 21.841421358287334 2.3999999991831293
    endloop
  endfacet
  facet normal 0 -0.7071067815628586 -0.7071067808102365
    outer loop
      vertex 9.458578646183014 23 1.2414213562373093
      vertex 18.541421353816986 23 1.2414213562373093
      vertex 17.72010101377964 21.841421358287334 2.3999999991831293
    endloop
  endfacet
  facet normal -0.49999999976283394 -0.499999999762834 -0.7071067815219509
    outer loop
      vertex 22.600000001490116 18.94142135977745 1.2414213562373093
      vertex 21.200000002980232 18.361522369086742 2.6414213562373092
      vertex 17.96152237057686 21.600000001490116 2.6414213562373092
    endloop
  endfacet
  facet normal -0.5000000001496219 -0.5000000010675025 -0.7071067803259107
    outer loop
      vertex 18.541421353816986 23 1.2414213562373093
      vertex 22.600000001490116 18.94142135977745 1.2414213562373093
      vertex 17.96152237057686 21.600000001490116 2.6414213562373092
    endloop
  endfacet
  facet normal 5.447073164662969e-16 -0.7071067815628589 -0.7071067808102361
    outer loop
      vertex 18.541421353816986 23 1.2414213562373093
      vertex 17.96152237057686 21.600000001490116 2.6414213562373092
      vertex 17.72010101377964 21.841421358287334 2.3999999991831293
    endloop
  endfacet
  facet normal -0.7071067815628576 -2.644331594572045e-15 -0.7071067808102376
    outer loop
      vertex 21.44142135977745 12.200000002980232 2.3999999991831293
      vertex 22.07395199797911 12.600000000000001 1.7674693603082263
      vertex 22.073951975030177 12.200000002980232 1.7674693832571595
    endloop
  endfacet
  facet normal 0 1 0
    outer loop
      vertex 21.44142135977745 12.200000002980232 2.3999999991831293
      vertex 22.073951975030177 12.200000002980232 1.7674693832571595
      vertex 21.44142135977745 12.200000002980232 2.399999998509884
    endloop
  endfacet
  facet normal -0.7071067815628586 0 -0.7071067808102364
    outer loop
      vertex 22.600000001490116 12.600000000000001 1.2414213562373093
      vertex 21.44142135977745 18.120101012289524 2.3999999991831293
      vertex 22.600000001490116 18.94142135977745 1.2414213562373093
    endloop
  endfacet
  facet normal -0.7071067815628589 -1.0340664950388297e-16 -0.7071067808102364
    outer loop
      vertex 22.600000001490116 12.600000000000001 1.2414213562373093
      vertex 22.07395199797911 12.600000000000001 1.7674693603082263
      vertex 21.44142135977745 18.120101012289524 2.3999999991831293
    endloop
  endfacet
  facet normal -0.7071067815628583 0 -0.7071067808102366
    outer loop
      vertex 21.44142135977745 12.200000002980232 2.3999999991831293
      vertex 21.44142135977745 18.120101012289524 2.3999999991831293
      vertex 22.07395199797911 12.600000000000001 1.7674693603082263
    endloop
  endfacet
  facet normal -0.7071067815628588 5.447073144165025e-16 -0.7071067808102361
    outer loop
      vertex 22.600000001490116 18.94142135977745 1.2414213562373093
      vertex 21.44142135977745 18.120101012289524 2.3999999991831293
      vertex 21.200000002980232 18.361522369086742 2.6414213562373092
    endloop
  endfacet
  facet normal 0.7071067811865476 -0.7071067811865476 0
    outer loop
      vertex 6.799999997019768 46.36152236908674 2.6414213562373092
      vertex 10.038477629423141 49.600000001490116 3.1999999999999997
      vertex 6.799999997019768 46.36152236908674 3.1999999999999997
    endloop
  endfacet
  facet normal 0.7071067811865476 -0.7071067811865476 8.679605745199363e-17
    outer loop
      vertex 6.799999997019768 46.36152236908674 2.6414213562373092
      vertex 10.038477629423141 49.600000001490116 2.6414213562373092
      vertex 10.038477629423141 49.600000001490116 3.1999999999999997
    endloop
  endfacet
  facet normal -0.7071067811865468 -0.7071067811865483 -8.994786900450537e-15
    outer loop
      vertex 17.96152237057686 49.600000001490116 2.6414213562373092
      vertex 21.200000002980232 46.36152236908674 3.1999999999999997
      vertex 17.96152237057685 49.600000001490116 3.1999999999999997
    endloop
  endfacet
  facet normal -0.7071067811865476 -0.7071067811865476 -8.679605745199363e-17
    outer loop
      vertex 17.96152237057686 49.600000001490116 2.6414213562373092
      vertex 21.200000002980232 46.36152236908674 2.6414213562373092
      vertex 21.200000002980232 46.36152236908674 3.1999999999999997
    endloop
  endfacet
  facet normal 0.7071067811865476 -0.7071067811865476 0
    outer loop
      vertex 6.799999997019768 18.361522369086742 2.6414213562373092
      vertex 10.038477629423141 21.600000001490116 3.1999999999999997
      vertex 6.799999997019768 18.361522369086742 3.1999999999999997
    endloop
  endfacet
  facet normal 0.7071067811865476 -0.7071067811865476 8.679605745199363e-17
    outer loop
      vertex 6.799999997019768 18.361522369086742 2.6414213562373092
      vertex 10.038477629423141 21.600000001490116 2.6414213562373092
      vertex 10.038477629423141 21.600000001490116 3.1999999999999997
    endloop
  endfacet
  facet normal -0.7071067811865468 -0.7071067811865483 -8.994786900450537e-15
    outer loop
      vertex 17.96152237057686 21.600000001490116 2.6414213562373092
      vertex 21.200000002980232 18.361522369086742 3.1999999999999997
      vertex 17.96152237057685 21.600000001490116 3.1999999999999997
    endloop
  endfacet
  facet normal -0.7071067811865476 -0.7071067811865476 0
    outer loop
      vertex 21.200000002980232 18.361522369086742 2.6414213562373092
      vertex 21.200000002980232 18.361522369086742 3.1999999999999997
      vertex 17.96152237057686 21.600000001490116 2.6414213562373092
    endloop
  endfacet
  facet normal 0.9891765215607121 -0.14673039628192253 1.8447492214920288e-19
    outer loop
      vertex 5.399999998509884 42.254780550756244 0.5
      vertex 5.4103717726469025 42.324701410532 0.5
      vertex 5.4103717726469025 42.324701410532 1.2414213562373093
    endloop
  endfacet
  facet normal 0.9700312402811685 -0.2429802314563427 0
    outer loop
      vertex 5.4103717726469025 42.324701410532 0.5
      vertex 5.429447732567786 42.40085689425469 0.5
      vertex 5.4103717726469025 42.324701410532 1.2414213562373093
    endloop
  endfacet
  facet normal 0.9415440481610671 -0.33688990096538984 0
    outer loop
      vertex 5.429447732567786 42.40085689425469 0.5
      vertex 5.455896377265452 42.47477589249611 0.5
      vertex 5.429447732567786 42.40085689425469 1.2414213562373093
    endloop
  endfacet
  facet normal 0.9039893283026801 -0.42755501905002724 0
    outer loop
      vertex 5.455896377265452 42.47477589249611 0.5
      vertex 5.489462986290453 42.54574653953314 0.5
      vertex 5.455896377265452 42.47477589249611 1.2414213562373093
    endloop
  endfacet
  facet normal 0.8577285969953113 -0.5141027658906873 0
    outer loop
      vertex 5.489462986290453 42.54574653953314 0.5
      vertex 5.529824308753012 42.613085334002974 0.5
      vertex 5.489462986290453 42.54574653953314 1.2414213562373093
    endloop
  endfacet
  facet normal 0.8032075150910394 -0.5956993265912576 0
    outer loop
      vertex 5.529824308753012 42.613085334002974 0.5
      vertex 5.576591640412806 42.676143777370456 0.5
      vertex 5.529824308753012 42.613085334002974 1.2414213562373093
    endloop
  endfacet
  facet normal 0.7409511089295691 -0.6715589729696431 0
    outer loop
      vertex 5.576591640412806 42.676143777370456 0.5
      vertex 5.62931457877159 42.73431457281113 0.5
      vertex 5.576591640412806 42.676143777370456 1.2414213562373093
    endloop
  endfacet
  facet normal 0.7071068012380131 -0.7071067611350814 0
    outer loop
      vertex 5.62931457877159 42.73431457281113 0.5
      vertex 5.760685421228407 42.86568542271853 0.5
      vertex 5.62931457877159 42.73431457281113 1.2414213562373093
    endloop
  endfacet
  facet normal 0.7409511517294868 -0.6715589257472103 0
    outer loop
      vertex 5.760685421228407 42.86568542271853 0.5
      vertex 5.813408359587191 42.92385622560978 0.5
      vertex 5.760685421228407 42.86568542271853 1.2414213562373093
    endloop
  endfacet
  facet normal 0.803207481414388 -0.5956993719989603 0
    outer loop
      vertex 5.813408359587191 42.92385622560978 0.5
      vertex 5.860175691246985 42.98691466152668 0.5
      vertex 5.813408359587191 42.92385622560978 1.2414213562373093
    endloop
  endfacet
  facet normal 0.8577286220780236 -0.51410272404271 0
    outer loop
      vertex 5.860175691246985 42.98691466152668 0.5
      vertex 5.900537013709544 43.0542534634471 0.5
      vertex 5.860175691246985 42.98691466152668 1.2414213562373093
    endloop
  endfacet
  facet normal 0.903989310954308 -0.4275550557300843 0
    outer loop
      vertex 5.900537013709544 43.0542534634471 0.5
      vertex 5.934103622734545 43.125224103033545 0.5
      vertex 5.900537013709544 43.0542534634471 1.2414213562373093
    endloop
  endfacet
  facet normal 0.9415440589319329 -0.33688987086283995 0
    outer loop
      vertex 5.934103622734545 43.125224103033545 0.5
      vertex 5.960552267432211 43.19914310872555 0.5
      vertex 5.934103622734545 43.125224103033545 1.2414213562373093
    endloop
  endfacet
  facet normal 0.9700312402811685 -0.2429802314563427 0
    outer loop
      vertex 5.960552267432211 43.19914310872555 0.5
      vertex 5.9796282273530945 43.27529859244824 0.5
      vertex 5.960552267432211 43.19914310872555 1.2414213562373093
    endloop
  endfacet
  facet normal 0.9891765195174917 -0.1467304100562028 0
    outer loop
      vertex 5.9796282273530945 43.27529859244824 0.5
      vertex 5.991147778630255 43.352957133948806 0.5
      vertex 5.9796282273530945 43.27529859244824 1.2414213562373093
    endloop
  endfacet
  facet normal 0.998795456534436 -0.04906766762510283 0
    outer loop
      vertex 5.991147778630255 43.352957133948806 0.5
      vertex 5.994999997019766 43.43137085139752 0.5
      vertex 5.991147778630255 43.352957133948806 1.2414213562373093
    endloop
  endfacet
  facet normal 1 0 0
    outer loop
      vertex 5.994999997019766 43.43137085139752 0.5
      vertex 5.994999997019766 43.96862914860249 0.5
      vertex 5.994999997019766 43.43137085139752 1.2414213562373093
    endloop
  endfacet
  facet normal 0.9415440481610671 0.33688990096538984 0
    outer loop
      vertex 5.455896377265452 44.925224107503894 0.5
      vertex 5.429447732567786 44.99914310574532 0.5
      vertex 5.455896377265452 44.925224107503894 1.2414213562373093
    endloop
  endfacet
  facet normal 0.9700312402811685 0.2429802314563427 0
    outer loop
      vertex 5.429447732567786 44.99914310574532 0.5
      vertex 5.4103717726469025 45.075298589468005 0.5
      vertex 5.429447732567786 44.99914310574532 1.2414213562373093
    endloop
  endfacet
  facet normal 0.98917652156071 0.14673039628193713 0
    outer loop
      vertex 5.399999998509884 45.145219449243754 0.5
      vertex 5.399999998509884 45.145219449243754 1.2414213562373093
      vertex 5.4103717726469025 45.075298589468005 0.5
    endloop
  endfacet
  facet normal 0.8577285969953113 0.5141027658906873 0
    outer loop
      vertex 5.489462986290453 44.854253460466865 0.5
      vertex 5.529824308753012 44.78691466599703 1.2414213562373093
      vertex 5.529824308753012 44.78691466599703 0.5
    endloop
  endfacet
  facet normal 0.8032075150910394 0.5956993265912576 0
    outer loop
      vertex 5.529824308753012 44.78691466599703 0.5
      vertex 5.576591640412806 44.72385622262955 1.2414213562373093
      vertex 5.576591640412806 44.72385622262955 0.5
    endloop
  endfacet
  facet normal 0.9039893283026801 0.42755501905002724 0
    outer loop
      vertex 5.455896377265452 44.925224107503894 0.5
      vertex 5.489462986290453 44.854253460466865 1.2414213562373093
      vertex 5.489462986290453 44.854253460466865 0.5
    endloop
  endfacet
  facet normal 0.7409511089295691 0.6715589729696431 0
    outer loop
      vertex 5.576591640412806 44.72385622262955 0.5
      vertex 5.62931457877159 44.665685427188876 1.2414213562373093
      vertex 5.62931457877159 44.665685427188876 0.5
    endloop
  endfacet
  facet normal 0.7071068012380131 0.7071067611350814 0
    outer loop
      vertex 5.760685421228407 44.53431457728148 0.5
      vertex 5.62931457877159 44.665685427188876 0.5
      vertex 5.760685421228407 44.53431457728148 1.2414213562373093
    endloop
  endfacet
  facet normal 0.7409511517294868 0.6715589257472103 0
    outer loop
      vertex 5.760685421228407 44.53431457728148 0.5
      vertex 5.813408359587191 44.47614377439022 1.2414213562373093
      vertex 5.813408359587191 44.47614377439022 0.5
    endloop
  endfacet
  facet normal 0.8577286220780236 0.51410272404271 0
    outer loop
      vertex 5.860175691246985 44.41308533847332 0.5
      vertex 5.900537013709544 44.34574653655291 1.2414213562373093
      vertex 5.900537013709544 44.34574653655291 0.5
    endloop
  endfacet
  facet normal 0.803207481414388 0.5956993719989603 0
    outer loop
      vertex 5.813408359587191 44.47614377439022 0.5
      vertex 5.860175691246985 44.41308533847332 1.2414213562373093
      vertex 5.860175691246985 44.41308533847332 0.5
    endloop
  endfacet
  facet normal 0.9891765195174917 0.1467304100562028 0
    outer loop
      vertex 5.991147778630255 44.0470428660512 0.5
      vertex 5.9796282273530945 44.12470140755177 0.5
      vertex 5.991147778630255 44.0470428660512 1.2414213562373093
    endloop
  endfacet
  facet normal 0.998795456534436 0.04906766762510283 0
    outer loop
      vertex 5.994999997019766 43.96862914860249 0.5
      vertex 5.991147778630255 44.0470428660512 0.5
      vertex 5.994999997019766 43.96862914860249 1.2414213562373093
    endloop
  endfacet
  facet normal 0.9700312402811685 0.2429802314563427 0
    outer loop
      vertex 5.9796282273530945 44.12470140755177 0.5
      vertex 5.960552267432211 44.200856891274455 0.5
      vertex 5.9796282273530945 44.12470140755177 1.2414213562373093
    endloop
  endfacet
  facet normal 0.9415440589319329 0.33688987086283995 0
    outer loop
      vertex 5.934103622734545 44.27477589696646 0.5
      vertex 5.960552267432211 44.200856891274455 1.2414213562373093
      vertex 5.960552267432211 44.200856891274455 0.5
    endloop
  endfacet
  facet normal 0.903989310954308 0.4275550557300843 0
    outer loop
      vertex 5.900537013709544 44.34574653655291 0.5
      vertex 5.934103622734545 44.27477589696646 1.2414213562373093
      vertex 5.934103622734545 44.27477589696646 0.5
    endloop
  endfacet
  facet normal 0.9891765215607121 -0.14673039628192253 0
    outer loop
      vertex 5.399999998509884 42.254780550756244 0.5
      vertex 5.4103717726469025 42.324701410532 1.2414213562373093
      vertex 5.399999998509884 42.254780550756244 1.2414213562373093
    endloop
  endfacet
  facet normal 0.9700312402811685 -0.2429802314563427 0
    outer loop
      vertex 5.429447732567786 42.40085689425469 0.5
      vertex 5.429447732567786 42.40085689425469 1.2414213562373093
      vertex 5.4103717726469025 42.324701410532 1.2414213562373093
    endloop
  endfacet
  facet normal 0.9415440481610671 -0.33688990096538984 0
    outer loop
      vertex 5.455896377265452 42.47477589249611 0.5
      vertex 5.455896377265452 42.47477589249611 1.2414213562373093
      vertex 5.429447732567786 42.40085689425469 1.2414213562373093
    endloop
  endfacet
  facet normal 0.9039893283026801 -0.42755501905002724 0
    outer loop
      vertex 5.489462986290453 42.54574653953314 0.5
      vertex 5.489462986290453 42.54574653953314 1.2414213562373093
      vertex 5.455896377265452 42.47477589249611 1.2414213562373093
    endloop
  endfacet
  facet normal 0.8577285969953113 -0.5141027658906873 0
    outer loop
      vertex 5.529824308753012 42.613085334002974 0.5
      vertex 5.529824308753012 42.613085334002974 1.2414213562373093
      vertex 5.489462986290453 42.54574653953314 1.2414213562373093
    endloop
  endfacet
  facet normal 0.8032075150910394 -0.5956993265912576 0
    outer loop
      vertex 5.576591640412806 42.676143777370456 0.5
      vertex 5.576591640412806 42.676143777370456 1.2414213562373093
      vertex 5.529824308753012 42.613085334002974 1.2414213562373093
    endloop
  endfacet
  facet normal 0.7409511089295691 -0.6715589729696431 0
    outer loop
      vertex 5.62931457877159 42.73431457281113 0.5
      vertex 5.62931457877159 42.73431457281113 1.2414213562373093
      vertex 5.576591640412806 42.676143777370456 1.2414213562373093
    endloop
  endfacet
  facet normal 0.7071068012380131 -0.7071067611350814 0
    outer loop
      vertex 5.62931457877159 42.73431457281113 1.2414213562373093
      vertex 5.760685421228407 42.86568542271853 0.5
      vertex 5.760685421228407 42.86568542271853 1.2414213562373093
    endloop
  endfacet
  facet normal 0.7409511517294868 -0.6715589257472103 0
    outer loop
      vertex 5.813408359587191 42.92385622560978 0.5
      vertex 5.813408359587191 42.92385622560978 1.2414213562373093
      vertex 5.760685421228407 42.86568542271853 1.2414213562373093
    endloop
  endfacet
  facet normal 0.803207481414388 -0.5956993719989603 0
    outer loop
      vertex 5.860175691246985 42.98691466152668 0.5
      vertex 5.860175691246985 42.98691466152668 1.2414213562373093
      vertex 5.813408359587191 42.92385622560978 1.2414213562373093
    endloop
  endfacet
  facet normal 0.8577286220780236 -0.51410272404271 0
    outer loop
      vertex 5.900537013709544 43.0542534634471 0.5
      vertex 5.900537013709544 43.0542534634471 1.2414213562373093
      vertex 5.860175691246985 42.98691466152668 1.2414213562373093
    endloop
  endfacet
  facet normal 0.903989310954308 -0.4275550557300843 0
    outer loop
      vertex 5.934103622734545 43.125224103033545 0.5
      vertex 5.934103622734545 43.125224103033545 1.2414213562373093
      vertex 5.900537013709544 43.0542534634471 1.2414213562373093
    endloop
  endfacet
  facet normal 0.9415440589319329 -0.33688987086283995 0
    outer loop
      vertex 5.960552267432211 43.19914310872555 0.5
      vertex 5.960552267432211 43.19914310872555 1.2414213562373093
      vertex 5.934103622734545 43.125224103033545 1.2414213562373093
    endloop
  endfacet
  facet normal 0.9700312402811685 -0.2429802314563427 0
    outer loop
      vertex 5.9796282273530945 43.27529859244824 0.5
      vertex 5.9796282273530945 43.27529859244824 1.2414213562373093
      vertex 5.960552267432211 43.19914310872555 1.2414213562373093
    endloop
  endfacet
  facet normal 0.9891765195174917 -0.1467304100562028 0
    outer loop
      vertex 5.991147778630255 43.352957133948806 0.5
      vertex 5.991147778630255 43.352957133948806 1.2414213562373093
      vertex 5.9796282273530945 43.27529859244824 1.2414213562373093
    endloop
  endfacet
  facet normal 0.998795456534436 -0.04906766762510283 0
    outer loop
      vertex 5.994999997019766 43.43137085139752 0.5
      vertex 5.994999997019766 43.43137085139752 1.2414213562373093
      vertex 5.991147778630255 43.352957133948806 1.2414213562373093
    endloop
  endfacet
  facet normal 0.7071068012380131 0.7071067611350814 0
    outer loop
      vertex 5.62931457877159 44.665685427188876 0.5
      vertex 5.62931457877159 44.665685427188876 1.2414213562373093
      vertex 5.760685421228407 44.53431457728148 1.2414213562373093
    endloop
  endfacet
  facet normal 0.9039893283026801 0.42755501905002724 0
    outer loop
      vertex 5.455896377265452 44.925224107503894 0.5
      vertex 5.455896377265452 44.925224107503894 1.2414213562373093
      vertex 5.489462986290453 44.854253460466865 1.2414213562373093
    endloop
  endfacet
  facet normal 0.9415440481610671 0.33688990096538984 0
    outer loop
      vertex 5.429447732567786 44.99914310574532 0.5
      vertex 5.429447732567786 44.99914310574532 1.2414213562373093
      vertex 5.455896377265452 44.925224107503894 1.2414213562373093
    endloop
  endfacet
  facet normal 0.9700312402811685 0.2429802314563427 0
    outer loop
      vertex 5.4103717726469025 45.075298589468005 0.5
      vertex 5.4103717726469025 45.075298589468005 1.2414213562373093
      vertex 5.429447732567786 44.99914310574532 1.2414213562373093
    endloop
  endfacet
  facet normal 0.98917652156071 0.14673039628193713 0
    outer loop
      vertex 5.4103717726469025 45.075298589468005 0.5
      vertex 5.399999998509884 45.145219449243754 1.2414213562373093
      vertex 5.4103717726469025 45.075298589468005 1.2414213562373093
    endloop
  endfacet
  facet normal 0.8577285969953113 0.5141027658906873 0
    outer loop
      vertex 5.489462986290453 44.854253460466865 0.5
      vertex 5.489462986290453 44.854253460466865 1.2414213562373093
      vertex 5.529824308753012 44.78691466599703 1.2414213562373093
    endloop
  endfacet
  facet normal 0.8032075150910394 0.5956993265912576 0
    outer loop
      vertex 5.529824308753012 44.78691466599703 0.5
      vertex 5.529824308753012 44.78691466599703 1.2414213562373093
      vertex 5.576591640412806 44.72385622262955 1.2414213562373093
    endloop
  endfacet
  facet normal 0.7409511089295691 0.6715589729696431 0
    outer loop
      vertex 5.576591640412806 44.72385622262955 0.5
      vertex 5.576591640412806 44.72385622262955 1.2414213562373093
      vertex 5.62931457877159 44.665685427188876 1.2414213562373093
    endloop
  endfacet
  facet normal 0.7409511517294868 0.6715589257472103 0
    outer loop
      vertex 5.760685421228407 44.53431457728148 0.5
      vertex 5.760685421228407 44.53431457728148 1.2414213562373093
      vertex 5.813408359587191 44.47614377439022 1.2414213562373093
    endloop
  endfacet
  facet normal 0.8577286220780236 0.51410272404271 0
    outer loop
      vertex 5.860175691246985 44.41308533847332 0.5
      vertex 5.860175691246985 44.41308533847332 1.2414213562373093
      vertex 5.900537013709544 44.34574653655291 1.2414213562373093
    endloop
  endfacet
  facet normal 0.803207481414388 0.5956993719989603 0
    outer loop
      vertex 5.813408359587191 44.47614377439022 0.5
      vertex 5.813408359587191 44.47614377439022 1.2414213562373093
      vertex 5.860175691246985 44.41308533847332 1.2414213562373093
    endloop
  endfacet
  facet normal 1 0 0
    outer loop
      vertex 5.994999997019766 43.96862914860249 0.5
      vertex 5.994999997019766 43.96862914860249 1.2414213562373093
      vertex 5.994999997019766 43.43137085139752 1.2414213562373093
    endloop
  endfacet
  facet normal 0.998795456534436 0.04906766762510283 0
    outer loop
      vertex 5.991147778630255 44.0470428660512 0.5
      vertex 5.991147778630255 44.0470428660512 1.2414213562373093
      vertex 5.994999997019766 43.96862914860249 1.2414213562373093
    endloop
  endfacet
  facet normal 0.9891765195174917 0.1467304100562028 0
    outer loop
      vertex 5.9796282273530945 44.12470140755177 0.5
      vertex 5.9796282273530945 44.12470140755177 1.2414213562373093
      vertex 5.991147778630255 44.0470428660512 1.2414213562373093
    endloop
  endfacet
  facet normal 0.9700312402811685 0.2429802314563427 0
    outer loop
      vertex 5.960552267432211 44.200856891274455 0.5
      vertex 5.960552267432211 44.200856891274455 1.2414213562373093
      vertex 5.9796282273530945 44.12470140755177 1.2414213562373093
    endloop
  endfacet
  facet normal 0.9415440589319329 0.33688987086283995 0
    outer loop
      vertex 5.934103622734545 44.27477589696646 0.5
      vertex 5.934103622734545 44.27477589696646 1.2414213562373093
      vertex 5.960552267432211 44.200856891274455 1.2414213562373093
    endloop
  endfacet
  facet normal 0.903989310954308 0.4275550557300843 0
    outer loop
      vertex 5.900537013709544 44.34574653655291 0.5
      vertex 5.900537013709544 44.34574653655291 1.2414213562373093
      vertex 5.934103622734545 44.27477589696646 1.2414213562373093
    endloop
  endfacet
  facet normal 0.9891765215607105 -0.1467303962819335 6.117951355466597e-19
    outer loop
      vertex 5.399999998509884 14.254780550756246 0.5
      vertex 5.4103717726469025 14.324701410531997 0.5
      vertex 5.4103717726469025 14.324701410531997 1.2414213562373093
    endloop
  endfacet
  facet normal 0.9700312402811685 -0.2429802314563427 0
    outer loop
      vertex 5.4103717726469025 14.324701410531997 0.5
      vertex 5.429447732567786 14.400856894254684 0.5
      vertex 5.4103717726469025 14.324701410531997 1.2414213562373093
    endloop
  endfacet
  facet normal 0.9415440481610671 -0.33688990096538984 0
    outer loop
      vertex 5.429447732567786 14.400856894254684 0.5
      vertex 5.455896377265452 14.474775892496108 0.5
      vertex 5.429447732567786 14.400856894254684 1.2414213562373093
    endloop
  endfacet
  facet normal 0.9039893283026801 -0.42755501905002724 0
    outer loop
      vertex 5.455896377265452 14.474775892496108 0.5
      vertex 5.489462986290453 14.545746539533138 0.5
      vertex 5.455896377265452 14.474775892496108 1.2414213562373093
    endloop
  endfacet
  facet normal 0.8577285969953113 -0.5141027658906873 0
    outer loop
      vertex 5.489462986290453 14.545746539533138 0.5
      vertex 5.529824308753012 14.613085334002971 0.5
      vertex 5.489462986290453 14.545746539533138 1.2414213562373093
    endloop
  endfacet
  facet normal 0.8032075150910394 -0.5956993265912576 0
    outer loop
      vertex 5.529824308753012 14.613085334002971 0.5
      vertex 5.576591640412806 14.676143777370452 0.5
      vertex 5.529824308753012 14.613085334002971 1.2414213562373093
    endloop
  endfacet
  facet normal 0.7409511089295691 -0.6715589729696431 0
    outer loop
      vertex 5.576591640412806 14.676143777370452 0.5
      vertex 5.62931457877159 14.734314572811126 0.5
      vertex 5.576591640412806 14.676143777370452 1.2414213562373093
    endloop
  endfacet
  facet normal 0.7071068012380131 -0.7071067611350814 0
    outer loop
      vertex 5.62931457877159 14.734314572811126 0.5
      vertex 5.760685421228407 14.865685422718524 0.5
      vertex 5.62931457877159 14.734314572811126 1.2414213562373093
    endloop
  endfacet
  facet normal 0.7409511517294868 -0.6715589257472103 0
    outer loop
      vertex 5.760685421228407 14.865685422718524 0.5
      vertex 5.813408359587191 14.923856225609779 0.5
      vertex 5.760685421228407 14.865685422718524 1.2414213562373093
    endloop
  endfacet
  facet normal 0.803207481414388 -0.5956993719989603 0
    outer loop
      vertex 5.813408359587191 14.923856225609779 0.5
      vertex 5.860175691246985 14.98691466152668 0.5
      vertex 5.813408359587191 14.923856225609779 1.2414213562373093
    endloop
  endfacet
  facet normal 0.8577286220780236 -0.51410272404271 0
    outer loop
      vertex 5.860175691246985 14.98691466152668 0.5
      vertex 5.900537013709544 15.054253463447093 0.5
      vertex 5.860175691246985 14.98691466152668 1.2414213562373093
    endloop
  endfacet
  facet normal 0.903989310954308 -0.4275550557300843 0
    outer loop
      vertex 5.900537013709544 15.054253463447093 0.5
      vertex 5.934103622734545 15.125224103033542 0.5
      vertex 5.900537013709544 15.054253463447093 1.2414213562373093
    endloop
  endfacet
  facet normal 0.9415440589319329 -0.33688987086283995 0
    outer loop
      vertex 5.934103622734545 15.125224103033542 0.5
      vertex 5.960552267432211 15.199143108725547 0.5
      vertex 5.934103622734545 15.125224103033542 1.2414213562373093
    endloop
  endfacet
  facet normal 0.9700312402811685 -0.2429802314563427 0
    outer loop
      vertex 5.960552267432211 15.199143108725547 0.5
      vertex 5.9796282273530945 15.275298592448234 0.5
      vertex 5.960552267432211 15.199143108725547 1.2414213562373093
    endloop
  endfacet
  facet normal 0.9891765195174917 -0.1467304100562028 0
    outer loop
      vertex 5.9796282273530945 15.275298592448234 0.5
      vertex 5.991147778630255 15.352957133948802 0.5
      vertex 5.9796282273530945 15.275298592448234 1.2414213562373093
    endloop
  endfacet
  facet normal 0.998795456534436 -0.04906766762510283 0
    outer loop
      vertex 5.991147778630255 15.352957133948802 0.5
      vertex 5.994999997019766 15.431370851397514 0.5
      vertex 5.991147778630255 15.352957133948802 1.2414213562373093
    endloop
  endfacet
  facet normal 1 0 0
    outer loop
      vertex 5.994999997019766 15.431370851397514 0.5
      vertex 5.994999997019766 15.968629148602485 0.5
      vertex 5.994999997019766 15.431370851397514 1.2414213562373093
    endloop
  endfacet
  facet normal 0.9415440481610671 0.33688990096538984 0
    outer loop
      vertex 5.455896377265452 16.92522410750389 0.5
      vertex 5.429447732567786 16.999143105745315 0.5
      vertex 5.455896377265452 16.92522410750389 1.2414213562373093
    endloop
  endfacet
  facet normal 0.9700312402811685 0.2429802314563427 0
    outer loop
      vertex 5.429447732567786 16.999143105745315 0.5
      vertex 5.4103717726469025 17.075298589468 0.5
      vertex 5.429447732567786 16.999143105745315 1.2414213562373093
    endloop
  endfacet
  facet normal 0.989176521560711 0.14673039628192983 0
    outer loop
      vertex 5.399999998509884 17.145219449243754 0.5
      vertex 5.399999998509884 17.145219449243754 1.2414213562373093
      vertex 5.4103717726469025 17.075298589468 0.5
    endloop
  endfacet
  facet normal 0.8577285969953113 0.5141027658906873 0
    outer loop
      vertex 5.489462986290453 16.85425346046686 0.5
      vertex 5.529824308753012 16.786914665997028 1.2414213562373093
      vertex 5.529824308753012 16.786914665997028 0.5
    endloop
  endfacet
  facet normal 0.8032075150910394 0.5956993265912576 0
    outer loop
      vertex 5.529824308753012 16.786914665997028 0.5
      vertex 5.576591640412806 16.723856222629546 1.2414213562373093
      vertex 5.576591640412806 16.723856222629546 0.5
    endloop
  endfacet
  facet normal 0.9039893283026801 0.42755501905002724 0
    outer loop
      vertex 5.455896377265452 16.92522410750389 0.5
      vertex 5.489462986290453 16.85425346046686 1.2414213562373093
      vertex 5.489462986290453 16.85425346046686 0.5
    endloop
  endfacet
  facet normal 0.7409511089295691 0.6715589729696431 0
    outer loop
      vertex 5.62931457877159 16.665685427188873 0.5
      vertex 5.576591640412806 16.723856222629546 0.5
      vertex 5.62931457877159 16.665685427188873 1.2414213562373093
    endloop
  endfacet
  facet normal 0.7071068012380131 0.7071067611350814 0
    outer loop
      vertex 5.62931457877159 16.665685427188873 0.5
      vertex 5.760685421228407 16.534314577281474 1.2414213562373093
      vertex 5.760685421228407 16.534314577281474 0.5
    endloop
  endfacet
  facet normal 0.7409511517294868 0.6715589257472103 0
    outer loop
      vertex 5.760685421228407 16.534314577281474 0.5
      vertex 5.813408359587191 16.47614377439022 1.2414213562373093
      vertex 5.813408359587191 16.47614377439022 0.5
    endloop
  endfacet
  facet normal 0.8577286220780236 0.51410272404271 0
    outer loop
      vertex 5.860175691246985 16.41308533847332 0.5
      vertex 5.900537013709544 16.345746536552905 1.2414213562373093
      vertex 5.900537013709544 16.345746536552905 0.5
    endloop
  endfacet
  facet normal 0.803207481414388 0.5956993719989603 0
    outer loop
      vertex 5.813408359587191 16.47614377439022 0.5
      vertex 5.860175691246985 16.41308533847332 1.2414213562373093
      vertex 5.860175691246985 16.41308533847332 0.5
    endloop
  endfacet
  facet normal 0.9891765195174917 0.1467304100562028 0
    outer loop
      vertex 5.991147778630255 16.047042866051196 0.5
      vertex 5.9796282273530945 16.124701407551765 0.5
      vertex 5.991147778630255 16.047042866051196 1.2414213562373093
    endloop
  endfacet
  facet normal 0.998795456534436 0.04906766762510283 0
    outer loop
      vertex 5.994999997019766 15.968629148602485 0.5
      vertex 5.991147778630255 16.047042866051196 0.5
      vertex 5.994999997019766 15.968629148602485 1.2414213562373093
    endloop
  endfacet
  facet normal 0.9700312402811685 0.2429802314563427 0
    outer loop
      vertex 5.9796282273530945 16.124701407551765 0.5
      vertex 5.960552267432211 16.20085689127445 0.5
      vertex 5.9796282273530945 16.124701407551765 1.2414213562373093
    endloop
  endfacet
  facet normal 0.9415440589319329 0.33688987086283995 0
    outer loop
      vertex 5.960552267432211 16.20085689127445 0.5
      vertex 5.934103622734545 16.274775896966457 0.5
      vertex 5.960552267432211 16.20085689127445 1.2414213562373093
    endloop
  endfacet
  facet normal 0.903989310954308 0.4275550557300843 0
    outer loop
      vertex 5.900537013709544 16.345746536552905 0.5
      vertex 5.934103622734545 16.274775896966457 1.2414213562373093
      vertex 5.934103622734545 16.274775896966457 0.5
    endloop
  endfacet
  facet normal 0.9891765215607105 -0.1467303962819335 0
    outer loop
      vertex 5.399999998509884 14.254780550756246 0.5
      vertex 5.4103717726469025 14.324701410531997 1.2414213562373093
      vertex 5.399999998509884 14.254780550756246 1.2414213562373093
    endloop
  endfacet
  facet normal 0.9700312402811685 -0.2429802314563427 0
    outer loop
      vertex 5.429447732567786 14.400856894254684 0.5
      vertex 5.429447732567786 14.400856894254684 1.2414213562373093
      vertex 5.4103717726469025 14.324701410531997 1.2414213562373093
    endloop
  endfacet
  facet normal 0.9415440481610671 -0.33688990096538984 0
    outer loop
      vertex 5.455896377265452 14.474775892496108 0.5
      vertex 5.455896377265452 14.474775892496108 1.2414213562373093
      vertex 5.429447732567786 14.400856894254684 1.2414213562373093
    endloop
  endfacet
  facet normal 0.9039893283026801 -0.42755501905002724 0
    outer loop
      vertex 5.489462986290453 14.545746539533138 0.5
      vertex 5.489462986290453 14.545746539533138 1.2414213562373093
      vertex 5.455896377265452 14.474775892496108 1.2414213562373093
    endloop
  endfacet
  facet normal 0.8577285969953113 -0.5141027658906873 0
    outer loop
      vertex 5.529824308753012 14.613085334002971 0.5
      vertex 5.529824308753012 14.613085334002971 1.2414213562373093
      vertex 5.489462986290453 14.545746539533138 1.2414213562373093
    endloop
  endfacet
  facet normal 0.8032075150910394 -0.5956993265912576 0
    outer loop
      vertex 5.576591640412806 14.676143777370452 0.5
      vertex 5.576591640412806 14.676143777370452 1.2414213562373093
      vertex 5.529824308753012 14.613085334002971 1.2414213562373093
    endloop
  endfacet
  facet normal 0.7409511089295691 -0.6715589729696431 0
    outer loop
      vertex 5.62931457877159 14.734314572811126 0.5
      vertex 5.62931457877159 14.734314572811126 1.2414213562373093
      vertex 5.576591640412806 14.676143777370452 1.2414213562373093
    endloop
  endfacet
  facet normal 0.7071068012380131 -0.7071067611350814 0
    outer loop
      vertex 5.760685421228407 14.865685422718524 0.5
      vertex 5.760685421228407 14.865685422718524 1.2414213562373093
      vertex 5.62931457877159 14.734314572811126 1.2414213562373093
    endloop
  endfacet
  facet normal 0.7409511517294868 -0.6715589257472103 0
    outer loop
      vertex 5.813408359587191 14.923856225609779 0.5
      vertex 5.813408359587191 14.923856225609779 1.2414213562373093
      vertex 5.760685421228407 14.865685422718524 1.2414213562373093
    endloop
  endfacet
  facet normal 0.803207481414388 -0.5956993719989603 0
    outer loop
      vertex 5.860175691246985 14.98691466152668 0.5
      vertex 5.860175691246985 14.98691466152668 1.2414213562373093
      vertex 5.813408359587191 14.923856225609779 1.2414213562373093
    endloop
  endfacet
  facet normal 0.8577286220780236 -0.51410272404271 0
    outer loop
      vertex 5.900537013709544 15.054253463447093 0.5
      vertex 5.900537013709544 15.054253463447093 1.2414213562373093
      vertex 5.860175691246985 14.98691466152668 1.2414213562373093
    endloop
  endfacet
  facet normal 0.903989310954308 -0.4275550557300843 0
    outer loop
      vertex 5.934103622734545 15.125224103033542 0.5
      vertex 5.934103622734545 15.125224103033542 1.2414213562373093
      vertex 5.900537013709544 15.054253463447093 1.2414213562373093
    endloop
  endfacet
  facet normal 0.9415440589319329 -0.33688987086283995 0
    outer loop
      vertex 5.960552267432211 15.199143108725547 0.5
      vertex 5.960552267432211 15.199143108725547 1.2414213562373093
      vertex 5.934103622734545 15.125224103033542 1.2414213562373093
    endloop
  endfacet
  facet normal 0.9700312402811685 -0.2429802314563427 0
    outer loop
      vertex 5.9796282273530945 15.275298592448234 0.5
      vertex 5.9796282273530945 15.275298592448234 1.2414213562373093
      vertex 5.960552267432211 15.199143108725547 1.2414213562373093
    endloop
  endfacet
  facet normal 0.9891765195174917 -0.1467304100562028 0
    outer loop
      vertex 5.991147778630255 15.352957133948802 0.5
      vertex 5.991147778630255 15.352957133948802 1.2414213562373093
      vertex 5.9796282273530945 15.275298592448234 1.2414213562373093
    endloop
  endfacet
  facet normal 0.998795456534436 -0.04906766762510283 0
    outer loop
      vertex 5.994999997019766 15.431370851397514 0.5
      vertex 5.994999997019766 15.431370851397514 1.2414213562373093
      vertex 5.991147778630255 15.352957133948802 1.2414213562373093
    endloop
  endfacet
  facet normal 0.7071068012380131 0.7071067611350814 0
    outer loop
      vertex 5.62931457877159 16.665685427188873 0.5
      vertex 5.62931457877159 16.665685427188873 1.2414213562373093
      vertex 5.760685421228407 16.534314577281474 1.2414213562373093
    endloop
  endfacet
  facet normal 0.9039893283026801 0.42755501905002724 0
    outer loop
      vertex 5.455896377265452 16.92522410750389 0.5
      vertex 5.455896377265452 16.92522410750389 1.2414213562373093
      vertex 5.489462986290453 16.85425346046686 1.2414213562373093
    endloop
  endfacet
  facet normal 0.9415440481610671 0.33688990096538984 0
    outer loop
      vertex 5.429447732567786 16.999143105745315 0.5
      vertex 5.429447732567786 16.999143105745315 1.2414213562373093
      vertex 5.455896377265452 16.92522410750389 1.2414213562373093
    endloop
  endfacet
  facet normal 0.9700312402811685 0.2429802314563427 0
    outer loop
      vertex 5.4103717726469025 17.075298589468 0.5
      vertex 5.4103717726469025 17.075298589468 1.2414213562373093
      vertex 5.429447732567786 16.999143105745315 1.2414213562373093
    endloop
  endfacet
  facet normal 0.989176521560711 0.14673039628192983 0
    outer loop
      vertex 5.4103717726469025 17.075298589468 0.5
      vertex 5.399999998509884 17.145219449243754 1.2414213562373093
      vertex 5.4103717726469025 17.075298589468 1.2414213562373093
    endloop
  endfacet
  facet normal 0.8577285969953113 0.5141027658906873 0
    outer loop
      vertex 5.489462986290453 16.85425346046686 0.5
      vertex 5.489462986290453 16.85425346046686 1.2414213562373093
      vertex 5.529824308753012 16.786914665997028 1.2414213562373093
    endloop
  endfacet
  facet normal 0.8032075150910394 0.5956993265912576 0
    outer loop
      vertex 5.529824308753012 16.786914665997028 0.5
      vertex 5.529824308753012 16.786914665997028 1.2414213562373093
      vertex 5.576591640412806 16.723856222629546 1.2414213562373093
    endloop
  endfacet
  facet normal 0.7409511089295691 0.6715589729696431 0
    outer loop
      vertex 5.576591640412806 16.723856222629546 0.5
      vertex 5.576591640412806 16.723856222629546 1.2414213562373093
      vertex 5.62931457877159 16.665685427188873 1.2414213562373093
    endloop
  endfacet
  facet normal 0.7409511517294868 0.6715589257472103 0
    outer loop
      vertex 5.760685421228407 16.534314577281474 0.5
      vertex 5.760685421228407 16.534314577281474 1.2414213562373093
      vertex 5.813408359587191 16.47614377439022 1.2414213562373093
    endloop
  endfacet
  facet normal 0.8577286220780236 0.51410272404271 0
    outer loop
      vertex 5.860175691246985 16.41308533847332 0.5
      vertex 5.860175691246985 16.41308533847332 1.2414213562373093
      vertex 5.900537013709544 16.345746536552905 1.2414213562373093
    endloop
  endfacet
  facet normal 0.803207481414388 0.5956993719989603 0
    outer loop
      vertex 5.813408359587191 16.47614377439022 0.5
      vertex 5.813408359587191 16.47614377439022 1.2414213562373093
      vertex 5.860175691246985 16.41308533847332 1.2414213562373093
    endloop
  endfacet
  facet normal 1 0 0
    outer loop
      vertex 5.994999997019766 15.968629148602485 0.5
      vertex 5.994999997019766 15.968629148602485 1.2414213562373093
      vertex 5.994999997019766 15.431370851397514 1.2414213562373093
    endloop
  endfacet
  facet normal 0.998795456534436 0.04906766762510283 0
    outer loop
      vertex 5.991147778630255 16.047042866051196 0.5
      vertex 5.991147778630255 16.047042866051196 1.2414213562373093
      vertex 5.994999997019766 15.968629148602485 1.2414213562373093
    endloop
  endfacet
  facet normal 0.9891765195174917 0.1467304100562028 0
    outer loop
      vertex 5.9796282273530945 16.124701407551765 0.5
      vertex 5.9796282273530945 16.124701407551765 1.2414213562373093
      vertex 5.991147778630255 16.047042866051196 1.2414213562373093
    endloop
  endfacet
  facet normal 0.9700312402811685 0.2429802314563427 0
    outer loop
      vertex 5.960552267432211 16.20085689127445 0.5
      vertex 5.960552267432211 16.20085689127445 1.2414213562373093
      vertex 5.9796282273530945 16.124701407551765 1.2414213562373093
    endloop
  endfacet
  facet normal 0.9415440589319329 0.33688987086283995 0
    outer loop
      vertex 5.934103622734545 16.274775896966457 0.5
      vertex 5.934103622734545 16.274775896966457 1.2414213562373093
      vertex 5.960552267432211 16.20085689127445 1.2414213562373093
    endloop
  endfacet
  facet normal 0.903989310954308 0.4275550557300843 0
    outer loop
      vertex 5.900537013709544 16.345746536552905 0.5
      vertex 5.900537013709544 16.345746536552905 1.2414213562373093
      vertex 5.934103622734545 16.274775896966457 1.2414213562373093
    endloop
  endfacet
  facet normal 0.8611306058747012 -0.1277365892703629 -0.49207463192837364
    outer loop
      vertex 5.399999998509884 42.254780550756244 1.2414213562373093
      vertex 5.4103717726469025 42.324701410532 1.2414213562373093
      vertex 5.424200804863938 42.324701410532 1.265622162617123
    endloop
  endfacet
  facet normal 0.8484104127002896 -0.2125157931904697 -0.4848059501144245
    outer loop
      vertex 5.4103717726469025 42.324701410532 1.2414213562373093
      vertex 5.429447732567786 42.40085689425469 1.2414213562373093
      vertex 5.424200804863938 42.324701410532 1.265622162617123
    endloop
  endfacet
  facet normal 0.8291533095594665 -0.29667584526521185 -0.4738018911768457
    outer loop
      vertex 5.429447732567786 42.40085689425469 1.2414213562373093
      vertex 5.455896377265452 42.47477589249611 1.2414213562373093
      vertex 5.4687113780758345 42.40085689425469 1.3101327358763937
    endloop
  endfacet
  facet normal 0.8484104127002734 -0.21251579319047656 -0.4848059501144497
    outer loop
      vertex 5.429447732567786 42.40085689425469 1.2414213562373093
      vertex 5.4687113780758345 42.40085689425469 1.3101327358763937
      vertex 5.424200804863938 42.324701410532 1.265622162617123
    endloop
  endfacet
  facet normal 0.8031607271905936 -0.3798666524736119 -0.4589489869660559
    outer loop
      vertex 5.455896377265452 42.47477589249611 1.2414213562373093
      vertex 5.489462986290453 42.54574653953314 1.2414213562373093
      vertex 5.53042488245797 42.47477589249611 1.371846240324215
    endloop
  endfacet
  facet normal 0.8291533095594698 -0.2966758452652081 -0.4738018911768423
    outer loop
      vertex 5.455896377265452 42.47477589249611 1.2414213562373093
      vertex 5.53042488245797 42.47477589249611 1.371846240324215
      vertex 5.4687113780758345 42.40085689425469 1.3101327358763937
    endloop
  endfacet
  facet normal 0.7701922041185969 -0.46163546813279444 -0.4401098309249106
    outer loop
      vertex 5.489462986290453 42.54574653953314 1.2414213562373093
      vertex 5.529824308753012 42.613085334002974 1.2414213562373093
      vertex 5.608746970294124 42.54574653953314 1.450168328243734
    endloop
  endfacet
  facet normal 0.7299899767965606 -0.5413974961959742 -0.41713712959803384
    outer loop
      vertex 5.529824308753012 42.613085334002974 1.2414213562373093
      vertex 5.576591640412806 42.676143777370456 1.2414213562373093
      vertex 5.702923389507079 42.613085334002974 1.5443447475569274
    endloop
  endfacet
  facet normal 0.8031607271905977 -0.37986665247360585 -0.4589489869660539
    outer loop
      vertex 5.489462986290453 42.54574653953314 1.2414213562373093
      vertex 5.608746970294124 42.54574653953314 1.450168328243734
      vertex 5.53042488245797 42.47477589249611 1.371846240324215
    endloop
  endfacet
  facet normal 0.6823124213761945 -0.6184119618982619 -0.38989281221496896
    outer loop
      vertex 5.576591640412806 42.676143777370456 1.2414213562373093
      vertex 5.62931457877159 42.73431457281113 1.2414213562373093
      vertex 5.812047163534796 42.676143777370456 1.6534685217007914
    endloop
  endfacet
  facet normal 0.8611306058746998 0.12773658927037568 -0.49207463192837286
    outer loop
      vertex 5.399999998509884 45.145219449243754 1.2414213562373093
      vertex 5.424200804863938 45.075298589468005 1.265622162617123
      vertex 5.4103717726469025 45.075298589468005 1.2414213562373093
    endloop
  endfacet
  facet normal 0.8484104127002747 0.21251579319046596 -0.4848059501144521
    outer loop
      vertex 5.429447732567786 44.99914310574532 1.2414213562373093
      vertex 5.4103717726469025 45.075298589468005 1.2414213562373093
      vertex 5.4687113780758345 44.99914310574532 1.3101327358763935
    endloop
  endfacet
  facet normal 0.8484104127002837 0.21251579319050076 -0.4848059501144211
    outer loop
      vertex 5.4103717726469025 45.075298589468005 1.2414213562373093
      vertex 5.424200804863938 45.075298589468005 1.265622162617123
      vertex 5.4687113780758345 44.99914310574532 1.3101327358763935
    endloop
  endfacet
  facet normal 0.8291533095594686 0.29667584526521257 -0.4738018911768416
    outer loop
      vertex 5.455896377265452 44.925224107503894 1.2414213562373093
      vertex 5.429447732567786 44.99914310574532 1.2414213562373093
      vertex 5.53042488245797 44.925224107503894 1.371846240324215
    endloop
  endfacet
  facet normal 0.8031607271905951 0.37986665247361256 -0.45894898696605285
    outer loop
      vertex 5.455896377265452 44.925224107503894 1.2414213562373093
      vertex 5.608746970294124 44.854253460466865 1.4501683282437339
      vertex 5.489462986290453 44.854253460466865 1.2414213562373093
    endloop
  endfacet
  facet normal 0.829153309559469 0.2966758452652008 -0.47380189117684857
    outer loop
      vertex 5.429447732567786 44.99914310574532 1.2414213562373093
      vertex 5.4687113780758345 44.99914310574532 1.3101327358763935
      vertex 5.53042488245797 44.925224107503894 1.371846240324215
    endloop
  endfacet
  facet normal 0.7701922041185966 0.46163546813279416 -0.4401098309249113
    outer loop
      vertex 5.489462986290453 44.854253460466865 1.2414213562373093
      vertex 5.702923389507079 44.78691466599703 1.5443447475569274
      vertex 5.529824308753012 44.78691466599703 1.2414213562373093
    endloop
  endfacet
  facet normal 0.8031607271905972 0.3798666524736023 -0.4589489869660579
    outer loop
      vertex 5.455896377265452 44.925224107503894 1.2414213562373093
      vertex 5.53042488245797 44.925224107503894 1.371846240324215
      vertex 5.608746970294124 44.854253460466865 1.4501683282437339
    endloop
  endfacet
  facet normal 0.7299899767965602 0.5413974961959738 -0.41713712959803484
    outer loop
      vertex 5.529824308753012 44.78691466599703 1.2414213562373093
      vertex 5.812047163534796 44.72385622262955 1.6534685217007916
      vertex 5.576591640412806 44.72385622262955 1.2414213562373093
    endloop
  endfacet
  facet normal 0.7701922041185956 -0.4616354681327963 -0.4401098309249108
    outer loop
      vertex 5.529824308753012 42.613085334002974 1.2414213562373093
      vertex 5.702923389507079 42.613085334002974 1.5443447475569274
      vertex 5.608746970294124 42.54574653953314 1.450168328243734
    endloop
  endfacet
  facet normal 0.6556100840890691 -0.6556100469067278 -0.37463433376518246
    outer loop
      vertex 5.62931457877159 42.73431457281113 1.2414213562373093
      vertex 5.760685421228407 42.86568542271853 1.2414213562373093
      vertex 5.93506735321321 42.73431457281113 1.7764887115101444
    endloop
  endfacet
  facet normal 0.7299899767965571 -0.5413974961959793 -0.4171371295980333
    outer loop
      vertex 5.576591640412806 42.676143777370456 1.2414213562373093
      vertex 5.812047163534796 42.676143777370456 1.6534685217007914
      vertex 5.702923389507079 42.613085334002974 1.5443447475569274
    endloop
  endfacet
  facet normal 0.6823124213761962 -0.61841196189826 -0.3898928122149694
    outer loop
      vertex 5.62931457877159 42.73431457281113 1.2414213562373093
      vertex 5.93506735321321 42.73431457281113 1.7764887115101444
      vertex 5.812047163534796 42.676143777370456 1.6534685217007914
    endloop
  endfacet
  facet normal 0.6823124547975534 -0.6184119129827274 -0.3898928313128879
    outer loop
      vertex 5.760685421228407 42.86568542271853 1.2414213562373093
      vertex 5.813408359587191 42.92385622560978 1.2414213562373093
      vertex 6.241599319380802 42.86568542271853 2.083020678003999
    endloop
  endfacet
  facet normal 0.7299899515154405 -0.5413975414142723 -0.4171371151516801
    outer loop
      vertex 5.813408359587191 42.92385622560978 1.2414213562373093
      vertex 5.860175691246985 42.98691466152668 1.2414213562373093
      vertex 6.3646195090592155 42.92385622560978 2.2060408678133525
    endloop
  endfacet
  facet normal 0.770192222278861 -0.46163542794081136 -0.44010984130220665
    outer loop
      vertex 5.860175691246985 42.98691466152668 1.2414213562373093
      vertex 5.900537013709544 43.0542534634471 1.2414213562373093
      vertex 6.473743283086932 42.98691466152668 2.3151646419572165
    endloop
  endfacet
  facet normal 0.7701922041185961 0.46163546813279577 -0.4401098309249106
    outer loop
      vertex 5.489462986290453 44.854253460466865 1.2414213562373093
      vertex 5.608746970294124 44.854253460466865 1.4501683282437339
      vertex 5.702923389507079 44.78691466599703 1.5443447475569274
    endloop
  endfacet
  facet normal 0.7299899767965572 0.5413974961959804 -0.41713712959803184
    outer loop
      vertex 5.529824308753012 44.78691466599703 1.2414213562373093
      vertex 5.702923389507079 44.78691466599703 1.5443447475569274
      vertex 5.812047163534796 44.72385622262955 1.6534685217007916
    endloop
  endfacet
  facet normal 0.6823124213761946 0.618411961898262 -0.38989281221496846
    outer loop
      vertex 5.576591640412806 44.72385622262955 1.2414213562373093
      vertex 5.93506735321321 44.665685427188876 1.7764887115101444
      vertex 5.62931457877159 44.665685427188876 1.2414213562373093
    endloop
  endfacet
  facet normal 0.655610084089069 0.6556100469067276 -0.3746343337651829
    outer loop
      vertex 5.760685421228407 44.53431457728148 1.2414213562373093
      vertex 5.62931457877159 44.665685427188876 1.2414213562373093
      vertex 6.241599319380803 44.53431457728148 2.0830206780039995
    endloop
  endfacet
  facet normal 0.6823124547975534 0.6184119129827272 -0.38989283131288816
    outer loop
      vertex 5.760685421228407 44.53431457728148 1.2414213562373093
      vertex 6.364619509059216 44.47614377439022 2.2060408678133525
      vertex 5.813408359587191 44.47614377439022 1.2414213562373093
    endloop
  endfacet
  facet normal 0.7299899515154404 0.5413975414142722 -0.4171371151516806
    outer loop
      vertex 5.813408359587191 44.47614377439022 1.2414213562373093
      vertex 6.473743283086932 44.41308533847332 2.3151646419572165
      vertex 5.860175691246985 44.41308533847332 1.2414213562373093
    endloop
  endfacet
  facet normal 0.6823124213761957 0.6184119618982602 -0.3898928122149694
    outer loop
      vertex 5.576591640412806 44.72385622262955 1.2414213562373093
      vertex 5.812047163534796 44.72385622262955 1.6534685217007916
      vertex 5.93506735321321 44.665685427188876 1.7764887115101444
    endloop
  endfacet
  facet normal 0.6556100840890691 -0.6556100469067279 -0.37463433376518246
    outer loop
      vertex 5.760685421228407 42.86568542271853 1.2414213562373093
      vertex 6.241599319380802 42.86568542271853 2.083020678003999
      vertex 5.93506735321321 42.73431457281113 1.7764887115101444
    endloop
  endfacet
  facet normal 0.7701922222788611 0.46163542794081136 -0.44010984130220654
    outer loop
      vertex 5.860175691246985 44.41308533847332 1.2414213562373093
      vertex 6.567919702299887 44.34574653655291 2.4093410612704105
      vertex 5.900537013709544 44.34574653655291 1.2414213562373093
    endloop
  endfacet
  facet normal 0.6556100840890676 0.6556100469067297 -0.3746343337651816
    outer loop
      vertex 5.62931457877159 44.665685427188876 1.2414213562373093
      vertex 5.93506735321321 44.665685427188876 1.7764887115101444
      vertex 6.241599319380803 44.53431457728148 2.0830206780039995
    endloop
  endfacet
  facet normal 0.8031607150237988 -0.3798666865979917 -0.4589489800135995
    outer loop
      vertex 5.900537013709544 43.0542534634471 1.2414213562373093
      vertex 5.934103622734545 43.125224103033545 1.2414213562373093
      vertex 6.567919702299887 43.0542534634471 2.4093410612704105
    endloop
  endfacet
  facet normal 0.829153316915325 -0.2966758179940819 -0.4738018953801863
    outer loop
      vertex 5.934103622734545 43.125224103033545 1.2414213562373093
      vertex 5.960552267432211 43.19914310872555 1.2414213562373093
      vertex 6.646241790136043 43.125224103033545 2.4876631491899284
    endloop
  endfacet
  facet normal 0.8484104127002783 -0.21251579319046682 -0.4848059501144455
    outer loop
      vertex 5.960552267432211 43.19914310872555 1.2414213562373093
      vertex 5.9796282273530945 43.27529859244824 1.2414213562373093
      vertex 6.707955294518179 43.19914310872555 2.5493766536377502
    endloop
  endfacet
  facet normal 0.8611306045266554 -0.12773660132549036 -0.4920746311580895
    outer loop
      vertex 5.9796282273530945 43.27529859244824 1.2414213562373093
      vertex 5.991147778630255 43.352957133948806 1.2414213562373093
      vertex 6.7524658677300735 43.27529859244824 2.593887226897021
    endloop
  endfacet
  facet normal 0.8674543915466245 -0.04261529574036272 -0.49568822374092847
    outer loop
      vertex 5.991147778630255 43.352957133948806 1.2414213562373093
      vertex 5.994999997019766 43.43137085139752 1.2414213562373093
      vertex 6.758578643202782 43.43137085139752 2.577683987057586
    endloop
  endfacet
  facet normal 0.8484104127002785 0.21251579319046687 -0.48480595011444544
    outer loop
      vertex 5.9796282273530945 44.12470140755177 1.2414213562373093
      vertex 5.960552267432211 44.200856891274455 1.2414213562373093
      vertex 6.7524658677300735 44.12470140755177 2.593887226897021
    endloop
  endfacet
  facet normal 0.8682431421244592 0 -0.4961389383568339
    outer loop
      vertex 5.994999997019766 43.43137085139752 1.2414213562373093
      vertex 5.994999997019766 43.96862914860249 1.2414213562373093
      vertex 6.758578643202782 43.96862914860249 2.577683987057586
    endloop
  endfacet
  facet normal 0.8674543915466243 0.042615295740362706 -0.49568822374092897
    outer loop
      vertex 5.994999997019766 43.96862914860249 1.2414213562373093
      vertex 5.991147778630255 44.0470428660512 1.2414213562373093
      vertex 6.758578643202782 44.0470428660512 2.5844253692392285
    endloop
  endfacet
  facet normal 0.8611306045266555 0.12773660132549036 -0.49207463115808936
    outer loop
      vertex 5.991147778630255 44.0470428660512 1.2414213562373093
      vertex 5.9796282273530945 44.12470140755177 1.2414213562373093
      vertex 6.758578643202782 44.107040406120284 2.6000000023762353
    endloop
  endfacet
  facet normal 0.8031607150237986 0.37986668659799167 -0.4589489800135998
    outer loop
      vertex 5.900537013709544 44.34574653655291 1.2414213562373093
      vertex 6.646241790136043 44.27477589696646 2.4876631491899284
      vertex 5.934103622734545 44.27477589696646 1.2414213562373093
    endloop
  endfacet
  facet normal 0.8291533169153251 0.29667581799408194 -0.473801895380186
    outer loop
      vertex 5.934103622734545 44.27477589696646 1.2414213562373093
      vertex 6.707955294518178 44.200856891274455 2.5493766536377502
      vertex 5.960552267432211 44.200856891274455 1.2414213562373093
    endloop
  endfacet
  facet normal 0.6823124547975553 0.6184119129827244 -0.38989283131288943
    outer loop
      vertex 5.760685421228407 44.53431457728148 1.2414213562373093
      vertex 6.241599319380803 44.53431457728148 2.0830206780039995
      vertex 6.364619509059216 44.47614377439022 2.2060408678133525
    endloop
  endfacet
  facet normal 0.682312454797556 -0.6184119129827239 -0.389892831312889
    outer loop
      vertex 5.813408359587191 42.92385622560978 1.2414213562373093
      vertex 6.3646195090592155 42.92385622560978 2.2060408678133525
      vertex 6.241599319380802 42.86568542271853 2.083020678003999
    endloop
  endfacet
  facet normal 0.7299899515154372 -0.5413975414142779 -0.41713711515167873
    outer loop
      vertex 5.860175691246985 42.98691466152668 1.2414213562373093
      vertex 6.473743283086932 42.98691466152668 2.3151646419572165
      vertex 6.3646195090592155 42.92385622560978 2.2060408678133525
    endloop
  endfacet
  facet normal 0.7701922222788622 -0.4616354279408087 -0.4401098413022072
    outer loop
      vertex 5.900537013709544 43.0542534634471 1.2414213562373093
      vertex 6.567919702299887 43.0542534634471 2.4093410612704105
      vertex 6.473743283086932 42.98691466152668 2.3151646419572165
    endloop
  endfacet
  facet normal 0.7299899515154414 0.5413975414142703 -0.4171371151516813
    outer loop
      vertex 5.813408359587191 44.47614377439022 1.2414213562373093
      vertex 6.364619509059216 44.47614377439022 2.2060408678133525
      vertex 6.473743283086932 44.41308533847332 2.3151646419572165
    endloop
  endfacet
  facet normal 0.7701922222788622 0.46163542794080875 -0.44010984130220737
    outer loop
      vertex 5.860175691246985 44.41308533847332 1.2414213562373093
      vertex 6.473743283086932 44.41308533847332 2.3151646419572165
      vertex 6.567919702299887 44.34574653655291 2.4093410612704105
    endloop
  endfacet
  facet normal 0.8031607150237966 -0.37986668659799727 -0.45894898001359863
    outer loop
      vertex 5.934103622734545 43.125224103033545 1.2414213562373093
      vertex 6.646241790136043 43.125224103033545 2.4876631491899284
      vertex 6.567919702299887 43.0542534634471 2.4093410612704105
    endloop
  endfacet
  facet normal 0.8291533169153241 -0.29667581799408477 -0.473801895380186
    outer loop
      vertex 5.960552267432211 43.19914310872555 1.2414213562373093
      vertex 6.707955294518179 43.19914310872555 2.5493766536377502
      vertex 6.646241790136043 43.125224103033545 2.4876631491899284
    endloop
  endfacet
  facet normal 0.8484104127002791 -0.21251579319046351 -0.48480595011444577
    outer loop
      vertex 5.9796282273530945 43.27529859244824 1.2414213562373093
      vertex 6.7524658677300735 43.27529859244824 2.593887226897021
      vertex 6.707955294518179 43.19914310872555 2.5493766536377502
    endloop
  endfacet
  facet normal 0.8674543915466247 -0.0426152957403511 -0.49568822374092925
    outer loop
      vertex 5.991147778630255 43.352957133948806 1.2414213562373093
      vertex 6.758578643202782 43.43137085139752 2.577683987057586
      vertex 6.758578643202782 43.352957133948806 2.5844253692392285
    endloop
  endfacet
  facet normal 0.8611306045266551 -0.12773660132549264 -0.49207463115808947
    outer loop
      vertex 5.991147778630255 43.352957133948806 1.2414213562373093
      vertex 6.758578643202782 43.352957133948806 2.5844253692392285
      vertex 6.7524658677300735 43.27529859244824 2.593887226897021
    endloop
  endfacet
  facet normal 0.8682431421244592 -1.1938888983305064e-16 -0.4961389383568339
    outer loop
      vertex 5.994999997019766 43.43137085139752 1.2414213562373093
      vertex 6.758578643202782 43.96862914860249 2.577683987057586
      vertex 6.758578643202782 43.43137085139752 2.577683987057586
    endloop
  endfacet
  facet normal 0.8031607150237965 0.37986668659799816 -0.4589489800135982
    outer loop
      vertex 5.900537013709544 44.34574653655291 1.2414213562373093
      vertex 6.567919702299887 44.34574653655291 2.4093410612704105
      vertex 6.646241790136043 44.27477589696646 2.4876631491899284
    endloop
  endfacet
  facet normal 0.8291533169153266 0.2966758179940759 -0.4738018953801872
    outer loop
      vertex 5.934103622734545 44.27477589696646 1.2414213562373093
      vertex 6.646241790136043 44.27477589696646 2.4876631491899284
      vertex 6.707955294518178 44.200856891274455 2.5493766536377502
    endloop
  endfacet
  facet normal 0.8674543915466251 0.04261529574035071 -0.49568822374092875
    outer loop
      vertex 5.994999997019766 43.96862914860249 1.2414213562373093
      vertex 6.758578643202782 44.0470428660512 2.5844253692392285
      vertex 6.758578643202782 43.96862914860249 2.577683987057586
    endloop
  endfacet
  facet normal 0.8484104127002775 0.21251579319047262 -0.4848059501144445
    outer loop
      vertex 5.960552267432211 44.200856891274455 1.2414213562373093
      vertex 6.707955294518178 44.200856891274455 2.5493766536377502
      vertex 6.7524658677300735 44.12470140755177 2.593887226897021
    endloop
  endfacet
  facet normal 0.8611306045266544 0.12773660132549908 -0.49207463115808897
    outer loop
      vertex 5.991147778630255 44.0470428660512 1.2414213562373093
      vertex 6.758578643202782 44.107040406120284 2.6000000023762353
      vertex 6.758578643202782 44.0470428660512 2.5844253692392285
    endloop
  endfacet
  facet normal 0.8611306045266575 0.127736601325472 -0.49207463115809064
    outer loop
      vertex 5.9796282273530945 44.12470140755177 1.2414213562373093
      vertex 6.7524658677300735 44.12470140755177 2.593887226897021
      vertex 6.758578643202782 44.107040406120284 2.6000000023762353
    endloop
  endfacet
  facet normal 0.861130604526624 -0.12773660132549725 -0.49207463115814254
    outer loop
      vertex 6.758578643202782 43.352957133948806 2.5844253692392285
      vertex 6.758578643202782 43.292959593879715 2.6000000023762353
      vertex 6.7524658677300735 43.27529859244824 2.593887226897021
    endloop
  endfacet
  facet normal 0.8611306058747003 -0.12773658927037249 -0.49207463192837303
    outer loop
      vertex 5.399999998509884 14.254780550756246 1.2414213562373093
      vertex 5.4103717726469025 14.324701410531997 1.2414213562373093
      vertex 5.424200804863938 14.324701410531997 1.265622162617123
    endloop
  endfacet
  facet normal 0.8484104127002896 -0.2125157931904697 -0.4848059501144245
    outer loop
      vertex 5.4103717726469025 14.324701410531997 1.2414213562373093
      vertex 5.429447732567786 14.400856894254684 1.2414213562373093
      vertex 5.424200804863938 14.324701410531997 1.265622162617123
    endloop
  endfacet
  facet normal 0.8291533095594665 -0.29667584526521185 -0.4738018911768457
    outer loop
      vertex 5.429447732567786 14.400856894254684 1.2414213562373093
      vertex 5.455896377265452 14.474775892496108 1.2414213562373093
      vertex 5.4687113780758345 14.400856894254684 1.3101327358763937
    endloop
  endfacet
  facet normal 0.8484104127002734 -0.21251579319047656 -0.4848059501144497
    outer loop
      vertex 5.429447732567786 14.400856894254684 1.2414213562373093
      vertex 5.4687113780758345 14.400856894254684 1.3101327358763937
      vertex 5.424200804863938 14.324701410531997 1.265622162617123
    endloop
  endfacet
  facet normal 0.8031607271905936 -0.3798666524736119 -0.4589489869660559
    outer loop
      vertex 5.455896377265452 14.474775892496108 1.2414213562373093
      vertex 5.489462986290453 14.545746539533138 1.2414213562373093
      vertex 5.53042488245797 14.474775892496108 1.371846240324215
    endloop
  endfacet
  facet normal 0.8291533095594698 -0.2966758452652081 -0.4738018911768423
    outer loop
      vertex 5.455896377265452 14.474775892496108 1.2414213562373093
      vertex 5.53042488245797 14.474775892496108 1.371846240324215
      vertex 5.4687113780758345 14.400856894254684 1.3101327358763937
    endloop
  endfacet
  facet normal 0.7701922041185969 -0.46163546813279444 -0.4401098309249106
    outer loop
      vertex 5.489462986290453 14.545746539533138 1.2414213562373093
      vertex 5.529824308753012 14.613085334002971 1.2414213562373093
      vertex 5.608746970294124 14.545746539533138 1.450168328243734
    endloop
  endfacet
  facet normal 0.7299899767965606 -0.5413974961959742 -0.41713712959803384
    outer loop
      vertex 5.529824308753012 14.613085334002971 1.2414213562373093
      vertex 5.576591640412806 14.676143777370452 1.2414213562373093
      vertex 5.702923389507079 14.613085334002971 1.5443447475569274
    endloop
  endfacet
  facet normal 0.8031607271905977 -0.37986665247360585 -0.4589489869660539
    outer loop
      vertex 5.489462986290453 14.545746539533138 1.2414213562373093
      vertex 5.608746970294124 14.545746539533138 1.450168328243734
      vertex 5.53042488245797 14.474775892496108 1.371846240324215
    endloop
  endfacet
  facet normal 0.6823124213761945 -0.6184119618982619 -0.38989281221496896
    outer loop
      vertex 5.576591640412806 14.676143777370452 1.2414213562373093
      vertex 5.62931457877159 14.734314572811126 1.2414213562373093
      vertex 5.812047163534796 14.676143777370452 1.6534685217007914
    endloop
  endfacet
  facet normal 0.8611306058747007 0.1277365892703693 -0.4920746319283733
    outer loop
      vertex 5.399999998509884 17.145219449243754 1.2414213562373093
      vertex 5.424200804863938 17.075298589468 1.265622162617123
      vertex 5.4103717726469025 17.075298589468 1.2414213562373093
    endloop
  endfacet
  facet normal 0.8484104127002747 0.21251579319046596 -0.4848059501144521
    outer loop
      vertex 5.429447732567786 16.999143105745315 1.2414213562373093
      vertex 5.4103717726469025 17.075298589468 1.2414213562373093
      vertex 5.4687113780758345 16.999143105745315 1.3101327358763935
    endloop
  endfacet
  facet normal 0.8484104127002837 0.21251579319050076 -0.4848059501144211
    outer loop
      vertex 5.4103717726469025 17.075298589468 1.2414213562373093
      vertex 5.424200804863938 17.075298589468 1.265622162617123
      vertex 5.4687113780758345 16.999143105745315 1.3101327358763935
    endloop
  endfacet
  facet normal 0.8291533095594686 0.29667584526521257 -0.4738018911768416
    outer loop
      vertex 5.455896377265452 16.92522410750389 1.2414213562373093
      vertex 5.429447732567786 16.999143105745315 1.2414213562373093
      vertex 5.53042488245797 16.92522410750389 1.371846240324215
    endloop
  endfacet
  facet normal 0.8031607271905951 0.37986665247361256 -0.45894898696605285
    outer loop
      vertex 5.455896377265452 16.92522410750389 1.2414213562373093
      vertex 5.608746970294124 16.85425346046686 1.4501683282437339
      vertex 5.489462986290453 16.85425346046686 1.2414213562373093
    endloop
  endfacet
  facet normal 0.8291533095594689 0.29667584526520074 -0.4738018911768487
    outer loop
      vertex 5.53042488245797 16.92522410750389 1.371846240324215
      vertex 5.429447732567786 16.999143105745315 1.2414213562373093
      vertex 5.4687113780758345 16.999143105745315 1.3101327358763935
    endloop
  endfacet
  facet normal 0.7701922041185966 0.46163546813279416 -0.4401098309249113
    outer loop
      vertex 5.489462986290453 16.85425346046686 1.2414213562373093
      vertex 5.702923389507079 16.786914665997028 1.5443447475569274
      vertex 5.529824308753012 16.786914665997028 1.2414213562373093
    endloop
  endfacet
  facet normal 0.8031607271905972 0.3798666524736023 -0.4589489869660579
    outer loop
      vertex 5.455896377265452 16.92522410750389 1.2414213562373093
      vertex 5.53042488245797 16.92522410750389 1.371846240324215
      vertex 5.608746970294124 16.85425346046686 1.4501683282437339
    endloop
  endfacet
  facet normal 0.7299899767965602 0.5413974961959738 -0.41713712959803484
    outer loop
      vertex 5.529824308753012 16.786914665997028 1.2414213562373093
      vertex 5.812047163534796 16.723856222629546 1.6534685217007916
      vertex 5.576591640412806 16.723856222629546 1.2414213562373093
    endloop
  endfacet
  facet normal 0.7701922041185956 -0.4616354681327963 -0.4401098309249108
    outer loop
      vertex 5.529824308753012 14.613085334002971 1.2414213562373093
      vertex 5.702923389507079 14.613085334002971 1.5443447475569274
      vertex 5.608746970294124 14.545746539533138 1.450168328243734
    endloop
  endfacet
  facet normal 0.6556100840890691 -0.6556100469067278 -0.37463433376518246
    outer loop
      vertex 5.62931457877159 14.734314572811126 1.2414213562373093
      vertex 5.760685421228407 14.865685422718524 1.2414213562373093
      vertex 5.93506735321321 14.734314572811126 1.7764887115101444
    endloop
  endfacet
  facet normal 0.7299899767965571 -0.5413974961959793 -0.4171371295980333
    outer loop
      vertex 5.576591640412806 14.676143777370452 1.2414213562373093
      vertex 5.812047163534796 14.676143777370452 1.6534685217007914
      vertex 5.702923389507079 14.613085334002971 1.5443447475569274
    endloop
  endfacet
  facet normal 0.6823124213761962 -0.61841196189826 -0.3898928122149694
    outer loop
      vertex 5.62931457877159 14.734314572811126 1.2414213562373093
      vertex 5.93506735321321 14.734314572811126 1.7764887115101444
      vertex 5.812047163534796 14.676143777370452 1.6534685217007914
    endloop
  endfacet
  facet normal 0.6823124547975534 -0.6184119129827274 -0.3898928313128879
    outer loop
      vertex 5.760685421228407 14.865685422718524 1.2414213562373093
      vertex 5.813408359587191 14.923856225609779 1.2414213562373093
      vertex 6.241599319380802 14.865685422718524 2.083020678003999
    endloop
  endfacet
  facet normal 0.7299899515154405 -0.5413975414142723 -0.4171371151516801
    outer loop
      vertex 5.813408359587191 14.923856225609779 1.2414213562373093
      vertex 5.860175691246985 14.98691466152668 1.2414213562373093
      vertex 6.3646195090592155 14.923856225609779 2.2060408678133525
    endloop
  endfacet
  facet normal 0.770192222278861 -0.46163542794081136 -0.44010984130220665
    outer loop
      vertex 5.860175691246985 14.98691466152668 1.2414213562373093
      vertex 5.900537013709544 15.054253463447093 1.2414213562373093
      vertex 6.473743283086932 14.98691466152668 2.3151646419572165
    endloop
  endfacet
  facet normal 0.7701922041185961 0.46163546813279577 -0.4401098309249106
    outer loop
      vertex 5.489462986290453 16.85425346046686 1.2414213562373093
      vertex 5.608746970294124 16.85425346046686 1.4501683282437339
      vertex 5.702923389507079 16.786914665997028 1.5443447475569274
    endloop
  endfacet
  facet normal 0.7299899767965572 0.5413974961959804 -0.41713712959803184
    outer loop
      vertex 5.529824308753012 16.786914665997028 1.2414213562373093
      vertex 5.702923389507079 16.786914665997028 1.5443447475569274
      vertex 5.812047163534796 16.723856222629546 1.6534685217007916
    endloop
  endfacet
  facet normal 0.6823124213761946 0.618411961898262 -0.38989281221496846
    outer loop
      vertex 5.62931457877159 16.665685427188873 1.2414213562373093
      vertex 5.576591640412806 16.723856222629546 1.2414213562373093
      vertex 5.93506735321321 16.665685427188873 1.7764887115101444
    endloop
  endfacet
  facet normal 0.655610084089069 0.6556100469067276 -0.3746343337651829
    outer loop
      vertex 5.62931457877159 16.665685427188873 1.2414213562373093
      vertex 6.241599319380803 16.534314577281474 2.0830206780039995
      vertex 5.760685421228407 16.534314577281474 1.2414213562373093
    endloop
  endfacet
  facet normal 0.6823124547975534 0.6184119129827272 -0.38989283131288816
    outer loop
      vertex 5.760685421228407 16.534314577281474 1.2414213562373093
      vertex 6.364619509059216 16.47614377439022 2.2060408678133525
      vertex 5.813408359587191 16.47614377439022 1.2414213562373093
    endloop
  endfacet
  facet normal 0.7299899515154404 0.5413975414142722 -0.4171371151516806
    outer loop
      vertex 5.813408359587191 16.47614377439022 1.2414213562373093
      vertex 6.473743283086932 16.41308533847332 2.3151646419572165
      vertex 5.860175691246985 16.41308533847332 1.2414213562373093
    endloop
  endfacet
  facet normal 0.6823124213761957 0.6184119618982602 -0.3898928122149694
    outer loop
      vertex 5.576591640412806 16.723856222629546 1.2414213562373093
      vertex 5.812047163534796 16.723856222629546 1.6534685217007916
      vertex 5.93506735321321 16.665685427188873 1.7764887115101444
    endloop
  endfacet
  facet normal 0.6556100840890691 -0.6556100469067279 -0.37463433376518246
    outer loop
      vertex 5.760685421228407 14.865685422718524 1.2414213562373093
      vertex 6.241599319380802 14.865685422718524 2.083020678003999
      vertex 5.93506735321321 14.734314572811126 1.7764887115101444
    endloop
  endfacet
  facet normal 0.7701922222788611 0.46163542794081136 -0.44010984130220654
    outer loop
      vertex 5.860175691246985 16.41308533847332 1.2414213562373093
      vertex 6.567919702299887 16.345746536552905 2.4093410612704105
      vertex 5.900537013709544 16.345746536552905 1.2414213562373093
    endloop
  endfacet
  facet normal 0.6556100840890676 0.6556100469067297 -0.3746343337651816
    outer loop
      vertex 5.62931457877159 16.665685427188873 1.2414213562373093
      vertex 5.93506735321321 16.665685427188873 1.7764887115101444
      vertex 6.241599319380803 16.534314577281474 2.0830206780039995
    endloop
  endfacet
  facet normal 0.8031607150237988 -0.3798666865979917 -0.4589489800135995
    outer loop
      vertex 5.900537013709544 15.054253463447093 1.2414213562373093
      vertex 5.934103622734545 15.125224103033542 1.2414213562373093
      vertex 6.567919702299887 15.054253463447093 2.4093410612704105
    endloop
  endfacet
  facet normal 0.829153316915325 -0.2966758179940819 -0.4738018953801863
    outer loop
      vertex 5.934103622734545 15.125224103033542 1.2414213562373093
      vertex 5.960552267432211 15.199143108725547 1.2414213562373093
      vertex 6.646241790136043 15.125224103033542 2.4876631491899284
    endloop
  endfacet
  facet normal 0.8484104127002783 -0.21251579319046682 -0.4848059501144455
    outer loop
      vertex 5.960552267432211 15.199143108725547 1.2414213562373093
      vertex 5.9796282273530945 15.275298592448234 1.2414213562373093
      vertex 6.707955294518179 15.199143108725547 2.5493766536377502
    endloop
  endfacet
  facet normal 0.8611306045266554 -0.12773660132549036 -0.4920746311580895
    outer loop
      vertex 5.9796282273530945 15.275298592448234 1.2414213562373093
      vertex 5.991147778630255 15.352957133948802 1.2414213562373093
      vertex 6.7524658677300735 15.275298592448234 2.593887226897021
    endloop
  endfacet
  facet normal 0.8674543915466245 -0.04261529574036272 -0.49568822374092847
    outer loop
      vertex 5.991147778630255 15.352957133948802 1.2414213562373093
      vertex 5.994999997019766 15.431370851397514 1.2414213562373093
      vertex 6.758578643202782 15.431370851397514 2.577683987057586
    endloop
  endfacet
  facet normal 0.8484104127002785 0.21251579319046687 -0.48480595011444544
    outer loop
      vertex 5.9796282273530945 16.124701407551765 1.2414213562373093
      vertex 5.960552267432211 16.20085689127445 1.2414213562373093
      vertex 6.7524658677300735 16.124701407551765 2.593887226897021
    endloop
  endfacet
  facet normal 0.8682431421244592 0 -0.4961389383568339
    outer loop
      vertex 5.994999997019766 15.431370851397514 1.2414213562373093
      vertex 5.994999997019766 15.968629148602485 1.2414213562373093
      vertex 6.758578643202782 15.968629148602485 2.577683987057586
    endloop
  endfacet
  facet normal 0.8674543915466243 0.042615295740362706 -0.49568822374092897
    outer loop
      vertex 5.994999997019766 15.968629148602485 1.2414213562373093
      vertex 5.991147778630255 16.047042866051196 1.2414213562373093
      vertex 6.758578643202782 16.047042866051196 2.5844253692392285
    endloop
  endfacet
  facet normal 0.8611306045266552 0.12773660132549033 -0.4920746311580896
    outer loop
      vertex 5.991147778630255 16.047042866051196 1.2414213562373093
      vertex 5.9796282273530945 16.124701407551765 1.2414213562373093
      vertex 6.758578643202782 16.107040406120284 2.6000000023762353
    endloop
  endfacet
  facet normal 0.8031607150237986 0.37986668659799167 -0.4589489800135998
    outer loop
      vertex 5.900537013709544 16.345746536552905 1.2414213562373093
      vertex 6.646241790136043 16.274775896966457 2.4876631491899284
      vertex 5.934103622734545 16.274775896966457 1.2414213562373093
    endloop
  endfacet
  facet normal 0.8291533169153251 0.29667581799408194 -0.473801895380186
    outer loop
      vertex 5.960552267432211 16.20085689127445 1.2414213562373093
      vertex 5.934103622734545 16.274775896966457 1.2414213562373093
      vertex 6.707955294518178 16.20085689127445 2.5493766536377502
    endloop
  endfacet
  facet normal 0.6823124547975553 0.6184119129827244 -0.38989283131288943
    outer loop
      vertex 5.760685421228407 16.534314577281474 1.2414213562373093
      vertex 6.241599319380803 16.534314577281474 2.0830206780039995
      vertex 6.364619509059216 16.47614377439022 2.2060408678133525
    endloop
  endfacet
  facet normal 0.682312454797556 -0.6184119129827239 -0.389892831312889
    outer loop
      vertex 5.813408359587191 14.923856225609779 1.2414213562373093
      vertex 6.3646195090592155 14.923856225609779 2.2060408678133525
      vertex 6.241599319380802 14.865685422718524 2.083020678003999
    endloop
  endfacet
  facet normal 0.7299899515154372 -0.5413975414142779 -0.41713711515167873
    outer loop
      vertex 5.860175691246985 14.98691466152668 1.2414213562373093
      vertex 6.473743283086932 14.98691466152668 2.3151646419572165
      vertex 6.3646195090592155 14.923856225609779 2.2060408678133525
    endloop
  endfacet
  facet normal 0.7701922222788622 -0.4616354279408087 -0.4401098413022072
    outer loop
      vertex 5.900537013709544 15.054253463447093 1.2414213562373093
      vertex 6.567919702299887 15.054253463447093 2.4093410612704105
      vertex 6.473743283086932 14.98691466152668 2.3151646419572165
    endloop
  endfacet
  facet normal 0.7299899515154414 0.5413975414142703 -0.4171371151516813
    outer loop
      vertex 5.813408359587191 16.47614377439022 1.2414213562373093
      vertex 6.364619509059216 16.47614377439022 2.2060408678133525
      vertex 6.473743283086932 16.41308533847332 2.3151646419572165
    endloop
  endfacet
  facet normal 0.7701922222788622 0.46163542794080875 -0.44010984130220737
    outer loop
      vertex 5.860175691246985 16.41308533847332 1.2414213562373093
      vertex 6.473743283086932 16.41308533847332 2.3151646419572165
      vertex 6.567919702299887 16.345746536552905 2.4093410612704105
    endloop
  endfacet
  facet normal 0.8031607150237966 -0.37986668659799727 -0.45894898001359863
    outer loop
      vertex 5.934103622734545 15.125224103033542 1.2414213562373093
      vertex 6.646241790136043 15.125224103033542 2.4876631491899284
      vertex 6.567919702299887 15.054253463447093 2.4093410612704105
    endloop
  endfacet
  facet normal 0.8291533169153241 -0.29667581799408477 -0.473801895380186
    outer loop
      vertex 5.960552267432211 15.199143108725547 1.2414213562373093
      vertex 6.707955294518179 15.199143108725547 2.5493766536377502
      vertex 6.646241790136043 15.125224103033542 2.4876631491899284
    endloop
  endfacet
  facet normal 0.8484104127002791 -0.21251579319046351 -0.48480595011444577
    outer loop
      vertex 5.9796282273530945 15.275298592448234 1.2414213562373093
      vertex 6.7524658677300735 15.275298592448234 2.593887226897021
      vertex 6.707955294518179 15.199143108725547 2.5493766536377502
    endloop
  endfacet
  facet normal 0.8674543915466247 -0.0426152957403511 -0.49568822374092925
    outer loop
      vertex 5.991147778630255 15.352957133948802 1.2414213562373093
      vertex 6.758578643202782 15.431370851397514 2.577683987057586
      vertex 6.758578643202782 15.352957133948802 2.5844253692392285
    endloop
  endfacet
  facet normal 0.8611306045266551 -0.12773660132549264 -0.49207463115808947
    outer loop
      vertex 5.991147778630255 15.352957133948802 1.2414213562373093
      vertex 6.758578643202782 15.352957133948802 2.5844253692392285
      vertex 6.7524658677300735 15.275298592448234 2.593887226897021
    endloop
  endfacet
  facet normal 0.8682431421244592 -1.1938888983305064e-16 -0.4961389383568339
    outer loop
      vertex 5.994999997019766 15.431370851397514 1.2414213562373093
      vertex 6.758578643202782 15.968629148602485 2.577683987057586
      vertex 6.758578643202782 15.431370851397514 2.577683987057586
    endloop
  endfacet
  facet normal 0.8031607150237965 0.37986668659799816 -0.4589489800135982
    outer loop
      vertex 5.900537013709544 16.345746536552905 1.2414213562373093
      vertex 6.567919702299887 16.345746536552905 2.4093410612704105
      vertex 6.646241790136043 16.274775896966457 2.4876631491899284
    endloop
  endfacet
  facet normal 0.8291533169153266 0.2966758179940759 -0.4738018953801872
    outer loop
      vertex 5.934103622734545 16.274775896966457 1.2414213562373093
      vertex 6.646241790136043 16.274775896966457 2.4876631491899284
      vertex 6.707955294518178 16.20085689127445 2.5493766536377502
    endloop
  endfacet
  facet normal 0.8674543915466251 0.04261529574035071 -0.49568822374092875
    outer loop
      vertex 5.994999997019766 15.968629148602485 1.2414213562373093
      vertex 6.758578643202782 16.047042866051196 2.5844253692392285
      vertex 6.758578643202782 15.968629148602485 2.577683987057586
    endloop
  endfacet
  facet normal 0.8484104127002775 0.21251579319047262 -0.4848059501144445
    outer loop
      vertex 5.960552267432211 16.20085689127445 1.2414213562373093
      vertex 6.707955294518178 16.20085689127445 2.5493766536377502
      vertex 6.7524658677300735 16.124701407551765 2.593887226897021
    endloop
  endfacet
  facet normal 0.8611306045266551 0.12773660132549164 -0.4920746311580894
    outer loop
      vertex 5.991147778630255 16.047042866051196 1.2414213562373093
      vertex 6.758578643202782 16.107040406120284 2.6000000023762353
      vertex 6.758578643202782 16.047042866051196 2.5844253692392285
    endloop
  endfacet
  facet normal 0.8611306045266547 0.12773660132549727 -0.4920746311580891
    outer loop
      vertex 5.9796282273530945 16.124701407551765 1.2414213562373093
      vertex 6.7524658677300735 16.124701407551765 2.593887226897021
      vertex 6.758578643202782 16.107040406120284 2.6000000023762353
    endloop
  endfacet
  facet normal 0.8611306045266599 -0.12773660132549253 -0.49207463115808076
    outer loop
      vertex 6.7524658677300735 15.275298592448234 2.593887226897021
      vertex 6.758578643202782 15.352957133948802 2.5844253692392285
      vertex 6.758578643202782 15.292959593879717 2.6000000023762353
    endloop
  endfacet
  facet normal 1 0 0
    outer loop
      vertex 2.399999998509884 28.800000005960463 0.5
      vertex 2.399999998509884 36.67279221266508 0.5
      vertex 2.399999998509884 36.67279221266508 1.2414213562373093
    endloop
  endfacet
  facet normal 0 0 1
    outer loop
      vertex 2.399999998509884 28.800000005960463 0.5
      vertex 5.399999998509884 39.67279221004385 0.5
      vertex 2.399999998509884 36.67279221266508 0.5
    endloop
  endfacet
  facet normal 0.7071067808776329 -0.7071067814954621 0
    outer loop
      vertex 2.399999998509884 36.67279221266508 0.5
      vertex 5.399999998509884 39.67279221004385 0.5
      vertex 2.399999998509884 36.67279221266508 1.2414213562373093
    endloop
  endfacet
  facet normal 0 1 0
    outer loop
      vertex 2.399999998509884 28.800000005960463 0.5
      vertex 5.399999998509884 28.800000005960463 1.2414213567972183
      vertex 5.399999998509884 28.800000005960463 0.5
    endloop
  endfacet
  facet normal 0 0 1
    outer loop
      vertex 2.399999998509884 28.800000005960463 0.5
      vertex 5.399999998509884 28.800000005960463 0.5
      vertex 5.9272077919069055 40.20000000298023 0.5
    endloop
  endfacet
  facet normal 0 0 1
    outer loop
      vertex 2.399999998509884 28.800000005960463 0.5
      vertex 5.9272077919069055 40.20000000298023 0.5
      vertex 5.399999998509884 39.67279221004385 0.5
    endloop
  endfacet
  facet normal 1 0 0
    outer loop
      vertex 2.399999998509884 28.800000005960463 0.5
      vertex 2.399999998509884 36.67279221266508 1.2414213562373093
      vertex 2.399999998509884 28.800000005960463 1.2414213562373093
    endloop
  endfacet
  facet normal 0 1 0
    outer loop
      vertex 2.399999998509884 28.800000005960463 0.5
      vertex 2.399999998509884 28.800000005960463 1.2414213562373093
      vertex 5.399999998509884 28.800000005960463 1.2414213567972183
    endloop
  endfacet
  facet normal 0 1 0
    outer loop
      vertex 2.399999998509884 28.800000005960463 1.2414213562373093
      vertex 2.399999998509884 28.800000005960463 1.2464213562373094
      vertex 5.399999998509884 28.800000005960463 1.2414213567972183
    endloop
  endfacet
  facet normal 0 1 0
    outer loop
      vertex 2.399999998509884 28.800000005960463 1.2464213562373094
      vertex 5.404999997949975 28.800000005960463 1.2464213562373094
      vertex 5.399999998509884 28.800000005960463 1.2414213567972183
    endloop
  endfacet
  facet normal 0.7071067808776329 -0.7071067814954621 0
    outer loop
      vertex 5.399999998509884 39.67279221004385 0.5
      vertex 5.399999998509884 39.67279221004385 1.2414213562373093
      vertex 2.399999998509884 36.67279221266508 1.2414213562373093
    endloop
  endfacet
  facet normal 0 0 1
    outer loop
      vertex 5.399999998509884 28.800000005960463 0.5
      vertex 21.19999999552965 28.800000005960463 0.5
      vertex 5.9272077919069055 40.20000000298023 0.5
    endloop
  endfacet
  facet normal 0 0 1
    outer loop
      vertex 5.9272077919069055 40.20000000298023 0.5
      vertex 21.19999999552965 36.67279221266508 0.5
      vertex 17.67279220213263 40.20000000298023 0.5
    endloop
  endfacet
  facet normal 0 0 1
    outer loop
      vertex 5.9272077919069055 40.20000000298023 0.5
      vertex 21.19999999552965 28.800000005960463 0.5
      vertex 21.19999999552965 36.67279221266508 0.5
    endloop
  endfacet
  facet normal 1 0 0
    outer loop
      vertex 2.399999998509884 0.8000000059604631 0.5
      vertex 2.399999998509884 8.67279221266508 0.5
      vertex 2.399999998509884 8.67279221266508 1.2414213562373093
    endloop
  endfacet
  facet normal 0 0 1
    outer loop
      vertex 2.399999998509884 0.8000000059604631 0.5
      vertex 5.399999998509884 11.672792210043855 0.5
      vertex 2.399999998509884 8.67279221266508 0.5
    endloop
  endfacet
  facet normal 0.7071067808776333 -0.7071067814954618 0
    outer loop
      vertex 2.399999998509884 8.67279221266508 0.5
      vertex 5.399999998509884 11.672792210043855 0.5
      vertex 2.399999998509884 8.67279221266508 1.2414213562373093
    endloop
  endfacet
  facet normal 0 1 0
    outer loop
      vertex 2.399999998509884 0.8000000059604631 0.5
      vertex 5.399999998509884 0.8000000059604631 1.2414213567972183
      vertex 5.399999998509884 0.8000000059604631 0.5
    endloop
  endfacet
  facet normal 0 0 1
    outer loop
      vertex 2.399999998509884 0.8000000059604631 0.5
      vertex 5.399999998509884 0.8000000059604631 0.5
      vertex 5.9272077919069055 12.200000002980232 0.5
    endloop
  endfacet
  facet normal 0 0 1
    outer loop
      vertex 2.399999998509884 0.8000000059604631 0.5
      vertex 5.9272077919069055 12.200000002980232 0.5
      vertex 5.399999998509884 11.672792210043855 0.5
    endloop
  endfacet
  facet normal 1 0 0
    outer loop
      vertex 2.399999998509884 0.8000000059604631 0.5
      vertex 2.399999998509884 8.67279221266508 1.2414213562373093
      vertex 2.399999998509884 0.8000000059604631 1.2414213562373093
    endloop
  endfacet
  facet normal 0 1 0
    outer loop
      vertex 2.399999998509884 0.8000000059604631 0.5
      vertex 2.399999998509884 0.8000000059604631 1.2414213562373093
      vertex 5.399999998509884 0.8000000059604631 1.2414213567972183
    endloop
  endfacet
  facet normal 0 1 0
    outer loop
      vertex 2.399999998509884 0.8000000059604631 1.2414213562373093
      vertex 2.399999998509884 0.8000000059604631 1.2464213562373094
      vertex 5.399999998509884 0.8000000059604631 1.2414213567972183
    endloop
  endfacet
  facet normal 0 1 0
    outer loop
      vertex 2.399999998509884 0.8000000059604631 1.2464213562373094
      vertex 5.404999997949975 0.8000000059604631 1.2464213562373094
      vertex 5.399999998509884 0.8000000059604631 1.2414213567972183
    endloop
  endfacet
  facet normal 0.7071067808776333 -0.7071067814954618 0
    outer loop
      vertex 5.399999998509884 11.672792210043855 0.5
      vertex 5.399999998509884 11.672792210043855 1.2414213562373093
      vertex 2.399999998509884 8.67279221266508 1.2414213562373093
    endloop
  endfacet
  facet normal 0 0 1
    outer loop
      vertex 5.399999998509884 0.8000000059604631 0.5
      vertex 21.19999999552965 0.8000000059604631 0.5
      vertex 5.9272077919069055 12.200000002980232 0.5
    endloop
  endfacet
  facet normal 0 0 1
    outer loop
      vertex 5.9272077919069055 12.200000002980232 0.5
      vertex 21.19999999552965 8.67279221266508 0.5
      vertex 17.67279220213263 12.200000002980232 0.5
    endloop
  endfacet
  facet normal 0 0 1
    outer loop
      vertex 5.9272077919069055 12.200000002980232 0.5
      vertex 21.19999999552965 0.8000000059604631 0.5
      vertex 21.19999999552965 8.67279221266508 0.5
    endloop
  endfacet
  facet normal 0.5773507267759866 -0.5773507272804426 0.577349353511359
    outer loop
      vertex 2.399999998509884 36.67279221266508 1.2414213562373093
      vertex 5.399999998509884 39.67279221004385 1.2414213562373093
      vertex 5.399999998509884 39.67279221060376 1.2414213567972183
    endloop
  endfacet
  facet normal 0 1 0
    outer loop
      vertex 2.399999998509884 28.800000005960463 1.2414213562373093
      vertex 0.9999999985098835 28.800000005960463 2.6414213562373092
      vertex 2.399999998509884 28.800000005960463 1.2464213562373094
    endloop
  endfacet
  facet normal 0.7071067811865474 0 0.7071067811865476
    outer loop
      vertex 2.399999998509884 28.800000005960463 1.2414213562373093
      vertex 2.399999998509884 36.67279221266508 1.2414213562373093
      vertex 0.9999999985098835 28.800000005960463 2.6414213562373092
    endloop
  endfacet
  facet normal 0.7071067811865732 -1.3795484390445522e-14 0.7071067811865218
    outer loop
      vertex 2.399999998509884 36.67279221266508 1.2414213562373093
      vertex 0.9964644646039513 28.800000005960463 2.644956890143242
      vertex 0.9999999985098835 28.800000005960463 2.6414213562373092
    endloop
  endfacet
  facet normal 0.7071067811865475 -5.1909602446931764e-18 0.7071067811865475
    outer loop
      vertex 2.399999998509884 36.67279221266508 1.2414213562373093
      vertex 0.9964644646039513 36.67279221266508 2.644956890143242
      vertex 0.9964644646039513 28.800000005960463 2.644956890143242
    endloop
  endfacet
  facet normal 0 1 0
    outer loop
      vertex 2.399999998509884 28.800000005960463 1.2464213562373094
      vertex 0.9999999985098835 28.800000005960463 2.6414213562373092
      vertex 6.758578643202782 28.800000005960463 2.600000001490116
    endloop
  endfacet
  facet normal 0.5773502690214741 -0.5773502695259289 0.5773502690214741
    outer loop
      vertex 2.399999998509884 36.67279221266508 1.2414213562373093
      vertex 6.758578643202782 42.389949498501586 2.6000000023762357
      vertex 0.9964644646039513 36.67279221266508 2.644956890143242
    endloop
  endfacet
  facet normal 0 1 0
    outer loop
      vertex 2.399999998509884 28.800000005960463 1.2464213562373094
      vertex 6.758578643202782 28.800000005960463 2.600000001490116
      vertex 5.404999997949975 28.800000005960463 1.2464213562373094
    endloop
  endfacet
  facet normal 0.5773502690214726 -0.5773502695259283 0.5773502690214763
    outer loop
      vertex 2.399999998509884 36.67279221266508 1.2414213562373093
      vertex 5.399999998509884 39.67279221060376 1.2414213567972183
      vertex 6.758578643202782 42.389949498501586 2.6000000023762357
    endloop
  endfacet
  facet normal 0.5773552228763955 -0.5773502544656104 0.5773453301844941
    outer loop
      vertex 5.399999998509884 39.67279221060376 1.2414213567972183
      vertex 5.863603893613073 40.6 1.705025251900407
      vertex 6.758578643202782 42.389949498501586 2.6000000023762357
    endloop
  endfacet
  facet normal 0.5773483401914253 -0.5773502695237815 0.5773521978472266
    outer loop
      vertex 5.863603893646305 40.6 1.7050252518671751
      vertex 6.758578643202782 42.389949498501586 2.6000000023762357
      vertex 5.863603893613073 40.6 1.705025251900407
    endloop
  endfacet
  facet normal 0 1 0
    outer loop
      vertex 0.9999999985098835 28.800000005960463 2.6414213562373092
      vertex 0.9964644646039513 28.800000005960463 2.644956890143242
      vertex 0.9999999985098835 28.800000005960463 2.644956890143242
    endloop
  endfacet
  facet normal 0 0 -1
    outer loop
      vertex 0.9964644646039513 28.800000005960463 2.644956890143242
      vertex 0.9964644646039513 36.67279221266508 2.644956890143242
      vertex 0.9999999985098835 28.800000005960463 2.644956890143242
    endloop
  endfacet
  facet normal 0 0 -1
    outer loop
      vertex 0.9999999985098835 28.800000005960463 2.644956890143242
      vertex 0.9964644646039513 36.67279221266508 2.644956890143242
      vertex 0.9999999985098835 36.67279221266508 2.644956890143242
    endloop
  endfacet
  facet normal 0 0 -1
    outer loop
      vertex 0.9964644646039513 36.67279221266508 2.644956890143242
      vertex 6.758578643202782 42.43490638622931 2.644956890143242
      vertex 0.9999999985098835 36.67279221266508 2.644956890143242
    endloop
  endfacet
  facet normal 0 1 0
    outer loop
      vertex 0.9999999985098835 28.800000005960463 2.6414213562373092
      vertex 6.758578643202782 28.800000005960463 2.6414213562373092
      vertex 6.758578643202782 28.800000005960463 2.600000001490116
    endloop
  endfacet
  facet normal 0.5773502690214897 -0.577350269525945 0.5773502690214425
    outer loop
      vertex 0.9964644646039513 36.67279221266508 2.644956890143242
      vertex 6.758578643202782 42.389949498501586 2.6000000023762357
      vertex 6.758578643202782 42.43490638622931 2.644956890143242
    endloop
  endfacet
  facet normal 0 0 -1
    outer loop
      vertex 0.9999999985098835 36.67279221266508 2.644956890143242
      vertex 6.758578643202782 42.43490638622931 2.644956890143242
      vertex 6.758578643202782 42.43137085232647 2.644956890143242
    endloop
  endfacet
  facet normal 0.5773507267759871 -0.5773507272804423 0.5773493535113587
    outer loop
      vertex 2.399999998509884 8.67279221266508 1.2414213562373093
      vertex 5.399999998509884 11.672792210043855 1.2414213562373093
      vertex 5.399999998509884 11.672792210603763 1.2414213567972183
    endloop
  endfacet
  facet normal 0 1 0
    outer loop
      vertex 2.399999998509884 0.8000000059604631 1.2414213562373093
      vertex 0.9999999985098835 0.8000000059604631 2.6414213562373092
      vertex 2.399999998509884 0.8000000059604631 1.2464213562373094
    endloop
  endfacet
  facet normal 0.7071067811865474 0 0.7071067811865476
    outer loop
      vertex 2.399999998509884 0.8000000059604631 1.2414213562373093
      vertex 2.399999998509884 8.67279221266508 1.2414213562373093
      vertex 0.9999999985098835 0.8000000059604631 2.6414213562373092
    endloop
  endfacet
  facet normal 0.7071067811865732 -1.3795484390445522e-14 0.7071067811865218
    outer loop
      vertex 2.399999998509884 8.67279221266508 1.2414213562373093
      vertex 0.9964644646039513 0.8000000059604631 2.644956890143242
      vertex 0.9999999985098835 0.8000000059604631 2.6414213562373092
    endloop
  endfacet
  facet normal 0.7071067811865475 -5.1909602446931764e-18 0.7071067811865475
    outer loop
      vertex 2.399999998509884 8.67279221266508 1.2414213562373093
      vertex 0.9964644646039513 8.67279221266508 2.644956890143242
      vertex 0.9964644646039513 0.8000000059604631 2.644956890143242
    endloop
  endfacet
  facet normal 0 1 0
    outer loop
      vertex 2.399999998509884 0.8000000059604631 1.2464213562373094
      vertex 0.9999999985098835 0.8000000059604631 2.6414213562373092
      vertex 6.758578643202782 0.8000000059604631 2.600000001490116
    endloop
  endfacet
  facet normal 0.5773502690214741 -0.5773502695259292 0.5773502690214741
    outer loop
      vertex 2.399999998509884 8.67279221266508 1.2414213562373093
      vertex 6.758578643202782 14.389949498501585 2.6000000023762357
      vertex 0.9964644646039513 8.67279221266508 2.644956890143242
    endloop
  endfacet
  facet normal 0 1 0
    outer loop
      vertex 2.399999998509884 0.8000000059604631 1.2464213562373094
      vertex 6.758578643202782 0.8000000059604631 2.600000001490116
      vertex 5.404999997949975 0.8000000059604631 1.2464213562373094
    endloop
  endfacet
  facet normal 0.5773502690214741 -0.577350269525929 0.5773502690214741
    outer loop
      vertex 2.399999998509884 8.67279221266508 1.2414213562373093
      vertex 5.399999998509884 11.672792210603763 1.2414213567972183
      vertex 6.758578643202782 14.389949498501585 2.6000000023762357
    endloop
  endfacet
  facet normal 0.5773519620549242 -0.5773503443258315 0.5773485011829277
    outer loop
      vertex 5.399999998509884 11.672792210603763 1.2414213567972183
      vertex 5.863603893613073 12.600000000000001 1.705025251900407
      vertex 6.758578643202782 14.389949498501585 2.6000000023762357
    endloop
  endfacet
  facet normal 0.5773483401914251 -0.577350269523782 0.5773521978472264
    outer loop
      vertex 5.863603893646305 12.600000000000001 1.7050252518671751
      vertex 6.758578643202782 14.389949498501585 2.6000000023762357
      vertex 5.863603893613073 12.600000000000001 1.705025251900407
    endloop
  endfacet
  facet normal 0 1 0
    outer loop
      vertex 0.9999999985098835 0.8000000059604631 2.6414213562373092
      vertex 0.9964644646039513 0.8000000059604631 2.644956890143242
      vertex 0.9999999985098835 0.8000000059604631 2.644956890143242
    endloop
  endfacet
  facet normal 0 0 -1
    outer loop
      vertex 0.9964644646039513 0.8000000059604631 2.644956890143242
      vertex 0.9964644646039513 8.67279221266508 2.644956890143242
      vertex 0.9999999985098835 0.8000000059604631 2.644956890143242
    endloop
  endfacet
  facet normal 0 0 -1
    outer loop
      vertex 0.9999999985098835 0.8000000059604631 2.644956890143242
      vertex 0.9964644646039513 8.67279221266508 2.644956890143242
      vertex 0.9999999985098835 8.67279221266508 2.644956890143242
    endloop
  endfacet
  facet normal 0 0 -1
    outer loop
      vertex 0.9964644646039513 8.67279221266508 2.644956890143242
      vertex 6.758578643202782 14.43490638622931 2.644956890143242
      vertex 0.9999999985098835 8.67279221266508 2.644956890143242
    endloop
  endfacet
  facet normal 0 1 0
    outer loop
      vertex 0.9999999985098835 0.8000000059604631 2.6414213562373092
      vertex 6.758578643202782 0.8000000059604631 2.6414213562373092
      vertex 6.758578643202782 0.8000000059604631 2.600000001490116
    endloop
  endfacet
  facet normal 0.577350269021477 -0.5773502695259322 0.5773502690214681
    outer loop
      vertex 0.9964644646039513 8.67279221266508 2.644956890143242
      vertex 6.758578643202782 14.389949498501585 2.6000000023762357
      vertex 6.758578643202782 14.43490638622931 2.644956890143242
    endloop
  endfacet
  facet normal 0 0 -1
    outer loop
      vertex 0.9999999985098835 8.67279221266508 2.644956890143242
      vertex 6.758578643202782 14.43490638622931 2.644956890143242
      vertex 6.758578643202782 14.431370852326467 2.644956890143242
    endloop
  endfacet
  facet normal 0 1 0
    outer loop
      vertex 0.9999999985098835 28.800000005960463 2.6414213562373092
      vertex 0.9999999985098835 28.800000005960463 2.644956890143242
      vertex 6.758578643202782 28.800000005960463 2.6414213562373092
    endloop
  endfacet
  facet normal 1 0 0
    outer loop
      vertex 0.9999999985098835 28.800000005960463 2.644956890143242
      vertex 0.9999999985098835 36.67279221266508 3.1999999999999997
      vertex 0.9999999985098835 28.800000005960463 3.1999999999999997
    endloop
  endfacet
  facet normal 1 0 0
    outer loop
      vertex 0.9999999985098835 28.800000005960463 2.644956890143242
      vertex 0.9999999985098835 36.67279221266508 2.644956890143242
      vertex 0.9999999985098835 36.67279221266508 3.1999999999999997
    endloop
  endfacet
  facet normal 0 1 0
    outer loop
      vertex 0.9999999985098835 28.800000005960463 2.644956890143242
      vertex 0.9999999985098835 28.800000005960463 3.1999999999999997
      vertex 6.758578643202782 28.800000005960463 2.6414213562373092
    endloop
  endfacet
  facet normal 0.7071067808776331 -0.7071067814954619 0
    outer loop
      vertex 0.9999999985098835 36.67279221266508 2.644956890143242
      vertex 6.758578643202782 42.43137085232647 3.1999999999999997
      vertex 0.9999999985098835 36.67279221266508 3.1999999999999997
    endloop
  endfacet
  facet normal 0 1 0
    outer loop
      vertex 6.758578643202782 28.800000005960463 2.6414213562373092
      vertex 0.9999999985098835 28.800000005960463 3.1999999999999997
      vertex 6.758578643202782 28.800000005960463 3.1999999999999997
    endloop
  endfacet
  facet normal 0.7071067808776331 -0.7071067814954619 6.04388954434475e-16
    outer loop
      vertex 0.9999999985098835 36.67279221266508 2.644956890143242
      vertex 6.758578643202782 42.43137085232647 2.644956890143242
      vertex 6.758578643202782 42.43137085232647 3.1999999999999997
    endloop
  endfacet
  facet normal 0 1 0
    outer loop
      vertex 0.9999999985098835 0.8000000059604631 2.6414213562373092
      vertex 0.9999999985098835 0.8000000059604631 2.644956890143242
      vertex 6.758578643202782 0.8000000059604631 2.6414213562373092
    endloop
  endfacet
  facet normal 1 0 0
    outer loop
      vertex 0.9999999985098835 0.8000000059604631 2.644956890143242
      vertex 0.9999999985098835 8.67279221266508 3.1999999999999997
      vertex 0.9999999985098835 0.8000000059604631 3.1999999999999997
    endloop
  endfacet
  facet normal 1 0 0
    outer loop
      vertex 0.9999999985098835 0.8000000059604631 2.644956890143242
      vertex 0.9999999985098835 8.67279221266508 2.644956890143242
      vertex 0.9999999985098835 8.67279221266508 3.1999999999999997
    endloop
  endfacet
  facet normal 0 1 0
    outer loop
      vertex 0.9999999985098835 0.8000000059604631 2.644956890143242
      vertex 0.9999999985098835 0.8000000059604631 3.1999999999999997
      vertex 6.758578643202782 0.8000000059604631 2.6414213562373092
    endloop
  endfacet
  facet normal 0.7071067808776331 -0.7071067814954619 0
    outer loop
      vertex 0.9999999985098835 8.67279221266508 2.644956890143242
      vertex 6.758578643202782 14.431370852326467 3.1999999999999997
      vertex 0.9999999985098835 8.67279221266508 3.1999999999999997
    endloop
  endfacet
  facet normal 0 1 0
    outer loop
      vertex 6.758578643202782 0.8000000059604631 2.6414213562373092
      vertex 0.9999999985098835 0.8000000059604631 3.1999999999999997
      vertex 6.758578643202782 0.8000000059604631 3.1999999999999997
    endloop
  endfacet
  facet normal 0.7071067808776331 -0.7071067814954619 6.04388954434475e-16
    outer loop
      vertex 0.9999999985098835 8.67279221266508 2.644956890143242
      vertex 6.758578643202782 14.431370852326467 2.644956890143242
      vertex 6.758578643202782 14.431370852326467 3.1999999999999997
    endloop
  endfacet
  facet normal 1 0 0
    outer loop
      vertex 5.399999998509884 28.8 0.5
      vertex 5.399999998509884 28.800000005960463 0.5
      vertex 5.399999998509884 28.800000005960463 1.2414213567972183
    endloop
  endfacet
  facet normal 0 0 1
    outer loop
      vertex 5.399999998509884 39.67279221004385 0.5
      vertex 5.9272077919069055 40.20000000298023 0.5
      vertex 5.399999998509884 40.20000000298023 0.5
    endloop
  endfacet
  facet normal 1 0 0
    outer loop
      vertex 5.399999998509884 39.67279221004385 0.5
      vertex 5.399999998509884 40.20000000298023 0.5
      vertex 5.399999998509884 40.20000000298023 1.2414213562373093
    endloop
  endfacet
  facet normal 1 0 0
    outer loop
      vertex 5.399999998509884 28.8 0.5
      vertex 5.399999998509884 28.800000005960463 1.2414213567972183
      vertex 5.399999998509884 28.8 1.2414213567972183
    endloop
  endfacet
  facet normal 0 1 0
    outer loop
      vertex 5.399999998509884 28.8 0.5
      vertex 5.399999998509884 28.8 1.2414213567972183
      vertex 6.758578643202782 28.8 1.2414213562373093
    endloop
  endfacet
  facet normal 0.7071067811865318 0 -0.7071067811865631
    outer loop
      vertex 5.399999998509884 28.8 1.2414213567972183
      vertex 5.399999998509884 28.800000005960463 1.2414213567972183
      vertex 5.404999997949975 28.800000005960463 1.2464213562373094
    endloop
  endfacet
  facet normal 1 0 0
    outer loop
      vertex 5.399999998509884 39.67279221004385 0.5
      vertex 5.399999998509884 40.20000000298023 1.2414213562373093
      vertex 5.399999998509884 39.67279221004385 1.2414213562373093
    endloop
  endfacet
  facet normal 1 0 0
    outer loop
      vertex 5.399999998509884 39.67279221004385 1.2414213562373093
      vertex 5.399999998509884 40.20000000298023 1.2414213562373093
      vertex 5.399999998509884 39.67279221060376 1.2414213567972183
    endloop
  endfacet
  facet normal 1 0 0
    outer loop
      vertex 5.399999998509884 39.67279221060376 1.2414213567972183
      vertex 5.399999998509884 40.20000000298023 1.2414213562373093
      vertex 5.399999998509884 40.6 1.2414213567972183
    endloop
  endfacet
  facet normal 1 0 0
    outer loop
      vertex 5.399999998509884 40.20000000298023 1.2414213562373093
      vertex 5.399999998509884 40.6 1.2414213562373093
      vertex 5.399999998509884 40.6 1.2414213567972183
    endloop
  endfacet
  facet normal 0.7071067811865474 0 -0.7071067811865477
    outer loop
      vertex 5.399999998509884 39.67279221060376 1.2414213567972183
      vertex 5.399999998509884 40.6 1.2414213567972183
      vertex 5.863603893613073 40.6 1.705025251900407
    endloop
  endfacet
  facet normal 0 -1 0
    outer loop
      vertex 5.399999998509884 40.6 1.2414213567972183
      vertex 5.399999998509884 40.6 1.2414213562373093
      vertex 5.863603893646305 40.6 1.7050252518671751
    endloop
  endfacet
  facet normal 0 -1 0
    outer loop
      vertex 5.399999998509884 40.6 1.2414213567972183
      vertex 5.863603893646305 40.6 1.7050252518671751
      vertex 5.863603893613073 40.6 1.705025251900407
    endloop
  endfacet
  facet normal 0 0 1
    outer loop
      vertex 5.399999998509884 28.8 0.5
      vertex 21.19999999552965 28.800000005960463 0.5
      vertex 5.399999998509884 28.800000005960463 0.5
    endloop
  endfacet
  facet normal 0 1 0
    outer loop
      vertex 5.399999998509884 28.8 0.5
      vertex 6.758578643202782 28.8 1.2414213562373093
      vertex 21.44142135977745 28.8 1.2414213562373093
    endloop
  endfacet
  facet normal 0.7071067811865474 -2.6421140159999826e-8 -0.7071067811865472
    outer loop
      vertex 5.399999998509884 28.8 1.2414213567972183
      vertex 5.404999997949975 28.800000005960463 1.2464213562373094
      vertex 6.758578643202782 28.800000005960463 2.600000001490116
    endloop
  endfacet
  facet normal 0 1 0
    outer loop
      vertex 5.399999998509884 28.8 1.2414213567972183
      vertex 6.758578643202782 28.8 2.600000001490116
      vertex 6.758578643202782 28.8 1.2414213562373093
    endloop
  endfacet
  facet normal 0.7071067811865475 4.847306750103775e-9 -0.7071067811865475
    outer loop
      vertex 5.399999998509884 28.8 1.2414213567972183
      vertex 6.758578643202782 28.800000005960463 2.600000001490116
      vertex 6.758578643202782 28.8 2.600000001490116
    endloop
  endfacet
  facet normal 0 0 1
    outer loop
      vertex 5.399999998509884 28.8 0.5
      vertex 22.600000001490116 28.8 0.5
      vertex 21.19999999552965 28.800000005960463 0.5
    endloop
  endfacet
  facet normal 0 1 0
    outer loop
      vertex 5.399999998509884 28.8 0.5
      vertex 22.600000001490116 28.8 1.2414213567972183
      vertex 22.600000001490116 28.8 0.5
    endloop
  endfacet
  facet normal 0 0 1
    outer loop
      vertex 17.67279220213263 40.20000000298023 0.5
      vertex 21.19999999552965 36.67279221266508 0.5
      vertex 22.600000001490116 40.20000000298023 0.5
    endloop
  endfacet
  facet normal 0 1 0
    outer loop
      vertex 5.399999998509884 28.8 0.5
      vertex 21.44142135977745 28.8 1.2414213562373093
      vertex 22.600000001490116 28.8 1.2414213567972183
    endloop
  endfacet
  facet normal 0 0 1
    outer loop
      vertex 21.19999999552965 28.800000005960463 0.5
      vertex 22.600000001490116 28.8 0.5
      vertex 21.19999999552965 36.67279221266508 0.5
    endloop
  endfacet
  facet normal -1 0 0
    outer loop
      vertex 22.600000001490116 28.8 0.5
      vertex 22.600000001490116 28.8 1.2414213567972183
      vertex 22.600000001490116 40.20000000298023 0.5
    endloop
  endfacet
  facet normal 0 0 1
    outer loop
      vertex 21.19999999552965 36.67279221266508 0.5
      vertex 22.600000001490116 28.8 0.5
      vertex 22.600000001490116 40.20000000298023 0.5
    endloop
  endfacet
  facet normal -1 0 0
    outer loop
      vertex 22.600000001490116 40.20000000298023 0.5
      vertex 22.600000001490116 28.8 1.2414213567972183
      vertex 22.600000001490116 40.20000000298023 1.2414213562373093
    endloop
  endfacet
  facet normal -1 0 0
    outer loop
      vertex 22.600000001490116 28.8 1.2414213567972183
      vertex 22.600000001490116 40.6 1.2414213567972183
      vertex 22.600000001490116 40.20000000298023 1.2414213562373093
    endloop
  endfacet
  facet normal -1 0 0
    outer loop
      vertex 22.600000001490116 40.20000000298023 1.2414213562373093
      vertex 22.600000001490116 40.6 1.2414213567972183
      vertex 22.600000001490116 40.6 1.2414213562373093
    endloop
  endfacet
  facet normal 0 -1 0
    outer loop
      vertex 22.600000001490116 40.6 1.2414213567972183
      vertex 22.07395199797911 40.6 1.7674693603082263
      vertex 22.600000001490116 40.6 1.2414213562373093
    endloop
  endfacet
  facet normal -0.7071067811865477 -2.8026111738689618e-15 -0.7071067811865474
    outer loop
      vertex 22.600000001490116 40.6 1.2414213567972183
      vertex 22.073951975030177 40.20000000298023 1.7674693832571595
      vertex 22.07395199797911 40.6 1.7674693603082263
    endloop
  endfacet
  facet normal 0 1 0
    outer loop
      vertex 21.44142135977745 28.8 1.2414213562373093
      vertex 21.44142135977745 28.8 2.399999998509884
      vertex 22.600000001490116 28.8 1.2414213567972183
    endloop
  endfacet
  facet normal -0.7071067811865475 0 -0.7071067811865475
    outer loop
      vertex 22.600000001490116 28.8 1.2414213567972183
      vertex 21.44142135977745 28.8 2.399999998509884
      vertex 22.600000001490116 40.6 1.2414213567972183
    endloop
  endfacet
  facet normal -0.7071067811865488 2.5856843896866417e-16 -0.7071067811865461
    outer loop
      vertex 22.600000001490116 40.6 1.2414213567972183
      vertex 21.44142135977745 28.8 2.399999998509884
      vertex 22.073951975030177 40.20000000298023 1.7674693832571595
    endloop
  endfacet
  facet normal -0.7071067811865465 0 -0.7071067811865485
    outer loop
      vertex 21.44142135977745 28.8 2.399999998509884
      vertex 21.44142135977745 40.20000000298023 2.399999998509884
      vertex 22.073951975030177 40.20000000298023 1.7674693832571595
    endloop
  endfacet
  facet normal 1 0 0
    outer loop
      vertex 5.399999998509884 0.8000000000000007 0.5
      vertex 5.399999998509884 0.8000000059604631 0.5
      vertex 5.399999998509884 0.8000000059604631 1.2414213567972183
    endloop
  endfacet
  facet normal 0 0 1
    outer loop
      vertex 5.399999998509884 11.672792210043855 0.5
      vertex 5.9272077919069055 12.200000002980232 0.5
      vertex 5.399999998509884 12.200000002980232 0.5
    endloop
  endfacet
  facet normal 1 0 0
    outer loop
      vertex 5.399999998509884 11.672792210043855 0.5
      vertex 5.399999998509884 12.200000002980232 0.5
      vertex 5.399999998509884 12.200000002980232 1.2414213562373093
    endloop
  endfacet
  facet normal 1 0 0
    outer loop
      vertex 5.399999998509884 0.8000000000000007 0.5
      vertex 5.399999998509884 0.8000000059604631 1.2414213567972183
      vertex 5.399999998509884 0.8000000000000007 1.2414213567972183
    endloop
  endfacet
  facet normal 0 1 0
    outer loop
      vertex 5.399999998509884 0.8000000000000007 0.5
      vertex 5.399999998509884 0.8000000000000007 1.2414213567972183
      vertex 6.758578643202782 0.8000000000000007 1.2414213562373093
    endloop
  endfacet
  facet normal 0.7071067811865318 0 -0.7071067811865631
    outer loop
      vertex 5.399999998509884 0.8000000000000007 1.2414213567972183
      vertex 5.399999998509884 0.8000000059604631 1.2414213567972183
      vertex 5.404999997949975 0.8000000059604631 1.2464213562373094
    endloop
  endfacet
  facet normal 1 0 0
    outer loop
      vertex 5.399999998509884 11.672792210043855 0.5
      vertex 5.399999998509884 12.200000002980232 1.2414213562373093
      vertex 5.399999998509884 11.672792210043855 1.2414213562373093
    endloop
  endfacet
  facet normal 1 0 0
    outer loop
      vertex 5.399999998509884 11.672792210043855 1.2414213562373093
      vertex 5.399999998509884 12.200000002980232 1.2414213562373093
      vertex 5.399999998509884 11.672792210603763 1.2414213567972183
    endloop
  endfacet
  facet normal 1 0 0
    outer loop
      vertex 5.399999998509884 11.672792210603763 1.2414213567972183
      vertex 5.399999998509884 12.200000002980232 1.2414213562373093
      vertex 5.399999998509884 12.600000000000001 1.2414213567972183
    endloop
  endfacet
  facet normal 1 0 0
    outer loop
      vertex 5.399999998509884 12.200000002980232 1.2414213562373093
      vertex 5.399999998509884 12.600000000000001 1.2414213562373093
      vertex 5.399999998509884 12.600000000000001 1.2414213567972183
    endloop
  endfacet
  facet normal 0.7071067811865475 0 -0.7071067811865478
    outer loop
      vertex 5.399999998509884 11.672792210603763 1.2414213567972183
      vertex 5.399999998509884 12.600000000000001 1.2414213567972183
      vertex 5.863603893613073 12.600000000000001 1.705025251900407
    endloop
  endfacet
  facet normal 0 -1 0
    outer loop
      vertex 5.399999998509884 12.600000000000001 1.2414213567972183
      vertex 5.399999998509884 12.600000000000001 1.2414213562373093
      vertex 5.863603893646305 12.600000000000001 1.7050252518671751
    endloop
  endfacet
  facet normal 0 -1 0
    outer loop
      vertex 5.399999998509884 12.600000000000001 1.2414213567972183
      vertex 5.863603893646305 12.600000000000001 1.7050252518671751
      vertex 5.863603893613073 12.600000000000001 1.705025251900407
    endloop
  endfacet
  facet normal 0 0 1
    outer loop
      vertex 5.399999998509884 0.8000000000000007 0.5
      vertex 21.19999999552965 0.8000000059604631 0.5
      vertex 5.399999998509884 0.8000000059604631 0.5
    endloop
  endfacet
  facet normal 0 1 0
    outer loop
      vertex 5.399999998509884 0.8000000000000007 0.5
      vertex 6.758578643202782 0.8000000000000007 1.2414213562373093
      vertex 21.44142135977745 0.8000000000000007 1.2414213562373093
    endloop
  endfacet
  facet normal 0.7071067811865474 -2.6421140159999826e-8 -0.7071067811865472
    outer loop
      vertex 5.399999998509884 0.8000000000000007 1.2414213567972183
      vertex 5.404999997949975 0.8000000059604631 1.2464213562373094
      vertex 6.758578643202782 0.8000000059604631 2.600000001490116
    endloop
  endfacet
  facet normal 0 1 0
    outer loop
      vertex 5.399999998509884 0.8000000000000007 1.2414213567972183
      vertex 6.758578643202782 0.8000000000000007 2.600000001490116
      vertex 6.758578643202782 0.8000000000000007 1.2414213562373093
    endloop
  endfacet
  facet normal 0.7071067811865475 4.847306750103775e-9 -0.7071067811865475
    outer loop
      vertex 5.399999998509884 0.8000000000000007 1.2414213567972183
      vertex 6.758578643202782 0.8000000059604631 2.600000001490116
      vertex 6.758578643202782 0.8000000000000007 2.600000001490116
    endloop
  endfacet
  facet normal 0 0 1
    outer loop
      vertex 5.399999998509884 0.8000000000000007 0.5
      vertex 22.600000001490116 0.8000000000000007 0.5
      vertex 21.19999999552965 0.8000000059604631 0.5
    endloop
  endfacet
  facet normal 0 1 0
    outer loop
      vertex 5.399999998509884 0.8000000000000007 0.5
      vertex 22.600000001490116 0.8000000000000007 1.2414213567972183
      vertex 22.600000001490116 0.8000000000000007 0.5
    endloop
  endfacet
  facet normal 0 0 1
    outer loop
      vertex 17.67279220213263 12.200000002980232 0.5
      vertex 21.19999999552965 8.67279221266508 0.5
      vertex 22.600000001490116 12.200000002980232 0.5
    endloop
  endfacet
  facet normal 0 1 0
    outer loop
      vertex 5.399999998509884 0.8000000000000007 0.5
      vertex 21.44142135977745 0.8000000000000007 1.2414213562373093
      vertex 22.600000001490116 0.8000000000000007 1.2414213567972183
    endloop
  endfacet
  facet normal 0 0 1
    outer loop
      vertex 21.19999999552965 0.8000000059604631 0.5
      vertex 22.600000001490116 0.8000000000000007 0.5
      vertex 21.19999999552965 8.67279221266508 0.5
    endloop
  endfacet
  facet normal -1 0 0
    outer loop
      vertex 22.600000001490116 0.8000000000000007 0.5
      vertex 22.600000001490116 0.8000000000000007 1.2414213567972183
      vertex 22.600000001490116 12.200000002980232 0.5
    endloop
  endfacet
  facet normal 0 0 1
    outer loop
      vertex 21.19999999552965 8.67279221266508 0.5
      vertex 22.600000001490116 0.8000000000000007 0.5
      vertex 22.600000001490116 12.200000002980232 0.5
    endloop
  endfacet
  facet normal -1 0 0
    outer loop
      vertex 22.600000001490116 12.200000002980232 0.5
      vertex 22.600000001490116 0.8000000000000007 1.2414213567972183
      vertex 22.600000001490116 12.200000002980232 1.2414213562373093
    endloop
  endfacet
  facet normal -1 0 0
    outer loop
      vertex 22.600000001490116 0.8000000000000007 1.2414213567972183
      vertex 22.600000001490116 12.600000000000001 1.2414213567972183
      vertex 22.600000001490116 12.200000002980232 1.2414213562373093
    endloop
  endfacet
  facet normal -1 0 0
    outer loop
      vertex 22.600000001490116 12.200000002980232 1.2414213562373093
      vertex 22.600000001490116 12.600000000000001 1.2414213567972183
      vertex 22.600000001490116 12.600000000000001 1.2414213562373093
    endloop
  endfacet
  facet normal 0 -1 0
    outer loop
      vertex 22.600000001490116 12.600000000000001 1.2414213567972183
      vertex 22.07395199797911 12.600000000000001 1.7674693603082263
      vertex 22.600000001490116 12.600000000000001 1.2414213562373093
    endloop
  endfacet
  facet normal -0.7071067811865477 -2.8026111738689618e-15 -0.7071067811865474
    outer loop
      vertex 22.600000001490116 12.600000000000001 1.2414213567972183
      vertex 22.073951975030177 12.200000002980232 1.7674693832571595
      vertex 22.07395199797911 12.600000000000001 1.7674693603082263
    endloop
  endfacet
  facet normal 0 1 0
    outer loop
      vertex 21.44142135977745 0.8000000000000007 1.2414213562373093
      vertex 21.44142135977745 0.8000000000000007 2.399999998509884
      vertex 22.600000001490116 0.8000000000000007 1.2414213567972183
    endloop
  endfacet
  facet normal -0.7071067811865475 0 -0.7071067811865475
    outer loop
      vertex 22.600000001490116 0.8000000000000007 1.2414213567972183
      vertex 21.44142135977745 0.8000000000000007 2.399999998509884
      vertex 22.600000001490116 12.600000000000001 1.2414213567972183
    endloop
  endfacet
  facet normal -0.7071067811865488 2.5856843896866417e-16 -0.7071067811865461
    outer loop
      vertex 22.600000001490116 12.600000000000001 1.2414213567972183
      vertex 21.44142135977745 0.8000000000000007 2.399999998509884
      vertex 22.073951975030177 12.200000002980232 1.7674693832571595
    endloop
  endfacet
  facet normal -0.7071067811865465 0 -0.7071067811865485
    outer loop
      vertex 21.44142135977745 0.8000000000000007 2.399999998509884
      vertex 21.44142135977745 12.200000002980232 2.399999998509884
      vertex 22.073951975030177 12.200000002980232 1.7674693832571595
    endloop
  endfacet
  facet normal 0 0 1
    outer loop
      vertex 6.758578643202782 28.799999997019768 1.2414213562373093
      vertex 21.44142135977745 28.799999997019768 1.2414213562373093
      vertex 6.758578643202782 28.8 1.2414213562373093
    endloop
  endfacet
  facet normal 1 0 0
    outer loop
      vertex 6.758578643202782 28.799999997019768 1.2414213562373093
      vertex 6.758578643202782 28.8 1.2414213562373093
      vertex 6.758578643202782 28.8 2.600000001490116
    endloop
  endfacet
  facet normal 1 0 0
    outer loop
      vertex 6.758578643202782 28.799999997019768 1.2414213562373093
      vertex 6.758578643202782 28.8 2.600000001490116
      vertex 6.758578643202782 28.7999999970444 3.1999999999999997
    endloop
  endfacet
  facet normal 1 0 0
    outer loop
      vertex 6.758578643202782 28.8 2.600000001490116
      vertex 6.758578643202782 28.800000005960463 2.600000001490116
      vertex 6.758578643202782 28.800000005960463 2.6414213562373092
    endloop
  endfacet
  facet normal 1 0 0
    outer loop
      vertex 6.758578643202782 28.8 2.600000001490116
      vertex 6.758578643202782 28.800000005960463 2.6414213562373092
      vertex 6.758578643202782 28.800000005960463 3.1999999999999997
    endloop
  endfacet
  facet normal 1 0 0
    outer loop
      vertex 6.758578643202782 28.8 2.600000001490116
      vertex 6.758578643202782 28.800000005960463 3.1999999999999997
      vertex 6.758578643202782 28.7999999970444 3.1999999999999997
    endloop
  endfacet
  facet normal 1 0 0
    outer loop
      vertex 6.758578643202782 42.389949498501586 2.6000000023762357
      vertex 6.758578643202782 42.79965987925901 2.6000000023762353
      vertex 6.758578643202782 42.43490638622931 2.644956890143242
    endloop
  endfacet
  facet normal 1 0 0
    outer loop
      vertex 6.758578643202782 43.43137085139752 2.577683987057586
      vertex 6.758578643202782 46.320101015269756 3.1999999999999997
      vertex 6.758578643202782 43.352957133948806 2.5844253692392285
    endloop
  endfacet
  facet normal 1 0 0
    outer loop
      vertex 6.758578643202782 43.352957133948806 2.5844253692392285
      vertex 6.758578643202782 46.320101015269756 3.1999999999999997
      vertex 6.758578643202782 43.292959593879715 2.6000000023762353
    endloop
  endfacet
  facet normal 1 0 0
    outer loop
      vertex 6.758578643202782 43.43137085139752 2.577683987057586
      vertex 6.758578643202782 43.96862914860249 2.577683987057586
      vertex 6.758578643202782 46.320101015269756 3.1999999999999997
    endloop
  endfacet
  facet normal 1 0 0
    outer loop
      vertex 6.758578643202782 43.96862914860249 2.577683987057586
      vertex 6.758578643202782 44.0470428660512 2.5844253692392285
      vertex 6.758578643202782 46.320101015269756 3.1999999999999997
    endloop
  endfacet
  facet normal 1 0 0
    outer loop
      vertex 6.758578643202782 44.0470428660512 2.5844253692392285
      vertex 6.758578643202782 44.107040406120284 2.6000000023762353
      vertex 6.758578643202782 46.320101015269756 3.1999999999999997
    endloop
  endfacet
  facet normal 1 0 0
    outer loop
      vertex 6.758578643202782 42.43490638622931 2.644956890143242
      vertex 6.758578643202782 46.320101015269756 3.1999999999999997
      vertex 6.758578643202782 42.43137085232647 2.644956890143242
    endloop
  endfacet
  facet normal 1 0 0
    outer loop
      vertex 6.758578643202782 42.43490638622931 2.644956890143242
      vertex 6.758578643202782 42.79965987925901 2.6000000023762353
      vertex 6.758578643202782 46.320101015269756 3.1999999999999997
    endloop
  endfacet
  facet normal 1 0 0
    outer loop
      vertex 6.758578643202782 42.79965987925901 2.6000000023762353
      vertex 6.758578643202782 43.292959593879715 2.6000000023762353
      vertex 6.758578643202782 46.320101015269756 3.1999999999999997
    endloop
  endfacet
  facet normal 1 0 0
    outer loop
      vertex 6.758578643202782 42.43137085232647 2.644956890143242
      vertex 6.758578643202782 46.320101015269756 3.1999999999999997
      vertex 6.758578643202782 42.43137085232647 3.1999999999999997
    endloop
  endfacet
  facet normal 1 0 0
    outer loop
      vertex 6.758578643202782 44.107040406120284 2.6000000023762353
      vertex 6.758578643202782 46.320101015269756 2.6000000023762357
      vertex 6.758578643202782 46.320101015269756 3.1999999999999997
    endloop
  endfacet
  facet normal 0.7071067811865475 -0.7071067811865475 0
    outer loop
      vertex 6.758578643202782 46.320101015269756 2.6000000023762357
      vertex 6.799999997019768 46.36152236908674 2.6414213562373092
      vertex 6.758578643202782 46.320101015269756 3.1999999999999997
    endloop
  endfacet
  facet normal 0.7071067811865476 -0.7071067811865476 0
    outer loop
      vertex 6.799999997019768 46.36152236908674 2.6414213562373092
      vertex 6.799999997019768 46.36152236908674 3.1999999999999997
      vertex 6.758578643202782 46.320101015269756 3.1999999999999997
    endloop
  endfacet
  facet normal 0 1 -1.257593817514752e-11
    outer loop
      vertex 6.758578643202782 28.799999997019768 1.2414213562373093
      vertex 6.758578643202782 28.7999999970444 3.1999999999999997
      vertex 21.44142135977745 28.799999997019768 1.2414213562373093
    endloop
  endfacet
  facet normal 0.7071067811865476 -0.7071067811865476 0
    outer loop
      vertex 10.27989898622036 49.841421358287334 2.3999999991831293
      vertex 10.27989898622036 49.841421358287334 3.1999999999999997
      vertex 10.038477629423141 49.600000001490116 2.6414213562373092
    endloop
  endfacet
  facet normal 0.7071067811865475 -0.7071067811865475 0
    outer loop
      vertex 10.038477629423141 49.600000001490116 2.6414213562373092
      vertex 10.27989898622036 49.841421358287334 3.1999999999999997
      vertex 10.038477629423141 49.600000001490116 3.1999999999999997
    endloop
  endfacet
  facet normal 0 -1 0
    outer loop
      vertex 10.27989898622036 49.841421358287334 2.3999999991831293
      vertex 17.72010101377964 49.841421358287334 3.1999999999999997
      vertex 10.27989898622036 49.841421358287334 3.1999999999999997
    endloop
  endfacet
  facet normal 0 0 1
    outer loop
      vertex 6.758578643202782 28.8 1.2414213562373093
      vertex 21.44142135977745 28.799999997019768 1.2414213562373093
      vertex 21.44142135977745 28.8 1.2414213562373093
    endloop
  endfacet
  facet normal 1.6775337317561337e-12 1 0
    outer loop
      vertex 21.44142135977745 28.799999997019768 1.2414213562373093
      vertex 6.758578643202782 28.7999999970444 3.1999999999999997
      vertex 21.44142135977745 28.799999997019768 3.1999999999999997
    endloop
  endfacet
  facet normal 0 -1 0
    outer loop
      vertex 10.27989898622036 49.841421358287334 2.3999999991831293
      vertex 17.72010101377964 49.841421358287334 2.3999999991831293
      vertex 17.72010101377964 49.841421358287334 3.1999999999999997
    endloop
  endfacet
  facet normal -0.7071067811865476 -0.7071067811865476 0
    outer loop
      vertex 17.72010101377964 49.841421358287334 2.3999999991831293
      vertex 17.96152237057686 49.600000001490116 2.6414213562373092
      vertex 17.72010101377964 49.841421358287334 3.1999999999999997
    endloop
  endfacet
  facet normal -0.707106781186558 -0.7071067811865371 -8.994786900450677e-15
    outer loop
      vertex 17.96152237057686 49.600000001490116 2.6414213562373092
      vertex 17.96152237057685 49.600000001490116 3.1999999999999997
      vertex 17.72010101377964 49.841421358287334 3.1999999999999997
    endloop
  endfacet
  facet normal -1 0 0
    outer loop
      vertex 21.44142135977745 28.799999997019768 1.2414213562373093
      vertex 21.44142135977745 28.8 2.399999998509884
      vertex 21.44142135977745 28.8 1.2414213562373093
    endloop
  endfacet
  facet normal -1 0 0
    outer loop
      vertex 21.44142135977745 28.799999997019768 1.2414213562373093
      vertex 21.44142135977745 28.799999997019768 3.1999999999999997
      vertex 21.44142135977745 28.8 2.399999998509884
    endloop
  endfacet
  facet normal -1 0 0
    outer loop
      vertex 21.44142135977745 28.8 2.399999998509884
      vertex 21.44142135977745 40.20000000298023 2.3999999991831293
      vertex 21.44142135977745 40.20000000298023 2.399999998509884
    endloop
  endfacet
  facet normal -1 0 0
    outer loop
      vertex 21.44142135977745 28.8 2.399999998509884
      vertex 21.44142135977745 28.799999997019768 3.1999999999999997
      vertex 21.44142135977745 40.20000000298023 2.3999999991831293
    endloop
  endfacet
  facet normal -1 0 0
    outer loop
      vertex 21.44142135977745 40.20000000298023 2.3999999991831293
      vertex 21.44142135977745 28.799999997019768 3.1999999999999997
      vertex 21.44142135977745 46.120101012289524 2.3999999991831293
    endloop
  endfacet
  facet normal -1 0 0
    outer loop
      vertex 21.44142135977745 46.120101012289524 2.3999999991831293
      vertex 21.44142135977745 28.799999997019768 3.1999999999999997
      vertex 21.44142135977745 46.120101012289524 3.1999999999999997
    endloop
  endfacet
  facet normal -0.7071067811865476 -0.7071067811865476 0
    outer loop
      vertex 21.44142135977745 46.120101012289524 2.3999999991831293
      vertex 21.44142135977745 46.120101012289524 3.1999999999999997
      vertex 21.200000002980232 46.36152236908674 2.6414213562373092
    endloop
  endfacet
  facet normal -0.7071067811865475 -0.7071067811865475 0
    outer loop
      vertex 21.200000002980232 46.36152236908674 2.6414213562373092
      vertex 21.44142135977745 46.120101012289524 3.1999999999999997
      vertex 21.200000002980232 46.36152236908674 3.1999999999999997
    endloop
  endfacet
  facet normal 0 0 1
    outer loop
      vertex 6.758578643202782 0.7999999970197678 1.2414213562373093
      vertex 21.44142135977745 0.7999999970197678 1.2414213562373093
      vertex 6.758578643202782 0.8000000000000007 1.2414213562373093
    endloop
  endfacet
  facet normal 1 0 0
    outer loop
      vertex 6.758578643202782 0.7999999970197678 1.2414213562373093
      vertex 6.758578643202782 0.8000000000000007 1.2414213562373093
      vertex 6.758578643202782 0.8000000000000007 2.600000001490116
    endloop
  endfacet
  facet normal 1 0 0
    outer loop
      vertex 6.758578643202782 0.7999999970197678 1.2414213562373093
      vertex 6.758578643202782 0.8000000000000007 2.600000001490116
      vertex 6.758578643202782 0.7999999970443978 3.1999999999999997
    endloop
  endfacet
  facet normal 1 0 0
    outer loop
      vertex 6.758578643202782 0.8000000000000007 2.600000001490116
      vertex 6.758578643202782 0.8000000059604631 2.600000001490116
      vertex 6.758578643202782 0.8000000059604631 2.6414213562373092
    endloop
  endfacet
  facet normal 1 0 0
    outer loop
      vertex 6.758578643202782 0.8000000000000007 2.600000001490116
      vertex 6.758578643202782 0.8000000059604631 2.6414213562373092
      vertex 6.758578643202782 0.8000000059604631 3.1999999999999997
    endloop
  endfacet
  facet normal 1 0 0
    outer loop
      vertex 6.758578643202782 0.8000000000000007 2.600000001490116
      vertex 6.758578643202782 0.8000000059604631 3.1999999999999997
      vertex 6.758578643202782 0.7999999970443978 3.1999999999999997
    endloop
  endfacet
  facet normal 1 0 0
    outer loop
      vertex 6.758578643202782 14.389949498501585 2.6000000023762357
      vertex 6.758578643202782 14.799659879259009 2.6000000023762353
      vertex 6.758578643202782 14.43490638622931 2.644956890143242
    endloop
  endfacet
  facet normal 1 0 0
    outer loop
      vertex 6.758578643202782 15.431370851397514 2.577683987057586
      vertex 6.758578643202782 18.320101015269756 3.1999999999999997
      vertex 6.758578643202782 15.352957133948802 2.5844253692392285
    endloop
  endfacet
  facet normal 1 0 0
    outer loop
      vertex 6.758578643202782 15.292959593879717 2.6000000023762353
      vertex 6.758578643202782 15.352957133948802 2.5844253692392285
      vertex 6.758578643202782 18.320101015269756 3.1999999999999997
    endloop
  endfacet
  facet normal 1 0 0
    outer loop
      vertex 6.758578643202782 15.431370851397514 2.577683987057586
      vertex 6.758578643202782 15.968629148602485 2.577683987057586
      vertex 6.758578643202782 18.320101015269756 3.1999999999999997
    endloop
  endfacet
  facet normal 1 0 0
    outer loop
      vertex 6.758578643202782 15.968629148602485 2.577683987057586
      vertex 6.758578643202782 16.047042866051196 2.5844253692392285
      vertex 6.758578643202782 18.320101015269756 3.1999999999999997
    endloop
  endfacet
  facet normal 1 0 0
    outer loop
      vertex 6.758578643202782 16.047042866051196 2.5844253692392285
      vertex 6.758578643202782 16.107040406120284 2.6000000023762353
      vertex 6.758578643202782 18.320101015269756 3.1999999999999997
    endloop
  endfacet
  facet normal 1 0 0
    outer loop
      vertex 6.758578643202782 14.43490638622931 2.644956890143242
      vertex 6.758578643202782 18.320101015269756 3.1999999999999997
      vertex 6.758578643202782 14.431370852326467 2.644956890143242
    endloop
  endfacet
  facet normal 1 0 0
    outer loop
      vertex 6.758578643202782 14.799659879259009 2.6000000023762353
      vertex 6.758578643202782 18.320101015269756 3.1999999999999997
      vertex 6.758578643202782 14.43490638622931 2.644956890143242
    endloop
  endfacet
  facet normal 1 0 0
    outer loop
      vertex 6.758578643202782 14.799659879259009 2.6000000023762353
      vertex 6.758578643202782 15.292959593879717 2.6000000023762353
      vertex 6.758578643202782 18.320101015269756 3.1999999999999997
    endloop
  endfacet
  facet normal 1 0 0
    outer loop
      vertex 6.758578643202782 14.431370852326467 2.644956890143242
      vertex 6.758578643202782 18.320101015269756 3.1999999999999997
      vertex 6.758578643202782 14.431370852326467 3.1999999999999997
    endloop
  endfacet
  facet normal 1 0 0
    outer loop
      vertex 6.758578643202782 16.107040406120284 2.6000000023762353
      vertex 6.758578643202782 18.320101015269756 2.6000000023762357
      vertex 6.758578643202782 18.320101015269756 3.1999999999999997
    endloop
  endfacet
  facet normal 0.7071067811865475 -0.7071067811865475 0
    outer loop
      vertex 6.758578643202782 18.320101015269756 2.6000000023762357
      vertex 6.799999997019768 18.361522369086742 2.6414213562373092
      vertex 6.758578643202782 18.320101015269756 3.1999999999999997
    endloop
  endfacet
  facet normal 0.7071067811865476 -0.7071067811865476 0
    outer loop
      vertex 6.799999997019768 18.361522369086742 2.6414213562373092
      vertex 6.799999997019768 18.361522369086742 3.1999999999999997
      vertex 6.758578643202782 18.320101015269756 3.1999999999999997
    endloop
  endfacet
  facet normal 0 1 -1.2575484694036342e-11
    outer loop
      vertex 6.758578643202782 0.7999999970197678 1.2414213562373093
      vertex 6.758578643202782 0.7999999970443978 3.1999999999999997
      vertex 21.44142135977745 0.7999999970197678 1.2414213562373093
    endloop
  endfacet
  facet normal 0.7071067811865476 -0.7071067811865476 0
    outer loop
      vertex 10.27989898622036 21.841421358287334 2.3999999991831293
      vertex 10.27989898622036 21.841421358287334 3.1999999999999997
      vertex 10.038477629423141 21.600000001490116 2.6414213562373092
    endloop
  endfacet
  facet normal 0.7071067811865475 -0.7071067811865475 0
    outer loop
      vertex 10.038477629423141 21.600000001490116 2.6414213562373092
      vertex 10.27989898622036 21.841421358287334 3.1999999999999997
      vertex 10.038477629423141 21.600000001490116 3.1999999999999997
    endloop
  endfacet
  facet normal 0 -1 0
    outer loop
      vertex 10.27989898622036 21.841421358287334 2.3999999991831293
      vertex 17.72010101377964 21.841421358287334 3.1999999999999997
      vertex 10.27989898622036 21.841421358287334 3.1999999999999997
    endloop
  endfacet
  facet normal 0 0 1
    outer loop
      vertex 6.758578643202782 0.8000000000000007 1.2414213562373093
      vertex 21.44142135977745 0.7999999970197678 1.2414213562373093
      vertex 21.44142135977745 0.8000000000000007 1.2414213562373093
    endloop
  endfacet
  facet normal 1.677473240852782e-12 1 0
    outer loop
      vertex 21.44142135977745 0.7999999970197678 1.2414213562373093
      vertex 6.758578643202782 0.7999999970443978 3.1999999999999997
      vertex 21.44142135977745 0.7999999970197678 3.1999999999999997
    endloop
  endfacet
  facet normal 0 -1 0
    outer loop
      vertex 10.27989898622036 21.841421358287334 2.3999999991831293
      vertex 17.72010101377964 21.841421358287334 2.3999999991831293
      vertex 17.72010101377964 21.841421358287334 3.1999999999999997
    endloop
  endfacet
  facet normal -0.7071067811865476 -0.7071067811865476 0
    outer loop
      vertex 17.72010101377964 21.841421358287334 2.3999999991831293
      vertex 17.96152237057686 21.600000001490116 2.6414213562373092
      vertex 17.72010101377964 21.841421358287334 3.1999999999999997
    endloop
  endfacet
  facet normal -0.707106781186558 -0.7071067811865371 -8.994786900450677e-15
    outer loop
      vertex 17.96152237057686 21.600000001490116 2.6414213562373092
      vertex 17.96152237057685 21.600000001490116 3.1999999999999997
      vertex 17.72010101377964 21.841421358287334 3.1999999999999997
    endloop
  endfacet
  facet normal -1 0 0
    outer loop
      vertex 21.44142135977745 0.7999999970197678 1.2414213562373093
      vertex 21.44142135977745 0.8000000000000007 2.399999998509884
      vertex 21.44142135977745 0.8000000000000007 1.2414213562373093
    endloop
  endfacet
  facet normal -1 0 0
    outer loop
      vertex 21.44142135977745 0.7999999970197678 1.2414213562373093
      vertex 21.44142135977745 0.7999999970197678 3.1999999999999997
      vertex 21.44142135977745 0.8000000000000007 2.399999998509884
    endloop
  endfacet
  facet normal -1 0 0
    outer loop
      vertex 21.44142135977745 0.8000000000000007 2.399999998509884
      vertex 21.44142135977745 12.200000002980232 2.3999999991831293
      vertex 21.44142135977745 12.200000002980232 2.399999998509884
    endloop
  endfacet
  facet normal -1 0 0
    outer loop
      vertex 21.44142135977745 0.8000000000000007 2.399999998509884
      vertex 21.44142135977745 0.7999999970197678 3.1999999999999997
      vertex 21.44142135977745 12.200000002980232 2.3999999991831293
    endloop
  endfacet
  facet normal -1 0 0
    outer loop
      vertex 21.44142135977745 12.200000002980232 2.3999999991831293
      vertex 21.44142135977745 0.7999999970197678 3.1999999999999997
      vertex 21.44142135977745 18.120101012289524 2.3999999991831293
    endloop
  endfacet
  facet normal -1 0 0
    outer loop
      vertex 21.44142135977745 18.120101012289524 2.3999999991831293
      vertex 21.44142135977745 0.7999999970197678 3.1999999999999997
      vertex 21.44142135977745 18.120101012289524 3.1999999999999997
    endloop
  endfacet
  facet normal -0.7071067811865476 -0.7071067811865476 0
    outer loop
      vertex 21.44142135977745 18.120101012289524 2.3999999991831293
      vertex 21.44142135977745 18.120101012289524 3.1999999999999997
      vertex 21.200000002980232 18.361522369086742 2.6414213562373092
    endloop
  endfacet
  facet normal -0.7071067811865475 -0.7071067811865475 0
    outer loop
      vertex 21.200000002980232 18.361522369086742 2.6414213562373092
      vertex 21.44142135977745 18.120101012289524 3.1999999999999997
      vertex 21.200000002980232 18.361522369086742 3.1999999999999997
    endloop
  endfacet
  facet normal -1 0 0
    outer loop
      vertex 0 1.5 3.1999999999999997
      vertex 0 54.5 0
      vertex 0 1.5 0
    endloop
  endfacet
  facet normal 0 0 -1
    outer loop
      vertex 1.5 0 0
      vertex 0 1.5 0
      vertex 26.5 0 0
    endloop
  endfacet
  facet normal 0 0 1
    outer loop
      vertex 0 1.5 3.1999999999999997
      vertex 1.5 0 3.1999999999999997
      vertex 0.9999999985098835 0.8000000059604631 3.1999999999999997
    endloop
  endfacet
  facet normal 0 0 1
    outer loop
      vertex 0 1.5 3.1999999999999997
      vertex 0.9999999985098835 0.8000000059604631 3.1999999999999997
      vertex 0.9999999985098835 8.67279221266508 3.1999999999999997
    endloop
  endfacet
  facet normal 0 0 1
    outer loop
      vertex 1.5 0 3.1999999999999997
      vertex 6.758578643202782 0.7999999970443978 3.1999999999999997
      vertex 0.9999999985098835 0.8000000059604631 3.1999999999999997
    endloop
  endfacet
  facet normal 0 0 1
    outer loop
      vertex 0 1.5 3.1999999999999997
      vertex 0.9999999985098835 8.67279221266508 3.1999999999999997
      vertex 0.9999999985098835 28.800000005960463 3.1999999999999997
    endloop
  endfacet
  facet normal 0 0 1
    outer loop
      vertex 0.9999999985098835 0.8000000059604631 3.1999999999999997
      vertex 6.758578643202782 0.7999999970443978 3.1999999999999997
      vertex 6.758578643202782 0.8000000059604631 3.1999999999999997
    endloop
  endfacet
  facet normal 0 0 1
    outer loop
      vertex 6.758578643202782 14.431370852326467 3.1999999999999997
      vertex 6.758578643202782 18.320101015269756 3.1999999999999997
      vertex 0.9999999985098835 8.67279221266508 3.1999999999999997
    endloop
  endfacet
  facet normal 0 0 1
    outer loop
      vertex 0.9999999985098835 8.67279221266508 3.1999999999999997
      vertex 6.758578643202782 18.320101015269756 3.1999999999999997
      vertex 0.9999999985098835 28.800000005960463 3.1999999999999997
    endloop
  endfacet
  facet normal 0 0 1
    outer loop
      vertex 0 1.5 3.1999999999999997
      vertex 0.9999999985098835 28.800000005960463 3.1999999999999997
      vertex 0.9999999985098835 36.67279221266508 3.1999999999999997
    endloop
  endfacet
  facet normal 0 0 1
    outer loop
      vertex 6.758578643202782 18.320101015269756 3.1999999999999997
      vertex 6.799999997019768 18.361522369086742 3.1999999999999997
      vertex 0.9999999985098835 28.800000005960463 3.1999999999999997
    endloop
  endfacet
  facet normal 0 0 1
    outer loop
      vertex 6.799999997019768 18.361522369086742 3.1999999999999997
      vertex 6.758578643202782 28.7999999970444 3.1999999999999997
      vertex 0.9999999985098835 28.800000005960463 3.1999999999999997
    endloop
  endfacet
  facet normal 0 -1 0
    outer loop
      vertex 1.5 0 0
      vertex 26.5 0 3.1999999999999997
      vertex 1.5 0 3.1999999999999997
    endloop
  endfacet
  facet normal 0 0 1
    outer loop
      vertex 1.5 0 3.1999999999999997
      vertex 21.44142135977745 0.7999999970197678 3.1999999999999997
      vertex 6.758578643202782 0.7999999970443978 3.1999999999999997
    endloop
  endfacet
  facet normal 0 0 1
    outer loop
      vertex 10.038477629423141 21.600000001490116 3.1999999999999997
      vertex 6.758578643202782 28.7999999970444 3.1999999999999997
      vertex 6.799999997019768 18.361522369086742 3.1999999999999997
    endloop
  endfacet
  facet normal 0 0 1
    outer loop
      vertex 10.038477629423141 21.600000001490116 3.1999999999999997
      vertex 10.27989898622036 21.841421358287334 3.1999999999999997
      vertex 6.758578643202782 28.7999999970444 3.1999999999999997
    endloop
  endfacet
  facet normal 0 0 1
    outer loop
      vertex 10.27989898622036 21.841421358287334 3.1999999999999997
      vertex 17.72010101377964 21.841421358287334 3.1999999999999997
      vertex 6.758578643202782 28.7999999970444 3.1999999999999997
    endloop
  endfacet
  facet normal 0 0 -1
    outer loop
      vertex 0 1.5 0
      vertex 0 54.5 0
      vertex 28 54.5 0
    endloop
  endfacet
  facet normal 0 0 -1
    outer loop
      vertex 0 54.5 0
      vertex 1.5 56 0
      vertex 28 54.5 0
    endloop
  endfacet
  facet normal 0 1 0
    outer loop
      vertex 1.5 56 0
      vertex 1.5 56 3.1999999999999997
      vertex 26.5 56 0
    endloop
  endfacet
  facet normal -1 0 0
    outer loop
      vertex 0 1.5 3.1999999999999997
      vertex 0 54.5 3.1999999999999997
      vertex 0 54.5 0
    endloop
  endfacet
  facet normal 0 0 1
    outer loop
      vertex 0 1.5 3.1999999999999997
      vertex 0.9999999985098835 36.67279221266508 3.1999999999999997
      vertex 0 54.5 3.1999999999999997
    endloop
  endfacet
  facet normal 0 0 1
    outer loop
      vertex 0.9999999985098835 28.800000005960463 3.1999999999999997
      vertex 6.758578643202782 28.7999999970444 3.1999999999999997
      vertex 6.758578643202782 28.800000005960463 3.1999999999999997
    endloop
  endfacet
  facet normal 0 0 1
    outer loop
      vertex 0 54.5 3.1999999999999997
      vertex 0.9999999985098835 36.67279221266508 3.1999999999999997
      vertex 6.758578643202782 42.43137085232647 3.1999999999999997
    endloop
  endfacet
  facet normal 0 0 1
    outer loop
      vertex 0 54.5 3.1999999999999997
      vertex 6.758578643202782 42.43137085232647 3.1999999999999997
      vertex 6.758578643202782 46.320101015269756 3.1999999999999997
    endloop
  endfacet
  facet normal 0 0 1
    outer loop
      vertex 0 54.5 3.1999999999999997
      vertex 6.758578643202782 46.320101015269756 3.1999999999999997
      vertex 6.799999997019768 46.36152236908674 3.1999999999999997
    endloop
  endfacet
  facet normal 0 0 1
    outer loop
      vertex 0 54.5 3.1999999999999997
      vertex 10.038477629423141 49.600000001490116 3.1999999999999997
      vertex 1.5 56 3.1999999999999997
    endloop
  endfacet
  facet normal 0 0 1
    outer loop
      vertex 0 54.5 3.1999999999999997
      vertex 6.799999997019768 46.36152236908674 3.1999999999999997
      vertex 10.038477629423141 49.600000001490116 3.1999999999999997
    endloop
  endfacet
  facet normal 0 0 1
    outer loop
      vertex 1.5 56 3.1999999999999997
      vertex 10.038477629423141 49.600000001490116 3.1999999999999997
      vertex 10.27989898622036 49.841421358287334 3.1999999999999997
    endloop
  endfacet
  facet normal 0 0 1
    outer loop
      vertex 1.5 56 3.1999999999999997
      vertex 10.27989898622036 49.841421358287334 3.1999999999999997
      vertex 17.72010101377964 49.841421358287334 3.1999999999999997
    endloop
  endfacet
  facet normal 0 0 -1
    outer loop
      vertex 0 1.5 0
      vertex 28 1.5 0
      vertex 26.5 0 0
    endloop
  endfacet
  facet normal 0 -1 0
    outer loop
      vertex 1.5 0 0
      vertex 26.5 0 0
      vertex 26.5 0 3.1999999999999997
    endloop
  endfacet
  facet normal 0 0 -1
    outer loop
      vertex 0 1.5 0
      vertex 28 54.5 0
      vertex 28 1.5 0
    endloop
  endfacet
  facet normal 0 0 1
    outer loop
      vertex 26.5 0 3.1999999999999997
      vertex 21.44142135977745 0.7999999970197678 3.1999999999999997
      vertex 1.5 0 3.1999999999999997
    endloop
  endfacet
  facet normal 0 0 1
    outer loop
      vertex 17.72010101377964 21.841421358287334 3.1999999999999997
      vertex 21.44142135977745 28.799999997019768 3.1999999999999997
      vertex 6.758578643202782 28.7999999970444 3.1999999999999997
    endloop
  endfacet
  facet normal 0 0 1
    outer loop
      vertex 17.72010101377964 21.841421358287334 3.1999999999999997
      vertex 17.96152237057685 21.600000001490116 3.1999999999999997
      vertex 21.44142135977745 28.799999997019768 3.1999999999999997
    endloop
  endfacet
  facet normal 0 0 1
    outer loop
      vertex 17.96152237057685 21.600000001490116 3.1999999999999997
      vertex 21.200000002980232 18.361522369086742 3.1999999999999997
      vertex 21.44142135977745 28.799999997019768 3.1999999999999997
    endloop
  endfacet
  facet normal 0 0 1
    outer loop
      vertex 26.5 0 3.1999999999999997
      vertex 28 1.5 3.1999999999999997
      vertex 21.44142135977745 0.7999999970197678 3.1999999999999997
    endloop
  endfacet
  facet normal 1 0 0
    outer loop
      vertex 28 1.5 3.1999999999999997
      vertex 28 1.5 0
      vertex 28 54.5 3.1999999999999997
    endloop
  endfacet
  facet normal 0 0 1
    outer loop
      vertex 21.44142135977745 18.120101012289524 3.1999999999999997
      vertex 21.44142135977745 28.799999997019768 3.1999999999999997
      vertex 21.200000002980232 18.361522369086742 3.1999999999999997
    endloop
  endfacet
  facet normal 0 0 1
    outer loop
      vertex 28 54.5 3.1999999999999997
      vertex 21.44142135977745 18.120101012289524 3.1999999999999997
      vertex 21.44142135977745 0.7999999970197678 3.1999999999999997
    endloop
  endfacet
  facet normal 0 0 1
    outer loop
      vertex 28 1.5 3.1999999999999997
      vertex 28 54.5 3.1999999999999997
      vertex 21.44142135977745 0.7999999970197678 3.1999999999999997
    endloop
  endfacet
  facet normal 0 0 -1
    outer loop
      vertex 26.5 56 0
      vertex 28 54.5 0
      vertex 1.5 56 0
    endloop
  endfacet
  facet normal 1 0 0
    outer loop
      vertex 28 1.5 0
      vertex 28 54.5 0
      vertex 28 54.5 3.1999999999999997
    endloop
  endfacet
  facet normal 0 1 0
    outer loop
      vertex 1.5 56 3.1999999999999997
      vertex 26.5 56 3.1999999999999997
      vertex 26.5 56 0
    endloop
  endfacet
  facet normal 0 0 1
    outer loop
      vertex 28 54.5 3.1999999999999997
      vertex 1.5 56 3.1999999999999997
      vertex 17.72010101377964 49.841421358287334 3.1999999999999997
    endloop
  endfacet
  facet normal 0 0 1
    outer loop
      vertex 28 54.5 3.1999999999999997
      vertex 26.5 56 3.1999999999999997
      vertex 1.5 56 3.1999999999999997
    endloop
  endfacet
  facet normal 0 0 1
    outer loop
      vertex 28 54.5 3.1999999999999997
      vertex 21.44142135977745 28.799999997019768 3.1999999999999997
      vertex 21.44142135977745 18.120101012289524 3.1999999999999997
    endloop
  endfacet
  facet normal 0 0 1
    outer loop
      vertex 28 54.5 3.1999999999999997
      vertex 21.44142135977745 46.120101012289524 3.1999999999999997
      vertex 21.44142135977745 28.799999997019768 3.1999999999999997
    endloop
  endfacet
  facet normal 0 0 1
    outer loop
      vertex 28 54.5 3.1999999999999997
      vertex 21.200000002980232 46.36152236908674 3.1999999999999997
      vertex 21.44142135977745 46.120101012289524 3.1999999999999997
    endloop
  endfacet
  facet normal 0 0 1
    outer loop
      vertex 28 54.5 3.1999999999999997
      vertex 17.72010101377964 49.841421358287334 3.1999999999999997
      vertex 17.96152237057685 49.600000001490116 3.1999999999999997
    endloop
  endfacet
  facet normal 0 0 1
    outer loop
      vertex 28 54.5 3.1999999999999997
      vertex 17.96152237057685 49.600000001490116 3.1999999999999997
      vertex 21.200000002980232 46.36152236908674 3.1999999999999997
    endloop
  endfacet
endsolid OpenSCAD_Model
