solid OpenSCAD_Model
  facet normal -0.11724771469951506 -0.2799284182310891 -0.9528342217114064
    outer loop
      vertex 1 14.483367919921875 0.0340728759765625
      vertex 0.859771728515625 14.352584838867188 0.08975028991699219
      vertex 0.811431884765625 14.557830810546875 0.035400390625
    endloop
  endfacet
  facet normal -0.2775317413091571 -0.30647422988056355 -0.9105216521231236
    outer loop
      vertex 0.859771728515625 14.352584838867188 0.08975028991699219
      vertex 0.594482421875 14.530181884765625 0.11083412170410156
      vertex 0.811431884765625 14.557830810546875 0.035400390625
    endloop
  endfacet
  facet normal -0.009913366602452546 -0.3826678921976963 -0.9238327821871108
    outer loop
      vertex 1 14.483367919921875 0.0340728759765625
      vertex 1 14.2421875 0.1339740753173828
      vertex 0.859771728515625 14.352584838867188 0.08975028991699219
    endloop
  endfacet
  facet normal -0.13031044218731472 -0.05678413030448242 -0.9898458219351689
    outer loop
      vertex 0.811431884765625 14.557830810546875 0.035400390625
      vertex 0.741180419921875 14.7421875 0.0340728759765625
      vertex 1 14.7421875 0
    endloop
  endfacet
  facet normal -0.058420719692169595 -0.13029811730239838 -0.9897522013807797
    outer loop
      vertex 1 14.483367919921875 0.0340728759765625
      vertex 0.811431884765625 14.557830810546875 0.035400390625
      vertex 1 14.7421875 0
    endloop
  endfacet
  facet normal -0.3115141604193042 -0.12548900423705256 -0.9419190186389959
    outer loop
      vertex 0.811431884765625 14.557830810546875 0.035400390625
      vertex 0.594482421875 14.530181884765625 0.11083412170410156
      vertex 0.741180419921875 14.7421875 0.0340728759765625
    endloop
  endfacet
  facet normal -0.3817602725886557 -0.06954009618695273 -0.9216416165166071
    outer loop
      vertex 0.741180419921875 14.7421875 0.0340728759765625
      vertex 0.594482421875 14.530181884765625 0.11083412170410156
      vertex 0.5 14.7421875 0.1339740753173828
    endloop
  endfacet
  facet normal -0.4901367145013209 -0.3228483766693321 -0.8096511142336728
    outer loop
      vertex 0.637054443359375 14.324203491210938 0.16719627380371094
      vertex 0.397369384765625 14.526016235351562 0.23182106018066406
      vertex 0.594482421875 14.530181884765625 0.11083412170410156
    endloop
  endfacet
  facet normal -0.5160165850346593 -0.13769003475465064 -0.8454397307309559
    outer loop
      vertex 0.5 14.7421875 0.1339740753173828
      vertex 0.594482421875 14.530181884765625 0.11083412170410156
      vertex 0.397369384765625 14.526016235351562 0.23182106018066406
    endloop
  endfacet
  facet normal -0.22618478994237604 -0.5023557854859324 -0.8345532371200384
    outer loop
      vertex 0.859771728515625 14.352584838867188 0.08975028991699219
      vertex 0.914794921875 14.165817260742188 0.18726158142089844
      vertex 0.637054443359375 14.324203491210938 0.16719627380371094
    endloop
  endfacet
  facet normal -0.27755268870475025 -0.30650761255483877 -0.910504029886028
    outer loop
      vertex 0.859771728515625 14.352584838867188 0.08975028991699219
      vertex 0.637054443359375 14.324203491210938 0.16719627380371094
      vertex 0.594482421875 14.530181884765625 0.11083412170410156
    endloop
  endfacet
  facet normal -0.10808992062968287 -0.48494322938809825 -0.8678402118644372
    outer loop
      vertex 0.859771728515625 14.352584838867188 0.08975028991699219
      vertex 1 14.2421875 0.1339740753173828
      vertex 0.914794921875 14.165817260742188 0.18726158142089844
    endloop
  endfacet
  facet normal -0.22615922065556218 -0.5023149405202324 -0.8345847515037789
    outer loop
      vertex 0.637054443359375 14.324203491210938 0.16719627380371094
      vertex 0.914794921875 14.165817260742188 0.18726158142089844
      vertex 0.69683837890625 14.138031005859375 0.2630481719970703
    endloop
  endfacet
  facet normal 0.04941081640463773 -0.6080158591972707 -0.7923858190217892
    outer loop
      vertex 1 14.2421875 0.1339740753173828
      vertex 1 14.035079956054688 0.2928924560546875
      vertex 0.914794921875 14.165817260742188 0.18726158142089844
    endloop
  endfacet
  facet normal 0 -0.38268669689617013 -0.9238781802914814
    outer loop
      vertex 1 14.483367919921875 0.0340728759765625
      vertex 3.9000244140625 14.483367919921875 0.0340728759765625
      vertex 1 14.2421875 0.1339740753173828
    endloop
  endfacet
  facet normal 0 -0.13052104055558153 -0.9914455395896883
    outer loop
      vertex 1 14.483367919921875 0.0340728759765625
      vertex 1 14.7421875 0
      vertex 3.9000244140625 14.7421875 0
    endloop
  endfacet
  facet normal 0 -0.6087594347226258 -0.793354870556795
    outer loop
      vertex 1 14.2421875 0.1339740753173828
      vertex 3.9000244140625 14.2421875 0.1339740753173828
      vertex 1 14.035079956054688 0.2928924560546875
    endloop
  endfacet
  facet normal -0.11812032910891548 -0.6695057968977148 -0.7333550134631641
    outer loop
      vertex 0.914794921875 14.165817260742188 0.18726158142089844
      vertex 1 14.035079956054688 0.2928924560546875
      vertex 0.97381591796875 14.006378173828125 0.32331275939941406
    endloop
  endfacet
  facet normal -0.16417182542424252 -0.6747652643631912 -0.7195411383275765
    outer loop
      vertex 0.97381591796875 14.006378173828125 0.32331275939941406
      vertex 0.77099609375 13.980514526367188 0.3938426971435547
      vertex 0.69683837890625 14.138031005859375 0.2630481719970703
    endloop
  endfacet
  facet normal -0.3677812994122993 -0.6904158293005841 -0.622946946740882
    outer loop
      vertex 0.77099609375 13.980514526367188 0.3938426971435547
      vertex 0.498809814453125 14.13385009765625 0.3845958709716797
      vertex 0.69683837890625 14.138031005859375 0.2630481719970703
    endloop
  endfacet
  facet normal 0.16028212299919647 -0.7830942960637156 -0.6008934718561555
    outer loop
      vertex 1 14.035079956054688 0.2928924560546875
      vertex 1 13.87615966796875 0.5
      vertex 0.97381591796875 14.006378173828125 0.32331275939941406
    endloop
  endfacet
  facet normal -0.3677871301743562 -0.6904253364693517 -0.622932967211797
    outer loop
      vertex 0.77099609375 13.980514526367188 0.3938426971435547
      vertex 0.586700439453125 13.97662353515625 0.5069656372070312
      vertex 0.498809814453125 14.13385009765625 0.3845958709716797
    endloop
  endfacet
  facet normal -0.09894525372262716 -0.8079914975226743 -0.580826632220692
    outer loop
      vertex 0.97381591796875 14.006378173828125 0.32331275939941406
      vertex 1 13.87615966796875 0.5
      vertex 0.77099609375 13.980514526367188 0.3938426971435547
    endloop
  endfacet
  facet normal -0.49013461939522784 -0.32284505857679424 -0.8096537056191626
    outer loop
      vertex 0.637054443359375 14.324203491210938 0.16719627380371094
      vertex 0.4346923828125 14.319915771484375 0.2914085388183594
      vertex 0.397369384765625 14.526016235351562 0.23182106018066406
    endloop
  endfacet
  facet normal -0.43925105910321516 -0.5187136509668241 -0.7334811895184302
    outer loop
      vertex 0.4346923828125 14.319915771484375 0.2914085388183594
      vertex 0.69683837890625 14.138031005859375 0.2630481719970703
      vertex 0.498809814453125 14.13385009765625 0.3845958709716797
    endloop
  endfacet
  facet normal -0.6766322655316702 -0.31495801094393683 -0.6655600863811759
    outer loop
      vertex 0.4346923828125 14.319915771484375 0.2914085388183594
      vertex 0.231170654296875 14.545562744140625 0.39153480529785156
      vertex 0.397369384765625 14.526016235351562 0.23182106018066406
    endloop
  endfacet
  facet normal -0.6072990452799876 -0.06988892295273709 -0.7913933333371731
    outer loop
      vertex 0.5 14.7421875 0.1339740753173828
      vertex 0.397369384765625 14.526016235351562 0.23182106018066406
      vertex 0.29290771484375 14.7421875 0.2928924560546875
    endloop
  endfacet
  facet normal -0.6947244220878022 -0.13618568898654823 -0.7062658390932046
    outer loop
      vertex 0.397369384765625 14.526016235351562 0.23182106018066406
      vertex 0.231170654296875 14.545562744140625 0.39153480529785156
      vertex 0.29290771484375 14.7421875 0.2928924560546875
    endloop
  endfacet
  facet normal -0.4392407566385821 -0.51869588085451 -0.73349992562517
    outer loop
      vertex 0.637054443359375 14.324203491210938 0.16719627380371094
      vertex 0.69683837890625 14.138031005859375 0.2630481719970703
      vertex 0.4346923828125 14.319915771484375 0.2914085388183594
    endloop
  endfacet
  facet normal -0.1641719499336951 -0.6747654385396387 -0.7195409465814835
    outer loop
      vertex 0.914794921875 14.165817260742188 0.18726158142089844
      vertex 0.97381591796875 14.006378173828125 0.32331275939941406
      vertex 0.69683837890625 14.138031005859375 0.2630481719970703
    endloop
  endfacet
  facet normal -0.6261951099632039 -0.5107937816303293 -0.5890410825281702
    outer loop
      vertex 0.4346923828125 14.319915771484375 0.2914085388183594
      vertex 0.498809814453125 14.13385009765625 0.3845958709716797
      vertex 0.264068603515625 14.339996337890625 0.4553813934326172
    endloop
  endfacet
  facet normal -0.6766523829072674 -0.31499246713258666 -0.6655233266803224
    outer loop
      vertex 0.4346923828125 14.319915771484375 0.2914085388183594
      vertex 0.264068603515625 14.339996337890625 0.4553813934326172
      vertex 0.231170654296875 14.545562744140625 0.39153480529785156
    endloop
  endfacet
  facet normal -0.7921262115428681 -0.056187644109072066 -0.6077655910268495
    outer loop
      vertex 0.29290771484375 14.7421875 0.2928924560546875
      vertex 0.231170654296875 14.545562744140625 0.39153480529785156
      vertex 0.134002685546875 14.7421875 0.5
    endloop
  endfacet
  facet normal 0 -0.7933513418582181 -0.6087640334084831
    outer loop
      vertex 1 14.035079956054688 0.2928924560546875
      vertex 3.9000244140625 14.035079956054688 0.2928924560546875
      vertex 1 13.87615966796875 0.5
    endloop
  endfacet
  facet normal 0 -0.38268669689617013 -0.9238781802914814
    outer loop
      vertex 1 14.2421875 0.1339740753173828
      vertex 3.9000244140625 14.483367919921875 0.0340728759765625
      vertex 3.9000244140625 14.2421875 0.1339740753173828
    endloop
  endfacet
  facet normal 0 -0.13052104055558153 -0.9914455395896883
    outer loop
      vertex 1 14.483367919921875 0.0340728759765625
      vertex 3.9000244140625 14.7421875 0
      vertex 3.9000244140625 14.483367919921875 0.0340728759765625
    endloop
  endfacet
  facet normal 0.11724771469951506 -0.2799284182310891 -0.9528342217114064
    outer loop
      vertex 3.9000244140625 14.483367919921875 0.0340728759765625
      vertex 4.088592529296875 14.557830810546875 0.035400390625
      vertex 4.040252685546875 14.352584838867188 0.08975028991699219
    endloop
  endfacet
  facet normal 0.009913366602452546 -0.3826678921976963 -0.9238327821871108
    outer loop
      vertex 3.9000244140625 14.483367919921875 0.0340728759765625
      vertex 4.040252685546875 14.352584838867188 0.08975028991699219
      vertex 3.9000244140625 14.2421875 0.1339740753173828
    endloop
  endfacet
  facet normal 0.27755920514918586 -0.3064781334481531 -0.9105119666182803
    outer loop
      vertex 4.040252685546875 14.352584838867188 0.08975028991699219
      vertex 4.088592529296875 14.557830810546875 0.035400390625
      vertex 4.262969970703125 14.324203491210938 0.16719627380371094
    endloop
  endfacet
  facet normal 0.277525051465968 -0.3065044929475659 -0.9105135043544206
    outer loop
      vertex 4.088592529296875 14.557830810546875 0.035400390625
      vertex 4.3055419921875 14.530181884765625 0.11083412170410156
      vertex 4.262969970703125 14.324203491210938 0.16719627380371094
    endloop
  endfacet
  facet normal 0.058420719692169595 -0.13029811730239838 -0.9897522013807797
    outer loop
      vertex 3.9000244140625 14.483367919921875 0.0340728759765625
      vertex 3.9000244140625 14.7421875 0
      vertex 4.088592529296875 14.557830810546875 0.035400390625
    endloop
  endfacet
  facet normal 0.13031044218731472 -0.05678413030448242 -0.9898458219351689
    outer loop
      vertex 4.088592529296875 14.557830810546875 0.035400390625
      vertex 3.9000244140625 14.7421875 0
      vertex 4.158843994140625 14.7421875 0.0340728759765625
    endloop
  endfacet
  facet normal 0.3115141604193042 -0.12548900423705256 -0.9419190186389959
    outer loop
      vertex 4.088592529296875 14.557830810546875 0.035400390625
      vertex 4.158843994140625 14.7421875 0.0340728759765625
      vertex 4.3055419921875 14.530181884765625 0.11083412170410156
    endloop
  endfacet
  facet normal 0.3817602725886557 -0.06954009618695273 -0.9216416165166071
    outer loop
      vertex 4.158843994140625 14.7421875 0.0340728759765625
      vertex 4.4000244140625 14.7421875 0.1339740753173828
      vertex 4.3055419921875 14.530181884765625 0.11083412170410156
    endloop
  endfacet
  facet normal 0.10808992062968287 -0.48494322938809825 -0.8678402118644372
    outer loop
      vertex 4.040252685546875 14.352584838867188 0.08975028991699219
      vertex 3.9852294921875 14.165817260742188 0.18726158142089844
      vertex 3.9000244140625 14.2421875 0.1339740753173828
    endloop
  endfacet
  facet normal 0.22614796983392743 -0.5023514957842693 -0.8345657975398347
    outer loop
      vertex 4.040252685546875 14.352584838867188 0.08975028991699219
      vertex 4.20318603515625 14.138031005859375 0.2630481719970703
      vertex 3.9852294921875 14.165817260742188 0.18726158142089844
    endloop
  endfacet
  facet normal -0.04941081640463773 -0.6080158591972707 -0.7923858190217892
    outer loop
      vertex 3.9000244140625 14.2421875 0.1339740753173828
      vertex 3.9852294921875 14.165817260742188 0.18726158142089844
      vertex 3.9000244140625 14.035079956054688 0.2928924560546875
    endloop
  endfacet
  facet normal 0.2261957988973815 -0.5023200114255088 -0.8345717864166342
    outer loop
      vertex 4.040252685546875 14.352584838867188 0.08975028991699219
      vertex 4.262969970703125 14.324203491210938 0.16719627380371094
      vertex 4.20318603515625 14.138031005859375 0.2630481719970703
    endloop
  endfacet
  facet normal 0.4901339955350985 -0.32284827607273614 -0.80965280031484
    outer loop
      vertex 4.262969970703125 14.324203491210938 0.16719627380371094
      vertex 4.3055419921875 14.530181884765625 0.11083412170410156
      vertex 4.46533203125 14.319915771484375 0.2914085388183594
    endloop
  endfacet
  facet normal 0 -0.7933513418582181 -0.6087640334084831
    outer loop
      vertex 3.9000244140625 14.035079956054688 0.2928924560546875
      vertex 3.9000244140625 13.87615966796875 0.5
      vertex 1 13.87615966796875 0.5
    endloop
  endfacet
  facet normal 0 -0.6087594347226258 -0.793354870556795
    outer loop
      vertex 1 14.035079956054688 0.2928924560546875
      vertex 3.9000244140625 14.2421875 0.1339740753173828
      vertex 3.9000244140625 14.035079956054688 0.2928924560546875
    endloop
  endfacet
  facet normal 0.11812032910891548 -0.6695057968977148 -0.7333550134631641
    outer loop
      vertex 3.9852294921875 14.165817260742188 0.18726158142089844
      vertex 3.92620849609375 14.006378173828125 0.32331275939941406
      vertex 3.9000244140625 14.035079956054688 0.2928924560546875
    endloop
  endfacet
  facet normal 0.16417176000249442 -0.6747654200250196 -0.7195410072790447
    outer loop
      vertex 3.9852294921875 14.165817260742188 0.18726158142089844
      vertex 4.1290283203125 13.980514526367188 0.3938426971435547
      vertex 3.92620849609375 14.006378173828125 0.32331275939941406
    endloop
  endfacet
  facet normal 0.1641720108049066 -0.6747652936852421 -0.7195410685333692
    outer loop
      vertex 3.9852294921875 14.165817260742188 0.18726158142089844
      vertex 4.20318603515625 14.138031005859375 0.2630481719970703
      vertex 4.1290283203125 13.980514526367188 0.3938426971435547
    endloop
  endfacet
  facet normal -0.16028212299919647 -0.7830942960637156 -0.6008934718561555
    outer loop
      vertex 3.9000244140625 14.035079956054688 0.2928924560546875
      vertex 3.92620849609375 14.006378173828125 0.32331275939941406
      vertex 3.9000244140625 13.87615966796875 0.5
    endloop
  endfacet
  facet normal 0.09894525372262716 -0.8079914975226743 -0.580826632220692
    outer loop
      vertex 3.92620849609375 14.006378173828125 0.32331275939941406
      vertex 4.1290283203125 13.980514526367188 0.3938426971435547
      vertex 3.9000244140625 13.87615966796875 0.5
    endloop
  endfacet
  facet normal 0.36779208107169264 -0.6904157201032973 -0.6229407022624215
    outer loop
      vertex 4.1290283203125 13.980514526367188 0.3938426971435547
      vertex 4.20318603515625 14.138031005859375 0.2630481719970703
      vertex 4.313323974609375 13.97662353515625 0.5069656372070312
    endloop
  endfacet
  facet normal 0.36777669192600526 -0.6904247788863687 -0.62293974794973
    outer loop
      vertex 4.20318603515625 14.138031005859375 0.2630481719970703
      vertex 4.401214599609375 14.13385009765625 0.3845958709716797
      vertex 4.313323974609375 13.97662353515625 0.5069656372070312
    endloop
  endfacet
  facet normal 0.43925692304337144 -0.5186960325933702 -0.733490137173205
    outer loop
      vertex 4.262969970703125 14.324203491210938 0.16719627380371094
      vertex 4.401214599609375 14.13385009765625 0.3845958709716797
      vertex 4.20318603515625 14.138031005859375 0.2630481719970703
    endloop
  endfacet
  facet normal 0 0 -1
    outer loop
      vertex 1 14.7421875 0
      vertex 3.9000244140625 16.896041870117188 0
      vertex 3.9000244140625 14.7421875 0
    endloop
  endfacet
  facet normal 0.1305203416284287 -0.003272578773261504 -0.9914402304977195
    outer loop
      vertex 3.9000244140625 14.7421875 0
      vertex 4.0950927734375 16.700958251953125 0.019214630126953125
      vertex 4.158843994140625 14.7421875 0.0340728759765625
    endloop
  endfacet
  facet normal 0.3826822430696035 -0.004824571002767068 -0.9238674279104422
    outer loop
      vertex 4.158843994140625 14.7421875 0.0340728759765625
      vertex 4.282684326171875 16.51336669921875 0.07612037658691406
      vertex 4.4000244140625 14.7421875 0.1339740753173828
    endloop
  endfacet
  facet normal 0.29235603764508 0.0022611179253614134 -0.956306872608472
    outer loop
      vertex 4.158843994140625 14.7421875 0.0340728759765625
      vertex 4.0950927734375 16.700958251953125 0.019214630126953125
      vertex 4.282684326171875 16.51336669921875 0.07612037658691406
    endloop
  endfacet
  facet normal 0.09802761792125979 0 -0.9951836946637961
    outer loop
      vertex 3.9000244140625 14.7421875 0
      vertex 3.9000244140625 16.896041870117188 0
      vertex 4.0950927734375 16.700958251953125 0.019214630126953125
    endloop
  endfacet
  facet normal -0.49201139450197495 -0.6891123779773898 -0.5320234188441042
    outer loop
      vertex 0.498809814453125 14.13385009765625 0.3845958709716797
      vertex 0.586700439453125 13.97662353515625 0.5069656372070312
      vertex 0.5 13.9921875 0.566986083984375
    endloop
  endfacet
  facet normal -0.5623076489828781 -0.6548518921462377 -0.5049545595871378
    outer loop
      vertex 0.498809814453125 14.13385009765625 0.3845958709716797
      vertex 0.5 13.9921875 0.566986083984375
      vertex 0.33184814453125 14.153488159179688 0.5450534820556641
    endloop
  endfacet
  facet normal -0.31960159568073204 -0.7735176914865212 -0.5472889556675641
    outer loop
      vertex 0.77099609375 13.980514526367188 0.3938426971435547
      vertex 0.741180419921875 13.905670166015625 0.5170364379882812
      vertex 0.586700439453125 13.97662353515625 0.5069656372070312
    endloop
  endfacet
  facet normal -0.13037158866804546 -0.8330301039993876 -0.5376468122280087
    outer loop
      vertex 0.77099609375 13.980514526367188 0.3938426971435547
      vertex 1 13.87615966796875 0.5
      vertex 0.741180419921875 13.905670166015625 0.5170364379882812
    endloop
  endfacet
  facet normal -0.3779761474273039 -0.8684628115600942 -0.3207902381824443
    outer loop
      vertex 0.586700439453125 13.97662353515625 0.5069656372070312
      vertex 0.741180419921875 13.905670166015625 0.5170364379882812
      vertex 0.5 13.9921875 0.566986083984375
    endloop
  endfacet
  facet normal -0.608769556960631 -0.6882761749400144 -0.39455738939715684
    outer loop
      vertex 0.5 13.9921875 0.566986083984375
      vertex 0.29290771484375 14.129806518554688 0.6464462280273438
      vertex 0.33184814453125 14.153488159179688 0.5450534820556641
    endloop
  endfacet
  facet normal -0.8266202585905402 -0.28331078093970924 -0.4862447423788153
    outer loop
      vertex 0.231170654296875 14.545562744140625 0.39153480529785156
      vertex 0.264068603515625 14.339996337890625 0.4553813934326172
      vertex 0.10528564453125 14.587738037109375 0.5809669494628906
    endloop
  endfacet
  facet normal -0.6261892851338691 -0.5107813087626782 -0.5890580903461216
    outer loop
      vertex 0.498809814453125 14.13385009765625 0.3845958709716797
      vertex 0.33184814453125 14.153488159179688 0.5450534820556641
      vertex 0.264068603515625 14.339996337890625 0.4553813934326172
    endloop
  endfacet
  facet normal -0.8389519582087708 -0.12203531402966364 -0.5303461076951071
    outer loop
      vertex 0.231170654296875 14.545562744140625 0.39153480529785156
      vertex 0.10528564453125 14.587738037109375 0.5809669494628906
      vertex 0.134002685546875 14.7421875 0.5
    endloop
  endfacet
  facet normal -0.7764381377720718 -0.4790387753823448 -0.4094699865597239
    outer loop
      vertex 0.264068603515625 14.339996337890625 0.4553813934326172
      vertex 0.33184814453125 14.153488159179688 0.5450534820556641
      vertex 0.134796142578125 14.383285522460938 0.6498641967773438
    endloop
  endfacet
  facet normal -0.8265731339978722 -0.28321030819225695 -0.4863833626745288
    outer loop
      vertex 0.264068603515625 14.339996337890625 0.4553813934326172
      vertex 0.134796142578125 14.383285522460938 0.6498641967773438
      vertex 0.10528564453125 14.587738037109375 0.5809669494628906
    endloop
  endfacet
  facet normal -0.7763561000107774 -0.47873625119469837 -0.40997903332744046
    outer loop
      vertex 0.33184814453125 14.153488159179688 0.5450534820556641
      vertex 0.29290771484375 14.129806518554688 0.6464462280273438
      vertex 0.134796142578125 14.383285522460938 0.6498641967773438
    endloop
  endfacet
  facet normal -0.9234754977850888 -0.028851669025591282 -0.3825710210993775
    outer loop
      vertex 0.134002685546875 14.7421875 0.5
      vertex 0.10528564453125 14.587738037109375 0.5809669494628906
      vertex 0.034088134765625 14.7421875 0.741180419921875
    endloop
  endfacet
  facet normal -0.7911944752758369 -0.48855987499094666 -0.3678594172259614
    outer loop
      vertex 0.134796142578125 14.383285522460938 0.6498641967773438
      vertex 0.29290771484375 14.129806518554688 0.6464462280273438
      vertex 0.134002685546875 14.309173583984375 0.75
    endloop
  endfacet
  facet normal -0.9227245015429344 -0.3062998192793014 -0.23400836515349324
    outer loop
      vertex 0.134796142578125 14.383285522460938 0.6498641967773438
      vertex 0.134002685546875 14.309173583984375 0.75
      vertex 0.034088134765625 14.518035888671875 0.8705902099609375
    endloop
  endfacet
  facet normal -0.9315003804952785 -0.22953833248414493 -0.28216873508159895
    outer loop
      vertex 0.134796142578125 14.383285522460938 0.6498641967773438
      vertex 0.026763916015625 14.650131225585938 0.7894287109375
      vertex 0.10528564453125 14.587738037109375 0.5809669494628906
    endloop
  endfacet
  facet normal -0.9406295011952751 -0.09582814724743194 -0.3256272526620775
    outer loop
      vertex 0.10528564453125 14.587738037109375 0.5809669494628906
      vertex 0.026763916015625 14.650131225585938 0.7894287109375
      vertex 0.034088134765625 14.7421875 0.741180419921875
    endloop
  endfacet
  facet normal -0.9308913847672705 -0.22731080436727488 -0.28595633929671155
    outer loop
      vertex 0.134796142578125 14.383285522460938 0.6498641967773438
      vertex 0.034088134765625 14.518035888671875 0.8705902099609375
      vertex 0.026763916015625 14.650131225585938 0.7894287109375
    endloop
  endfacet
  facet normal -0.9913839200638896 0.010442166607894128 -0.13057137586503534
    outer loop
      vertex 0.034088134765625 14.7421875 0.741180419921875
      vertex 0.026763916015625 14.650131225585938 0.7894287109375
      vertex 0 14.7421875 1
    endloop
  endfacet
  facet normal 0.13037158866804546 -0.8330301039993876 -0.5376468122280087
    outer loop
      vertex 4.1290283203125 13.980514526367188 0.3938426971435547
      vertex 4.158843994140625 13.905670166015625 0.5170364379882812
      vertex 3.9000244140625 13.87615966796875 0.5
    endloop
  endfacet
  facet normal 0.31960159568073204 -0.7735176914865212 -0.5472889556675641
    outer loop
      vertex 4.1290283203125 13.980514526367188 0.3938426971435547
      vertex 4.313323974609375 13.97662353515625 0.5069656372070312
      vertex 4.158843994140625 13.905670166015625 0.5170364379882812
    endloop
  endfacet
  facet normal 0.49201139450197495 -0.6891123779773898 -0.5320234188441042
    outer loop
      vertex 4.313323974609375 13.97662353515625 0.5069656372070312
      vertex 4.401214599609375 14.13385009765625 0.3845958709716797
      vertex 4.4000244140625 13.9921875 0.566986083984375
    endloop
  endfacet
  facet normal 0.3779761474273039 -0.8684628115600942 -0.3207902381824443
    outer loop
      vertex 4.158843994140625 13.905670166015625 0.5170364379882812
      vertex 4.313323974609375 13.97662353515625 0.5069656372070312
      vertex 4.4000244140625 13.9921875 0.566986083984375
    endloop
  endfacet
  facet normal 0.49013735483628906 -0.3228450734617234 -0.8096520437419892
    outer loop
      vertex 4.3055419921875 14.530181884765625 0.11083412170410156
      vertex 4.502655029296875 14.526016235351562 0.23182106018066406
      vertex 4.46533203125 14.319915771484375 0.2914085388183594
    endloop
  endfacet
  facet normal 0.5160165850346593 -0.13769003475465064 -0.8454397307309559
    outer loop
      vertex 4.3055419921875 14.530181884765625 0.11083412170410156
      vertex 4.4000244140625 14.7421875 0.1339740753173828
      vertex 4.502655029296875 14.526016235351562 0.23182106018066406
    endloop
  endfacet
  facet normal 0.4392350172425524 -0.5187131217158611 -0.7334911703543002
    outer loop
      vertex 4.262969970703125 14.324203491210938 0.16719627380371094
      vertex 4.46533203125 14.319915771484375 0.2914085388183594
      vertex 4.401214599609375 14.13385009765625 0.3845958709716797
    endloop
  endfacet
  facet normal 0.6765964404191085 -0.3149615663581637 -0.6655948230939028
    outer loop
      vertex 4.46533203125 14.319915771484375 0.2914085388183594
      vertex 4.502655029296875 14.526016235351562 0.23182106018066406
      vertex 4.635986328125 14.339996337890625 0.4553813934326172
    endloop
  endfacet
  facet normal 0.6072990452799876 -0.06988892295273709 -0.7913933333371731
    outer loop
      vertex 4.4000244140625 14.7421875 0.1339740753173828
      vertex 4.60711669921875 14.7421875 0.2928924560546875
      vertex 4.502655029296875 14.526016235351562 0.23182106018066406
    endloop
  endfacet
  facet normal 0.6947244220878022 -0.13618568898654823 -0.7062658390932046
    outer loop
      vertex 4.502655029296875 14.526016235351562 0.23182106018066406
      vertex 4.60711669921875 14.7421875 0.2928924560546875
      vertex 4.668853759765625 14.545562744140625 0.39153480529785156
    endloop
  endfacet
  facet normal 0.6766410618405433 -0.3149064248570374 -0.6655755531981783
    outer loop
      vertex 4.502655029296875 14.526016235351562 0.23182106018066406
      vertex 4.668853759765625 14.545562744140625 0.39153480529785156
      vertex 4.635986328125 14.339996337890625 0.4553813934326172
    endloop
  endfacet
  facet normal 0.6261250073671295 -0.5108029589186726 -0.5891076406815998
    outer loop
      vertex 4.46533203125 14.319915771484375 0.2914085388183594
      vertex 4.568206787109375 14.153488159179688 0.5450534820556641
      vertex 4.401214599609375 14.13385009765625 0.3845958709716797
    endloop
  endfacet
  facet normal 0.626142396735945 -0.5107861948352999 -0.5891036939074833
    outer loop
      vertex 4.46533203125 14.319915771484375 0.2914085388183594
      vertex 4.635986328125 14.339996337890625 0.4553813934326172
      vertex 4.568206787109375 14.153488159179688 0.5450534820556641
    endloop
  endfacet
  facet normal 0.7920674125426224 -0.05624202530653499 -0.6078371892023837
    outer loop
      vertex 4.60711669921875 14.7421875 0.2928924560546875
      vertex 4.76605224609375 14.7421875 0.5
      vertex 4.668853759765625 14.545562744140625 0.39153480529785156
    endloop
  endfacet
  facet normal 0.6087827573130073 -0.004015418920666639 -0.7933268121078876
    outer loop
      vertex 4.4000244140625 14.7421875 0.1339740753173828
      vertex 4.455596923828125 16.340484619140625 0.16852951049804688
      vertex 4.60711669921875 14.7421875 0.2928924560546875
    endloop
  endfacet
  facet normal 0.47334754543919955 0.002586379474507417 -0.8808719611089335
    outer loop
      vertex 4.4000244140625 14.7421875 0.1339740753173828
      vertex 4.282684326171875 16.51336669921875 0.07612037658691406
      vertex 4.455596923828125 16.340484619140625 0.16852951049804688
    endloop
  endfacet
  facet normal -0.0008382537525993001 -0.472055424755708 -0.8815684733980419
    outer loop
      vertex 4.455596923828125 16.340484619140625 0.16852951049804688
      vertex 4.282684326171875 16.51336669921875 0.07612037658691406
      vertex 9.510009765625 16.396041870117188 0.1339740753173828
    endloop
  endfacet
  facet normal 0.7933138182398006 -0.004840549724329545 -0.6087936882624153
    outer loop
      vertex 4.60711669921875 14.7421875 0.2928924560546875
      vertex 4.731475830078125 16.0645751953125 0.4444293975830078
      vertex 4.76605224609375 14.7421875 0.5
    endloop
  endfacet
  facet normal 0.7730205173693605 0 -0.6343810209377374
    outer loop
      vertex 4.60711669921875 14.7421875 0.2928924560546875
      vertex 4.60711669921875 16.188934326171875 0.2928924560546875
      vertex 4.731475830078125 16.0645751953125 0.4444293975830078
    endloop
  endfacet
  facet normal 0.6344355930327389 0 -0.7729757294334648
    outer loop
      vertex 4.60711669921875 14.7421875 0.2928924560546875
      vertex 4.455596923828125 16.340484619140625 0.16852951049804688
      vertex 4.60711669921875 16.188934326171875 0.2928924560546875
    endloop
  endfacet
  facet normal 0 -0.634359250714869 -0.773038382638579
    outer loop
      vertex 4.455596923828125 16.340484619140625 0.16852951049804688
      vertex 9.510009765625 16.188934326171875 0.2928924560546875
      vertex 4.60711669921875 16.188934326171875 0.2928924560546875
    endloop
  endfacet
  facet normal 0 -0.7730205173693605 -0.6343810209377375
    outer loop
      vertex 4.60711669921875 16.188934326171875 0.2928924560546875
      vertex 9.510009765625 16.188934326171875 0.2928924560546875
      vertex 4.731475830078125 16.0645751953125 0.4444293975830078
    endloop
  endfacet
  facet normal 0.0012674613153399363 -0.6087589457491409 -0.793354233310826
    outer loop
      vertex 4.455596923828125 16.340484619140625 0.16852951049804688
      vertex 9.510009765625 16.396041870117188 0.1339740753173828
      vertex 9.510009765625 16.188934326171875 0.2928924560546875
    endloop
  endfacet
  facet normal 0.0013433667624888168 -0.7933788556990321 -0.6087266929381655
    outer loop
      vertex 4.731475830078125 16.0645751953125 0.4444293975830078
      vertex 9.510009765625 16.188934326171875 0.2928924560546875
      vertex 9.510009765625 16.030029296875 0.5
    endloop
  endfacet
  facet normal 0.5622376226639049 -0.6548892752618745 -0.5049840520335442
    outer loop
      vertex 4.401214599609375 14.13385009765625 0.3845958709716797
      vertex 4.568206787109375 14.153488159179688 0.5450534820556641
      vertex 4.4000244140625 13.9921875 0.566986083984375
    endloop
  endfacet
  facet normal 0.6087692664631785 -0.6883690699971102 -0.3943957450089912
    outer loop
      vertex 4.4000244140625 13.9921875 0.566986083984375
      vertex 4.568206787109375 14.153488159179688 0.5450534820556641
      vertex 4.60711669921875 14.129806518554688 0.6464462280273438
    endloop
  endfacet
  facet normal 0.8266289308729822 -0.28320416169133095 -0.486292107117215
    outer loop
      vertex 4.668853759765625 14.545562744140625 0.39153480529785156
      vertex 4.765228271484375 14.383285522460938 0.6498641967773438
      vertex 4.635986328125 14.339996337890625 0.4553813934326172
    endloop
  endfacet
  facet normal 0.8389514555039438 -0.12218368339701736 -0.5303127405780022
    outer loop
      vertex 4.668853759765625 14.545562744140625 0.39153480529785156
      vertex 4.76605224609375 14.7421875 0.5
      vertex 4.79473876953125 14.587738037109375 0.5809669494628906
    endloop
  endfacet
  facet normal 0.8266391479724496 -0.28318666573664375 -0.486284928193693
    outer loop
      vertex 4.668853759765625 14.545562744140625 0.39153480529785156
      vertex 4.79473876953125 14.587738037109375 0.5809669494628906
      vertex 4.765228271484375 14.383285522460938 0.6498641967773438
    endloop
  endfacet
  facet normal 0.7762268800720742 -0.4791128493249627 -0.4097837335293939
    outer loop
      vertex 4.635986328125 14.339996337890625 0.4553813934326172
      vertex 4.60711669921875 14.129806518554688 0.6464462280273438
      vertex 4.568206787109375 14.153488159179688 0.5450534820556641
    endloop
  endfacet
  facet normal 0.7765502319372811 -0.4788643229893094 -0.40946147248080034
    outer loop
      vertex 4.635986328125 14.339996337890625 0.4553813934326172
      vertex 4.765228271484375 14.383285522460938 0.6498641967773438
      vertex 4.60711669921875 14.129806518554688 0.6464462280273438
    endloop
  endfacet
  facet normal 0.9235135404558635 -0.028974074679109885 -0.3824699250806075
    outer loop
      vertex 4.76605224609375 14.7421875 0.5
      vertex 4.865936279296875 14.7421875 0.741180419921875
      vertex 4.79473876953125 14.587738037109375 0.5809669494628906
    endloop
  endfacet
  facet normal 0.7911262201088292 -0.4885145086678651 -0.3680664052549635
    outer loop
      vertex 4.60711669921875 14.129806518554688 0.6464462280273438
      vertex 4.765228271484375 14.383285522460938 0.6498641967773438
      vertex 4.76605224609375 14.309173583984375 0.75
    endloop
  endfacet
  facet normal 0.9227558762890381 -0.30610201518566543 -0.23414343696402057
    outer loop
      vertex 4.765228271484375 14.383285522460938 0.6498641967773438
      vertex 4.865936279296875 14.518035888671875 0.8705902099609375
      vertex 4.76605224609375 14.309173583984375 0.75
    endloop
  endfacet
  facet normal 0.9307472010135475 -0.230108299964522 -0.2841827195536082
    outer loop
      vertex 4.765228271484375 14.383285522460938 0.6498641967773438
      vertex 4.79473876953125 14.587738037109375 0.5809669494628906
      vertex 4.865936279296875 14.518035888671875 0.8705902099609375
    endloop
  endfacet
  facet normal 0.9406295011952751 -0.09582814724743194 -0.3256272526620775
    outer loop
      vertex 4.79473876953125 14.587738037109375 0.5809669494628906
      vertex 4.865936279296875 14.7421875 0.741180419921875
      vertex 4.873260498046875 14.650131225585938 0.7894287109375
    endloop
  endfacet
  facet normal 0.9320094780726071 -0.22584301221469644 -0.2834665176288354
    outer loop
      vertex 4.79473876953125 14.587738037109375 0.5809669494628906
      vertex 4.873260498046875 14.650131225585938 0.7894287109375
      vertex 4.865936279296875 14.518035888671875 0.8705902099609375
    endloop
  endfacet
  facet normal 0.9913839200638896 0.010442166607894128 -0.13057137586503534
    outer loop
      vertex 4.865936279296875 14.7421875 0.741180419921875
      vertex 4.9000244140625 14.7421875 1
      vertex 4.873260498046875 14.650131225585938 0.7894287109375
    endloop
  endfacet
  facet normal 0.8826616916547563 0.0033282649790439 -0.46999708588181005
    outer loop
      vertex 4.76605224609375 14.7421875 0.5
      vertex 4.731475830078125 16.0645751953125 0.4444293975830078
      vertex 4.823883056640625 15.97216796875 0.6173171997070312
    endloop
  endfacet
  facet normal 0.9238791549101444 -0.006943700391648067 -0.3826213430369357
    outer loop
      vertex 4.76605224609375 14.7421875 0.5
      vertex 4.823883056640625 15.97216796875 0.6173171997070312
      vertex 4.865936279296875 14.7421875 0.741180419921875
    endloop
  endfacet
  facet normal -0.0008997742421217691 -0.8821276080008779 -0.47100963218278535
    outer loop
      vertex 4.731475830078125 16.0645751953125 0.4444293975830078
      vertex 9.510009765625 16.030029296875 0.5
      vertex 4.823883056640625 15.97216796875 0.6173171997070312
    endloop
  endfacet
  facet normal 0.9572220641886142 0.0035908498748160856 -0.28933203353183196
    outer loop
      vertex 4.865936279296875 14.7421875 0.741180419921875
      vertex 4.823883056640625 15.97216796875 0.6173171997070312
      vertex 4.88079833984375 15.915267944335938 0.8049087524414062
    endloop
  endfacet
  facet normal 0.989061891942336 -0.004521357361613095 -0.14743178502295753
    outer loop
      vertex 4.865936279296875 14.7421875 0.741180419921875
      vertex 4.88079833984375 15.915267944335938 0.8049087524414062
      vertex 4.89520263671875 15.900863647460938 0.9019832611083984
    endloop
  endfacet
  facet normal -0.0009229826853958866 -0.9570251173527196 -0.2900035738727643
    outer loop
      vertex 4.823883056640625 15.97216796875 0.6173171997070312
      vertex 9.510009765625 15.93011474609375 0.741180419921875
      vertex 4.88079833984375 15.915267944335938 0.8049087524414062
    endloop
  endfacet
  facet normal 0.0011494729018004582 -0.9891441949089864 -0.14694366400053172
    outer loop
      vertex 4.88079833984375 15.915267944335938 0.8049087524414062
      vertex 9.510009765625 15.93011474609375 0.741180419921875
      vertex 4.89520263671875 15.900863647460938 0.9019832611083984
    endloop
  endfacet
  facet normal 0.0018255812450269056 -0.9238585576007314 -0.3827297124616974
    outer loop
      vertex 4.823883056640625 15.97216796875 0.6173171997070312
      vertex 9.510009765625 16.030029296875 0.5
      vertex 9.510009765625 15.93011474609375 0.741180419921875
    endloop
  endfacet
  facet normal -0.99128767494 -0.10434770278627428 -0.08037600658950488
    outer loop
      vertex 0.026763916015625 14.650131225585938 0.7894287109375
      vertex 0.034088134765625 14.518035888671875 0.8705902099609375
      vertex 0 14.7421875 1
    endloop
  endfacet
  facet normal 0.99128767494 -0.10434770278627428 -0.08037600658950488
    outer loop
      vertex 4.873260498046875 14.650131225585938 0.7894287109375
      vertex 4.9000244140625 14.7421875 1
      vertex 4.865936279296875 14.518035888671875 0.8705902099609375
    endloop
  endfacet
  facet normal 0.9914142347677054 -0.006920133051746778 -0.13057536849847035
    outer loop
      vertex 4.865936279296875 14.7421875 0.741180419921875
      vertex 4.89520263671875 15.900863647460938 0.9019832611083984
      vertex 4.9000244140625 14.7421875 1
    endloop
  endfacet
  facet normal 0.9987921960612423 0 -0.049133991158474
    outer loop
      vertex 4.9000244140625 14.7421875 1
      vertex 4.89520263671875 15.900863647460938 0.9019832611083984
      vertex 4.9000244140625 15.896041870117188 1
    endloop
  endfacet
  facet normal 0.004610798449540425 -0.998770422326372 -0.049359740919681386
    outer loop
      vertex 4.89520263671875 15.900863647460938 0.9019832611083984
      vertex 9.510009765625 15.93011474609375 0.741180419921875
      vertex 4.9000244140625 15.896041870117188 1
    endloop
  endfacet
  facet normal -0.13052104055558153 0 -0.9914455395896884
    outer loop
      vertex 0.741180419921875 14.7421875 0.0340728759765625
      vertex 0.741180419921875 20.3953857421875 0.0340728759765625
      vertex 1 14.7421875 0
    endloop
  endfacet
  facet normal -0.3826866968961701 0 -0.9238781802914813
    outer loop
      vertex 0.741180419921875 14.7421875 0.0340728759765625
      vertex 0.5 14.7421875 0.1339740753173828
      vertex 0.5 20.3953857421875 0.1339740753173828
    endloop
  endfacet
  facet normal 0 0 -1
    outer loop
      vertex 1 14.7421875 0
      vertex 1.021792747981941 19.387706508215857 0
      vertex 1.1696486203159275 19.111087627168637 0
    endloop
  endfacet
  facet normal 0 0 -1
    outer loop
      vertex 1 14.7421875 0
      vertex 1 19.45954757047105 0
      vertex 1.021792747981941 19.387706508215857 0
    endloop
  endfacet
  facet normal -0.10592812259398023 -0.00003081820938698886 -0.9943737888208601
    outer loop
      vertex 1 14.7421875 0
      vertex 0.9791390232672451 19.528316994565884 0.0020739325423150086
      vertex 0.9985287792740317 19.4643975352324 0.00001037194654966763
    endloop
  endfacet
  facet normal -0.007049716353433604 0 -0.9999751504409178
    outer loop
      vertex 1 14.7421875 0
      vertex 0.9985287792740317 19.4643975352324 0.00001037194654966763
      vertex 1 19.45954757047105 0
    endloop
  endfacet
  facet normal -0.15888236344724072 -0.00026469256730332283 -0.9872974853220603
    outer loop
      vertex 1 14.7421875 0
      vertex 0.9554607526591012 19.60637379191262 0.005863467710896533
      vertex 0.9791390232672451 19.528316994565884 0.0020739325423150086
    endloop
  endfacet
  facet normal -0.13052104055558136 2.5889010519964254e-18 -0.9914455395896884
    outer loop
      vertex 1 14.7421875 0
      vertex 0.9307435513548312 19.687855484774193 0.009117418336555941
      vertex 0.9554607526591012 19.60637379191262 0.005863467710896533
    endloop
  endfacet
  facet normal 0 0 -1
    outer loop
      vertex 1 14.7421875 0
      vertex 1.8877065082158562 18.52179274798194 0
      vertex 2.187855484774195 18.43074355135483 0
    endloop
  endfacet
  facet normal 0 0 -1
    outer loop
      vertex 1 14.7421875 0
      vertex 2.187855484774195 18.43074355135483 0
      vertex 2.5 18.4 0
    endloop
  endfacet
  facet normal 0 0 -1
    outer loop
      vertex 1 14.7421875 0
      vertex 2.5 18.4 0
      vertex 2.812144515225805 18.43074355135483 0
    endloop
  endfacet
  facet normal 0 0 -1
    outer loop
      vertex 1 14.7421875 0
      vertex 1.3686291501015238 18.868629150101523 0
      vertex 1.6110876271686365 18.66964862031593 0
    endloop
  endfacet
  facet normal 0 0 -1
    outer loop
      vertex 1 14.7421875 0
      vertex 1.1696486203159275 19.111087627168637 0
      vertex 1.3686291501015238 18.868629150101523 0
    endloop
  endfacet
  facet normal 0 0 -1
    outer loop
      vertex 1 14.7421875 0
      vertex 1.6110876271686365 18.66964862031593 0
      vertex 1.8877065082158562 18.52179274798194 0
    endloop
  endfacet
  facet normal -0.6087876652538752 0 -0.7933332078230027
    outer loop
      vertex 0.5 14.7421875 0.1339740753173828
      vertex 0.29290771484375 14.7421875 0.2928924560546875
      vertex 0.29290771484375 20.3953857421875 0.2928924560546875
    endloop
  endfacet
  facet normal -0.7933795715793326 0 -0.608727242203431
    outer loop
      vertex 0.29290771484375 14.7421875 0.2928924560546875
      vertex 0.134002685546875 14.7421875 0.5
      vertex 0.134002685546875 20.3953857421875 0.5
    endloop
  endfacet
  facet normal -0.1305210405555816 -3.737560632036251e-19 -0.9914455395896883
    outer loop
      vertex 1 14.7421875 0
      vertex 0.8999999999999999 20 0.01316472114137485
      vertex 0.9307435513548312 19.687855484774193 0.009117418336555941
    endloop
  endfacet
  facet normal -0.3826866968961701 0 -0.9238781802914813
    outer loop
      vertex 0.741180419921875 14.7421875 0.0340728759765625
      vertex 0.5 20.3953857421875 0.1339740753173828
      vertex 0.741180419921875 20.3953857421875 0.0340728759765625
    endloop
  endfacet
  facet normal -0.6087876652538752 0 -0.7933332078230027
    outer loop
      vertex 0.5 14.7421875 0.1339740753173828
      vertex 0.29290771484375 20.3953857421875 0.2928924560546875
      vertex 0.5 20.3953857421875 0.1339740753173828
    endloop
  endfacet
  facet normal -0.7933795715793326 0 -0.608727242203431
    outer loop
      vertex 0.29290771484375 14.7421875 0.2928924560546875
      vertex 0.134002685546875 20.3953857421875 0.5
      vertex 0.29290771484375 20.3953857421875 0.2928924560546875
    endloop
  endfacet
  facet normal 0 0 -1
    outer loop
      vertex 1 14.7421875 0
      vertex 2.812144515225805 18.43074355135483 0
      vertex 3.9000244140625 16.896041870117188 0
    endloop
  endfacet
  facet normal 0 0 -1
    outer loop
      vertex 3.9000244140625 16.896041870117188 0
      vertex 2.812144515225805 18.43074355135483 0
      vertex 3.112293491784144 18.52179274798194 0
    endloop
  endfacet
  facet normal 0 0 -1
    outer loop
      vertex 3.9000244140625 16.896041870117188 0
      vertex 3.112293491784144 18.52179274798194 0
      vertex 3.3889123728313635 18.66964862031593 0
    endloop
  endfacet
  facet normal 0 0 -1
    outer loop
      vertex 3.9000244140625 16.896041870117188 0
      vertex 3.3889123728313635 18.66964862031593 0
      vertex 3.6313708498984765 18.868629150101523 0
    endloop
  endfacet
  facet normal 0 0 -1
    outer loop
      vertex 3.9000244140625 16.896041870117188 0
      vertex 3.6313708498984765 18.868629150101523 0
      vertex 3.8303513796840725 19.111087627168637 0
    endloop
  endfacet
  facet normal 0 0 -1
    outer loop
      vertex 3.9000244140625 16.896041870117188 0
      vertex 3.8303513796840725 19.111087627168637 0
      vertex 3.978207252018059 19.387706508215857 0
    endloop
  endfacet
  facet normal -0.9238600970979433 0 -0.38273035023391955
    outer loop
      vertex 0.134002685546875 14.7421875 0.5
      vertex 0.034088134765625 14.7421875 0.741180419921875
      vertex 0.034088134765625 20.3953857421875 0.741180419921875
    endloop
  endfacet
  facet normal -0.9914379741624647 0 -0.13057849512315448
    outer loop
      vertex 0.034088134765625 14.7421875 0.741180419921875
      vertex 0 14.7421875 1
      vertex 0.034088134765625 20.3953857421875 0.741180419921875
    endloop
  endfacet
  facet normal -0.9238600970979433 0 -0.38273035023391955
    outer loop
      vertex 0.134002685546875 14.7421875 0.5
      vertex 0.034088134765625 20.3953857421875 0.741180419921875
      vertex 0.134002685546875 20.3953857421875 0.5
    endloop
  endfacet
  facet normal -0.13052104055558147 7.880351118741813e-19 -0.9914455395896883
    outer loop
      vertex 1 14.7421875 0
      vertex 0.741180419921875 26.048583984375 0.0340728759765625
      vertex 0.8999999999999999 20 0.01316472114137485
    endloop
  endfacet
  facet normal -0.13052104055558153 0 -0.9914455395896884
    outer loop
      vertex 1 14.7421875 0
      vertex 0.741180419921875 20.3953857421875 0.0340728759765625
      vertex 0.741180419921875 26.048583984375 0.0340728759765625
    endloop
  endfacet
  facet normal -0.3826866968961701 0 -0.9238781802914813
    outer loop
      vertex 0.741180419921875 20.3953857421875 0.0340728759765625
      vertex 0.5 20.3953857421875 0.1339740753173828
      vertex 0.5 26.048583984375 0.1339740753173828
    endloop
  endfacet
  facet normal -0.6087876652538752 0 -0.7933332078230027
    outer loop
      vertex 0.5 20.3953857421875 0.1339740753173828
      vertex 0.29290771484375 20.3953857421875 0.2928924560546875
      vertex 0.29290771484375 26.048583984375 0.2928924560546875
    endloop
  endfacet
  facet normal -0.7933795715793326 0 -0.608727242203431
    outer loop
      vertex 0.29290771484375 20.3953857421875 0.2928924560546875
      vertex 0.134002685546875 20.3953857421875 0.5
      vertex 0.134002685546875 26.048583984375 0.5
    endloop
  endfacet
  facet normal -0.9914379741624647 0 -0.13057849512315448
    outer loop
      vertex 0 14.7421875 1
      vertex 0.034088134765625 26.048583984375 0.741180419921875
      vertex 0.034088134765625 20.3953857421875 0.741180419921875
    endloop
  endfacet
  facet normal -0.9238600970979433 0 -0.38273035023391955
    outer loop
      vertex 0.134002685546875 20.3953857421875 0.5
      vertex 0.034088134765625 20.3953857421875 0.741180419921875
      vertex 0.034088134765625 26.048583984375 0.741180419921875
    endloop
  endfacet
  facet normal -0.0008002478088904944 -0.2910195134406941 -0.9567167827524434
    outer loop
      vertex 4.0950927734375 16.700958251953125 0.019214630126953125
      vertex 9.510009765625 16.637222290039062 0.0340728759765625
      vertex 4.282684326171875 16.51336669921875 0.07612037658691406
    endloop
  endfacet
  facet normal 0.0016358474809166706 -0.3826861848616048 -0.9238769441430438
    outer loop
      vertex 4.282684326171875 16.51336669921875 0.07612037658691406
      vertex 9.510009765625 16.637222290039062 0.0340728759765625
      vertex 9.510009765625 16.396041870117188 0.1339740753173828
    endloop
  endfacet
  facet normal 0 -0.6087594347226258 -0.7933548705567951
    outer loop
      vertex 9.510009765625 16.396041870117188 0.1339740753173828
      vertex 15.120025634765625 16.396041870117188 0.1339740753173828
      vertex 9.510009765625 16.188934326171875 0.2928924560546875
    endloop
  endfacet
  facet normal 0 -0.7933795715793326 -0.6087272422034311
    outer loop
      vertex 9.510009765625 16.188934326171875 0.2928924560546875
      vertex 15.120025634765625 16.188934326171875 0.2928924560546875
      vertex 9.510009765625 16.030029296875 0.5
    endloop
  endfacet
  facet normal 0 -0.9914455395896884 -0.13052104055558156
    outer loop
      vertex 4.9000244140625 15.896041870117188 1
      vertex 9.510009765625 15.93011474609375 0.741180419921875
      vertex 15.120025634765625 15.93011474609375 0.741180419921875
    endloop
  endfacet
  facet normal 0 -0.9238600970979434 -0.3827303502339196
    outer loop
      vertex 9.510009765625 16.030029296875 0.5
      vertex 15.120025634765625 16.030029296875 0.5
      vertex 9.510009765625 15.93011474609375 0.741180419921875
    endloop
  endfacet
  facet normal 0 -0.6087594347226258 -0.7933548705567951
    outer loop
      vertex 9.510009765625 16.188934326171875 0.2928924560546875
      vertex 15.120025634765625 16.396041870117188 0.1339740753173828
      vertex 15.120025634765625 16.188934326171875 0.2928924560546875
    endloop
  endfacet
  facet normal 0 -0.7933795715793326 -0.6087272422034311
    outer loop
      vertex 9.510009765625 16.030029296875 0.5
      vertex 15.120025634765625 16.188934326171875 0.2928924560546875
      vertex 15.120025634765625 16.030029296875 0.5
    endloop
  endfacet
  facet normal 0 -0.6087594347226258 -0.793354870556795
    outer loop
      vertex 15.120025634765625 16.396041870117188 0.1339740753173828
      vertex 20.730010986328125 16.396041870117188 0.1339740753173828
      vertex 15.120025634765625 16.188934326171875 0.2928924560546875
    endloop
  endfacet
  facet normal 0 -0.7933795715793327 -0.6087272422034311
    outer loop
      vertex 15.120025634765625 16.188934326171875 0.2928924560546875
      vertex 20.730010986328125 16.188934326171875 0.2928924560546875
      vertex 15.120025634765625 16.030029296875 0.5
    endloop
  endfacet
  facet normal 0 -0.9238600970979434 -0.3827303502339196
    outer loop
      vertex 9.510009765625 15.93011474609375 0.741180419921875
      vertex 15.120025634765625 16.030029296875 0.5
      vertex 15.120025634765625 15.93011474609375 0.741180419921875
    endloop
  endfacet
  facet normal 0 -0.9914455395896883 -0.13052104055558153
    outer loop
      vertex 4.9000244140625 15.896041870117188 1
      vertex 15.120025634765625 15.93011474609375 0.741180419921875
      vertex 20.730010986328125 15.93011474609375 0.741180419921875
    endloop
  endfacet
  facet normal 0 -0.9238600970979434 -0.3827303502339196
    outer loop
      vertex 15.120025634765625 16.030029296875 0.5
      vertex 20.730010986328125 16.030029296875 0.5
      vertex 15.120025634765625 15.93011474609375 0.741180419921875
    endloop
  endfacet
  facet normal 0 -0.9914455395896884 -0.13052104055558156
    outer loop
      vertex 4.9000244140625 15.896041870117188 1
      vertex 20.730010986328125 15.93011474609375 0.741180419921875
      vertex 26.34002685546875 15.93011474609375 0.741180419921875
    endloop
  endfacet
  facet normal 0 -0.22703429185053411 -0.9738867646312513
    outer loop
      vertex 4.0950927734375 16.700958251953125 0.019214630126953125
      vertex 15.120025634765625 16.637222290039062 0.0340728759765625
      vertex 9.510009765625 16.637222290039062 0.0340728759765625
    endloop
  endfacet
  facet normal 0 -0.38268669689617013 -0.9238781802914814
    outer loop
      vertex 9.510009765625 16.396041870117188 0.1339740753173828
      vertex 9.510009765625 16.637222290039062 0.0340728759765625
      vertex 15.120025634765625 16.637222290039062 0.0340728759765625
    endloop
  endfacet
  facet normal 0 -0.22703429185053414 -0.9738867646312515
    outer loop
      vertex 4.0950927734375 16.700958251953125 0.019214630126953125
      vertex 20.730010986328125 16.637222290039062 0.0340728759765625
      vertex 15.120025634765625 16.637222290039062 0.0340728759765625
    endloop
  endfacet
  facet normal 0 -0.38268669689617013 -0.9238781802914814
    outer loop
      vertex 9.510009765625 16.396041870117188 0.1339740753173828
      vertex 15.120025634765625 16.637222290039062 0.0340728759765625
      vertex 15.120025634765625 16.396041870117188 0.1339740753173828
    endloop
  endfacet
  facet normal 0 -0.3826866968961701 -0.9238781802914813
    outer loop
      vertex 15.120025634765625 16.396041870117188 0.1339740753173828
      vertex 15.120025634765625 16.637222290039062 0.0340728759765625
      vertex 20.730010986328125 16.637222290039062 0.0340728759765625
    endloop
  endfacet
  facet normal 0 0 -1
    outer loop
      vertex 3.9000244140625 16.896041870117188 0
      vertex 3.978207252018059 19.387706508215857 0
      vertex 33.029388427734375 28.416702270507812 0
    endloop
  endfacet
  facet normal 0 0 -1
    outer loop
      vertex 33.029388427734375 28.416702270507812 0
      vertex 3.978207252018059 19.387706508215857 0
      vertex 4.069256448645168 19.687855484774193 0
    endloop
  endfacet
  facet normal 0 0 -1
    outer loop
      vertex 33.029388427734375 28.416702270507812 0
      vertex 4.069256448645168 19.687855484774193 0
      vertex 4.1 20 0
    endloop
  endfacet
  facet normal -0.6087714082406245 -0.6870574021633781 -0.39667303745180016
    outer loop
      vertex 0.5 13.9921875 0.566986083984375
      vertex 0.5 11.243743896484375 5.327426910400391
      vertex 0.29290771484375 14.129806518554688 0.6464462280273438
    endloop
  endfacet
  facet normal -0.3826861500620851 -0.8001019583577731 -0.46193957048808415
    outer loop
      vertex 0.741180419921875 13.905670166015625 0.5170364379882812
      vertex 0.741180419921875 11.1572265625 5.277475357055664
      vertex 0.5 13.9921875 0.566986083984375
    endloop
  endfacet
  facet normal -0.13052926415910399 -0.8586158587134213 -0.495722622404805
    outer loop
      vertex 0.741180419921875 13.905670166015625 0.5170364379882812
      vertex 1 13.87615966796875 0.5
      vertex 0.741180419921875 11.1572265625 5.277475357055664
    endloop
  endfacet
  facet normal 0.13052926415910399 -0.8586158587134213 -0.495722622404805
    outer loop
      vertex 3.9000244140625 13.87615966796875 0.5
      vertex 4.158843994140625 13.905670166015625 0.5170364379882812
      vertex 4.158843994140625 11.1572265625 5.277475357055664
    endloop
  endfacet
  facet normal 0.3826861500626761 -0.8001020385011749 -0.4619394316752699
    outer loop
      vertex 4.158843994140625 13.905670166015625 0.5170364379882812
      vertex 4.4000244140625 13.9921875 0.566986083984375
      vertex 4.4000244140625 11.243743896484375 5.327426910400391
    endloop
  endfacet
  facet normal -0.7933877721658805 -0.5271645914079874 -0.30435725150439663
    outer loop
      vertex 0.29290771484375 14.129806518554688 0.6464462280273438
      vertex 0.29290771484375 11.381378173828125 5.406885147094727
      vertex 0.134002685546875 14.309173583984375 0.75
    endloop
  endfacet
  facet normal -0.9238571493862935 -0.33146028033718833 -0.1913688848444914
    outer loop
      vertex 0.134002685546875 14.309173583984375 0.75
      vertex 0.134002685546875 11.56072998046875 5.510438919067383
      vertex 0.034088134765625 14.518035888671875 0.8705902099609375
    endloop
  endfacet
  facet normal -0.9914383859352417 -0.1130817133436455 -0.06528746435104087
    outer loop
      vertex 0.034088134765625 14.518035888671875 0.8705902099609375
      vertex 0.034088134765625 11.769607543945312 5.63102912902832
      vertex 0 14.7421875 1
    endloop
  endfacet
  facet normal 0.6087714082130568 -0.6870582869622182 -0.3966715049746252
    outer loop
      vertex 4.4000244140625 13.9921875 0.566986083984375
      vertex 4.60711669921875 14.129806518554688 0.6464462280273438
      vertex 4.60711669921875 11.381378173828125 5.406885147094727
    endloop
  endfacet
  facet normal 0.7933313144146582 -0.5272275807606324 -0.3043953082003753
    outer loop
      vertex 4.60711669921875 14.129806518554688 0.6464462280273438
      vertex 4.76605224609375 14.309173583984375 0.75
      vertex 4.76605224609375 11.56072998046875 5.510438919067383
    endloop
  endfacet
  facet normal 0.923898481809834 -0.3313743247834283 -0.19131819616495088
    outer loop
      vertex 4.76605224609375 14.309173583984375 0.75
      vertex 4.865936279296875 14.518035888671875 0.8705902099609375
      vertex 4.865936279296875 11.769607543945312 5.63102912902832
    endloop
  endfacet
  facet normal 0.9914383859352417 -0.1130817133436455 -0.06528746435104087
    outer loop
      vertex 4.865936279296875 14.518035888671875 0.8705902099609375
      vertex 4.9000244140625 14.7421875 1
      vertex 4.865936279296875 11.769607543945312 5.63102912902832
    endloop
  endfacet
  facet normal 0 -0.8660256725326487 -0.4999995345141567
    outer loop
      vertex 1 13.87615966796875 0.5
      vertex 3.9000244140625 13.87615966796875 0.5
      vertex 1 10.129161072064491 6.99
    endloop
  endfacet
  facet normal 1 0 0
    outer loop
      vertex 4.9000244140625 14.7421875 1
      vertex 4.9000244140625 15.896041870117188 1
      vertex 4.9000244140625 15.89605712890625 6
    endloop
  endfacet
  facet normal -0.1305210405555815 3.7194654438183636e-19 -0.9914455395896883
    outer loop
      vertex 0.741180419921875 31.701797485351562 0.0340728759765625
      vertex 0.9307435513548312 20.312144515225807 0.009117418336555941
      vertex 0.8999999999999999 20 0.01316472114137485
    endloop
  endfacet
  facet normal -0.3826866968961701 0 -0.9238781802914813
    outer loop
      vertex 0.741180419921875 20.3953857421875 0.0340728759765625
      vertex 0.5 26.048583984375 0.1339740753173828
      vertex 0.741180419921875 26.048583984375 0.0340728759765625
    endloop
  endfacet
  facet normal -0.6087876652538752 0 -0.7933332078230027
    outer loop
      vertex 0.5 20.3953857421875 0.1339740753173828
      vertex 0.29290771484375 26.048583984375 0.2928924560546875
      vertex 0.5 26.048583984375 0.1339740753173828
    endloop
  endfacet
  facet normal -0.7933795715793326 0 -0.608727242203431
    outer loop
      vertex 0.29290771484375 20.3953857421875 0.2928924560546875
      vertex 0.134002685546875 26.048583984375 0.5
      vertex 0.29290771484375 26.048583984375 0.2928924560546875
    endloop
  endfacet
  facet normal -0.13052104055558153 0 -0.9914455395896884
    outer loop
      vertex 0.741180419921875 26.048583984375 0.0340728759765625
      vertex 0.741180419921875 31.701797485351562 0.0340728759765625
      vertex 0.8999999999999999 20 0.01316472114137485
    endloop
  endfacet
  facet normal -0.9238600970979433 0 -0.38273035023391955
    outer loop
      vertex 0.134002685546875 20.3953857421875 0.5
      vertex 0.034088134765625 26.048583984375 0.741180419921875
      vertex 0.134002685546875 26.048583984375 0.5
    endloop
  endfacet
  facet normal -0.9914379741624648 0 -0.13057849512315448
    outer loop
      vertex 0 14.7421875 1
      vertex 0.034088134765625 31.701797485351562 0.741180419921875
      vertex 0.034088134765625 26.048583984375 0.741180419921875
    endloop
  endfacet
  facet normal -0.13052104055558122 4.352481720601196e-18 -0.9914455395896883
    outer loop
      vertex 0.741180419921875 37.35499572753906 0.0340728759765625
      vertex 0.9484634382460392 20.370559153818476 0.006784644640761384
      vertex 0.9307435513548312 20.312144515225807 0.009117418336555941
    endloop
  endfacet
  facet normal -0.1588823634472406 -0.0002646925673033242 -0.9872974853220603
    outer loop
      vertex 0.741180419921875 43.00819396972656 0.0340728759765625
      vertex 0.9750854813227255 20.458320268461637 0.0024769229036041875
      vertex 0.9484634382460392 20.370559153818476 0.006784644640761384
    endloop
  endfacet
  facet normal -0.3826866968961701 0 -0.9238781802914813
    outer loop
      vertex 0.741180419921875 26.048583984375 0.0340728759765625
      vertex 0.5 26.048583984375 0.1339740753173828
      vertex 0.5 31.701797485351562 0.1339740753173828
    endloop
  endfacet
  facet normal -0.0070497163534337 0 -0.9999751504409178
    outer loop
      vertex 1 20.54045242952895 0
      vertex 0.9981953841205762 20.534503408237658 0.000012722346221534345
      vertex 1 44.45954757047105 0
    endloop
  endfacet
  facet normal 0 0 -1
    outer loop
      vertex 1 20.54045242952895 0
      vertex 1 44.45954757047105 0
      vertex 1.021792747981941 20.612293491784143 0
    endloop
  endfacet
  facet normal 0 0 -1
    outer loop
      vertex 1.021792747981941 20.612293491784143 0
      vertex 1.021792747981941 44.38770650821586 0
      vertex 1.1696486203159275 20.888912372831363 0
    endloop
  endfacet
  facet normal 0 0 -1
    outer loop
      vertex 1.3686291501015238 21.131370849898477 0
      vertex 1.1696486203159275 20.888912372831363 0
      vertex 1.1696486203159275 44.11108762716864 0
    endloop
  endfacet
  facet normal 0 0 -1
    outer loop
      vertex 1.3686291501015238 21.131370849898477 0
      vertex 1.3686291501015238 43.868629150101526 0
      vertex 1.6110876271686365 21.33035137968407 0
    endloop
  endfacet
  facet normal 0 0 -1
    outer loop
      vertex 1.6110876271686365 21.33035137968407 0
      vertex 1.6110876271686365 43.669648620315925 0
      vertex 1.8877065082158562 21.47820725201806 0
    endloop
  endfacet
  facet normal 0 0 -1
    outer loop
      vertex 1.8877065082158562 21.47820725201806 0
      vertex 1.8877065082158562 43.52179274798194 0
      vertex 2.187855484774195 21.56925644864517 0
    endloop
  endfacet
  facet normal -0.6087876652538753 0 -0.7933332078230027
    outer loop
      vertex 0.5 26.048583984375 0.1339740753173828
      vertex 0.29290771484375 26.048583984375 0.2928924560546875
      vertex 0.29290771484375 31.701797485351562 0.2928924560546875
    endloop
  endfacet
  facet normal -0.7933795715793326 0 -0.608727242203431
    outer loop
      vertex 0.29290771484375 26.048583984375 0.2928924560546875
      vertex 0.134002685546875 26.048583984375 0.5
      vertex 0.134002685546875 31.701797485351562 0.5
    endloop
  endfacet
  facet normal 0 0 -1
    outer loop
      vertex 2.187855484774195 43.43074355135483 0
      vertex 2.5 21.6 0
      vertex 2.187855484774195 21.56925644864517 0
    endloop
  endfacet
  facet normal 0 0 -1
    outer loop
      vertex 2.187855484774195 43.43074355135483 0
      vertex 2.812144515225805 21.56925644864517 0
      vertex 2.5 21.6 0
    endloop
  endfacet
  facet normal 0 0 -1
    outer loop
      vertex 2.187855484774195 43.43074355135483 0
      vertex 3.112293491784144 21.47820725201806 0
      vertex 2.812144515225805 21.56925644864517 0
    endloop
  endfacet
  facet normal 0 0 -1
    outer loop
      vertex 2.187855484774195 43.43074355135483 0
      vertex 3.3889123728313635 21.33035137968407 0
      vertex 3.112293491784144 21.47820725201806 0
    endloop
  endfacet
  facet normal 0 0 -1
    outer loop
      vertex 3.6313708498984765 21.131370849898477 0
      vertex 3.8303513796840725 44.11108762716864 0
      vertex 3.8303513796840725 20.888912372831363 0
    endloop
  endfacet
  facet normal 0 0 -1
    outer loop
      vertex 3.3889123728313635 21.33035137968407 0
      vertex 3.6313708498984765 43.868629150101526 0
      vertex 3.6313708498984765 21.131370849898477 0
    endloop
  endfacet
  facet normal 0 0 -1
    outer loop
      vertex 3.8303513796840725 20.888912372831363 0
      vertex 3.8303513796840725 44.11108762716864 0
      vertex 3.978207252018059 20.612293491784143 0
    endloop
  endfacet
  facet normal -0.9238600970979434 0 -0.3827303502339196
    outer loop
      vertex 0.134002685546875 26.048583984375 0.5
      vertex 0.034088134765625 26.048583984375 0.741180419921875
      vertex 0.034088134765625 31.701797485351562 0.741180419921875
    endloop
  endfacet
  facet normal -0.9914379741624647 0 -0.13057849512315448
    outer loop
      vertex 0 14.7421875 1
      vertex 0.034088134765625 37.35499572753906 0.741180419921875
      vertex 0.034088134765625 31.701797485351562 0.741180419921875
    endloop
  endfacet
  facet normal 8.069704113212398e-7 8.943619275703838e-7 0.9999999999992746
    outer loop
      vertex 8.581756591796875 25.847732543945312 0.9999885559082031
      vertex 8.945465087890625 29.784835815429688 0.9999847412109375
      vertex 7.43243408203125 26.884750366210938 0.9999885559082031
    endloop
  endfacet
  facet normal -1.5065665833123284e-7 0.0000014561921485381095 0.9999999999989284
    outer loop
      vertex 6.466796875 28.09466552734375 0.9999866485595703
      vertex 7.43243408203125 26.884750366210938 0.9999885559082031
      vertex 8.34478759765625 30.908599853515625 0.9999828338623047
    endloop
  endfacet
  facet normal -0.13052104055558153 0 -0.9914455395896883
    outer loop
      vertex 0.741180419921875 31.701797485351562 0.0340728759765625
      vertex 0.741180419921875 37.35499572753906 0.0340728759765625
      vertex 0.9307435513548312 20.312144515225807 0.009117418336555941
    endloop
  endfacet
  facet normal -0.3826866968961701 0 -0.9238781802914813
    outer loop
      vertex 0.741180419921875 26.048583984375 0.0340728759765625
      vertex 0.5 31.701797485351562 0.1339740753173828
      vertex 0.741180419921875 31.701797485351562 0.0340728759765625
    endloop
  endfacet
  facet normal -0.6087876652538753 0 -0.7933332078230027
    outer loop
      vertex 0.5 26.048583984375 0.1339740753173828
      vertex 0.29290771484375 31.701797485351562 0.2928924560546875
      vertex 0.5 31.701797485351562 0.1339740753173828
    endloop
  endfacet
  facet normal -0.7933795715793326 0 -0.608727242203431
    outer loop
      vertex 0.29290771484375 26.048583984375 0.2928924560546875
      vertex 0.134002685546875 31.701797485351562 0.5
      vertex 0.29290771484375 31.701797485351562 0.2928924560546875
    endloop
  endfacet
  facet normal -0.9238600970979434 0 -0.3827303502339196
    outer loop
      vertex 0.134002685546875 26.048583984375 0.5
      vertex 0.034088134765625 31.701797485351562 0.741180419921875
      vertex 0.134002685546875 31.701797485351562 0.5
    endloop
  endfacet
  facet normal -0.13052104055558153 0 -0.9914455395896884
    outer loop
      vertex 0.741180419921875 37.35499572753906 0.0340728759765625
      vertex 0.741180419921875 43.00819396972656 0.0340728759765625
      vertex 0.9484634382460392 20.370559153818476 0.006784644640761384
    endloop
  endfacet
  facet normal -0.10592812259398032 -0.000030818209386988144 -0.9943737888208602
    outer loop
      vertex 0.8031005859375 59.916778564453125 0.019575119018554688
      vertex 0.9981953841205762 20.534503408237658 0.000012722346221534345
      vertex 0.9750854813227255 20.458320268461637 0.0024769229036041875
    endloop
  endfacet
  facet normal -0.3826866968961701 0 -0.9238781802914813
    outer loop
      vertex 0.741180419921875 31.701797485351562 0.0340728759765625
      vertex 0.5 31.701797485351562 0.1339740753173828
      vertex 0.5 37.35499572753906 0.1339740753173828
    endloop
  endfacet
  facet normal -0.6087876652538752 0 -0.7933332078230027
    outer loop
      vertex 0.5 31.701797485351562 0.1339740753173828
      vertex 0.29290771484375 31.701797485351562 0.2928924560546875
      vertex 0.29290771484375 37.35499572753906 0.2928924560546875
    endloop
  endfacet
  facet normal -0.7933795715793326 0 -0.608727242203431
    outer loop
      vertex 0.29290771484375 31.701797485351562 0.2928924560546875
      vertex 0.134002685546875 31.701797485351562 0.5
      vertex 0.134002685546875 37.35499572753906 0.5
    endloop
  endfacet
  facet normal -0.3826866968961701 0 -0.9238781802914813
    outer loop
      vertex 0.741180419921875 31.701797485351562 0.0340728759765625
      vertex 0.5 37.35499572753906 0.1339740753173828
      vertex 0.741180419921875 37.35499572753906 0.0340728759765625
    endloop
  endfacet
  facet normal -0.6087876652538752 0 -0.7933332078230027
    outer loop
      vertex 0.5 31.701797485351562 0.1339740753173828
      vertex 0.29290771484375 37.35499572753906 0.2928924560546875
      vertex 0.5 37.35499572753906 0.1339740753173828
    endloop
  endfacet
  facet normal -0.7933795715793326 0 -0.608727242203431
    outer loop
      vertex 0.29290771484375 31.701797485351562 0.2928924560546875
      vertex 0.134002685546875 37.35499572753906 0.5
      vertex 0.29290771484375 37.35499572753906 0.2928924560546875
    endloop
  endfacet
  facet normal -0.9238600970979433 0 -0.38273035023391955
    outer loop
      vertex 0.134002685546875 31.701797485351562 0.5
      vertex 0.034088134765625 31.701797485351562 0.741180419921875
      vertex 0.034088134765625 37.35499572753906 0.741180419921875
    endloop
  endfacet
  facet normal -0.9238600970979433 0 -0.38273035023391955
    outer loop
      vertex 0.134002685546875 31.701797485351562 0.5
      vertex 0.034088134765625 37.35499572753906 0.741180419921875
      vertex 0.134002685546875 37.35499572753906 0.5
    endloop
  endfacet
  facet normal -4.969558625382946e-7 0.0000011304838996428664 0.9999999999992375
    outer loop
      vertex 5.710479736328125 29.445327758789062 0.9999847412109375
      vertex 7.97491455078125 32.127960205078125 0.9999828338623047
      vertex 5.183563232421875 30.900894165039062 0.9999828338623047
    endloop
  endfacet
  facet normal 6.09118159315856e-7 1.1348821501601496e-7 0.999999999999808
    outer loop
      vertex 5.183563232421875 30.900894165039062 0.9999828338623047
      vertex 7.850006103515625 33.39604187011719 0.9999809265136719
      vertex 4.9000244140625 32.42271423339844 0.9999828338623047
    endloop
  endfacet
  facet normal -4.993764664110711e-7 0.0000011325271537193204 0.999999999999234
    outer loop
      vertex 6.466796875 28.09466552734375 0.9999866485595703
      vertex 7.97491455078125 32.127960205078125 0.9999828338623047
      vertex 5.710479736328125 29.445327758789062 0.9999847412109375
    endloop
  endfacet
  facet normal 0.0000013965312129780628 4.236149339597087e-7 0.9999999999989351
    outer loop
      vertex 6.466796875 28.09466552734375 0.9999866485595703
      vertex 8.34478759765625 30.908599853515625 0.9999828338623047
      vertex 7.97491455078125 32.127960205078125 0.9999828338623047
    endloop
  endfacet
  facet normal -3.615757739081528e-7 0.000001504015208822927 0.9999999999988036
    outer loop
      vertex 7.43243408203125 26.884750366210938 0.9999885559082031
      vertex 8.945465087890625 29.784835815429688 0.9999847412109375
      vertex 8.34478759765625 30.908599853515625 0.9999828338623047
    endloop
  endfacet
  facet normal -6.337626897993601e-7 0.0000014416944662914076 0.99999999999876
    outer loop
      vertex 5.183563232421875 30.900894165039062 0.9999828338623047
      vertex 7.97491455078125 32.127960205078125 0.9999828338623047
      vertex 7.850006103515625 33.39604187011719 0.9999809265136719
    endloop
  endfacet
  facet normal 0 0 -1
    outer loop
      vertex 33.029388427734375 28.416702270507812 0
      vertex 4.1 20 0
      vertex 4.069256448645168 20.312144515225807 0
    endloop
  endfacet
  facet normal 0 0 -1
    outer loop
      vertex 33.029388427734375 28.416702270507812 0
      vertex 4.069256448645168 20.312144515225807 0
      vertex 3.978207252018059 20.612293491784143 0
    endloop
  endfacet
  facet normal 4.920344738114259e-7 0.0000011388599897121506 0.9999999999992305
    outer loop
      vertex 9.88421630859375 25.011138916015625 0.9999904632568359
      vertex 11.305267333984375 24.397186279296875 0.9999904632568359
      vertex 10.73883056640625 27.991485595703125 0.9999866485595703
    endloop
  endfacet
  facet normal 3.040452891676106e-7 0.0000012176656924030425 0.9999999999992124
    outer loop
      vertex 11.305267333984375 24.397186279296875 0.9999904632568359
      vertex 12.807159423828125 24.022171020507812 0.9999904632568359
      vertex 11.862579345703125 27.390823364257812 0.9999866485595703
    endloop
  endfacet
  facet normal -8.3618271893333e-7 9.780786013676718e-7 0.9999999999991721
    outer loop
      vertex 8.581756591796875 25.847732543945312 0.9999885559082031
      vertex 9.88421630859375 25.011138916015625 0.9999904632568359
      vertex 9.753814697265625 28.799850463867188 0.9999866485595703
    endloop
  endfacet
  facet normal 8.503081935611695e-7 0.000001036125018916657 0.9999999999991017
    outer loop
      vertex 9.88421630859375 25.011138916015625 0.9999904632568359
      vertex 10.73883056640625 27.991485595703125 0.9999866485595703
      vertex 9.753814697265625 28.799850463867188 0.9999866485595703
    endloop
  endfacet
  facet normal -0.000001059648660644611 0.0000010667996739612993 0.9999999999988696
    outer loop
      vertex 8.581756591796875 25.847732543945312 0.9999885559082031
      vertex 9.753814697265625 28.799850463867188 0.9999866485595703
      vertex 8.945465087890625 29.784835815429688 0.9999847412109375
    endloop
  endfacet
  facet normal 6.194744715959491e-7 0.0000011589436538842949 0.9999999999991365
    outer loop
      vertex 11.305267333984375 24.397186279296875 0.9999904632568359
      vertex 11.862579345703125 27.390823364257812 0.9999866485595703
      vertex 10.73883056640625 27.991485595703125 0.9999866485595703
    endloop
  endfacet
  facet normal -0.000001334193642811694 7.582986516845308e-7 0.9999999999988224
    outer loop
      vertex 12.807159423828125 24.022171020507812 0.9999904632568359
      vertex 13.081939697265625 27.02093505859375 0.9999885559082031
      vertex 11.862579345703125 27.390823364257812 0.9999866485595703
    endloop
  endfacet
  facet normal -0.0000011754273064733052 7.437507056783565e-7 0.9999999999990327
    outer loop
      vertex 12.807159423828125 24.022171020507812 0.9999904632568359
      vertex 14.35003662109375 23.896041870117188 0.9999923706054688
      vertex 13.081939697265625 27.02093505859375 0.9999885559082031
    endloop
  endfacet
  facet normal 1.252507666774669e-7 0.0000012715722227580702 0.9999999999991837
    outer loop
      vertex 13.081939697265625 27.02093505859375 0.9999885559082031
      vertex 14.35003662109375 23.896041870117188 0.9999923706054688
      vertex 14.35003662109375 26.896026611328125 0.9999885559082031
    endloop
  endfacet
  facet normal 0 0.0000012715722227580804 0.9999999999991915
    outer loop
      vertex 14.35003662109375 23.896041870117188 0.9999923706054688
      vertex 21.349273681640625 26.896026611328125 0.9999885559082031
      vertex 14.35003662109375 26.896026611328125 0.9999885559082031
    endloop
  endfacet
  facet normal 0.8725208072011617 0.48857695504340937 -0.0000012425154497271297
    outer loop
      vertex 6.466796875 28.09466552734375 0.9999866485595703
      vertex 5.710479736328125 29.445327758789062 0.9999847412109375
      vertex 5.711738341878731 29.443095322663698 6.99
    endloop
  endfacet
  facet normal 0.669901976428386 0.7424495551711088 -0.0000018881468585741563
    outer loop
      vertex 8.581756591796875 25.847732543945312 0.9999885559082031
      vertex 7.43243408203125 26.884750366210938 0.9999885559082031
      vertex 8.581756591796875 25.847747777332163 6.99
    endloop
  endfacet
  facet normal 0.7815914537621662 0.6237906695406269 7.662533499963128e-17
    outer loop
      vertex 6.466796875 28.09466552734375 0.9999866485595703
      vertex 6.468404122081375 28.092651693786713 6.99
      vertex 7.43243408203125 26.884750366210938 0.9999885559082031
    endloop
  endfacet
  facet normal 0.9402863033132262 0.34038458807765976 -8.656427716327953e-7
    outer loop
      vertex 5.710479736328125 29.445327758789062 0.9999847412109375
      vertex 5.183563232421875 30.900894165039062 0.9999828338623047
      vertex 5.710479736328125 29.445342992185616 6.99
    endloop
  endfacet
  facet normal 0.9830824468507846 0.18316359543767702 -4.6580911109993667e-7
    outer loop
      vertex 5.183563232421875 30.900894165039062 0.9999828338623047
      vertex 4.9000244140625 32.42271423339844 0.9999828338623047
      vertex 5.183563232421875 30.900909398440465 6.99
    endloop
  endfacet
  facet normal -0.8819169910071702 -0.47140473159786905 1.0753028665396048e-17
    outer loop
      vertex 8.34478759765625 30.908599853515625 0.9999828338623047
      vertex 8.945465087890625 29.784835815429688 0.9999847412109375
      vertex 8.944465486659853 29.786705897018944 6.99
    endloop
  endfacet
  facet normal -0.9569437957913105 -0.2902732707225619 7.38203101390817e-7
    outer loop
      vertex 8.34478759765625 30.908599853515625 0.9999828338623047
      vertex 8.3441722007934 30.910643865551684 6.99
      vertex 7.97491455078125 32.127960205078125 0.9999828338623047
    endloop
  endfacet
  facet normal -0.995183708119798 -0.09802748131482662 -1.1721529969253968e-16
    outer loop
      vertex 7.97491455078125 32.127960205078125 0.9999828338623047
      vertex 7.974706727467806 32.13007004583841 6.99
      vertex 7.850006103515625 33.39604187011719 0.9999809265136719
    endloop
  endfacet
  facet normal 0.5404367149440684 0.8413846665680837 -0.0000021397518580188375
    outer loop
      vertex 8.581756591796875 25.847732543945312 0.9999885559082031
      vertex 9.88421630859375 25.011154149397626 6.99
      vertex 9.88421630859375 25.011138916015625 0.9999904632568359
    endloop
  endfacet
  facet normal 0.39660858719850667 0.9179878150362096 -0.0000023345637386881275
    outer loop
      vertex 9.88421630859375 25.011138916015625 0.9999904632568359
      vertex 11.305267333984375 24.397201512678876 6.99
      vertex 11.305267333984375 24.397186279296875 0.9999904632568359
    endloop
  endfacet
  facet normal 0.2422572976830062 0.9702120395631253 -0.00000246737680987769
    outer loop
      vertex 11.305267333984375 24.397186279296875 0.9999904632568359
      vertex 11.307768100274261 24.396577083318263 6.99
      vertex 12.807159423828125 24.022171020507812 0.9999904632568359
    endloop
  endfacet
  facet normal -0.7730131388715047 -0.6343900118455689 0.0000016133372290344468
    outer loop
      vertex 9.753814697265625 28.799850463867188 0.9999866485595703
      vertex 9.752469247116316 28.80150514716146 6.99
      vertex 8.945465087890625 29.784835815429688 0.9999847412109375
    endloop
  endfacet
  facet normal -0.634385422707302 -0.7730169050238249 0.0000019658836494770405
    outer loop
      vertex 9.753814697265625 28.799850463867188 0.9999866485595703
      vertex 10.73883056640625 27.991485595703125 0.9999866485595703
      vertex 9.753814697265625 28.79986569725889 6.99
    endloop
  endfacet
  facet normal -0.29028423664414327 -0.9569404693866825 0.0000024336254612550207
    outer loop
      vertex 11.862579345703125 27.390823364257812 0.9999866485595703
      vertex 13.081939697265625 27.02093505859375 0.9999885559082031
      vertex 13.079909756403621 27.021566066788345 6.99
    endloop
  endfacet
  facet normal -0.47140039614869655 -0.8819193083898618 -2.8083340785783184e-17
    outer loop
      vertex 10.73883056640625 27.991485595703125 0.9999866485595703
      vertex 11.862579345703125 27.390823364257812 0.9999866485595703
      vertex 11.860708931681778 27.39182313135922 6.99
    endloop
  endfacet
  facet normal 0.08147751093940793 0.9966751803928493 -2.2315600838033173e-16
    outer loop
      vertex 12.807159423828125 24.022171020507812 0.9999904632568359
      vertex 12.809728434302974 24.021961005667286 6.99
      vertex 14.35003662109375 23.896041870117188 0.9999923706054688
    endloop
  endfacet
  facet normal -0.09802631310145779 -0.9951838231871184 0.000002530883339301779
    outer loop
      vertex 13.081939697265625 27.02093505859375 0.9999885559082031
      vertex 14.35003662109375 26.896026611328125 0.9999885559082031
      vertex 13.081939697265625 27.0209502919806 6.99
    endloop
  endfacet
  facet normal 0 -0.9999999999967663 0.0000025431315103056374
    outer loop
      vertex 14.35003662109375 26.896026611328125 0.9999885559082031
      vertex 21.349273681640625 26.896026611328125 0.9999885559082031
      vertex 14.35003662109375 26.896041844714976 6.99
    endloop
  endfacet
  facet normal 0 -0.6087594347226258 -0.793354870556795
    outer loop
      vertex 15.120025634765625 16.188934326171875 0.2928924560546875
      vertex 20.730010986328125 16.396041870117188 0.1339740753173828
      vertex 20.730010986328125 16.188934326171875 0.2928924560546875
    endloop
  endfacet
  facet normal 0 -0.7933795715793327 -0.6087272422034311
    outer loop
      vertex 15.120025634765625 16.030029296875 0.5
      vertex 20.730010986328125 16.188934326171875 0.2928924560546875
      vertex 20.730010986328125 16.030029296875 0.5
    endloop
  endfacet
  facet normal 0 -0.9238600970979434 -0.3827303502339196
    outer loop
      vertex 15.120025634765625 15.93011474609375 0.741180419921875
      vertex 20.730010986328125 16.030029296875 0.5
      vertex 20.730010986328125 15.93011474609375 0.741180419921875
    endloop
  endfacet
  facet normal 0 -0.9914455395896883 -0.13052104055558153
    outer loop
      vertex 4.9000244140625 15.896041870117188 1
      vertex 26.34002685546875 15.93011474609375 0.741180419921875
      vertex 31.95001220703125 15.93011474609375 0.741180419921875
    endloop
  endfacet
  facet normal 0 -0.6087594347226258 -0.7933548705567951
    outer loop
      vertex 20.730010986328125 16.396041870117188 0.1339740753173828
      vertex 26.34002685546875 16.396041870117188 0.1339740753173828
      vertex 20.730010986328125 16.188934326171875 0.2928924560546875
    endloop
  endfacet
  facet normal 0 -0.7933795715793326 -0.6087272422034311
    outer loop
      vertex 20.730010986328125 16.188934326171875 0.2928924560546875
      vertex 26.34002685546875 16.188934326171875 0.2928924560546875
      vertex 20.730010986328125 16.030029296875 0.5
    endloop
  endfacet
  facet normal 0 -0.6087594347226258 -0.7933548705567951
    outer loop
      vertex 20.730010986328125 16.188934326171875 0.2928924560546875
      vertex 26.34002685546875 16.396041870117188 0.1339740753173828
      vertex 26.34002685546875 16.188934326171875 0.2928924560546875
    endloop
  endfacet
  facet normal 0 -0.7933795715793326 -0.6087272422034311
    outer loop
      vertex 20.730010986328125 16.030029296875 0.5
      vertex 26.34002685546875 16.188934326171875 0.2928924560546875
      vertex 26.34002685546875 16.030029296875 0.5
    endloop
  endfacet
  facet normal 0 -0.9238600970979434 -0.3827303502339196
    outer loop
      vertex 20.730010986328125 16.030029296875 0.5
      vertex 26.34002685546875 16.030029296875 0.5
      vertex 20.730010986328125 15.93011474609375 0.741180419921875
    endloop
  endfacet
  facet normal 0 -0.9238600970979434 -0.3827303502339196
    outer loop
      vertex 20.730010986328125 15.93011474609375 0.741180419921875
      vertex 26.34002685546875 16.030029296875 0.5
      vertex 26.34002685546875 15.93011474609375 0.741180419921875
    endloop
  endfacet
  facet normal 0 -0.3826866968961701 -0.9238781802914813
    outer loop
      vertex 15.120025634765625 16.396041870117188 0.1339740753173828
      vertex 20.730010986328125 16.637222290039062 0.0340728759765625
      vertex 20.730010986328125 16.396041870117188 0.1339740753173828
    endloop
  endfacet
  facet normal 0 -0.09802002419897402 -0.9951844426316322
    outer loop
      vertex 4.0950927734375 16.700958251953125 0.019214630126953125
      vertex 3.9000244140625 16.896041870117188 0
      vertex 60.000030517578125 16.896041870117188 0
    endloop
  endfacet
  facet normal 0 -0.38268669689617013 -0.9238781802914814
    outer loop
      vertex 20.730010986328125 16.396041870117188 0.1339740753173828
      vertex 20.730010986328125 16.637222290039062 0.0340728759765625
      vertex 26.34002685546875 16.637222290039062 0.0340728759765625
    endloop
  endfacet
  facet normal 0 -0.38268669689617013 -0.9238781802914814
    outer loop
      vertex 20.730010986328125 16.396041870117188 0.1339740753173828
      vertex 26.34002685546875 16.637222290039062 0.0340728759765625
      vertex 26.34002685546875 16.396041870117188 0.1339740753173828
    endloop
  endfacet
  facet normal 0 0 -1
    outer loop
      vertex 3.9000244140625 16.896041870117188 0
      vertex 33.029388427734375 22.375381469726562 0
      vertex 33.91412353515625 21.696502685546875 0
    endloop
  endfacet
  facet normal 0 0 -1
    outer loop
      vertex 3.9000244140625 16.896041870117188 0
      vertex 32.35052490234375 23.260116577148438 0
      vertex 33.029388427734375 22.375381469726562 0
    endloop
  endfacet
  facet normal 0 0 -1
    outer loop
      vertex 3.9000244140625 16.896041870117188 0
      vertex 31.923736572265625 24.2904052734375 0
      vertex 32.35052490234375 23.260116577148438 0
    endloop
  endfacet
  facet normal 0 0 -1
    outer loop
      vertex 3.9000244140625 16.896041870117188 0
      vertex 31.7781982421875 25.396041870117188 0
      vertex 31.923736572265625 24.2904052734375 0
    endloop
  endfacet
  facet normal 0 0 -1
    outer loop
      vertex 3.9000244140625 16.896041870117188 0
      vertex 33.91412353515625 21.696502685546875 0
      vertex 34.944427490234375 21.269744873046875 0
    endloop
  endfacet
  facet normal 0 0 -1
    outer loop
      vertex 3.9000244140625 16.896041870117188 0
      vertex 34.944427490234375 21.269744873046875 0
      vertex 36.050048828125 21.124176025390625 0
    endloop
  endfacet
  facet normal 0 -0.6087594347226258 -0.793354870556795
    outer loop
      vertex 26.34002685546875 16.396041870117188 0.1339740753173828
      vertex 31.95001220703125 16.396041870117188 0.1339740753173828
      vertex 26.34002685546875 16.188934326171875 0.2928924560546875
    endloop
  endfacet
  facet normal 0 -0.7933795715793327 -0.6087272422034311
    outer loop
      vertex 26.34002685546875 16.188934326171875 0.2928924560546875
      vertex 31.95001220703125 16.188934326171875 0.2928924560546875
      vertex 26.34002685546875 16.030029296875 0.5
    endloop
  endfacet
  facet normal 0 -0.6087594347226258 -0.793354870556795
    outer loop
      vertex 26.34002685546875 16.188934326171875 0.2928924560546875
      vertex 31.95001220703125 16.396041870117188 0.1339740753173828
      vertex 31.95001220703125 16.188934326171875 0.2928924560546875
    endloop
  endfacet
  facet normal 0 -0.7933795715793327 -0.6087272422034311
    outer loop
      vertex 26.34002685546875 16.030029296875 0.5
      vertex 31.95001220703125 16.188934326171875 0.2928924560546875
      vertex 31.95001220703125 16.030029296875 0.5
    endloop
  endfacet
  facet normal 0 -0.9238600970979434 -0.3827303502339196
    outer loop
      vertex 26.34002685546875 16.030029296875 0.5
      vertex 31.95001220703125 16.030029296875 0.5
      vertex 26.34002685546875 15.93011474609375 0.741180419921875
    endloop
  endfacet
  facet normal 0 -0.9238600970979434 -0.3827303502339196
    outer loop
      vertex 26.34002685546875 15.93011474609375 0.741180419921875
      vertex 31.95001220703125 16.030029296875 0.5
      vertex 31.95001220703125 15.93011474609375 0.741180419921875
    endloop
  endfacet
  facet normal 0 -0.6087594347226258 -0.7933548705567951
    outer loop
      vertex 31.95001220703125 16.396041870117188 0.1339740753173828
      vertex 37.560028076171875 16.396041870117188 0.1339740753173828
      vertex 31.95001220703125 16.188934326171875 0.2928924560546875
    endloop
  endfacet
  facet normal 0 -0.7933795715793326 -0.6087272422034311
    outer loop
      vertex 31.95001220703125 16.188934326171875 0.2928924560546875
      vertex 37.560028076171875 16.188934326171875 0.2928924560546875
      vertex 31.95001220703125 16.030029296875 0.5
    endloop
  endfacet
  facet normal 0 -0.9238600970979434 -0.3827303502339196
    outer loop
      vertex 31.95001220703125 16.030029296875 0.5
      vertex 37.560028076171875 16.030029296875 0.5
      vertex 31.95001220703125 15.93011474609375 0.741180419921875
    endloop
  endfacet
  facet normal 0 -0.9914455395896883 -0.13052104055558153
    outer loop
      vertex 4.9000244140625 15.896041870117188 1
      vertex 31.95001220703125 15.93011474609375 0.741180419921875
      vertex 60.000030517578125 15.896041870117188 1
    endloop
  endfacet
  facet normal 0.0002424294817726027 -0.16659077806189074 -0.9860260918924408
    outer loop
      vertex 4.0950927734375 16.700958251953125 0.019214630126953125
      vertex 60.000030517578125 16.896041870117188 0
      vertex 20.730010986328125 16.637222290039062 0.0340728759765625
    endloop
  endfacet
  facet normal 0 -0.3826866968961701 -0.9238781802914813
    outer loop
      vertex 26.34002685546875 16.396041870117188 0.1339740753173828
      vertex 26.34002685546875 16.637222290039062 0.0340728759765625
      vertex 31.95001220703125 16.637222290039062 0.0340728759765625
    endloop
  endfacet
  facet normal 0 -0.3826866968961701 -0.9238781802914813
    outer loop
      vertex 26.34002685546875 16.396041870117188 0.1339740753173828
      vertex 31.95001220703125 16.637222290039062 0.0340728759765625
      vertex 31.95001220703125 16.396041870117188 0.1339740753173828
    endloop
  endfacet
  facet normal 0 -0.38268669689617013 -0.9238781802914814
    outer loop
      vertex 31.95001220703125 16.396041870117188 0.1339740753173828
      vertex 31.95001220703125 16.637222290039062 0.0340728759765625
      vertex 37.560028076171875 16.637222290039062 0.0340728759765625
    endloop
  endfacet
  facet normal 0 0 -1
    outer loop
      vertex 3.9000244140625 16.896041870117188 0
      vertex 36.050048828125 21.124176025390625 0
      vertex 60.000030517578125 16.896041870117188 0
    endloop
  endfacet
  facet normal 0.7931719250887531 0.6054279097326231 0.06584332439806183
    outer loop
      vertex 33.029388427734375 22.375381469726562 0
      vertex 32.32330322265625 23.246047973632812 0.49999237060546875
      vertex 32.438802020932435 22.38891193229726 6.99
    endloop
  endfacet
  facet normal 0.6074232664302824 0.7916121425492939 0.06623587523149763
    outer loop
      vertex 33.029388427734375 22.375381469726562 0
      vertex 33.179090498488534 21.67564322810081 6.99
      vertex 33.91412353515625 21.696502685546875 0
    endloop
  endfacet
  facet normal 0.38185433853092 0.9218953320324936 0.0655458688386383
    outer loop
      vertex 33.91412353515625 21.696502685546875 0
      vertex 34.05675015503147 21.140443663487126 6.99
      vertex 34.944427490234375 21.269744873046875 0
    endloop
  endfacet
  facet normal 1 0 0
    outer loop
      vertex 21.35003662109375 23.246047973632812 0.49999237060546875
      vertex 21.35003662109375 23.896041870117188 0.49999237060546875
      vertex 21.35003662109375 23.896041870117188 0.9999923706054688
    endloop
  endfacet
  facet normal 0.9999999676620832 0.0002543144363278223 0
    outer loop
      vertex 21.35003662109375 23.896041870117188 0.49999237060546875
      vertex 21.349273681640625 26.896026611328125 0.4999885559082031
      vertex 21.35003662109375 23.896041870117188 0.9999923706054688
    endloop
  endfacet
  facet normal 0.9999999676620832 0.0002543144363278223 0
    outer loop
      vertex 21.349273681640625 26.896026611328125 0.4999885559082031
      vertex 21.349273681640625 26.896026611328125 0.9999885559082031
      vertex 21.35003662109375 23.896041870117188 0.9999923706054688
    endloop
  endfacet
  facet normal 0.999999311204397 -0.0011737081117422499 0
    outer loop
      vertex 21.349273681640625 26.896026611328125 0.4999885559082031
      vertex 21.35003662109375 27.546051025390625 0.4999866485595703
      vertex 21.349273681640625 26.896026611328125 0.9999885559082031
    endloop
  endfacet
  facet normal 0 0 -1
    outer loop
      vertex 3.9000244140625 16.896041870117188 0
      vertex 31.923736572265625 26.501678466796875 0
      vertex 31.7781982421875 25.396041870117188 0
    endloop
  endfacet
  facet normal 0 0 -1
    outer loop
      vertex 3.9000244140625 16.896041870117188 0
      vertex 32.35052490234375 27.531967163085938 0
      vertex 31.923736572265625 26.501678466796875 0
    endloop
  endfacet
  facet normal 0 0 -1
    outer loop
      vertex 3.9000244140625 16.896041870117188 0
      vertex 33.029388427734375 28.416702270507812 0
      vertex 32.35052490234375 27.531967163085938 0
    endloop
  endfacet
  facet normal 1.8089463249446167e-7 0 0.9999999999999837
    outer loop
      vertex 21.35003662109375 23.246047973632812 0.49999237060546875
      vertex 31.894012451171875 24.283172607421875 0.49999046325683594
      vertex 21.35003662109375 23.896041870117188 0.49999237060546875
    endloop
  endfacet
  facet normal -9.330024334614473e-13 0.0000012715722225208044 0.9999999999991916
    outer loop
      vertex 21.35003662109375 23.896041870117188 0.49999237060546875
      vertex 31.74761962890625 25.396041870117188 0.49999046325683594
      vertex 21.349273681640625 26.896026611328125 0.4999885559082031
    endloop
  endfacet
  facet normal 1.0771297907834729e-7 0.0000029341458767724716 0.9999999999956897
    outer loop
      vertex 21.349273681640625 26.896026611328125 0.4999885559082031
      vertex 31.89404296875 26.508926391601562 0.4999885559082031
      vertex 21.35003662109375 27.546051025390625 0.4999866485595703
    endloop
  endfacet
  facet normal 0 0.0000012715722227580802 0.9999999999991915
    outer loop
      vertex 14.35003662109375 23.896041870117188 0.9999923706054688
      vertex 21.35003662109375 23.896041870117188 0.9999923706054688
      vertex 21.349273681640625 26.896026611328125 0.9999885559082031
    endloop
  endfacet
  facet normal 1.8002514755357532e-7 2.36814784203173e-8 0.9999999999999836
    outer loop
      vertex 21.35003662109375 23.896041870117188 0.49999237060546875
      vertex 31.894012451171875 24.283172607421875 0.49999046325683594
      vertex 31.74761962890625 25.396041870117188 0.49999046325683594
    endloop
  endfacet
  facet normal 0 0.0000018390736953580102 0.9999999999983088
    outer loop
      vertex 21.35003662109375 23.246047973632812 0.49999237060546875
      vertex 32.32330322265625 23.246047973632812 0.49999237060546875
      vertex 31.894012451171875 24.283172607421875 0.49999046325683594
    endloop
  endfacet
  facet normal 6.261432830880406e-8 0.0000017056400705482579 0.9999999999985434
    outer loop
      vertex 21.349273681640625 26.896026611328125 0.4999885559082031
      vertex 31.74761962890625 25.396041870117188 0.49999046325683594
      vertex 31.89404296875 26.508926391601562 0.4999885559082031
    endloop
  endfacet
  facet normal 0 0.0000018390736953580106 0.999999999998309
    outer loop
      vertex 21.35003662109375 27.546051025390625 0.4999866485595703
      vertex 31.89404296875 26.508926391601562 0.4999885559082031
      vertex 32.323333740234375 27.546051025390625 0.4999866485595703
    endloop
  endfacet
  facet normal 0.9221525275329996 0.38199384184324875 0.06095425135571364
    outer loop
      vertex 32.35052490234375 23.260116577148438 0
      vertex 31.923736572265625 24.2904052734375 0
      vertex 32.32330322265625 23.246047973632812 0.49999237060546875
    endloop
  endfacet
  facet normal 0.7919214366269731 0.6076469372483535 0.06021326982789355
    outer loop
      vertex 33.029388427734375 22.375381469726562 0
      vertex 32.35052490234375 23.260116577148438 0
      vertex 32.32330322265625 23.246047973632812 0.49999237060546875
    endloop
  endfacet
  facet normal 0.9222898040577385 0.38175799101575386 0.06035191485573507
    outer loop
      vertex 31.923736572265625 24.2904052734375 0
      vertex 31.894012451171875 24.283172607421875 0.49999046325683594
      vertex 32.32330322265625 23.246047973632812 0.49999237060546875
    endloop
  endfacet
  facet normal 0.9896181814385153 0.1302664708947206 0.06071656715395497
    outer loop
      vertex 31.923736572265625 24.2904052734375 0
      vertex 31.7781982421875 25.396041870117188 0
      vertex 31.894012451171875 24.283172607421875 0.49999046325683594
    endloop
  endfacet
  facet normal 0.9896409478861651 0.13018270541483098 0.06052485008530207
    outer loop
      vertex 31.7781982421875 25.396041870117188 0
      vertex 31.74761962890625 25.396041870117188 0.49999046325683594
      vertex 31.894012451171875 24.283172607421875 0.49999046325683594
    endloop
  endfacet
  facet normal 0.9896376946129852 -0.13020752669433758 0.060524651120342186
    outer loop
      vertex 31.7781982421875 25.396041870117188 0
      vertex 31.89404296875 26.508926391601562 0.4999885559082031
      vertex 31.74761962890625 25.396041870117188 0.49999046325683594
    endloop
  endfacet
  facet normal 0.9896215564835625 -0.1302669151622327 0.06066057827919869
    outer loop
      vertex 31.7781982421875 25.396041870117188 0
      vertex 31.923736572265625 26.501678466796875 0
      vertex 31.89404296875 26.508926391601562 0.4999885559082031
    endloop
  endfacet
  facet normal 0.9221549959085863 -0.3819948643468426 0.06091048459397144
    outer loop
      vertex 31.923736572265625 26.501678466796875 0
      vertex 32.35052490234375 27.531967163085938 0
      vertex 32.323333740234375 27.546051025390625 0.4999866485595703
    endloop
  endfacet
  facet normal 0.9222923535574982 -0.3817588244130181 0.06030766578272742
    outer loop
      vertex 31.923736572265625 26.501678466796875 0
      vertex 32.323333740234375 27.546051025390625 0.4999866485595703
      vertex 31.89404296875 26.508926391601562 0.4999885559082031
    endloop
  endfacet
  facet normal 0.7919228240396516 -0.6076480018199459 0.060184272441310284
    outer loop
      vertex 32.35052490234375 27.531967163085938 0
      vertex 33.029388427734375 28.416702270507812 0
      vertex 32.323333740234375 27.546051025390625 0.4999866485595703
    endloop
  endfacet
  facet normal 0 1 0
    outer loop
      vertex 21.35003662109375 23.246047973632812 0.49999237060546875
      vertex 32.10198974609375 23.246047973632812 3.656888961791992
      vertex 32.32330322265625 23.246047973632812 0.49999237060546875
    endloop
  endfacet
  facet normal 0 -1 0
    outer loop
      vertex 21.35003662109375 27.546051025390625 0.4999866485595703
      vertex 32.323333740234375 27.546051025390625 0.4999866485595703
      vertex 32.10198974609375 27.546051025390625 3.6568851470947266
    endloop
  endfacet
  facet normal 0 0.9999999999967663 -0.000002543131510701042
    outer loop
      vertex 14.35003662109375 23.896041870117188 0.9999923706054688
      vertex 21.35003662109375 23.89605710349434 6.99
      vertex 21.35003662109375 23.896041870117188 0.9999923706054688
    endloop
  endfacet
  facet normal 1 0 0
    outer loop
      vertex 21.35003662109375 23.246047973632812 0.49999237060546875
      vertex 21.35003662109375 23.896041870117188 0.9999923706054688
      vertex 21.35003662109375 23.246063208964724 6.99
    endloop
  endfacet
  facet normal 0.999999311204397 -0.00117370811174225 0
    outer loop
      vertex 21.35003662109375 27.546051025390625 0.4999866485595703
      vertex 21.35003662109375 27.546051025390625 6.99
      vertex 21.349273681640625 26.896026611328125 0.9999885559082031
    endloop
  endfacet
  facet normal 0.7931805826558146 -0.6054161923357493 0.06584677179228651
    outer loop
      vertex 33.029388427734375 28.416702270507812 0
      vertex 32.43880153816544 28.40320227091653 6.99
      vertex 32.323333740234375 27.546051025390625 0.4999866485595703
    endloop
  endfacet
  facet normal 0.6074233693417243 -0.7916122766665585 0.06623332853130062
    outer loop
      vertex 33.029388427734375 28.416702270507812 0
      vertex 33.91412353515625 29.0955810546875 0
      vertex 33.17911997113132 29.116440540552382 6.99
    endloop
  endfacet
  facet normal 0.3818543276653149 -0.921895305800107 0.06554630109317744
    outer loop
      vertex 33.91412353515625 29.0955810546875 0
      vertex 34.944427490234375 29.5223388671875 0
      vertex 34.056779419712456 29.651655489930558 6.99
    endloop
  endfacet
  facet normal -0.6088009696241785 -0.6870386413838746 -0.39666016264563286
    outer loop
      vertex 0.29290771484375 14.129806518554688 0.6464462280273438
      vertex 0.5 11.243743896484375 5.327426910400391
      vertex 0.29290771484375 11.381378173828125 5.406885147094727
    endloop
  endfacet
  facet normal -0.3826892682470717 -0.8001009199332674 -0.4619387858693619
    outer loop
      vertex 0.5 13.9921875 0.566986083984375
      vertex 0.741180419921875 11.1572265625 5.277475357055664
      vertex 0.5 11.243743896484375 5.327426910400391
    endloop
  endfacet
  facet normal -0.7933690142451807 -0.5271850322119992 -0.30437074275833986
    outer loop
      vertex 0.134002685546875 14.309173583984375 0.75
      vertex 0.29290771484375 11.381378173828125 5.406885147094727
      vertex 0.134002685546875 11.56072998046875 5.510438919067383
    endloop
  endfacet
  facet normal 0.3826892682474178 -0.8001008397896414 -0.461938924681788
    outer loop
      vertex 4.158843994140625 13.905670166015625 0.5170364379882812
      vertex 4.4000244140625 11.243743896484375 5.327426910400391
      vertex 4.158843994140625 11.1572265625 5.277475357055664
    endloop
  endfacet
  facet normal -0.9238645641046714 -0.3314452400365721 -0.1913591389215175
    outer loop
      vertex 0.034088134765625 14.518035888671875 0.8705902099609375
      vertex 0.134002685546875 11.56072998046875 5.510438919067383
      vertex 0.034088134765625 11.769607543945312 5.63102912902832
    endloop
  endfacet
  facet normal -0.13047950609974693 -0.8586227226065811 -0.49572383310834284
    outer loop
      vertex 1 13.87615966796875 0.5
      vertex 0.8238882185267649 10.155935855452928 6.99
      vertex 0.741180419921875 11.1572265625 5.277475357055664
    endloop
  endfacet
  facet normal 0.13047950609974734 -0.858622722606581 -0.4957238331083428
    outer loop
      vertex 3.9000244140625 13.87615966796875 0.5
      vertex 4.158843994140625 11.1572265625 5.277475357055664
      vertex 4.076136195535735 10.155935855452928 6.99
    endloop
  endfacet
  facet normal 0.608800969601833 -0.6870377566435041 -0.3966616950981392
    outer loop
      vertex 4.4000244140625 13.9921875 0.566986083984375
      vertex 4.60711669921875 11.381378173828125 5.406885147094727
      vertex 4.4000244140625 11.243743896484375 5.327426910400391
    endloop
  endfacet
  facet normal 0.7933125532899314 -0.5272494845863934 -0.30440626438362306
    outer loop
      vertex 4.60711669921875 14.129806518554688 0.6464462280273438
      vertex 4.76605224609375 11.56072998046875 5.510438919067383
      vertex 4.60711669921875 11.381378173828125 5.406885147094727
    endloop
  endfacet
  facet normal 0.9239058929923953 -0.33135836718206413 -0.19131004519460257
    outer loop
      vertex 4.76605224609375 14.309173583984375 0.75
      vertex 4.865936279296875 11.769607543945312 5.63102912902832
      vertex 4.76605224609375 11.56072998046875 5.510438919067383
    endloop
  endfacet
  facet normal -0.9914375228293213 -0.11308723168132988 -0.06529101283264276
    outer loop
      vertex 0 14.7421875 1
      vertex 0.034088134765625 11.769607543945312 5.63102912902832
      vertex 0.021741854010512946 11.09324455025799 6.99
    endloop
  endfacet
  facet normal -0.13053777928220361 -0.858615381698204 -0.4957212064167904
    outer loop
      vertex 1 13.87615966796875 0.5
      vertex 1 10.129161072064491 6.99
      vertex 0.8238882185267649 10.155935855452928 6.99
    endloop
  endfacet
  facet normal -0.9914376474159271 -0.11308642381670793 -0.06529052025156419
    outer loop
      vertex 0 14.7421875 1
      vertex 0.021741854010512946 11.09324455025799 6.99
      vertex 0.014428295790813509 11.15736309526858 6.99
    endloop
  endfacet
  facet normal -0.9914383841463315 -0.11308162413974236 -0.0652876460230358
    outer loop
      vertex 0 14.7421875 1
      vertex 0.014428295790813509 11.15736309526858 6.99
      vertex 0 11.28386257185155 6.99
    endloop
  endfacet
  facet normal -1.7135170496578384e-17 -0.8660256725326487 -0.4999995345141567
    outer loop
      vertex 3.9000244140625 13.87615966796875 0.5
      vertex 3.9000244140625 10.129161072064491 6.99
      vertex 1 10.129161072064491 6.99
    endloop
  endfacet
  facet normal 0.13051715806535283 -0.8586177328381432 -0.49572256384638225
    outer loop
      vertex 3.9000244140625 13.87615966796875 0.5
      vertex 4.017502213902557 10.147018691333793 6.99
      vertex 3.9000244140625 10.129161072064491 6.99
    endloop
  endfacet
  facet normal 0.1305790211742969 -0.8586101844624588 -0.4957193463710137
    outer loop
      vertex 3.9000244140625 13.87615966796875 0.5
      vertex 4.076136195535735 10.155935855452928 6.99
      vertex 4.017502213902557 10.147018691333793 6.99
    endloop
  endfacet
  facet normal 0.991437522829321 -0.1130872316813316 -0.0652910128326439
    outer loop
      vertex 4.9000244140625 14.7421875 1
      vertex 4.8782825600519875 11.09324455025799 6.99
      vertex 4.865936279296875 11.769607543945312 5.63102912902832
    endloop
  endfacet
  facet normal 0.9914381385799416 -0.1130832388735047 -0.06528857828914977
    outer loop
      vertex 4.9000244140625 14.7421875 1
      vertex 4.9000244140625 11.28386257185155 6.99
      vertex 4.8782825600519875 11.09324455025799 6.99
    endloop
  endfacet
  facet normal 1 0 0
    outer loop
      vertex 4.9000244140625 14.7421875 1
      vertex 4.9000244140625 15.89605712890625 6
      vertex 4.9000244140625 11.28386257185155 6.99
    endloop
  endfacet
  facet normal -0.3826892682417473 -0.8001019502911649 -0.4619370012381238
    outer loop
      vertex 0.5 11.243743896484375 5.327426910400391
      vertex 0.741180419921875 11.1572265625 5.277475357055664
      vertex 0.5851249657982952 10.243145862786344 6.99
    endloop
  endfacet
  facet normal -0.6088009696000152 -0.6870376878263792 -0.3966618142955837
    outer loop
      vertex 0.5 11.243743896484375 5.327426910400391
      vertex 0.29290771484375 10.46736541889701 6.99
      vertex 0.29290771484375 11.381378173828125 5.406885147094727
    endloop
  endfacet
  facet normal -0.7933690142451807 -0.5271850322119991 -0.30437074275834014
    outer loop
      vertex 0.29290771484375 11.381378173828125 5.406885147094727
      vertex 0.18448915654322126 10.630526205848533 6.99
      vertex 0.134002685546875 11.56072998046875 5.510438919067383
    endloop
  endfacet
  facet normal -0.9238645641046714 -0.33144524003657205 -0.19135913892151762
    outer loop
      vertex 0.134002685546875 11.56072998046875 5.510438919067383
      vertex 0.06335222775888308 10.903438658327818 6.99
      vertex 0.034088134765625 11.769607543945312 5.63102912902832
    endloop
  endfacet
  facet normal 0.3826892682474177 -0.8001008397896413 -0.46193892468178793
    outer loop
      vertex 4.158843994140625 11.1572265625 5.277475357055664
      vertex 4.4000244140625 11.243743896484375 5.327426910400391
      vertex 4.4000244140625 10.283855858600997 6.99
    endloop
  endfacet
  facet normal 0.6088009696000152 -0.6870376878263792 -0.3966618142955837
    outer loop
      vertex 4.4000244140625 11.243743896484375 5.327426910400391
      vertex 4.60711669921875 11.381378173828125 5.406885147094727
      vertex 4.60711669921875 10.46736541889701 6.99
    endloop
  endfacet
  facet normal 0.7933125532899314 -0.5272494845863935 -0.3044062643836229
    outer loop
      vertex 4.60711669921875 11.381378173828125 5.406885147094727
      vertex 4.76605224609375 11.56072998046875 5.510438919067383
      vertex 4.76605224609375 10.706508829494265 6.99
    endloop
  endfacet
  facet normal 0.9239058929923953 -0.3313583671820641 -0.1913100451946026
    outer loop
      vertex 4.76605224609375 11.56072998046875 5.510438919067383
      vertex 4.865936279296875 11.769607543945312 5.63102912902832
      vertex 4.865936279296875 10.985004514437708 6.99
    endloop
  endfacet
  facet normal -0.3826460602849512 -0.8001163385746238 -0.4619478729189509
    outer loop
      vertex 0.5 11.243743896484375 5.327426910400391
      vertex 0.5851249657982952 10.243145862786344 6.99
      vertex 0.5 10.283855858600997 6.99
    endloop
  endfacet
  facet normal -0.6088009696000167 -0.6870376878263782 -0.3966618142955834
    outer loop
      vertex 0.5 11.243743896484375 5.327426910400391
      vertex 0.5 10.283855858600997 6.99
      vertex 0.29290771484375 10.46736541889701 6.99
    endloop
  endfacet
  facet normal -0.38268926824174226 -0.8001019502911669 -0.46193700123812437
    outer loop
      vertex 0.741180419921875 11.1572265625 5.277475357055664
      vertex 0.741180419921875 10.168504440500156 6.99
      vertex 0.5851249657982952 10.243145862786344 6.99
    endloop
  endfacet
  facet normal -0.1304795060997491 -0.8586227226065809 -0.4957238331083426
    outer loop
      vertex 0.741180419921875 11.1572265625 5.277475357055664
      vertex 0.8238882185267649 10.155935855452928 6.99
      vertex 0.741180419921875 10.168504440500156 6.99
    endloop
  endfacet
  facet normal -0.7933690142451779 -0.5271850322120024 -0.3043707427583415
    outer loop
      vertex 0.29290771484375 11.381378173828125 5.406885147094727
      vertex 0.29290771484375 10.46736541889701 6.99
      vertex 0.18448915654322126 10.630526205848533 6.99
    endloop
  endfacet
  facet normal -0.9238645641046707 -0.3314452400365738 -0.19135913892151835
    outer loop
      vertex 0.134002685546875 11.56072998046875 5.510438919067383
      vertex 0.134002685546875 10.706508829494265 6.99
      vertex 0.06335222775888308 10.903438658327818 6.99
    endloop
  endfacet
  facet normal -0.7933877721658865 -0.5271645914079808 -0.3043572515043926
    outer loop
      vertex 0.134002685546875 11.56072998046875 5.510438919067383
      vertex 0.18448915654322126 10.630526205848533 6.99
      vertex 0.134002685546875 10.706508829494265 6.99
    endloop
  endfacet
  facet normal -0.9238571493862938 -0.33146028033718766 -0.19136888484449113
    outer loop
      vertex 0.034088134765625 11.769607543945312 5.63102912902832
      vertex 0.06335222775888308 10.903438658327818 6.99
      vertex 0.034088134765625 10.985004514437708 6.99
    endloop
  endfacet
  facet normal -0.9914375228293214 -0.11308723168132918 -0.06529101283264241
    outer loop
      vertex 0.034088134765625 11.769607543945312 5.63102912902832
      vertex 0.034088134765625 10.985004514437708 6.99
      vertex 0.021741854010512946 11.09324455025799 6.99
    endloop
  endfacet
  facet normal 0.13047950609974895 -0.8586227226065809 -0.4957238331083426
    outer loop
      vertex 4.158843994140625 11.1572265625 5.277475357055664
      vertex 4.158843994140625 10.168504440500156 6.99
      vertex 4.076136195535735 10.155935855452928 6.99
    endloop
  endfacet
  facet normal 0.38264606021930114 -0.8001174491191723 -0.4619459494504477
    outer loop
      vertex 4.158843994140625 11.1572265625 5.277475357055664
      vertex 4.244705508893037 10.20956662503399 6.99
      vertex 4.158843994140625 10.168504440500156 6.99
    endloop
  endfacet
  facet normal 0.38268926824741656 -0.800100839789642 -0.46193892468178815
    outer loop
      vertex 4.158843994140625 11.1572265625 5.277475357055664
      vertex 4.4000244140625 10.283855858600997 6.99
      vertex 4.244705508893037 10.20956662503399 6.99
    endloop
  endfacet
  facet normal 0.6088009696000165 -0.6870376878263782 -0.3966618142955834
    outer loop
      vertex 4.4000244140625 11.243743896484375 5.327426910400391
      vertex 4.60711669921875 10.46736541889701 6.99
      vertex 4.4000244140625 10.283855858600997 6.99
    endloop
  endfacet
  facet normal 0.7933313144146562 -0.5272275807606347 -0.30439530820037647
    outer loop
      vertex 4.60711669921875 11.381378173828125 5.406885147094727
      vertex 4.658846469573038 10.545204379162193 6.99
      vertex 4.60711669921875 10.46736541889701 6.99
    endloop
  endfacet
  facet normal 0.7933125532899323 -0.5272494845863924 -0.3044062643836225
    outer loop
      vertex 4.60711669921875 11.381378173828125 5.406885147094727
      vertex 4.76605224609375 10.706508829494265 6.99
      vertex 4.658846469573038 10.545204379162193 6.99
    endloop
  endfacet
  facet normal 0.923898481809834 -0.3313743247834284 -0.19131819616495077
    outer loop
      vertex 4.76605224609375 11.56072998046875 5.510438919067383
      vertex 4.796329575777161 10.790924479216196 6.99
      vertex 4.76605224609375 10.706508829494265 6.99
    endloop
  endfacet
  facet normal 0.9239058929923947 -0.3313583671820655 -0.19131004519460312
    outer loop
      vertex 4.76605224609375 11.56072998046875 5.510438919067383
      vertex 4.865936279296875 10.985004514437708 6.99
      vertex 4.796329575777161 10.790924479216196 6.99
    endloop
  endfacet
  facet normal 0.991437522829321 -0.11308723168133272 -0.06529101283264445
    outer loop
      vertex 4.865936279296875 11.769607543945312 5.63102912902832
      vertex 4.8782825600519875 11.09324455025799 6.99
      vertex 4.865936279296875 10.985004514437708 6.99
    endloop
  endfacet
  facet normal 1 0 0
    outer loop
      vertex 4.9000244140625 15.89605712890625 6
      vertex 4.9000244140625 15.930130004882812 6.258819580078125
      vertex 4.9000244140625 11.28386257185155 6.99
    endloop
  endfacet
  facet normal 0 -0.9914455395896884 0.13052104055558153
    outer loop
      vertex 4.9000244140625 15.89605712890625 6
      vertex 10.410003662109375 15.930130004882812 6.258819580078125
      vertex 4.9000244140625 15.930130004882812 6.258819580078125
    endloop
  endfacet
  facet normal 0 -0.9238807634942464 0.3826804604958137
    outer loop
      vertex 4.9000244140625 15.930130004882812 6.258819580078125
      vertex 10.410003662109375 15.930130004882812 6.258819580078125
      vertex 4.9000244140625 16.030029296875 6.5
    endloop
  endfacet
  facet normal 0 -0.9238807634942464 0.3826804604958137
    outer loop
      vertex 4.9000244140625 16.030029296875 6.5
      vertex 10.410003662109375 15.930130004882812 6.258819580078125
      vertex 10.410003662109375 16.030029296875 6.5
    endloop
  endfacet
  facet normal 1 0 0
    outer loop
      vertex 4.9000244140625 11.28386257185155 6.99
      vertex 4.9000244140625 15.930130004882812 6.258819580078125
      vertex 4.9000244140625 16.030029296875 6.5
    endloop
  endfacet
  facet normal 1 0 0
    outer loop
      vertex 4.9000244140625 11.28386257185155 6.99
      vertex 4.9000244140625 16.030029296875 6.5
      vertex 4.9000244140625 16.188949584960938 6.7071075439453125
    endloop
  endfacet
  facet normal 1 0 0
    outer loop
      vertex 4.9000244140625 11.28386257185155 6.99
      vertex 4.9000244140625 16.188949584960938 6.7071075439453125
      vertex 4.9000244140625 16.39605712890625 6.866025924682617
    endloop
  endfacet
  facet normal 1 0 0
    outer loop
      vertex 4.9000244140625 11.28386257185155 6.99
      vertex 4.9000244140625 16.39605712890625 6.866025924682617
      vertex 4.9000244140625 16.637237548828125 6.965925216674805
    endloop
  endfacet
  facet normal 1 0 0
    outer loop
      vertex 4.9000244140625 11.28386257185155 6.99
      vertex 4.9000244140625 16.637237548828125 6.965925216674805
      vertex 4.9000244140625 16.820100789695505 6.99
    endloop
  endfacet
  facet normal 0 -0.7933513418582181 0.6087640334084832
    outer loop
      vertex 4.9000244140625 16.030029296875 6.5
      vertex 10.410003662109375 16.030029296875 6.5
      vertex 4.9000244140625 16.188949584960938 6.7071075439453125
    endloop
  endfacet
  facet normal 0 -0.6087594347226258 0.7933548705567951
    outer loop
      vertex 4.9000244140625 16.188949584960938 6.7071075439453125
      vertex 10.410003662109375 16.188949584960938 6.7071075439453125
      vertex 4.9000244140625 16.39605712890625 6.866025924682617
    endloop
  endfacet
  facet normal 0 -0.7933513418582181 0.6087640334084832
    outer loop
      vertex 4.9000244140625 16.188949584960938 6.7071075439453125
      vertex 10.410003662109375 16.030029296875 6.5
      vertex 10.410003662109375 16.188949584960938 6.7071075439453125
    endloop
  endfacet
  facet normal 0 -0.6087594347226258 0.7933548705567951
    outer loop
      vertex 4.9000244140625 16.39605712890625 6.866025924682617
      vertex 10.410003662109375 16.188949584960938 6.7071075439453125
      vertex 10.410003662109375 16.39605712890625 6.866025924682617
    endloop
  endfacet
  facet normal 0 -0.3826804604958137 0.9238807634942464
    outer loop
      vertex 4.9000244140625 16.39605712890625 6.866025924682617
      vertex 10.410003662109375 16.39605712890625 6.866025924682617
      vertex 4.9000244140625 16.637237548828125 6.965925216674805
    endloop
  endfacet
  facet normal 0 -0.13052822244845202 0.991444594087056
    outer loop
      vertex 4.9000244140625 16.637237548828125 6.965925216674805
      vertex 10.410003662109375 16.637237548828125 6.965925216674805
      vertex 4.9000244140625 16.820100789695505 6.99
    endloop
  endfacet
  facet normal 0 -0.3826804604958137 0.9238807634942464
    outer loop
      vertex 4.9000244140625 16.637237548828125 6.965925216674805
      vertex 10.410003662109375 16.39605712890625 6.866025924682617
      vertex 10.410003662109375 16.637237548828125 6.965925216674805
    endloop
  endfacet
  facet normal 0 -0.9914455395896884 0.13052104055558156
    outer loop
      vertex 4.9000244140625 15.89605712890625 6
      vertex 15.920013427734375 15.930130004882812 6.258819580078125
      vertex 10.410003662109375 15.930130004882812 6.258819580078125
    endloop
  endfacet
  facet normal 0 -0.9238807634942465 0.3826804604958137
    outer loop
      vertex 10.410003662109375 15.930130004882812 6.258819580078125
      vertex 15.920013427734375 15.930130004882812 6.258819580078125
      vertex 10.410003662109375 16.030029296875 6.5
    endloop
  endfacet
  facet normal 0 -0.7933513418582181 0.6087640334084832
    outer loop
      vertex 10.410003662109375 16.030029296875 6.5
      vertex 15.920013427734375 16.030029296875 6.5
      vertex 10.410003662109375 16.188949584960938 6.7071075439453125
    endloop
  endfacet
  facet normal 0 -0.6087594347226258 0.793354870556795
    outer loop
      vertex 10.410003662109375 16.188949584960938 6.7071075439453125
      vertex 15.920013427734375 16.188949584960938 6.7071075439453125
      vertex 10.410003662109375 16.39605712890625 6.866025924682617
    endloop
  endfacet
  facet normal 0 -0.9914455395896884 0.13052104055558156
    outer loop
      vertex 4.9000244140625 15.89605712890625 6
      vertex 21.430023193359375 15.930130004882812 6.258819580078125
      vertex 15.920013427734375 15.930130004882812 6.258819580078125
    endloop
  endfacet
  facet normal 0 -0.9238807634942465 0.3826804604958137
    outer loop
      vertex 10.410003662109375 16.030029296875 6.5
      vertex 15.920013427734375 15.930130004882812 6.258819580078125
      vertex 15.920013427734375 16.030029296875 6.5
    endloop
  endfacet
  facet normal 0 -0.7933513418582181 0.6087640334084832
    outer loop
      vertex 10.410003662109375 16.188949584960938 6.7071075439453125
      vertex 15.920013427734375 16.030029296875 6.5
      vertex 15.920013427734375 16.188949584960938 6.7071075439453125
    endloop
  endfacet
  facet normal 0 -0.6087594347226258 0.793354870556795
    outer loop
      vertex 10.410003662109375 16.39605712890625 6.866025924682617
      vertex 15.920013427734375 16.188949584960938 6.7071075439453125
      vertex 15.920013427734375 16.39605712890625 6.866025924682617
    endloop
  endfacet
  facet normal 4.007335065799369e-19 -0.13052822244845205 0.9914445940870562
    outer loop
      vertex 4.9000244140625 16.820100789695505 6.99
      vertex 10.410003662109375 16.637237548828125 6.965925216674805
      vertex 15.920013427734375 16.637237548828125 6.965925216674805
    endloop
  endfacet
  facet normal 0 -0.3826804604958137 0.9238807634942465
    outer loop
      vertex 10.410003662109375 16.39605712890625 6.866025924682617
      vertex 15.920013427734375 16.39605712890625 6.866025924682617
      vertex 10.410003662109375 16.637237548828125 6.965925216674805
    endloop
  endfacet
  facet normal 0 -0.3826804604958137 0.9238807634942465
    outer loop
      vertex 15.920013427734375 16.39605712890625 6.866025924682617
      vertex 15.920013427734375 16.637237548828125 6.965925216674805
      vertex 10.410003662109375 16.637237548828125 6.965925216674805
    endloop
  endfacet
  facet normal 4.007335065799369e-19 -0.13052822244845205 0.9914445940870562
    outer loop
      vertex 4.9000244140625 16.820100789695505 6.99
      vertex 15.920013427734375 16.637237548828125 6.965925216674805
      vertex 21.430023193359375 16.637237548828125 6.965925216674805
    endloop
  endfacet
  facet normal -1 0 0
    outer loop
      vertex 0 14.7421875 1
      vertex 0 11.28386257185155 6.99
      vertex 0 59.8970947265625 6.99
    endloop
  endfacet
  facet normal 0.7815914537622773 0.6237906695404877 0
    outer loop
      vertex 6.466796875 28.09466552734375 0.9999866485595703
      vertex 6.466796875 28.09466552734375 6.99
      vertex 6.468404122081375 28.092651693786713 6.99
    endloop
  endfacet
  facet normal 0.8725231601335431 0.48857275305789966 0
    outer loop
      vertex 6.466796875 28.09466552734375 0.9999866485595703
      vertex 5.711738341878731 29.443095322663698 6.99
      vertex 6.466796875 28.09466552734375 6.99
    endloop
  endfacet
  facet normal 0.7815876182117688 0.6237954753407063 -0.0000015863939293301633
    outer loop
      vertex 7.43243408203125 26.884750366210938 0.9999885559082031
      vertex 6.468404122081375 28.092651693786713 6.99
      vertex 7.43243408203125 26.884765599597788 6.99
    endloop
  endfacet
  facet normal 0.669901976428386 0.7424495551711088 -0.0000018881468585741563
    outer loop
      vertex 7.43243408203125 26.884750366210938 0.9999885559082031
      vertex 7.43243408203125 26.884765599597788 6.99
      vertex 8.581756591796875 25.847747777332163 6.99
    endloop
  endfacet
  facet normal 0.940286303313226 0.3403845880776599 -8.656427715655011e-7
    outer loop
      vertex 5.183563232421875 30.900894165039062 0.9999828338623047
      vertex 5.183563232421875 30.900909398440465 6.99
      vertex 5.710479736328125 29.445342992185616 6.99
    endloop
  endfacet
  facet normal 0.8725208072011008 0.4885769550435177 -0.0000012425154496809615
    outer loop
      vertex 5.710479736328125 29.445327758789062 0.9999847412109375
      vertex 5.710479736328125 29.445342992185616 6.99
      vertex 5.711738341878731 29.443095322663698 6.99
    endloop
  endfacet
  facet normal 0.9830824468507848 0.18316359543767663 -4.658091112085711e-7
    outer loop
      vertex 4.9000244140625 32.42271423339844 0.9999828338623047
      vertex 4.9000244140625 32.422729466799844 6.99
      vertex 5.183563232421875 30.900909398440465 6.99
    endloop
  endfacet
  facet normal -0.8819196520611151 -0.47139975318933336 0.000001198831566289971
    outer loop
      vertex 8.34478759765625 30.908599853515625 0.9999828338623047
      vertex 8.944465486659853 29.786705897018944 6.99
      vertex 8.34478759765625 30.908615086917028 6.99
    endloop
  endfacet
  facet normal -0.9569437957913224 -0.29027327072252296 7.382031013763142e-7
    outer loop
      vertex 8.34478759765625 30.908599853515625 0.9999828338623047
      vertex 8.34478759765625 30.908615086917028 6.99
      vertex 8.3441722007934 30.910643865551684 6.99
    endloop
  endfacet
  facet normal -0.9569427867803662 -0.2902765971087343 0
    outer loop
      vertex 7.97491455078125 32.127960205078125 0.9999828338623047
      vertex 8.3441722007934 30.910643865551684 6.99
      vertex 7.97491455078125 32.127960205078125 6.99
    endloop
  endfacet
  facet normal -0.9951837081197655 -0.0980274813151562 0
    outer loop
      vertex 7.97491455078125 32.127960205078125 0.9999828338623047
      vertex 7.97491455078125 32.127960205078125 6.99
      vertex 7.974706727467806 32.13007004583841 6.99
    endloop
  endfacet
  facet normal -0.9951838231903113 -0.09802631310139692 2.4929380566867504e-7
    outer loop
      vertex 7.850006103515625 33.39604187011719 0.9999809265136719
      vertex 7.974706727467806 32.13007004583841 6.99
      vertex 7.850006103515625 33.39605710352344 6.99
    endloop
  endfacet
  facet normal 0.5404367149440679 0.841384666568084 -0.000002139751857844216
    outer loop
      vertex 8.581756591796875 25.847732543945312 0.9999885559082031
      vertex 8.581756591796875 25.847747777332163 6.99
      vertex 9.88421630859375 25.011154149397626 6.99
    endloop
  endfacet
  facet normal 0.39660858719850667 0.9179878150362096 -0.0000023345637386842455
    outer loop
      vertex 9.88421630859375 25.011138916015625 0.9999904632568359
      vertex 9.88421630859375 25.011154149397626 6.99
      vertex 11.305267333984375 24.397201512678876 6.99
    endloop
  endfacet
  facet normal 0.24225729768258447 0.9702120395632305 -0.0000024673768096909433
    outer loop
      vertex 11.305267333984375 24.397186279296875 0.9999904632568359
      vertex 11.305267333984375 24.397201512678876 6.99
      vertex 11.307768100274261 24.396577083318263 6.99
    endloop
  endfacet
  facet normal 0.2422665762262694 0.9702097227113329 0
    outer loop
      vertex 12.807159423828125 24.022171020507812 0.9999904632568359
      vertex 11.307768100274261 24.396577083318263 6.99
      vertex 12.807159423828125 24.022171020507812 6.99
    endloop
  endfacet
  facet normal 0.08147751093889105 0.9966751803928915 0
    outer loop
      vertex 12.807159423828125 24.022171020507812 0.9999904632568359
      vertex 12.807159423828125 24.022171020507812 6.99
      vertex 12.809728434302974 24.021961005667286 6.99
    endloop
  endfacet
  facet normal -0.7730131388712014 -0.6343900118459384 0.0000016133372292046302
    outer loop
      vertex 9.753814697265625 28.799850463867188 0.9999866485595703
      vertex 9.753814697265625 28.79986569725889 6.99
      vertex 9.752469247116316 28.80150514716146 6.99
    endloop
  endfacet
  facet normal -0.634385422707302 -0.7730169050238249 0.0000019658836494770405
    outer loop
      vertex 10.73883056640625 27.991485595703125 0.9999866485595703
      vertex 10.73883056640625 27.99150082909483 6.99
      vertex 9.753814697265625 28.79986569725889 6.99
    endloop
  endfacet
  facet normal -0.4714003961486282 -0.8819193083898982 0
    outer loop
      vertex 11.862579345703125 27.390823364257812 0.9999866485595703
      vertex 11.862579345703125 27.390823364257812 6.99
      vertex 11.860708931681778 27.39182313135922 6.99
    endloop
  endfacet
  facet normal -0.29027327072264114 -0.9569437957915712 0
    outer loop
      vertex 11.862579345703125 27.390823364257812 0.9999866485595703
      vertex 13.079909756403621 27.021566066788345 6.99
      vertex 11.862579345703125 27.390823364257812 6.99
    endloop
  endfacet
  facet normal -0.29028423664431746 -0.9569404693866298 0.0000024336254611916753
    outer loop
      vertex 13.081939697265625 27.02093505859375 0.9999885559082031
      vertex 13.081939697265625 27.0209502919806 6.99
      vertex 13.079909756403621 27.021566066788345 6.99
    endloop
  endfacet
  facet normal -0.4714097100934308 -0.8819143298669079 0.000002242824122030579
    outer loop
      vertex 10.73883056640625 27.991485595703125 0.9999866485595703
      vertex 11.860708931681778 27.39182313135922 6.99
      vertex 10.73883056640625 27.99150082909483 6.99
    endloop
  endfacet
  facet normal 0.08146771942119962 0.9966759807910915 -0.000002534678092716888
    outer loop
      vertex 14.35003662109375 23.896041870117188 0.9999923706054688
      vertex 12.809728434302974 24.021961005667286 6.99
      vertex 14.35003662109375 23.89605710349434 6.99
    endloop
  endfacet
  facet normal 1.5501521301218027e-22 0.9999999999967663 -0.000002543131510701042
    outer loop
      vertex 14.35003662109375 23.896041870117188 0.9999923706054688
      vertex 14.35003662109375 23.89605710349434 6.99
      vertex 21.35003662109375 23.89605710349434 6.99
    endloop
  endfacet
  facet normal -0.09802631310145779 -0.9951838231871184 0.000002530883339301779
    outer loop
      vertex 14.35003662109375 26.896026611328125 0.9999885559082031
      vertex 14.35003662109375 26.896041844714976 6.99
      vertex 13.081939697265625 27.0209502919806 6.99
    endloop
  endfacet
  facet normal -0.7730083194387587 -0.6343958843486187 0
    outer loop
      vertex 8.945465087890625 29.784835815429688 0.9999847412109375
      vertex 9.752469247116316 28.80150514716146 6.99
      vertex 8.945465087890625 29.784835815429688 6.99
    endloop
  endfacet
  facet normal -0.8819169910071802 -0.47140473159785035 0
    outer loop
      vertex 8.945465087890625 29.784835815429688 0.9999847412109375
      vertex 8.945465087890625 29.784835815429688 6.99
      vertex 8.944465486659853 29.786705897018944 6.99
    endloop
  endfacet
  facet normal 0 -0.9999999999953434 0.000003051757812485789
    outer loop
      vertex 4.9000244140625 15.896041870117188 1
      vertex 60.000030517578125 15.89605712890625 6
      vertex 4.9000244140625 15.89605712890625 6
    endloop
  endfacet
  facet normal 0.3222601466319733 0.9448478997958957 0.05840243268926528
    outer loop
      vertex 34.944427490234375 21.269744873046875 0
      vertex 34.05675015503147 21.140443663487126 6.99
      vertex 35.028231008096576 20.809099790863243 6.99
    endloop
  endfacet
  facet normal 0.6074232664303443 0.7916121425492469 0.06623587523149245
    outer loop
      vertex 33.029388427734375 22.375381469726562 0
      vertex 33.1778273133732 21.676612500788305 6.99
      vertex 33.179090498488534 21.67564322810081 6.99
    endloop
  endfacet
  facet normal 0.5199875680028586 0.8522549554064776 0.05722254894336204
    outer loop
      vertex 33.91412353515625 21.696502685546875 0
      vertex 33.179090498488534 21.67564322810081 6.99
      vertex 34.055279133242685 21.141052969156224 6.99
    endloop
  endfacet
  facet normal 0.6928338248970822 0.7188293257131207 0.05714622973827356
    outer loop
      vertex 33.029388427734375 22.375381469726562 0
      vertex 32.438802020932435 22.38891193229726 6.99
      vertex 33.1778273133732 21.676612500788305 6.99
    endloop
  endfacet
  facet normal 0.38185433853094386 0.9218953320324839 0.06554586883863694
    outer loop
      vertex 33.91412353515625 21.696502685546875 0
      vertex 34.055279133242685 21.141052969156224 6.99
      vertex 34.05675015503147 21.140443663487126 6.99
    endloop
  endfacet
  facet normal 0.793171925088621 0.6054279097327935 0.06584332439808559
    outer loop
      vertex 32.32330322265625 23.246047973632812 0.49999237060546875
      vertex 32.437781506646424 22.390248909446484 6.99
      vertex 32.438802020932435 22.38891193229726 6.99
    endloop
  endfacet
  facet normal 0 -0.9914455395896884 0.13052104055558156
    outer loop
      vertex 4.9000244140625 15.89605712890625 6
      vertex 26.940032958984375 15.930130004882812 6.258819580078125
      vertex 21.430023193359375 15.930130004882812 6.258819580078125
    endloop
  endfacet
  facet normal 0 -0.9238807634942465 0.3826804604958137
    outer loop
      vertex 15.920013427734375 15.930130004882812 6.258819580078125
      vertex 21.430023193359375 15.930130004882812 6.258819580078125
      vertex 15.920013427734375 16.030029296875 6.5
    endloop
  endfacet
  facet normal 0 -0.9238807634942465 0.3826804604958137
    outer loop
      vertex 15.920013427734375 16.030029296875 6.5
      vertex 21.430023193359375 15.930130004882812 6.258819580078125
      vertex 21.430023193359375 16.030029296875 6.5
    endloop
  endfacet
  facet normal 0 -0.9914455395896884 0.13052104055558153
    outer loop
      vertex 4.9000244140625 15.89605712890625 6
      vertex 32.45001220703125 15.930130004882812 6.258819580078125
      vertex 26.940032958984375 15.930130004882812 6.258819580078125
    endloop
  endfacet
  facet normal 0 -0.7933513418582181 0.6087640334084832
    outer loop
      vertex 15.920013427734375 16.030029296875 6.5
      vertex 21.430023193359375 16.030029296875 6.5
      vertex 15.920013427734375 16.188949584960938 6.7071075439453125
    endloop
  endfacet
  facet normal 0 -0.6087594347226258 0.793354870556795
    outer loop
      vertex 15.920013427734375 16.188949584960938 6.7071075439453125
      vertex 21.430023193359375 16.188949584960938 6.7071075439453125
      vertex 15.920013427734375 16.39605712890625 6.866025924682617
    endloop
  endfacet
  facet normal 0 -0.7933513418582181 0.6087640334084832
    outer loop
      vertex 15.920013427734375 16.188949584960938 6.7071075439453125
      vertex 21.430023193359375 16.030029296875 6.5
      vertex 21.430023193359375 16.188949584960938 6.7071075439453125
    endloop
  endfacet
  facet normal 0 -0.6087594347226258 0.793354870556795
    outer loop
      vertex 15.920013427734375 16.39605712890625 6.866025924682617
      vertex 21.430023193359375 16.188949584960938 6.7071075439453125
      vertex 21.430023193359375 16.39605712890625 6.866025924682617
    endloop
  endfacet
  facet normal 0 -0.9238807634942465 0.3826804604958137
    outer loop
      vertex 21.430023193359375 15.930130004882812 6.258819580078125
      vertex 26.940032958984375 15.930130004882812 6.258819580078125
      vertex 21.430023193359375 16.030029296875 6.5
    endloop
  endfacet
  facet normal 0 -0.9238807634942465 0.3826804604958137
    outer loop
      vertex 21.430023193359375 16.030029296875 6.5
      vertex 26.940032958984375 15.930130004882812 6.258819580078125
      vertex 26.940032958984375 16.030029296875 6.5
    endloop
  endfacet
  facet normal 0 -0.7933513418582181 0.6087640334084832
    outer loop
      vertex 21.430023193359375 16.030029296875 6.5
      vertex 26.940032958984375 16.030029296875 6.5
      vertex 21.430023193359375 16.188949584960938 6.7071075439453125
    endloop
  endfacet
  facet normal 0 -0.6087594347226258 0.793354870556795
    outer loop
      vertex 21.430023193359375 16.188949584960938 6.7071075439453125
      vertex 26.940032958984375 16.188949584960938 6.7071075439453125
      vertex 21.430023193359375 16.39605712890625 6.866025924682617
    endloop
  endfacet
  facet normal 0 -0.7933513418582181 0.6087640334084832
    outer loop
      vertex 21.430023193359375 16.188949584960938 6.7071075439453125
      vertex 26.940032958984375 16.030029296875 6.5
      vertex 26.940032958984375 16.188949584960938 6.7071075439453125
    endloop
  endfacet
  facet normal 0 -0.6087594347226258 0.793354870556795
    outer loop
      vertex 21.430023193359375 16.39605712890625 6.866025924682617
      vertex 26.940032958984375 16.188949584960938 6.7071075439453125
      vertex 26.940032958984375 16.39605712890625 6.866025924682617
    endloop
  endfacet
  facet normal 0 -0.3826804604958137 0.9238807634942465
    outer loop
      vertex 15.920013427734375 16.39605712890625 6.866025924682617
      vertex 21.430023193359375 16.39605712890625 6.866025924682617
      vertex 15.920013427734375 16.637237548828125 6.965925216674805
    endloop
  endfacet
  facet normal 4.007335065799367e-19 -0.13052822244845202 0.9914445940870562
    outer loop
      vertex 4.9000244140625 16.820100789695505 6.99
      vertex 21.430023193359375 16.637237548828125 6.965925216674805
      vertex 26.940032958984375 16.637237548828125 6.965925216674805
    endloop
  endfacet
  facet normal 0 -0.3826804604958137 0.9238807634942465
    outer loop
      vertex 15.920013427734375 16.637237548828125 6.965925216674805
      vertex 21.430023193359375 16.39605712890625 6.866025924682617
      vertex 21.430023193359375 16.637237548828125 6.965925216674805
    endloop
  endfacet
  facet normal 4.007357260830498e-19 -0.13052822244845205 0.991444594087056
    outer loop
      vertex 4.9000244140625 16.820100789695505 6.99
      vertex 26.940032958984375 16.637237548828125 6.965925216674805
      vertex 32.45001220703125 16.637237548828125 6.965925216674805
    endloop
  endfacet
  facet normal 0 -0.3826804604958137 0.9238807634942465
    outer loop
      vertex 21.430023193359375 16.39605712890625 6.866025924682617
      vertex 26.940032958984375 16.39605712890625 6.866025924682617
      vertex 21.430023193359375 16.637237548828125 6.965925216674805
    endloop
  endfacet
  facet normal 0 -0.3826804604958137 0.9238807634942465
    outer loop
      vertex 21.430023193359375 16.637237548828125 6.965925216674805
      vertex 26.940032958984375 16.39605712890625 6.866025924682617
      vertex 26.940032958984375 16.637237548828125 6.965925216674805
    endloop
  endfacet
  facet normal 4.007335065799369e-19 -0.1305282224484521 0.9914445940870562
    outer loop
      vertex 4.9000244140625 16.820100789695505 6.99
      vertex 32.45001220703125 16.637237548828125 6.965925216674805
      vertex 37.96002197265625 16.637237548828125 6.965925216674805
    endloop
  endfacet
  facet normal 0 -0.9914455395896883 0.13052104055558153
    outer loop
      vertex 4.9000244140625 15.89605712890625 6
      vertex 60.000030517578125 15.89605712890625 6
      vertex 32.45001220703125 15.930130004882812 6.258819580078125
    endloop
  endfacet
  facet normal 0 -0.9238807634942464 0.3826804604958137
    outer loop
      vertex 26.940032958984375 15.930130004882812 6.258819580078125
      vertex 32.45001220703125 15.930130004882812 6.258819580078125
      vertex 26.940032958984375 16.030029296875 6.5
    endloop
  endfacet
  facet normal 0 -0.9238807634942464 0.3826804604958137
    outer loop
      vertex 26.940032958984375 16.030029296875 6.5
      vertex 32.45001220703125 15.930130004882812 6.258819580078125
      vertex 32.45001220703125 16.030029296875 6.5
    endloop
  endfacet
  facet normal 0 -0.7933513418582181 0.6087640334084832
    outer loop
      vertex 26.940032958984375 16.030029296875 6.5
      vertex 32.45001220703125 16.030029296875 6.5
      vertex 26.940032958984375 16.188949584960938 6.7071075439453125
    endloop
  endfacet
  facet normal 0 -0.6087594347226258 0.7933548705567951
    outer loop
      vertex 26.940032958984375 16.188949584960938 6.7071075439453125
      vertex 32.45001220703125 16.188949584960938 6.7071075439453125
      vertex 26.940032958984375 16.39605712890625 6.866025924682617
    endloop
  endfacet
  facet normal 0 -0.7933513418582181 0.6087640334084832
    outer loop
      vertex 26.940032958984375 16.188949584960938 6.7071075439453125
      vertex 32.45001220703125 16.030029296875 6.5
      vertex 32.45001220703125 16.188949584960938 6.7071075439453125
    endloop
  endfacet
  facet normal 0 -0.6087594347226258 0.7933548705567951
    outer loop
      vertex 26.940032958984375 16.39605712890625 6.866025924682617
      vertex 32.45001220703125 16.188949584960938 6.7071075439453125
      vertex 32.45001220703125 16.39605712890625 6.866025924682617
    endloop
  endfacet
  facet normal 0 -0.9238807634942465 0.3826804604958137
    outer loop
      vertex 32.45001220703125 15.930130004882812 6.258819580078125
      vertex 37.96002197265625 15.930130004882812 6.258819580078125
      vertex 32.45001220703125 16.030029296875 6.5
    endloop
  endfacet
  facet normal 0 -0.7933513418582181 0.6087640334084832
    outer loop
      vertex 32.45001220703125 16.030029296875 6.5
      vertex 37.96002197265625 16.030029296875 6.5
      vertex 32.45001220703125 16.188949584960938 6.7071075439453125
    endloop
  endfacet
  facet normal 0 -0.6087594347226258 0.793354870556795
    outer loop
      vertex 32.45001220703125 16.188949584960938 6.7071075439453125
      vertex 37.96002197265625 16.188949584960938 6.7071075439453125
      vertex 32.45001220703125 16.39605712890625 6.866025924682617
    endloop
  endfacet
  facet normal 0 -0.3826804604958137 0.9238807634942464
    outer loop
      vertex 26.940032958984375 16.39605712890625 6.866025924682617
      vertex 32.45001220703125 16.39605712890625 6.866025924682617
      vertex 26.940032958984375 16.637237548828125 6.965925216674805
    endloop
  endfacet
  facet normal 4.007335065799367e-19 -0.13052822244845202 0.9914445940870562
    outer loop
      vertex 4.9000244140625 16.820100789695505 6.99
      vertex 37.96002197265625 16.637237548828125 6.965925216674805
      vertex 43.47003173828125 16.637237548828125 6.965925216674805
    endloop
  endfacet
  facet normal 0 -0.3826804604958137 0.9238807634942464
    outer loop
      vertex 32.45001220703125 16.39605712890625 6.866025924682617
      vertex 32.45001220703125 16.637237548828125 6.965925216674805
      vertex 26.940032958984375 16.637237548828125 6.965925216674805
    endloop
  endfacet
  facet normal 4.007357260830499e-19 -0.13052822244845202 0.991444594087056
    outer loop
      vertex 4.9000244140625 16.820100789695505 6.99
      vertex 43.47003173828125 16.637237548828125 6.965925216674805
      vertex 48.980010986328125 16.637237548828125 6.965925216674805
    endloop
  endfacet
  facet normal 0 -0.3826804604958137 0.9238807634942465
    outer loop
      vertex 32.45001220703125 16.39605712890625 6.866025924682617
      vertex 37.96002197265625 16.39605712890625 6.866025924682617
      vertex 32.45001220703125 16.637237548828125 6.965925216674805
    endloop
  endfacet
  facet normal 6.892546528760719e-7 0.9999999999970071 -0.000002347506009414867
    outer loop
      vertex 21.35003662109375 23.246047973632812 0.49999237060546875
      vertex 21.38217367676316 23.24606318681411 6.99
      vertex 32.10198974609375 23.246047973632812 3.656888961791992
    endloop
  endfacet
  facet normal 0 -1 0
    outer loop
      vertex 21.35003662109375 27.546051025390625 0.4999866485595703
      vertex 32.10198974609375 27.546051025390625 3.6568851470947266
      vertex 21.35003662109375 27.546051025390625 6.99
    endloop
  endfacet
  facet normal 6.892546657597321e-7 0.9999999999970072 -0.0000023475060094786643
    outer loop
      vertex 21.35003662109375 23.246047973632812 0.49999237060546875
      vertex 21.35003662109375 23.246063208964724 6.99
      vertex 21.38217367676316 23.24606318681411 6.99
    endloop
  endfacet
  facet normal 1 0 0
    outer loop
      vertex 21.35003662109375 23.896041870117188 0.9999923706054688
      vertex 21.35003662109375 23.89605710349434 6.99
      vertex 21.35003662109375 23.246063208964724 6.99
    endloop
  endfacet
  facet normal 9.03815550050491e-23 -0.9999999999967663 0.0000025431315103056374
    outer loop
      vertex 21.349273681640625 26.896026611328125 0.9999885559082031
      vertex 21.349273681640625 26.896041844714976 6.99
      vertex 14.35003662109375 26.896041844714976 6.99
    endloop
  endfacet
  facet normal 0.9999993111720581 -0.0011737356641775133 2.984964152349003e-9
    outer loop
      vertex 21.349273681640625 26.896026611328125 0.9999885559082031
      vertex 21.350035351225316 27.544969097483627 6.99
      vertex 21.349273681640625 26.896041844714976 6.99
    endloop
  endfacet
  facet normal 0.9999993112043981 -0.0011737081107825215 -1.0414138631540405e-13
    outer loop
      vertex 21.349273681640625 26.896026611328125 0.9999885559082031
      vertex 21.35003662109375 27.546051025390625 6.99
      vertex 21.350035351225316 27.544969097483627 6.99
    endloop
  endfacet
  facet normal -0.005063074480104336 0.9999871195622554 -0.00035494561919293386
    outer loop
      vertex 32.32330322265625 23.246047973632812 0.49999237060546875
      vertex 32.10198974609375 23.246047973632812 3.656888961791992
      vertex 31.871331866141407 23.246063208964724 6.99
    endloop
  endfacet
  facet normal 0 -1 0
    outer loop
      vertex 32.323333740234375 27.546051025390625 0.4999866485595703
      vertex 31.871331514539197 27.546051025390625 6.99
      vertex 32.10198974609375 27.546051025390625 3.6568851470947266
    endloop
  endfacet
  facet normal 0.8324839786357837 0.5510076785231083 0.05797381756716391
    outer loop
      vertex 32.32330322265625 23.246047973632812 0.49999237060546875
      vertex 31.871331866141407 23.246063208964724 6.99
      vertex 32.437781506646424 22.390248909446484 6.99
    endloop
  endfacet
  facet normal 0.6928037769167941 -0.7188582392551282 0.05714681570168295
    outer loop
      vertex 33.029388427734375 28.416702270507812 0
      vertex 33.17785798965359 29.115472191445313 6.99
      vertex 32.43880153816544 28.40320227091653 6.99
    endloop
  endfacet
  facet normal 0.6074233693435988 -0.7916122766651355 0.06623332853111795
    outer loop
      vertex 33.029388427734375 28.416702270507812 0
      vertex 33.17911997113132 29.116440540552382 6.99
      vertex 33.17785798965359 29.115472191445313 6.99
    endloop
  endfacet
  facet normal 0.8324837275635055 -0.5510075123424266 0.05797900209715413
    outer loop
      vertex 32.323333740234375 27.546051025390625 0.4999866485595703
      vertex 32.437781654465944 28.401866079454777 6.99
      vertex 31.871331514539197 27.546051025390625 6.99
    endloop
  endfacet
  facet normal 0.793180582654586 -0.6054161923373336 0.0658467717925184
    outer loop
      vertex 32.323333740234375 27.546051025390625 0.4999866485595703
      vertex 32.43880153816544 28.40320227091653 6.99
      vertex 32.437781654465944 28.401866079454777 6.99
    endloop
  endfacet
  facet normal 0.5199984000843232 -0.8522484181282837 0.0572214794249719
    outer loop
      vertex 33.91412353515625 29.0955810546875 0
      vertex 34.05530979960036 29.65104676484399 6.99
      vertex 33.17911997113132 29.116440540552382 6.99
    endloop
  endfacet
  facet normal 0.3818543276663951 -0.9218953057996636 0.06554630109312032
    outer loop
      vertex 33.91412353515625 29.0955810546875 0
      vertex 34.056779419712456 29.651655489930558 6.99
      vertex 34.05530979960036 29.65104676484399 6.99
    endloop
  endfacet
  facet normal 0.32225592268508885 -0.9448493265905178 0.05840265692438034
    outer loop
      vertex 34.944427490234375 29.5223388671875 0
      vertex 35.02823112227006 29.98298457695162 6.99
      vertex 34.056779419712456 29.651655489930558 6.99
    endloop
  endfacet
  facet normal -7.780633536850053e-23 0.9999999999895838 -0.000004564258772509513
    outer loop
      vertex 32.10198974609375 23.246047973632812 3.656888961791992
      vertex 21.38217367676316 23.24606318681411 6.99
      vertex 31.871327491264065 23.24606318681411 6.99
    endloop
  endfacet
  facet normal 0 -1 0
    outer loop
      vertex 32.10198974609375 27.546051025390625 3.6568851470947266
      vertex 31.871331514539197 27.546051025390625 6.99
      vertex 21.35003662109375 27.546051025390625 6.99
    endloop
  endfacet
  facet normal -0.005063074578304985 0.9999871195617557 -0.00035494562598859913
    outer loop
      vertex 32.10198974609375 23.246047973632812 3.656888961791992
      vertex 31.871327491264065 23.24606318681411 6.99
      vertex 31.871331866141407 23.246063208964724 6.99
    endloop
  endfacet
  facet normal 0 0 -1
    outer loop
      vertex 1 44.45954757047105 0
      vertex 1.021792747981941 44.38770650821586 0
      vertex 1.021792747981941 20.612293491784143 0
    endloop
  endfacet
  facet normal -0.007049716353433825 9.538345942780605e-21 -0.9999751504409177
    outer loop
      vertex 1 44.45954757047105 0
      vertex 0.9981953841205762 20.534503408237658 0.000012722346221534345
      vertex 0.9907319357853529 44.49010028363882 0.0000653388475002238
    endloop
  endfacet
  facet normal -0.10592812259398017 -0.00003081820938698766 -0.9943737888208602
    outer loop
      vertex 0.9981953841205762 20.534503408237658 0.000012722346221534345
      vertex 0.9307435513548312 44.6878554847742 0.006449620644090132
      vertex 0.9907319357853529 44.49010028363882 0.0000653388475002238
    endloop
  endfacet
  facet normal -0.10592812259398031 -0.00003081820938698801 -0.9943737888208601
    outer loop
      vertex 0.9981953841205762 20.534503408237658 0.000012722346221534345
      vertex 0.8999999999999999 45 0.009714979182663423
      vertex 0.9307435513548312 44.6878554847742 0.006449620644090132
    endloop
  endfacet
  facet normal 0 0 -1
    outer loop
      vertex 1.6110876271686365 21.33035137968407 0
      vertex 1.3686291501015238 43.868629150101526 0
      vertex 1.6110876271686365 43.669648620315925 0
    endloop
  endfacet
  facet normal 0 0 -1
    outer loop
      vertex 1.8877065082158562 21.47820725201806 0
      vertex 1.6110876271686365 43.669648620315925 0
      vertex 1.8877065082158562 43.52179274798194 0
    endloop
  endfacet
  facet normal 0 0 -1
    outer loop
      vertex 2.187855484774195 43.43074355135483 0
      vertex 2.187855484774195 21.56925644864517 0
      vertex 1.8877065082158562 43.52179274798194 0
    endloop
  endfacet
  facet normal 0 0 -1
    outer loop
      vertex 1.1696486203159275 20.888912372831363 0
      vertex 1.021792747981941 44.38770650821586 0
      vertex 1.1696486203159275 44.11108762716864 0
    endloop
  endfacet
  facet normal 0 0 -1
    outer loop
      vertex 1.3686291501015238 21.131370849898477 0
      vertex 1.1696486203159275 44.11108762716864 0
      vertex 1.3686291501015238 43.868629150101526 0
    endloop
  endfacet
  facet normal 0 0 -1
    outer loop
      vertex 3.3889123728313635 21.33035137968407 0
      vertex 2.187855484774195 43.43074355135483 0
      vertex 2.5 43.4 0
    endloop
  endfacet
  facet normal 0 0 -1
    outer loop
      vertex 3.3889123728313635 21.33035137968407 0
      vertex 2.5 43.4 0
      vertex 2.812144515225805 43.43074355135483 0
    endloop
  endfacet
  facet normal 0 0 -1
    outer loop
      vertex 3.3889123728313635 21.33035137968407 0
      vertex 2.812144515225805 43.43074355135483 0
      vertex 3.112293491784144 43.52179274798194 0
    endloop
  endfacet
  facet normal 0 0 -1
    outer loop
      vertex 3.3889123728313635 21.33035137968407 0
      vertex 3.112293491784144 43.52179274798194 0
      vertex 3.3889123728313635 43.669648620315925 0
    endloop
  endfacet
  facet normal 0 0 -1
    outer loop
      vertex 3.3889123728313635 21.33035137968407 0
      vertex 3.3889123728313635 43.669648620315925 0
      vertex 3.6313708498984765 43.868629150101526 0
    endloop
  endfacet
  facet normal 0 0 -1
    outer loop
      vertex 3.6313708498984765 21.131370849898477 0
      vertex 3.6313708498984765 43.868629150101526 0
      vertex 3.8303513796840725 44.11108762716864 0
    endloop
  endfacet
  facet normal 0 0 -1
    outer loop
      vertex 3.978207252018059 20.612293491784143 0
      vertex 3.8303513796840725 44.11108762716864 0
      vertex 3.978207252018059 44.38770650821586 0
    endloop
  endfacet
  facet normal 0 0 -1
    outer loop
      vertex 3.978207252018059 20.612293491784143 0
      vertex 3.978207252018059 44.38770650821586 0
      vertex 4.069256448645168 44.6878554847742 0
    endloop
  endfacet
  facet normal 0 0 -1
    outer loop
      vertex 3.978207252018059 20.612293491784143 0
      vertex 4.069256448645168 44.6878554847742 0
      vertex 4.1 45 0
    endloop
  endfacet
  facet normal -0.3826866968961701 0 -0.9238781802914813
    outer loop
      vertex 0.741180419921875 37.35499572753906 0.0340728759765625
      vertex 0.5 37.35499572753906 0.1339740753173828
      vertex 0.5 43.00819396972656 0.1339740753173828
    endloop
  endfacet
  facet normal -0.6087876652538752 0 -0.7933332078230027
    outer loop
      vertex 0.5 37.35499572753906 0.1339740753173828
      vertex 0.29290771484375 37.35499572753906 0.2928924560546875
      vertex 0.29290771484375 43.00819396972656 0.2928924560546875
    endloop
  endfacet
  facet normal -0.7933795715793326 0 -0.608727242203431
    outer loop
      vertex 0.29290771484375 37.35499572753906 0.2928924560546875
      vertex 0.134002685546875 37.35499572753906 0.5
      vertex 0.134002685546875 43.00819396972656 0.5
    endloop
  endfacet
  facet normal -0.15888236344724024 -0.0002646925673033193 -0.9872974853220603
    outer loop
      vertex 0.741180419921875 43.00819396972656 0.0340728759765625
      vertex 0.8031005859375 59.916778564453125 0.019575119018554688
      vertex 0.9750854813227255 20.458320268461637 0.0024769229036041875
    endloop
  endfacet
  facet normal -0.3826866968961701 0 -0.9238781802914813
    outer loop
      vertex 0.741180419921875 37.35499572753906 0.0340728759765625
      vertex 0.5 43.00819396972656 0.1339740753173828
      vertex 0.741180419921875 43.00819396972656 0.0340728759765625
    endloop
  endfacet
  facet normal -0.10592812259398016 -0.0000308182093869875 -0.9943737888208601
    outer loop
      vertex 0.8031005859375 59.916778564453125 0.019575119018554688
      vertex 0.8999999999999999 45 0.009714979182663423
      vertex 0.9981953841205762 20.534503408237658 0.000012722346221534345
    endloop
  endfacet
  facet normal -0.6087876652538752 0 -0.7933332078230027
    outer loop
      vertex 0.5 37.35499572753906 0.1339740753173828
      vertex 0.29290771484375 43.00819396972656 0.2928924560546875
      vertex 0.5 43.00819396972656 0.1339740753173828
    endloop
  endfacet
  facet normal -0.7933795715793326 0 -0.608727242203431
    outer loop
      vertex 0.29290771484375 37.35499572753906 0.2928924560546875
      vertex 0.134002685546875 43.00819396972656 0.5
      vertex 0.29290771484375 43.00819396972656 0.2928924560546875
    endloop
  endfacet
  facet normal 0 0 -1
    outer loop
      vertex 4.9000244140625 59.89703369140625 0
      vertex 3.978207252018059 20.612293491784143 0
      vertex 4.1 45 0
    endloop
  endfacet
  facet normal -0.9238600970979433 0 -0.38273035023391955
    outer loop
      vertex 0.134002685546875 37.35499572753906 0.5
      vertex 0.034088134765625 37.35499572753906 0.741180419921875
      vertex 0.034088134765625 43.00819396972656 0.741180419921875
    endloop
  endfacet
  facet normal -0.9238600970979433 0 -0.38273035023391955
    outer loop
      vertex 0.134002685546875 37.35499572753906 0.5
      vertex 0.034088134765625 43.00819396972656 0.741180419921875
      vertex 0.134002685546875 43.00819396972656 0.5
    endloop
  endfacet
  facet normal -0.9914379741624648 0 -0.13057849512315448
    outer loop
      vertex 0 14.7421875 1
      vertex 0 59.8970947265625 1
      vertex 0.034088134765625 37.35499572753906 0.741180419921875
    endloop
  endfacet
  facet normal -0.3826866968961701 0 -0.9238781802914813
    outer loop
      vertex 0.741180419921875 43.00819396972656 0.0340728759765625
      vertex 0.5 43.00819396972656 0.1339740753173828
      vertex 0.5 48.661407470703125 0.1339740753173828
    endloop
  endfacet
  facet normal -0.6087876652538753 0 -0.7933332078230027
    outer loop
      vertex 0.5 43.00819396972656 0.1339740753173828
      vertex 0.29290771484375 43.00819396972656 0.2928924560546875
      vertex 0.29290771484375 48.661407470703125 0.2928924560546875
    endloop
  endfacet
  facet normal -0.7933795715793326 0 -0.608727242203431
    outer loop
      vertex 0.29290771484375 43.00819396972656 0.2928924560546875
      vertex 0.134002685546875 43.00819396972656 0.5
      vertex 0.134002685546875 48.661407470703125 0.5
    endloop
  endfacet
  facet normal -0.9238600970979434 0 -0.3827303502339196
    outer loop
      vertex 0.134002685546875 43.00819396972656 0.5
      vertex 0.034088134765625 43.00819396972656 0.741180419921875
      vertex 0.034088134765625 48.661407470703125 0.741180419921875
    endloop
  endfacet
  facet normal -0.3826866968961701 0 -0.9238781802914813
    outer loop
      vertex 0.741180419921875 43.00819396972656 0.0340728759765625
      vertex 0.5 48.661407470703125 0.1339740753173828
      vertex 0.741180419921875 48.661407470703125 0.0340728759765625
    endloop
  endfacet
  facet normal -0.6087876652538753 0 -0.7933332078230027
    outer loop
      vertex 0.5 43.00819396972656 0.1339740753173828
      vertex 0.29290771484375 48.661407470703125 0.2928924560546875
      vertex 0.5 48.661407470703125 0.1339740753173828
    endloop
  endfacet
  facet normal -0.7933795715793326 0 -0.608727242203431
    outer loop
      vertex 0.29290771484375 43.00819396972656 0.2928924560546875
      vertex 0.134002685546875 48.661407470703125 0.5
      vertex 0.29290771484375 48.661407470703125 0.2928924560546875
    endloop
  endfacet
  facet normal -0.9238600970979434 0 -0.3827303502339196
    outer loop
      vertex 0.134002685546875 43.00819396972656 0.5
      vertex 0.034088134765625 48.661407470703125 0.741180419921875
      vertex 0.134002685546875 48.661407470703125 0.5
    endloop
  endfacet
  facet normal -0.9914379741624647 0 -0.13057849512315448
    outer loop
      vertex 0.034088134765625 37.35499572753906 0.741180419921875
      vertex 0 59.8970947265625 1
      vertex 0.034088134765625 43.00819396972656 0.741180419921875
    endloop
  endfacet
  facet normal 2.571674600657457e-7 0.0000011801877303787261 0.9999999999992705
    outer loop
      vertex 4.9000244140625 32.42271423339844 0.9999828338623047
      vertex 7.850006103515625 33.39604187011719 0.9999809265136719
      vertex 4.9000244140625 59.8970947265625 0.9999504089355469
    endloop
  endfacet
  facet normal 0 0 -1
    outer loop
      vertex 33.029388427734375 28.416702270507812 0
      vertex 3.978207252018059 20.612293491784143 0
      vertex 4.9000244140625 59.89703369140625 0
    endloop
  endfacet
  facet normal 1 0 0
    outer loop
      vertex 4.9000244140625 32.42271423339844 0.9999828338623047
      vertex 4.9000244140625 59.8970947265625 0.9999504089355469
      vertex 4.9000244140625 32.422729466799844 6.99
    endloop
  endfacet
  facet normal -1 0 0
    outer loop
      vertex 0 14.7421875 1
      vertex 0 59.8970947265625 6.99
      vertex 0 59.8970947265625 1
    endloop
  endfacet
  facet normal -0.10592812259398027 -0.00003081820938698804 -0.9943737888208601
    outer loop
      vertex 0.8031005859375 59.916778564453125 0.019575119018554688
      vertex 0.9307435513548312 45.3121445152258 0.006430272316253301
      vertex 0.8999999999999999 45 0.009714979182663423
    endloop
  endfacet
  facet normal -0.22797098056139428 0 -0.9736679269760695
    outer loop
      vertex 0.741180419921875 43.00819396972656 0.0340728759765625
      vertex 0.741180419921875 48.661407470703125 0.0340728759765625
      vertex 0.8031005859375 59.916778564453125 0.019575119018554688
    endloop
  endfacet
  facet normal -0.10592812259398032 -0.00003081820938698876 -0.9943737888208601
    outer loop
      vertex 0.8031005859375 59.916778564453125 0.019575119018554688
      vertex 0.9904145397586991 45.50885340188403 0.00006757645506340085
      vertex 0.9307435513548312 45.3121445152258 0.006430272316253301
    endloop
  endfacet
  facet normal -0.007049716353433761 3.910757001464211e-20 -0.9999751504409177
    outer loop
      vertex 0.985931396484375 59.89849853515625 0.00009918212890625
      vertex 1 45.54045242952895 0
      vertex 0.9904145397586991 45.50885340188403 0.00006757645506340085
    endloop
  endfacet
  facet normal 0 0 -1
    outer loop
      vertex 1 59.8970947265625 0
      vertex 1.021792747981941 45.61229349178414 0
      vertex 1 45.54045242952895 0
    endloop
  endfacet
  facet normal 0 0 -1
    outer loop
      vertex 1 59.8970947265625 0
      vertex 1.1696486203159275 45.88891237283136 0
      vertex 1.021792747981941 45.61229349178414 0
    endloop
  endfacet
  facet normal -0.3826866968961701 0 -0.9238781802914813
    outer loop
      vertex 0.741180419921875 48.661407470703125 0.0340728759765625
      vertex 0.5 48.661407470703125 0.1339740753173828
      vertex 0.5 54.314605712890625 0.1339740753173828
    endloop
  endfacet
  facet normal 0 0 -1
    outer loop
      vertex 1 59.8970947265625 0
      vertex 1.3686291501015238 46.131370849898474 0
      vertex 1.1696486203159275 45.88891237283136 0
    endloop
  endfacet
  facet normal 0 0 -1
    outer loop
      vertex 1 59.8970947265625 0
      vertex 1.6110876271686365 46.330351379684075 0
      vertex 1.3686291501015238 46.131370849898474 0
    endloop
  endfacet
  facet normal 0 0 -1
    outer loop
      vertex 1 59.8970947265625 0
      vertex 1.8877065082158562 46.47820725201806 0
      vertex 1.6110876271686365 46.330351379684075 0
    endloop
  endfacet
  facet normal 0 0 -1
    outer loop
      vertex 1 59.8970947265625 0
      vertex 2.187855484774195 46.56925644864517 0
      vertex 1.8877065082158562 46.47820725201806 0
    endloop
  endfacet
  facet normal 0 0 -1
    outer loop
      vertex 1 59.8970947265625 0
      vertex 2.5 46.6 0
      vertex 2.187855484774195 46.56925644864517 0
    endloop
  endfacet
  facet normal -0.6087876652538752 0 -0.7933332078230027
    outer loop
      vertex 0.5 48.661407470703125 0.1339740753173828
      vertex 0.29290771484375 48.661407470703125 0.2928924560546875
      vertex 0.29290771484375 54.314605712890625 0.2928924560546875
    endloop
  endfacet
  facet normal -0.7933795715793326 0 -0.608727242203431
    outer loop
      vertex 0.29290771484375 48.661407470703125 0.2928924560546875
      vertex 0.134002685546875 48.661407470703125 0.5
      vertex 0.134002685546875 54.314605712890625 0.5
    endloop
  endfacet
  facet normal 0 0 -1
    outer loop
      vertex 4.9000244140625 59.89703369140625 0
      vertex 4.1 45 0
      vertex 4.069256448645168 45.3121445152258 0
    endloop
  endfacet
  facet normal 0 0 -1
    outer loop
      vertex 4.9000244140625 59.89703369140625 0
      vertex 4.069256448645168 45.3121445152258 0
      vertex 3.978207252018059 45.61229349178414 0
    endloop
  endfacet
  facet normal 0 0 -1
    outer loop
      vertex 4.9000244140625 59.89703369140625 0
      vertex 3.978207252018059 45.61229349178414 0
      vertex 3.8303513796840725 45.88891237283136 0
    endloop
  endfacet
  facet normal 0 0 -1
    outer loop
      vertex 4.9000244140625 59.89703369140625 0
      vertex 3.3889123728313635 46.330351379684075 0
      vertex 3.112293491784144 46.47820725201806 0
    endloop
  endfacet
  facet normal 0 0 -1
    outer loop
      vertex 4.9000244140625 59.89703369140625 0
      vertex 2.812144515225805 46.56925644864517 0
      vertex 2.5 46.6 0
    endloop
  endfacet
  facet normal 0 0 -1
    outer loop
      vertex 4.9000244140625 59.89703369140625 0
      vertex 3.112293491784144 46.47820725201806 0
      vertex 2.812144515225805 46.56925644864517 0
    endloop
  endfacet
  facet normal 0 0 -1
    outer loop
      vertex 4.9000244140625 59.89703369140625 0
      vertex 3.6313708498984765 46.131370849898474 0
      vertex 3.3889123728313635 46.330351379684075 0
    endloop
  endfacet
  facet normal 0 0 -1
    outer loop
      vertex 4.9000244140625 59.89703369140625 0
      vertex 3.8303513796840725 45.88891237283136 0
      vertex 3.6313708498984765 46.131370849898474 0
    endloop
  endfacet
  facet normal -0.9238600970979433 0 -0.38273035023391955
    outer loop
      vertex 0.134002685546875 48.661407470703125 0.5
      vertex 0.034088134765625 48.661407470703125 0.741180419921875
      vertex 0.034088134765625 54.314605712890625 0.741180419921875
    endloop
  endfacet
  facet normal -0.9914379741624648 0 -0.13057849512315448
    outer loop
      vertex 0.034088134765625 43.00819396972656 0.741180419921875
      vertex 0 59.8970947265625 1
      vertex 0.034088134765625 48.661407470703125 0.741180419921875
    endloop
  endfacet
  facet normal -0.3826866968961701 0 -0.9238781802914813
    outer loop
      vertex 0.741180419921875 48.661407470703125 0.0340728759765625
      vertex 0.5 54.314605712890625 0.1339740753173828
      vertex 0.741180419921875 54.314605712890625 0.0340728759765625
    endloop
  endfacet
  facet normal -0.6087876652538752 0 -0.7933332078230027
    outer loop
      vertex 0.5 48.661407470703125 0.1339740753173828
      vertex 0.29290771484375 54.314605712890625 0.2928924560546875
      vertex 0.5 54.314605712890625 0.1339740753173828
    endloop
  endfacet
  facet normal -0.7933795715793326 0 -0.608727242203431
    outer loop
      vertex 0.29290771484375 48.661407470703125 0.2928924560546875
      vertex 0.134002685546875 54.314605712890625 0.5
      vertex 0.29290771484375 54.314605712890625 0.2928924560546875
    endloop
  endfacet
  facet normal -0.22797098056139425 0 -0.9736679269760694
    outer loop
      vertex 0.741180419921875 48.661407470703125 0.0340728759765625
      vertex 0.741180419921875 54.314605712890625 0.0340728759765625
      vertex 0.8031005859375 59.916778564453125 0.019575119018554688
    endloop
  endfacet
  facet normal -0.9238600970979433 0 -0.38273035023391955
    outer loop
      vertex 0.134002685546875 48.661407470703125 0.5
      vertex 0.034088134765625 54.314605712890625 0.741180419921875
      vertex 0.134002685546875 54.314605712890625 0.5
    endloop
  endfacet
  facet normal -0.9914379741624647 0 -0.13057849512315448
    outer loop
      vertex 0.034088134765625 48.661407470703125 0.741180419921875
      vertex 0 59.8970947265625 1
      vertex 0.034088134765625 54.314605712890625 0.741180419921875
    endloop
  endfacet
  facet normal -3.7612338326665513e-7 0.000001109692554128654 0.9999999999993135
    outer loop
      vertex 7.850006103515625 33.39604187011719 0.9999809265136719
      vertex 7.850006103515625 60.89697265625 0.9999504089355469
      vertex 4.9000244140625 59.8970947265625 0.9999504089355469
    endloop
  endfacet
  facet normal -1 0 0
    outer loop
      vertex 7.850006103515625 33.39604187011719 0.9999809265136719
      vertex 7.850006103515625 60.89697265625 1
      vertex 7.850006103515625 60.89697265625 0.9999504089355469
    endloop
  endfacet
  facet normal -0.10592812259398023 -0.000030818209386987534 -0.9943737888208602
    outer loop
      vertex 0.8031005859375 59.916778564453125 0.019575119018554688
      vertex 0.985931396484375 59.89849853515625 0.00009918212890625
      vertex 0.9904145397586991 45.50885340188403 0.00006757645506340085
    endloop
  endfacet
  facet normal -0.0070497163534338015 0 -0.9999751504409177
    outer loop
      vertex 0.985931396484375 59.89849853515625 0.00009918212890625
      vertex 1 59.8970947265625 0
      vertex 1 45.54045242952895 0
    endloop
  endfacet
  facet normal -0.38268625652325133 -0.0015170625657462422 -0.9238771171478337
    outer loop
      vertex 0.741180419921875 54.314605712890625 0.0340728759765625
      vertex 0.5 54.314605712890625 0.1339740753173828
      vertex 0.6239013671875 59.93470764160156 0.07342338562011719
    endloop
  endfacet
  facet normal -0.6087873440381543 -0.0010272600871303605 -0.793332789235188
    outer loop
      vertex 0.5 54.314605712890625 0.1339740753173828
      vertex 0.29290771484375 54.314605712890625 0.2928924560546875
      vertex 0.451812744140625 59.95191955566406 0.1636524200439453
    endloop
  endfacet
  facet normal -0.793379149310907 -0.0010317363638959367 -0.6087269182143804
    outer loop
      vertex 0.29290771484375 54.314605712890625 0.2928924560546875
      vertex 0.134002685546875 54.314605712890625 0.5
      vertex 0.163665771484375 59.95191955566406 0.4517841339111328
    endloop
  endfacet
  facet normal 0 0 -1
    outer loop
      vertex 1 59.8970947265625 0
      vertex 4.9000244140625 59.89703369140625 0
      vertex 2.5 46.6 0
    endloop
  endfacet
  facet normal -0.9238590328346012 -0.0015178760890264978 -0.3827299093382873
    outer loop
      vertex 0.134002685546875 54.314605712890625 0.5
      vertex 0.034088134765625 54.314605712890625 0.741180419921875
      vertex 0.073455810546875 59.93470764160156 0.6238632202148438
    endloop
  endfacet
  facet normal -0.28771732081503304 0.0007016533281833217 -0.9577151199524974
    outer loop
      vertex 0.741180419921875 54.314605712890625 0.0340728759765625
      vertex 0.6239013671875 59.93470764160156 0.07342338562011719
      vertex 0.8031005859375 59.916778564453125 0.019575119018554688
    endloop
  endfacet
  facet normal -0.4643052627110524 0.0006939067984325913 -0.8856749638056703
    outer loop
      vertex 0.5 54.314605712890625 0.1339740753173828
      vertex 0.451812744140625 59.95191955566406 0.1636524200439453
      vertex 0.6239013671875 59.93470764160156 0.07342338562011719
    endloop
  endfacet
  facet normal -0.6309739697700567 0 -0.7758040019699666
    outer loop
      vertex 0.29290771484375 54.314605712890625 0.2928924560546875
      vertex 0.29290771484375 59.967803955078125 0.2928924560546875
      vertex 0.451812744140625 59.95191955566406 0.1636524200439453
    endloop
  endfacet
  facet normal -0.77577348967242 0 -0.6310114838269393
    outer loop
      vertex 0.29290771484375 54.314605712890625 0.2928924560546875
      vertex 0.163665771484375 59.95191955566406 0.4517841339111328
      vertex 0.29290771484375 59.967803955078125 0.2928924560546875
    endloop
  endfacet
  facet normal -0.22909288599653369 0.07057846762298088 -0.9708424843885701
    outer loop
      vertex 0.8031005859375 59.916778564453125 0.019575119018554688
      vertex 0.687255859375 60.00616455078125 0.053409576416015625
      vertex 0.838134765625 59.95294189453125 0.013936996459960938
    endloop
  endfacet
  facet normal -0.2888631131123188 -0.012012059366076718 -0.9572950497693204
    outer loop
      vertex 0.8031005859375 59.916778564453125 0.019575119018554688
      vertex 0.6239013671875 59.93470764160156 0.07342338562011719
      vertex 0.687255859375 60.00616455078125 0.053409576416015625
    endloop
  endfacet
  facet normal -0.22387451252982016 0.08539217717095444 -0.9708699082356708
    outer loop
      vertex 0.687255859375 60.00616455078125 0.053409576416015625
      vertex 0.76434326171875 60.08758544921875 0.04279518127441406
      vertex 0.838134765625 59.95294189453125 0.013936996459960938
    endloop
  endfacet
  facet normal -0.007490089782971017 -0.0044142221918449884 -0.9999622058845444
    outer loop
      vertex 0.985931396484375 59.89849853515625 0.00009918212890625
      vertex 0.988494873046875 59.90106201171875 0.00006866455078125
      vertex 1 59.8970947265625 0
    endloop
  endfacet
  facet normal 0.002655805217710476 0.0068930378414274575 -0.9999727159917726
    outer loop
      vertex 1 59.8970947265625 0
      vertex 0.99542236328125 59.907989501953125 0.0000629425048828125
      vertex 0.99700927734375 59.90959167480469 0.0000782012939453125
    endloop
  endfacet
  facet normal -0.0001849082360360202 0.005699524451933799 -0.9999837404827971
    outer loop
      vertex 1 59.8970947265625 0
      vertex 0.994384765625 59.906951904296875 0.000057220458984375
      vertex 0.99542236328125 59.907989501953125 0.0000629425048828125
    endloop
  endfacet
  facet normal -0.0028635015268494014 0.004173658517124206 -0.999987190384751
    outer loop
      vertex 1 59.8970947265625 0
      vertex 0.991424560546875 59.90400695800781 0.00005340576171875
      vertex 0.994384765625 59.906951904296875 0.000057220458984375
    endloop
  endfacet
  facet normal -0.005773994379762129 0.0005628173520370706 -0.9999831719711741
    outer loop
      vertex 1 59.8970947265625 0
      vertex 0.988494873046875 59.90106201171875 0.00006866455078125
      vertex 0.991424560546875 59.90400695800781 0.00005340576171875
    endloop
  endfacet
  facet normal -0.11051945638337485 -0.0477048421808289 -0.9927284108925389
    outer loop
      vertex 0.8031005859375 59.916778564453125 0.019575119018554688
      vertex 0.838134765625 59.95294189453125 0.013936996459960938
      vertex 0.985931396484375 59.89849853515625 0.00009918212890625
    endloop
  endfacet
  facet normal -0.07131805683841473 0.05946472937371329 -0.9956795070349213
    outer loop
      vertex 0.985931396484375 59.89849853515625 0.00009918212890625
      vertex 0.838134765625 59.95294189453125 0.013936996459960938
      vertex 0.988494873046875 59.90106201171875 0.00006866455078125
    endloop
  endfacet
  facet normal -0.05606967064367769 0.05061260915198298 -0.9971431972534025
    outer loop
      vertex 0.988494873046875 59.90106201171875 0.00006866455078125
      vertex 0.879119873046875 59.994537353515625 0.01096343994140625
      vertex 0.991424560546875 59.90400695800781 0.00005340576171875
    endloop
  endfacet
  facet normal -0.08690131885843567 0.014416543777905366 -0.9961126061074442
    outer loop
      vertex 0.988494873046875 59.90106201171875 0.00006866455078125
      vertex 0.838134765625 59.95294189453125 0.013936996459960938
      vertex 0.879119873046875 59.994537353515625 0.01096343994140625
    endloop
  endfacet
  facet normal -0.005293977168299853 0.08764144041478583 -0.9961380184129924
    outer loop
      vertex 0.9351806640625 60.05018615722656 0.012973785400390625
      vertex 0.994384765625 59.906951904296875 0.000057220458984375
      vertex 0.920562744140625 60.035797119140625 0.011785507202148438
    endloop
  endfacet
  facet normal -0.0446675165679339 0.06472822117005035 -0.9969027386600031
    outer loop
      vertex 0.991424560546875 59.90400695800781 0.00005340576171875
      vertex 0.879119873046875 59.994537353515625 0.01096343994140625
      vertex 0.920562744140625 60.035797119140625 0.011785507202148438
    endloop
  endfacet
  facet normal -0.18213734242043286 0.1096111024305636 -0.9771445106635858
    outer loop
      vertex 0.76434326171875 60.08758544921875 0.04279518127441406
      vertex 0.879119873046875 59.994537353515625 0.01096343994140625
      vertex 0.838134765625 59.95294189453125 0.013936996459960938
    endloop
  endfacet
  facet normal -0.14732250787430196 0.16739879818148123 -0.9748198402992329
    outer loop
      vertex 0.879119873046875 59.994537353515625 0.01096343994140625
      vertex 0.844573974609375 60.166595458984375 0.0457305908203125
      vertex 0.920562744140625 60.035797119140625 0.011785507202148438
    endloop
  endfacet
  facet normal -0.11791695950879919 0.20011623376410861 -0.9726505454911692
    outer loop
      vertex 0.9351806640625 60.05018615722656 0.012973785400390625
      vertex 0.920562744140625 60.035797119140625 0.011785507202148438
      vertex 0.873260498046875 60.19355773925781 0.04997825622558594
    endloop
  endfacet
  facet normal 0.005618591313137959 0.007601971808292034 -0.9999553197299776
    outer loop
      vertex 1 59.8970947265625 0
      vertex 0.99700927734375 59.90959167480469 0.0000782012939453125
      vertex 0.99859619140625 59.91117858886719 0.00009918212890625
    endloop
  endfacet
  facet normal -0.059668754177835355 0.0651618927972671 -0.9960891363236237
    outer loop
      vertex 0.9351806640625 60.05018615722656 0.012973785400390625
      vertex 0.99542236328125 59.907989501953125 0.0000629425048828125
      vertex 0.994384765625 59.906951904296875 0.000057220458984375
    endloop
  endfacet
  facet normal -0.056670775803770924 0.05825545843821013 -0.9966918905719825
    outer loop
      vertex 0.991424560546875 59.90400695800781 0.00005340576171875
      vertex 0.920562744140625 60.035797119140625 0.011785507202148438
      vertex 0.994384765625 59.906951904296875 0.000057220458984375
    endloop
  endfacet
  facet normal -0.06995622898892492 0.07876079778012211 -0.9944359520646303
    outer loop
      vertex 0.99542236328125 59.907989501953125 0.0000629425048828125
      vertex 0.957733154296875 60.07220458984375 0.015720367431640625
      vertex 0.99700927734375 59.90959167480469 0.0000782012939453125
    endloop
  endfacet
  facet normal -0.08411116917204013 0.0972226153333048 -0.9917021096520188
    outer loop
      vertex 0.99700927734375 59.90959167480469 0.0000782012939453125
      vertex 0.980316162109375 60.094024658203125 0.019575119018554688
      vertex 0.99859619140625 59.91117858886719 0.00009918212890625
    endloop
  endfacet
  facet normal 0.023319442748350502 0.1001932822741891 -0.9946946816873161
    outer loop
      vertex 0.9351806640625 60.05018615722656 0.012973785400390625
      vertex 0.957733154296875 60.07220458984375 0.015720367431640625
      vertex 0.99542236328125 59.907989501953125 0.0000629425048828125
    endloop
  endfacet
  facet normal 0.06252805534956336 0.11051649155303118 -0.9919054125212801
    outer loop
      vertex 0.99700927734375 59.90959167480469 0.0000782012939453125
      vertex 0.957733154296875 60.07220458984375 0.015720367431640625
      vertex 0.980316162109375 60.094024658203125 0.019575119018554688
    endloop
  endfacet
  facet normal -0.13239239824469787 0.17071291241010927 -0.9763858634901857
    outer loop
      vertex 0.76434326171875 60.08758544921875 0.04279518127441406
      vertex 0.844573974609375 60.166595458984375 0.0457305908203125
      vertex 0.879119873046875 59.994537353515625 0.01096343994140625
    endloop
  endfacet
  facet normal -0.3111688482221918 0.17277960185213112 -0.9345165365470498
    outer loop
      vertex 0.687255859375 60.00616455078125 0.053409576416015625
      vertex 0.64453125 60.18577575683594 0.10084342956542969
      vertex 0.76434326171875 60.08758544921875 0.04279518127441406
    endloop
  endfacet
  facet normal -0.386916751472324 0.08589984770432149 -0.9181049197093315
    outer loop
      vertex 0.687255859375 60.00616455078125 0.053409576416015625
      vertex 0.6239013671875 59.93470764160156 0.07342338562011719
      vertex 0.535247802734375 60.06217956542969 0.122711181640625
    endloop
  endfacet
  facet normal -0.36127608045166165 0.15680996699491653 -0.9191791054764776
    outer loop
      vertex 0.687255859375 60.00616455078125 0.053409576416015625
      vertex 0.535247802734375 60.06217956542969 0.122711181640625
      vertex 0.64453125 60.18577575683594 0.10084342956542969
    endloop
  endfacet
  facet normal -0.4626124259897863 0.02096274899835772 -0.8863127588353202
    outer loop
      vertex 0.6239013671875 59.93470764160156 0.07342338562011719
      vertex 0.451812744140625 59.95191955566406 0.1636524200439453
      vertex 0.535247802734375 60.06217956542969 0.122711181640625
    endloop
  endfacet
  facet normal -0.5521662497185313 0.11100885761078379 -0.8263107564371417
    outer loop
      vertex 0.535247802734375 60.06217956542969 0.122711181640625
      vertex 0.451812744140625 59.95191955566406 0.1636524200439453
      vertex 0.409698486328125 60.15800476074219 0.2194805145263672
    endloop
  endfacet
  facet normal -0.06039474940372405 0.21772402328243237 -0.9741399919570966
    outer loop
      vertex 0.920562744140625 60.035797119140625 0.011785507202148438
      vertex 0.844573974609375 60.166595458984375 0.0457305908203125
      vertex 0.873260498046875 60.19355773925781 0.04997825622558594
    endloop
  endfacet
  facet normal -0.11187464219069752 0.2350283395770217 -0.9655287380655077
    outer loop
      vertex 0.9351806640625 60.05018615722656 0.012973785400390625
      vertex 0.917724609375 60.23406982421875 0.059757232666015625
      vertex 0.957733154296875 60.07220458984375 0.015720367431640625
    endloop
  endfacet
  facet normal -0.010595161422495938 0.24560532322066425 -0.9693120074362559
    outer loop
      vertex 0.9351806640625 60.05018615722656 0.012973785400390625
      vertex 0.873260498046875 60.19355773925781 0.04997825622558594
      vertex 0.917724609375 60.23406982421875 0.059757232666015625
    endloop
  endfacet
  facet normal 0.05331555216385756 0.27439231216659893 -0.9601386935861562
    outer loop
      vertex 0.957733154296875 60.07220458984375 0.015720367431640625
      vertex 0.917724609375 60.23406982421875 0.059757232666015625
      vertex 0.96240234375 60.27320861816406 0.07342338562011719
    endloop
  endfacet
  facet normal -0.10425363317049913 0.2766621461548457 -0.9552953662903142
    outer loop
      vertex 0.957733154296875 60.07220458984375 0.015720367431640625
      vertex 0.96240234375 60.27320861816406 0.07342338562011719
      vertex 0.980316162109375 60.094024658203125 0.019575119018554688
    endloop
  endfacet
  facet normal -0.2402611904451975 0.2785209480637569 -0.9298928120248713
    outer loop
      vertex 0.76434326171875 60.08758544921875 0.04279518127441406
      vertex 0.76409912109375 60.3013916015625 0.10689735412597656
      vertex 0.844573974609375 60.166595458984375 0.0457305908203125
    endloop
  endfacet
  facet normal -0.22318305595164029 0.279707188502694 -0.9337843499630979
    outer loop
      vertex 0.76434326171875 60.08758544921875 0.04279518127441406
      vertex 0.64453125 60.18577575683594 0.10084342956542969
      vertex 0.76409912109375 60.3013916015625 0.10689735412597656
    endloop
  endfacet
  facet normal -0.1185873611640594 0.35072853817423744 -0.9289383888516544
    outer loop
      vertex 0.844573974609375 60.166595458984375 0.0457305908203125
      vertex 0.76409912109375 60.3013916015625 0.10689735412597656
      vertex 0.80780029296875 60.33935546875 0.11565208435058594
    endloop
  endfacet
  facet normal -0.17901195060731023 0.33612960169273887 -0.9246467500649351
    outer loop
      vertex 0.844573974609375 60.166595458984375 0.0457305908203125
      vertex 0.80780029296875 60.33935546875 0.11565208435058594
      vertex 0.873260498046875 60.19355773925781 0.04997825622558594
    endloop
  endfacet
  facet normal -0.1553180246844844 0.3895967816163799 -0.9077943924492312
    outer loop
      vertex 0.873260498046875 60.19355773925781 0.04997825622558594
      vertex 0.87615966796875 60.39454650878906 0.1357402801513672
      vertex 0.917724609375 60.23406982421875 0.059757232666015625
    endloop
  endfacet
  facet normal -0.04706285717029452 0.39260441151327 -0.9185025114474579
    outer loop
      vertex 0.873260498046875 60.19355773925781 0.04997825622558594
      vertex 0.80780029296875 60.33935546875 0.11565208435058594
      vertex 0.87615966796875 60.39454650878906 0.1357402801513672
    endloop
  endfacet
  facet normal -0.12468043734034101 0.45092655329774184 -0.8838099524646915
    outer loop
      vertex 0.917724609375 60.23406982421875 0.059757232666015625
      vertex 0.9451904296875 60.44529724121094 0.1636524200439453
      vertex 0.96240234375 60.27320861816406 0.07342338562011719
    endloop
  endfacet
  facet normal -0.45983945973569834 0.2561542293695398 -0.8502544807562489
    outer loop
      vertex 0.535247802734375 60.06217956542969 0.122711181640625
      vertex 0.409698486328125 60.15800476074219 0.2194805145263672
      vertex 0.64453125 60.18577575683594 0.10084342956542969
    endloop
  endfacet
  facet normal -0.4592458963767773 0.27502611073837346 -0.8446619708932172
    outer loop
      vertex 0.64453125 60.18577575683594 0.10084342956542969
      vertex 0.409698486328125 60.15800476074219 0.2194805145263672
      vertex 0.5618896484375 60.335235595703125 0.1944408416748047
    endloop
  endfacet
  facet normal -0.31561843167527337 0.37211304966630804 -0.8728785046355996
    outer loop
      vertex 0.64453125 60.18577575683594 0.10084342956542969
      vertex 0.5618896484375 60.335235595703125 0.1944408416748047
      vertex 0.76409912109375 60.3013916015625 0.10689735412597656
    endloop
  endfacet
  facet normal -0.24579907264438672 0.4774770134158404 -0.8435629896733551
    outer loop
      vertex 0.76409912109375 60.3013916015625 0.10689735412597656
      vertex 0.739105224609375 60.4874267578125 0.2194805145263672
      vertex 0.80780029296875 60.33935546875 0.11565208435058594
    endloop
  endfacet
  facet normal -0.166780860627916 0.5130430489414604 -0.8420041415937702
    outer loop
      vertex 0.80780029296875 60.33935546875 0.11565208435058594
      vertex 0.739105224609375 60.4874267578125 0.2194805145263672
      vertex 0.87615966796875 60.39454650878906 0.1357402801513672
    endloop
  endfacet
  facet normal 0.0424601500616619 0.43651459451968594 -0.898694689217676
    outer loop
      vertex 0.917724609375 60.23406982421875 0.059757232666015625
      vertex 0.87615966796875 60.39454650878906 0.1357402801513672
      vertex 0.9451904296875 60.44529724121094 0.1636524200439453
    endloop
  endfacet
  facet normal -0.283890423345719 0.46823919198264696 -0.8367546155379283
    outer loop
      vertex 0.76409912109375 60.3013916015625 0.10689735412597656
      vertex 0.5618896484375 60.335235595703125 0.1944408416748047
      vertex 0.739105224609375 60.4874267578125 0.2194805145263672
    endloop
  endfacet
  facet normal -0.1397561292683983 0.6163276888382482 -0.7749892930248896
    outer loop
      vertex 0.87615966796875 60.39454650878906 0.1357402801513672
      vertex 0.929290771484375 60.60420227050781 0.2928924560546875
      vertex 0.9451904296875 60.44529724121094 0.1636524200439453
    endloop
  endfacet
  facet normal -0.0694336316050241 0.609539896588414 -0.7897088610805398
    outer loop
      vertex 0.87615966796875 60.39454650878906 0.1357402801513672
      vertex 0.739105224609375 60.4874267578125 0.2194805145263672
      vertex 0.929290771484375 60.60420227050781 0.2928924560546875
    endloop
  endfacet
  facet normal -0.6237830878186625 0.08306193630521624 -0.7771713929942629
    outer loop
      vertex 0.451812744140625 59.95191955566406 0.1636524200439453
      vertex 0.29290771484375 59.967803955078125 0.2928924560546875
      vertex 0.409698486328125 60.15800476074219 0.2194805145263672
    endloop
  endfacet
  facet normal -0.6602444870416606 0.1192071696881952 -0.7415300857187284
    outer loop
      vertex 0.29290771484375 59.967803955078125 0.2928924560546875
      vertex 0.273712158203125 60.143463134765625 0.3382225036621094
      vertex 0.409698486328125 60.15800476074219 0.2194805145263672
    endloop
  endfacet
  facet normal -0.7873755992926128 0.0719555508115697 -0.6122598013474366
    outer loop
      vertex 0.29290771484375 59.967803955078125 0.2928924560546875
      vertex 0.219482421875 60.15800476074219 0.4096717834472656
      vertex 0.273712158203125 60.143463134765625 0.3382225036621094
    endloop
  endfacet
  facet normal -0.7897320615725184 0.0693624176839602 -0.6095179455417663
    outer loop
      vertex 0.29290771484375 59.967803955078125 0.2928924560546875
      vertex 0.135772705078125 60.020965576171875 0.5025367736816406
      vertex 0.219482421875 60.15800476074219 0.4096717834472656
    endloop
  endfacet
  facet normal -0.7749392985936913 0.13998464005032513 -0.6163386926399305
    outer loop
      vertex 0.29290771484375 59.967803955078125 0.2928924560546875
      vertex 0.163665771484375 59.95191955566406 0.4517841339111328
      vertex 0.135772705078125 60.020965576171875 0.5025367736816406
    endloop
  endfacet
  facet normal -0.5418545130669424 0.35785679516358987 -0.7604815585037097
    outer loop
      vertex 0.5618896484375 60.335235595703125 0.1944408416748047
      vertex 0.409698486328125 60.15800476074219 0.2194805145263672
      vertex 0.341552734375 60.307159423828125 0.3382225036621094
    endloop
  endfacet
  facet normal -0.6496216068527694 0.2692223773366343 -0.7109930234898489
    outer loop
      vertex 0.409698486328125 60.15800476074219 0.2194805145263672
      vertex 0.273712158203125 60.143463134765625 0.3382225036621094
      vertex 0.341552734375 60.307159423828125 0.3382225036621094
    endloop
  endfacet
  facet normal -0.5345143798118079 0.40999550670323864 -0.7390521377125927
    outer loop
      vertex 0.5618896484375 60.335235595703125 0.1944408416748047
      vertex 0.341552734375 60.307159423828125 0.3382225036621094
      vertex 0.449371337890625 60.447723388671875 0.3382225036621094
    endloop
  endfacet
  facet normal -0.41005408990800674 0.5344798959417703 -0.739044575234668
    outer loop
      vertex 0.5618896484375 60.335235595703125 0.1944408416748047
      vertex 0.449371337890625 60.447723388671875 0.3382225036621094
      vertex 0.5899658203125 60.55558776855469 0.3382225036621094
    endloop
  endfacet
  facet normal -0.35786272854656176 0.5418281715921819 -0.7604975345037502
    outer loop
      vertex 0.5618896484375 60.335235595703125 0.1944408416748047
      vertex 0.5899658203125 60.55558776855469 0.3382225036621094
      vertex 0.739105224609375 60.4874267578125 0.2194805145263672
    endloop
  endfacet
  facet normal -0.11923774099624013 0.660319750096677 -0.7414581503728821
    outer loop
      vertex 0.739105224609375 60.4874267578125 0.2194805145263672
      vertex 0.753631591796875 60.623382568359375 0.3382225036621094
      vertex 0.929290771484375 60.60420227050781 0.2928924560546875
    endloop
  endfacet
  facet normal -0.26912265553185966 0.6496983126794343 -0.7109606872260772
    outer loop
      vertex 0.739105224609375 60.4874267578125 0.2194805145263672
      vertex 0.5899658203125 60.55558776855469 0.3382225036621094
      vertex 0.753631591796875 60.623382568359375 0.3382225036621094
    endloop
  endfacet
  facet normal -0.7287479170450885 0.30201465689620277 -0.6145841036199308
    outer loop
      vertex 0.273712158203125 60.143463134765625 0.3382225036621094
      vertex 0.219482421875 60.15800476074219 0.4096717834472656
      vertex 0.341552734375 60.307159423828125 0.3382225036621094
    endloop
  endfacet
  facet normal -0.7519095116289258 0.34678879092846804 -0.5606867403535786
    outer loop
      vertex 0.341552734375 60.307159423828125 0.3382225036621094
      vertex 0.219482421875 60.15800476074219 0.4096717834472656
      vertex 0.23712158203125 60.36744689941406 0.5155582427978516
    endloop
  endfacet
  facet normal -0.6579133961750406 0.504647856857668 -0.5589995560842485
    outer loop
      vertex 0.341552734375 60.307159423828125 0.3382225036621094
      vertex 0.23712158203125 60.36744689941406 0.5155582427978516
      vertex 0.449371337890625 60.447723388671875 0.3382225036621094
    endloop
  endfacet
  facet normal -0.504757742256973 0.65792019198695 -0.5588923354345612
    outer loop
      vertex 0.449371337890625 60.447723388671875 0.3382225036621094
      vertex 0.3641357421875 60.53297424316406 0.5155582427978516
      vertex 0.5899658203125 60.55558776855469 0.3382225036621094
    endloop
  endfacet
  facet normal -0.07202326435142532 0.7873724884489153 -0.6122558401729848
    outer loop
      vertex 0.929290771484375 60.60420227050781 0.2928924560546875
      vertex 0.753631591796875 60.623382568359375 0.3382225036621094
      vertex 0.739105224609375 60.6776123046875 0.4096717834472656
    endloop
  endfacet
  facet normal -0.301898123304049 0.7288227032543845 -0.6145526750136758
    outer loop
      vertex 0.5899658203125 60.55558776855469 0.3382225036621094
      vertex 0.739105224609375 60.6776123046875 0.4096717834472656
      vertex 0.753631591796875 60.623382568359375 0.3382225036621094
    endloop
  endfacet
  facet normal -0.3467048586571589 0.7520027824992915 -0.5606135532582518
    outer loop
      vertex 0.5899658203125 60.55558776855469 0.3382225036621094
      vertex 0.5296630859375 60.65998840332031 0.5155582427978516
      vertex 0.739105224609375 60.6776123046875 0.4096717834472656
    endloop
  endfacet
  facet normal -0.0857011734636268 0.7746619628956029 -0.626541420905026
    outer loop
      vertex 0.929290771484375 60.60420227050781 0.2928924560546875
      vertex 0.739105224609375 60.6776123046875 0.4096717834472656
      vertex 0.868255615234375 60.74330139160156 0.4732246398925781
    endloop
  endfacet
  facet normal -0.07442501030383095 0.7772765287356382 -0.624741639174108
    outer loop
      vertex 0.929290771484375 60.60420227050781 0.2928924560546875
      vertex 0.868255615234375 60.74330139160156 0.4732246398925781
      vertex 0.9451904296875 60.73344421386719 0.4517955780029297
    endloop
  endfacet
  facet normal 0 0.6309739697700566 -0.7758040019699665
    outer loop
      vertex 0.9451904296875 60.44529724121094 0.1636524200439453
      vertex 0.929290771484375 60.60420227050781 0.2928924560546875
      vertex 4.60711669921875 60.60420227050781 0.2928924560546875
    endloop
  endfacet
  facet normal -0.0002449034351088906 0.7758077081888843 -0.6309693652920231
    outer loop
      vertex 0.929290771484375 60.60420227050781 0.2928924560546875
      vertex 0.9451904296875 60.73344421386719 0.4517955780029297
      vertex 4.455596923828125 60.72856140136719 0.4444293975830078
    endloop
  endfacet
  facet normal 0 0.007042078903203845 -0.999975204254946
    outer loop
      vertex 1 59.8970947265625 0
      vertex 0.99859619140625 59.91117858886719 0.00009918212890625
      vertex 4.9000244140625 59.8970947265625 0
    endloop
  endfacet
  facet normal -0.001076074719192856 0.1058098998750028 -0.9943857939208709
    outer loop
      vertex 0.99859619140625 59.91117858886719 0.00009918212890625
      vertex 0.980316162109375 60.094024658203125 0.019575119018554688
      vertex 4.89520263671875 59.9951171875 0.00481414794921875
    endloop
  endfacet
  facet normal 0.00004659866976100005 0.2878085288431071 -0.9576879703503278
    outer loop
      vertex 0.980316162109375 60.094024658203125 0.019575119018554688
      vertex 0.96240234375 60.27320861816406 0.07342338562011719
      vertex 4.88079833984375 60.092193603515625 0.019214630126953125
    endloop
  endfacet
  facet normal -0.00017226319929508356 0.46434629185356674 -0.8856537086058142
    outer loop
      vertex 0.96240234375 60.27320861816406 0.07342338562011719
      vertex 0.9451904296875 60.44529724121094 0.1636524200439453
      vertex 4.823883056640625 60.27978515625 0.07612037658691406
    endloop
  endfacet
  facet normal 0 0 -1
    outer loop
      vertex 1 59.8970947265625 0
      vertex 4.9000244140625 59.8970947265625 0
      vertex 4.9000244140625 59.89703369140625 0
    endloop
  endfacet
  facet normal 0.00015171520768132534 0.0490610224000084 -0.9987957714485789
    outer loop
      vertex 0.99859619140625 59.91117858886719 0.00009918212890625
      vertex 4.89520263671875 59.9951171875 0.00481414794921875
      vertex 4.9000244140625 59.8970947265625 0
    endloop
  endfacet
  facet normal -0.000022538582112047692 0.14673274700932504 -0.9891761726038035
    outer loop
      vertex 0.980316162109375 60.094024658203125 0.019575119018554688
      vertex 4.88079833984375 60.092193603515625 0.019214630126953125
      vertex 4.89520263671875 59.9951171875 0.00481414794921875
    endloop
  endfacet
  facet normal 0.00017387570909416716 0.2903351815103251 -0.9569249981814689
    outer loop
      vertex 0.96240234375 60.27320861816406 0.07342338562011719
      vertex 4.823883056640625 60.27978515625 0.07612037658691406
      vertex 4.88079833984375 60.092193603515625 0.019214630126953125
    endloop
  endfacet
  facet normal 0.00021816750982634083 0.47149431349389037 -0.8818690746056711
    outer loop
      vertex 0.9451904296875 60.44529724121094 0.1636524200439453
      vertex 4.731475830078125 60.452667236328125 0.16852951049804688
      vertex 4.823883056640625 60.27978515625 0.07612037658691406
    endloop
  endfacet
  facet normal -0.00023879572718724497 0.6342802946592755 -0.7731031307552334
    outer loop
      vertex 0.9451904296875 60.44529724121094 0.1636524200439453
      vertex 4.60711669921875 60.60420227050781 0.2928924560546875
      vertex 4.731475830078125 60.452667236328125 0.16852951049804688
    endloop
  endfacet
  facet normal 0 0.7730205173693605 -0.6343810209377375
    outer loop
      vertex 0.929290771484375 60.60420227050781 0.2928924560546875
      vertex 4.455596923828125 60.72856140136719 0.4444293975830078
      vertex 4.60711669921875 60.60420227050781 0.2928924560546875
    endloop
  endfacet
  facet normal -0.8857045832729773 0.0006897921626186435 -0.46424876451748814
    outer loop
      vertex 0.134002685546875 54.314605712890625 0.5
      vertex 0.073455810546875 59.93470764160156 0.6238632202148438
      vertex 0.163665771484375 59.95191955566406 0.4517841339111328
    endloop
  endfacet
  facet normal -0.9576790714217148 0.000699868833861406 -0.28783729144163683
    outer loop
      vertex 0.034088134765625 54.314605712890625 0.741180419921875
      vertex 0.01959228515625 59.91679382324219 0.8030319213867188
      vertex 0.073455810546875 59.93470764160156 0.6238632202148438
    endloop
  endfacet
  facet normal -0.9943611623324115 -0.001402227565777 -0.1060373170293806
    outer loop
      vertex 0.034088134765625 54.314605712890625 0.741180419921875
      vertex 0.0001220703125 59.89849853515625 0.9858551025390625
      vertex 0.01959228515625 59.91679382324219 0.8030319213867188
    endloop
  endfacet
  facet normal -0.8419864306973541 0.1665983553848531 -0.5131314047148077
    outer loop
      vertex 0.219482421875 60.15800476074219 0.4096717834472656
      vertex 0.135772705078125 60.020965576171875 0.5025367736816406
      vertex 0.11566162109375 60.08930969238281 0.5577259063720703
    endloop
  endfacet
  facet normal -0.8987069936754704 -0.042195153557439975 -0.436514957974022
    outer loop
      vertex 0.163665771484375 59.95191955566406 0.4517841339111328
      vertex 0.059783935546875 59.979400634765625 0.6630020141601562
      vertex 0.135772705078125 60.020965576171875 0.5025367736816406
    endloop
  endfacet
  facet normal -0.8838532206686236 0.12448459432057822 -0.45089585282029643
    outer loop
      vertex 0.163665771484375 59.95191955566406 0.4517841339111328
      vertex 0.073455810546875 59.93470764160156 0.6238632202148438
      vertex 0.059783935546875 59.979400634765625 0.6630020141601562
    endloop
  endfacet
  facet normal -0.9184638605429833 0.046858884262643084 -0.39271921501518037
    outer loop
      vertex 0.135772705078125 60.020965576171875 0.5025367736816406
      vertex 0.04998779296875 60.02388000488281 0.7035121917724609
      vertex 0.11566162109375 60.08930969238281 0.5577259063720703
    endloop
  endfacet
  facet normal -0.9077876754808984 0.1550211043322176 -0.38973066784204574
    outer loop
      vertex 0.135772705078125 60.020965576171875 0.5025367736816406
      vertex 0.059783935546875 59.979400634765625 0.6630020141601562
      vertex 0.04998779296875 60.02388000488281 0.7035121917724609
    endloop
  endfacet
  facet normal -0.928912547502755 0.11907581278233216 -0.35063147306277137
    outer loop
      vertex 0.11566162109375 60.08930969238281 0.5577259063720703
      vertex 0.045745849609375 60.05256652832031 0.7304725646972656
      vertex 0.10693359375 60.13301086425781 0.5956897735595703
    endloop
  endfacet
  facet normal -0.6578820854155709 0.5048129128870955 -0.5588873631347422
    outer loop
      vertex 0.449371337890625 60.447723388671875 0.3382225036621094
      vertex 0.23712158203125 60.36744689941406 0.5155582427978516
      vertex 0.3641357421875 60.53297424316406 0.5155582427978516
    endloop
  endfacet
  facet normal -0.7973320472545495 0.3244424288914146 -0.5089191652472014
    outer loop
      vertex 0.219482421875 60.15800476074219 0.4096717834472656
      vertex 0.1944580078125 60.335235595703125 0.5618648529052734
      vertex 0.23712158203125 60.36744689941406 0.5155582427978516
    endloop
  endfacet
  facet normal -0.8435504623788617 0.2461701485255805 -0.4773079460843937
    outer loop
      vertex 0.219482421875 60.15800476074219 0.4096717834472656
      vertex 0.11566162109375 60.08930969238281 0.5577259063720703
      vertex 0.10693359375 60.13301086425781 0.5956897735595703
    endloop
  endfacet
  facet normal -0.8368053002802058 0.2838691785879024 -0.4681614880260698
    outer loop
      vertex 0.219482421875 60.15800476074219 0.4096717834472656
      vertex 0.10693359375 60.13301086425781 0.5956897735595703
      vertex 0.1944580078125 60.335235595703125 0.5618648529052734
    endloop
  endfacet
  facet normal -0.5047903169333954 0.6578526379256936 -0.5589424323707125
    outer loop
      vertex 0.5899658203125 60.55558776855469 0.3382225036621094
      vertex 0.3641357421875 60.53297424316406 0.5155582427978516
      vertex 0.5296630859375 60.65998840332031 0.5155582427978516
    endloop
  endfacet
  facet normal -0.16293464350964815 0.8325585319600581 -0.5294323307136587
    outer loop
      vertex 0.739105224609375 60.6776123046875 0.4096717834472656
      vertex 0.79522705078125 60.76545715332031 0.5305404663085938
      vertex 0.868255615234375 60.74330139160156 0.4732246398925781
    endloop
  endfacet
  facet normal -0.324376323974505 0.797373461458093 -0.5088964171686872
    outer loop
      vertex 0.739105224609375 60.6776123046875 0.4096717834472656
      vertex 0.5296630859375 60.65998840332031 0.5155582427978516
      vertex 0.5618896484375 60.70265197753906 0.5618648529052734
    endloop
  endfacet
  facet normal -0.2979473850745994 0.8236912400296365 -0.48245217050568656
    outer loop
      vertex 0.739105224609375 60.6776123046875 0.4096717834472656
      vertex 0.5618896484375 60.70265197753906 0.5618648529052734
      vertex 0.748626708984375 60.77513122558594 0.5702857971191406
    endloop
  endfacet
  facet normal -0.24653613160981902 0.8348105852035322 -0.4922511784069207
    outer loop
      vertex 0.739105224609375 60.6776123046875 0.4096717834472656
      vertex 0.748626708984375 60.77513122558594 0.5702857971191406
      vertex 0.79522705078125 60.76545715332031 0.5305404663085938
    endloop
  endfacet
  facet normal -0.017761299432533514 0.8826146025412805 -0.46976164128562614
    outer loop
      vertex 0.9451904296875 60.73344421386719 0.4517955780029297
      vertex 0.868255615234375 60.74330139160156 0.4732246398925781
      vertex 0.90252685546875 60.81321716308594 0.6032905578613281
    endloop
  endfacet
  facet normal -0.08708285635629333 0.8868517592709042 -0.45377365856441204
    outer loop
      vertex 0.868255615234375 60.74330139160156 0.4732246398925781
      vertex 0.79522705078125 60.76545715332031 0.5305404663085938
      vertex 0.90252685546875 60.81321716308594 0.6032905578613281
    endloop
  endfacet
  facet normal -0.7392927985059352 0.5672818265821723 -0.36281880781852655
    outer loop
      vertex 0.23712158203125 60.36744689941406 0.5155582427978516
      vertex 0.219482421875 60.4874267578125 0.7390937805175781
      vertex 0.3641357421875 60.53297424316406 0.5155582427978516
    endloop
  endfacet
  facet normal -0.8728714161142554 0.3155288279625038 -0.3722056550555122
    outer loop
      vertex 0.10693359375 60.13301086425781 0.5956897735595703
      vertex 0.100860595703125 60.252593994140625 0.7113056182861328
      vertex 0.1944580078125 60.335235595703125 0.5618648529052734
    endloop
  endfacet
  facet normal -0.774740798467719 0.5296040250483083 -0.3453929238450494
    outer loop
      vertex 0.23712158203125 60.36744689941406 0.5155582427978516
      vertex 0.1944580078125 60.335235595703125 0.5618648529052734
      vertex 0.219482421875 60.4874267578125 0.7390937805175781
    endloop
  endfacet
  facet normal -0.5673001819913444 0.7393167196350436 -0.36274135631420085
    outer loop
      vertex 0.3641357421875 60.53297424316406 0.5155582427978516
      vertex 0.409698486328125 60.6776123046875 0.7390937805175781
      vertex 0.5296630859375 60.65998840332031 0.5155582427978516
    endloop
  endfacet
  facet normal -0.5295772171081097 0.7748030350851057 -0.34529440763345515
    outer loop
      vertex 0.5296630859375 60.65998840332031 0.5155582427978516
      vertex 0.409698486328125 60.6776123046875 0.7390937805175781
      vertex 0.5618896484375 60.70265197753906 0.5618648529052734
    endloop
  endfacet
  facet normal -0.149695231663961 0.9059557502870051 -0.39602464082299577
    outer loop
      vertex 0.79522705078125 60.76545715332031 0.5305404663085938
      vertex 0.748626708984375 60.77513122558594 0.5702857971191406
      vertex 0.8494873046875 60.82655334472656 0.6497955322265625
    endloop
  endfacet
  facet normal 0.005362663629436665 0.8854340180005402 -0.46473416229734665
    outer loop
      vertex 0.9451904296875 60.73344421386719 0.4517955780029297
      vertex 0.90252685546875 60.81321716308594 0.6032905578613281
      vertex 0.96240234375 60.82366943359375 0.6238956451416016
    endloop
  endfacet
  facet normal -0.1279485967961835 0.9051038045483265 -0.40548274879460955
    outer loop
      vertex 0.79522705078125 60.76545715332031 0.5305404663085938
      vertex 0.8494873046875 60.82655334472656 0.6497955322265625
      vertex 0.90252685546875 60.81321716308594 0.6032905578613281
    endloop
  endfacet
  facet normal -0.31979861481366484 0.8680563675443143 -0.37974595288038515
    outer loop
      vertex 0.5618896484375 60.70265197753906 0.5618648529052734
      vertex 0.6217041015625 60.78181457519531 0.6924495697021484
      vertex 0.748626708984375 60.77513122558594 0.5702857971191406
    endloop
  endfacet
  facet normal -0.25688286939372024 0.9130299823583988 -0.31683977453386547
    outer loop
      vertex 0.748626708984375 60.77513122558594 0.5702857971191406
      vertex 0.6217041015625 60.78181457519531 0.6924495697021484
      vertex 0.81536865234375 60.83235168457031 0.6810646057128906
    endloop
  endfacet
  facet normal -0.1786705303637809 0.9139311356023136 -0.3644265645588841
    outer loop
      vertex 0.748626708984375 60.77513122558594 0.5702857971191406
      vertex 0.81536865234375 60.83235168457031 0.6810646057128906
      vertex 0.8494873046875 60.82655334472656 0.6497955322265625
    endloop
  endfacet
  facet normal -0.0002038265408739091 0.8856757725128043 -0.46430419386280447
    outer loop
      vertex 0.9451904296875 60.73344421386719 0.4517955780029297
      vertex 0.96240234375 60.82366943359375 0.6238956451416016
      vertex 4.282684326171875 60.82098388671875 0.6173152923583984
    endloop
  endfacet
  facet normal -0.9246228255682973 0.1791635284398467 -0.3361146538237841
    outer loop
      vertex 0.11566162109375 60.08930969238281 0.5577259063720703
      vertex 0.04998779296875 60.02388000488281 0.7035121917724609
      vertex 0.045745849609375 60.05256652832031 0.7304725646972656
    endloop
  endfacet
  facet normal -0.9601242862602339 -0.05338324964357369 -0.274429560344305
    outer loop
      vertex 0.073455810546875 59.93470764160156 0.6238632202148438
      vertex 0.0157470703125 59.93937683105469 0.8248558044433594
      vertex 0.059783935546875 59.979400634765625 0.6630020141601562
    endloop
  endfacet
  facet normal -0.9552307213912156 0.10474949256079472 -0.2766980533337266
    outer loop
      vertex 0.073455810546875 59.93470764160156 0.6238632202148438
      vertex 0.01959228515625 59.91679382324219 0.8030319213867188
      vertex 0.0157470703125 59.93937683105469 0.8248558044433594
    endloop
  endfacet
  facet normal -0.9693040610527133 0.010250532435169962 -0.24565130533240262
    outer loop
      vertex 0.059783935546875 59.979400634765625 0.6630020141601562
      vertex 0.01300048828125 59.961944580078125 0.8468742370605469
      vertex 0.04998779296875 60.02388000488281 0.7035121917724609
    endloop
  endfacet
  facet normal -0.9655302739454399 0.1118186524600948 -0.23504867380364475
    outer loop
      vertex 0.059783935546875 59.979400634765625 0.6630020141601562
      vertex 0.0157470703125 59.93937683105469 0.8248558044433594
      vertex 0.01300048828125 59.961944580078125 0.8468742370605469
    endloop
  endfacet
  facet normal -0.974159330918548 0.06047059285281251 -0.2176164180027698
    outer loop
      vertex 0.04998779296875 60.02388000488281 0.7035121917724609
      vertex 0.011810302734375 59.9765625 0.8612651824951172
      vertex 0.045745849609375 60.05256652832031 0.7304725646972656
    endloop
  endfacet
  facet normal -0.9726776650557692 0.11776960445869787 -0.20007118774900737
    outer loop
      vertex 0.04998779296875 60.02388000488281 0.7035121917724609
      vertex 0.01300048828125 59.961944580078125 0.8468742370605469
      vertex 0.011810302734375 59.9765625 0.8612651824951172
    endloop
  endfacet
  facet normal -0.9763913251579956 0.13245159257809866 -0.17063574004216822
    outer loop
      vertex 0.045745849609375 60.05256652832031 0.7304725646972656
      vertex 0.010986328125 60.01800537109375 0.9025421142578125
      vertex 0.042816162109375 60.132781982421875 0.8095016479492188
    endloop
  endfacet
  facet normal -0.9748347817260723 0.1472892032599639 -0.16734108563089317
    outer loop
      vertex 0.045745849609375 60.05256652832031 0.7304725646972656
      vertex 0.011810302734375 59.9765625 0.8612651824951172
      vertex 0.010986328125 60.01800537109375 0.9025421142578125
    endloop
  endfacet
  facet normal -0.9919333088841001 -0.06210870486056528 -0.11050257692372425
    outer loop
      vertex 0.01959228515625 59.91679382324219 0.8030319213867188
      vertex 0.000091552734375 59.900115966796875 0.9874553680419922
      vertex 0.0157470703125 59.93937683105469 0.8248558044433594
    endloop
  endfacet
  facet normal -0.9337865260967753 0.22307885874098207 -0.2797830346231481
    outer loop
      vertex 0.10693359375 60.13301086425781 0.5956897735595703
      vertex 0.042816162109375 60.132781982421875 0.8095016479492188
      vertex 0.100860595703125 60.252593994140625 0.7113056182861328
    endloop
  endfacet
  facet normal -0.8446612726741842 0.45921677192325 -0.27507688166913835
    outer loop
      vertex 0.1944580078125 60.335235595703125 0.5618648529052734
      vertex 0.100860595703125 60.252593994140625 0.7113056182861328
      vertex 0.219482421875 60.4874267578125 0.7390937805175781
    endloop
  endfacet
  facet normal -0.9298166535149338 0.24049441728088702 -0.2785739149723397
    outer loop
      vertex 0.10693359375 60.13301086425781 0.5956897735595703
      vertex 0.045745849609375 60.05256652832031 0.7304725646972656
      vertex 0.042816162109375 60.132781982421875 0.8095016479492188
    endloop
  endfacet
  facet normal -0.8503158487072342 0.4598150174338898 -0.255994349897742
    outer loop
      vertex 0.100860595703125 60.252593994140625 0.7113056182861328
      vertex 0.12274169921875 60.36187744140625 0.8349189758300781
      vertex 0.219482421875 60.4874267578125 0.7390937805175781
    endloop
  endfacet
  facet normal -0.7259695757988531 0.5925670756848322 -0.3490450340984089
    outer loop
      vertex 0.3641357421875 60.53297424316406 0.5155582427978516
      vertex 0.219482421875 60.4874267578125 0.7390937805175781
      vertex 0.31097412109375 60.58613586425781 0.7163791656494141
    endloop
  endfacet
  facet normal -0.5924529297804602 0.726065101212227 -0.34904010485362225
    outer loop
      vertex 0.3641357421875 60.53297424316406 0.5155582427978516
      vertex 0.31097412109375 60.58613586425781 0.7163791656494141
      vertex 0.409698486328125 60.6776123046875 0.7390937805175781
    endloop
  endfacet
  facet normal -0.47271682786994174 0.8327253430397802 -0.2882833739705782
    outer loop
      vertex 0.5618896484375 60.70265197753906 0.5618648529052734
      vertex 0.409698486328125 60.6776123046875 0.7390937805175781
      vertex 0.6217041015625 60.78181457519531 0.6924495697021484
    endloop
  endfacet
  facet normal -0.4711379676410375 0.8443622579860804 -0.25511055002825805
    outer loop
      vertex 0.409698486328125 60.6776123046875 0.7390937805175781
      vertex 0.507110595703125 60.75767517089844 0.8241844177246094
      vertex 0.6217041015625 60.78181457519531 0.6924495697021484
    endloop
  endfacet
  facet normal -0.06554057103821431 0.9537540621304932 -0.2933557950979801
    outer loop
      vertex 0.90252685546875 60.81321716308594 0.6032905578613281
      vertex 0.950408935546875 60.87541198730469 0.7947998046875
      vertex 0.96240234375 60.82366943359375 0.6238956451416016
    endloop
  endfacet
  facet normal -0.026029079836822625 0.9526721382374173 -0.3028832844991545
    outer loop
      vertex 0.90252685546875 60.81321716308594 0.6032905578613281
      vertex 0.8494873046875 60.82655334472656 0.6497955322265625
      vertex 0.950408935546875 60.87541198730469 0.7947998046875
    endloop
  endfacet
  facet normal -0.2572791858103898 0.9177996939542299 -0.3024088992180373
    outer loop
      vertex 0.81536865234375 60.83235168457031 0.6810646057128906
      vertex 0.6217041015625 60.78181457519531 0.6924495697021484
      vertex 0.72064208984375 60.83636474609375 0.773834228515625
    endloop
  endfacet
  facet normal -0.37400918898436586 0.9138878423251002 -0.15788013873071413
    outer loop
      vertex 0.6217041015625 60.78181457519531 0.6924495697021484
      vertex 0.507110595703125 60.75767517089844 0.8241844177246094
      vertex 0.72064208984375 60.83636474609375 0.773834228515625
    endloop
  endfacet
  facet normal -0.16041459085204113 0.9654077219326096 -0.20556042779353553
    outer loop
      vertex 0.81536865234375 60.83235168457031 0.6810646057128906
      vertex 0.72064208984375 60.83636474609375 0.773834228515625
      vertex 0.906707763671875 60.88078308105469 0.8372421264648438
    endloop
  endfacet
  facet normal -0.07733050938570661 0.9617677567342316 -0.26272185753102256
    outer loop
      vertex 0.8494873046875 60.82655334472656 0.6497955322265625
      vertex 0.81536865234375 60.83235168457031 0.6810646057128906
      vertex 0.92388916015625 60.879150390625 0.8204421997070312
    endloop
  endfacet
  facet normal -0.10631933058565048 0.9623247492584209 -0.25025442435356954
    outer loop
      vertex 0.8494873046875 60.82655334472656 0.6497955322265625
      vertex 0.92388916015625 60.879150390625 0.8204421997070312
      vertex 0.950408935546875 60.87541198730469 0.7947998046875
    endloop
  endfacet
  facet normal 0.012556278047716585 0.957265366838915 -0.2889383279046689
    outer loop
      vertex 0.96240234375 60.82366943359375 0.6238956451416016
      vertex 0.950408935546875 60.87541198730469 0.7947998046875
      vertex 0.980316162109375 60.87751770019531 0.8030757904052734
    endloop
  endfacet
  facet normal -0.9345284098932337 0.3111260262216466 -0.17279249668302032
    outer loop
      vertex 0.100860595703125 60.252593994140625 0.7113056182861328
      vertex 0.042816162109375 60.132781982421875 0.8095016479492188
      vertex 0.053436279296875 60.20989990234375 0.8909206390380859
    endloop
  endfacet
  facet normal -0.9191431739986846 0.3613781128633074 -0.1567854752041098
    outer loop
      vertex 0.100860595703125 60.252593994140625 0.7113056182861328
      vertex 0.053436279296875 60.20989990234375 0.8909206390380859
      vertex 0.12274169921875 60.36187744140625 0.8349189758300781
    endloop
  endfacet
  facet normal -0.8263947308333105 0.5520398135558319 -0.11101258081939555
    outer loop
      vertex 0.219482421875 60.4874267578125 0.7390937805175781
      vertex 0.12274169921875 60.36187744140625 0.8349189758300781
      vertex 0.163665771484375 60.4453125 0.9451770782470703
    endloop
  endfacet
  facet normal -0.7417019182684772 0.6600979466291814 -0.11894942325542994
    outer loop
      vertex 0.219482421875 60.4874267578125 0.7390937805175781
      vertex 0.29290771484375 60.60420227050781 0.9292888641357422
      vertex 0.31097412109375 60.58613586425781 0.7163791656494141
    endloop
  endfacet
  facet normal -0.6599794227451842 0.7418075601568886 -0.11894833015649071
    outer loop
      vertex 0.31097412109375 60.58613586425781 0.7163791656494141
      vertex 0.29290771484375 60.60420227050781 0.9292888641357422
      vertex 0.409698486328125 60.6776123046875 0.7390937805175781
    endloop
  endfacet
  facet normal -0.7771397160540993 0.6238306290699525 -0.08300125279501153
    outer loop
      vertex 0.219482421875 60.4874267578125 0.7390937805175781
      vertex 0.163665771484375 60.4453125 0.9451770782470703
      vertex 0.29290771484375 60.60420227050781 0.9292888641357422
    endloop
  endfacet
  facet normal -0.601102953061517 0.7967962688089268 -0.06157065723943594
    outer loop
      vertex 0.409698486328125 60.6776123046875 0.7390937805175781
      vertex 0.29290771484375 60.60420227050781 0.9292888641357422
      vertex 0.507110595703125 60.75767517089844 0.8241844177246094
    endloop
  endfacet
  facet normal -0.12794509555382347 0.9659849655224083 -0.2247289454173505
    outer loop
      vertex 0.81536865234375 60.83235168457031 0.6810646057128906
      vertex 0.906707763671875 60.88078308105469 0.8372421264648438
      vertex 0.92388916015625 60.879150390625 0.8204421997070312
    endloop
  endfacet
  facet normal -0.3825673985568972 0.89734632498332 -0.2200267224687441
    outer loop
      vertex 0.507110595703125 60.75767517089844 0.8241844177246094
      vertex 0.631011962890625 60.821868896484375 0.8705577850341797
      vertex 0.72064208984375 60.83636474609375 0.773834228515625
    endloop
  endfacet
  facet normal -0.24926671840374703 0.9645706082613762 -0.08642710671141214
    outer loop
      vertex 0.72064208984375 60.83636474609375 0.773834228515625
      vertex 0.631011962890625 60.821868896484375 0.8705577850341797
      vertex 0.85809326171875 60.88189697265625 0.8855705261230469
    endloop
  endfacet
  facet normal -0.16636984903298743 0.9676523532822051 -0.189657577017507
    outer loop
      vertex 0.72064208984375 60.83636474609375 0.773834228515625
      vertex 0.85809326171875 60.88189697265625 0.8855705261230469
      vertex 0.906707763671875 60.88078308105469 0.8372421264648438
    endloop
  endfacet
  facet normal -0.041928701970176514 0.9939636801656463 -0.10138139110636221
    outer loop
      vertex 0.950408935546875 60.87541198730469 0.7947998046875
      vertex 0.99700927734375 60.89703369140625 0.9875106811523438
      vertex 0.980316162109375 60.87751770019531 0.8030757904052734
    endloop
  endfacet
  facet normal 0.02613359258081312 0.992705421708712 -0.11769868754131582
    outer loop
      vertex 0.950408935546875 60.87541198730469 0.7947998046875
      vertex 0.92388916015625 60.879150390625 0.8204421997070312
      vertex 0.99700927734375 60.89703369140625 0.9875106811523438
    endloop
  endfacet
  facet normal 0.00005677422553208108 0.957686000530409 -0.28781508154500335
    outer loop
      vertex 0.96240234375 60.82366943359375 0.6238956451416016
      vertex 0.980316162109375 60.87751770019531 0.8030757904052734
      vertex 4.0950927734375 60.87788391113281 0.8049087524414062
    endloop
  endfacet
  facet normal -0.00005455234043747902 0.9943698050341722 -0.10596550316185259
    outer loop
      vertex 0.980316162109375 60.87751770019531 0.8030757904052734
      vertex 0.99859619140625 60.897003173828125 0.9859161376953125
      vertex 4.0950927734375 60.87788391113281 0.8049087524414062
    endloop
  endfacet
  facet normal 0.0002379190380306274 0.8819924793631301 -0.47126341863273236
    outer loop
      vertex 0.9451904296875 60.73344421386719 0.4517955780029297
      vertex 4.282684326171875 60.82098388671875 0.6173152923583984
      vertex 4.455596923828125 60.72856140136719 0.4444293975830078
    endloop
  endfacet
  facet normal -0.6998856550192938 0.02580472290482207 -0.7137886144889252
    outer loop
      vertex 4.334228515625 60.79759216308594 0.5659294128417969
      vertex 4.455596923828125 60.72856140136719 0.4444293975830078
      vertex 4.282684326171875 60.82098388671875 0.6173152923583984
    endloop
  endfacet
  facet normal 0.7135243605919807 0.03508474918444289 0.6997514181596703
    outer loop
      vertex 4.334228515625 60.79759216308594 0.5659294128417969
      vertex 4.282684326171875 60.82098388671875 0.6173152923583984
      vertex 4.174407958984375 60.85865783691406 0.7258338928222656
    endloop
  endfacet
  facet normal 0.00019916459257238287 0.9570038793593284 -0.29007505102069897
    outer loop
      vertex 0.96240234375 60.82366943359375 0.6238956451416016
      vertex 4.0950927734375 60.87788391113281 0.8049087524414062
      vertex 4.282684326171875 60.82098388671875 0.6173152923583984
    endloop
  endfacet
  facet normal -0.7012541617504853 0.035534528115073356 -0.7120252087807448
    outer loop
      vertex 4.282684326171875 60.82098388671875 0.6173152923583984
      vertex 4.0950927734375 60.87788391113281 0.8049087524414062
      vertex 4.174407958984375 60.85865783691406 0.7258338928222656
    endloop
  endfacet
  facet normal 0.7141617289661946 0.09249958061894982 0.6938420947631632
    outer loop
      vertex 4.174407958984375 60.85865783691406 0.7258338928222656
      vertex 4.0950927734375 60.87788391113281 0.8049087524414062
      vertex 4.02734375 60.888946533203125 0.8731670379638672
    endloop
  endfacet
  facet normal 0.7065466968707593 0 0.707666422222377
    outer loop
      vertex 4.9000244140625 59.8970947265625 0
      vertex 4.89520263671875 59.9951171875 0.00481414794921875
      vertex 4.9000244140625 59.89703369140625 0
    endloop
  endfacet
  facet normal 0.7075312992144156 0.0000967204528816813 0.7066820015233974
    outer loop
      vertex 4.9000244140625 59.89703369140625 0
      vertex 4.89520263671875 59.9951171875 0.00481414794921875
      vertex 4.891998291015625 60.02325439453125 0.00801849365234375
    endloop
  endfacet
  facet normal -0.7067037117794214 0.00009177856765759143 -0.7075096150116147
    outer loop
      vertex 4.89520263671875 59.9951171875 0.00481414794921875
      vertex 4.88079833984375 60.092193603515625 0.019214630126953125
      vertex 4.891998291015625 60.02325439453125 0.00801849365234375
    endloop
  endfacet
  facet normal 0.7088780663661319 0.0006153256556462549 0.7053307794215075
    outer loop
      vertex 4.891998291015625 60.02325439453125 0.00801849365234375
      vertex 4.88079833984375 60.092193603515625 0.019214630126953125
      vertex 4.86822509765625 60.147186279296875 0.031803131103515625
    endloop
  endfacet
  facet normal -0.7065073481403241 0.0004703174449141412 -0.7077055502292092
    outer loop
      vertex 4.88079833984375 60.092193603515625 0.019214630126953125
      vertex 4.829681396484375 60.265472412109375 0.07036018371582031
      vertex 4.86822509765625 60.147186279296875 0.031803131103515625
    endloop
  endfacet
  facet normal -0.697831322984096 0.005548975098132793 -0.7162406394066358
    outer loop
      vertex 4.88079833984375 60.092193603515625 0.019214630126953125
      vertex 4.823883056640625 60.27978515625 0.07612037658691406
      vertex 4.829681396484375 60.265472412109375 0.07036018371582031
    endloop
  endfacet
  facet normal 0.7213720700488054 0.013576616116198132 0.6924146243749728
    outer loop
      vertex 4.829681396484375 60.265472412109375 0.07036018371582031
      vertex 4.823883056640625 60.27978515625 0.07612037658691406
      vertex 4.7781982421875 60.37518310546875 0.12184524536132812
    endloop
  endfacet
  facet normal -0.7044910256746384 0.0027960287123481933 -0.7097073882716283
    outer loop
      vertex 4.823883056640625 60.27978515625 0.07612037658691406
      vertex 4.731475830078125 60.452667236328125 0.16852951049804688
      vertex 4.7781982421875 60.37518310546875 0.12184524536132812
    endloop
  endfacet
  facet normal 0.7095284111549043 0.003276988549759554 0.704669209707677
    outer loop
      vertex 4.7781982421875 60.37518310546875 0.12184524536132812
      vertex 4.731475830078125 60.452667236328125 0.16852951049804688
      vertex 4.6473388671875 60.561431884765625 0.25274085998535156
    endloop
  endfacet
  facet normal 0.0038419172725549728 0.06364260695939387 -0.9979653592440385
    outer loop
      vertex 4.9000244140625 59.89703369140625 0
      vertex 4.891998291015625 60.02325439453125 0.00801849365234375
      vertex 9.46478271484375 60.15576171875 0.0340728759765625
    endloop
  endfacet
  facet normal 0.00013326643035918416 0.1885020424081988 -0.9820727886709805
    outer loop
      vertex 4.891998291015625 60.02325439453125 0.00801849365234375
      vertex 4.86822509765625 60.147186279296875 0.031803131103515625
      vertex 9.46478271484375 60.15576171875 0.0340728759765625
    endloop
  endfacet
  facet normal -0.00010863964739420259 0.3098831585332996 -0.9507746400987213
    outer loop
      vertex 4.86822509765625 60.147186279296875 0.031803131103515625
      vertex 4.829681396484375 60.265472412109375 0.07036018371582031
      vertex 9.46478271484375 60.15576171875 0.0340728759765625
    endloop
  endfacet
  facet normal 0.00036960473001353096 0.4249694900870627 -0.9052075982267744
    outer loop
      vertex 4.829681396484375 60.265472412109375 0.07036018371582031
      vertex 4.7781982421875 60.37518310546875 0.12184524536132812
      vertex 9.46478271484375 60.396942138671875 0.1339740753173828
    endloop
  endfacet
  facet normal -0.0005505757711460449 0.5747396689499874 -0.8183361227524903
    outer loop
      vertex 4.7781982421875 60.37518310546875 0.12184524536132812
      vertex 4.6473388671875 60.561431884765625 0.25274085998535156
      vertex 9.46478271484375 60.396942138671875 0.1339740753173828
    endloop
  endfacet
  facet normal -0.7020854376934232 0.008191854479920503 -0.7120455966432306
    outer loop
      vertex 4.731475830078125 60.452667236328125 0.16852951049804688
      vertex 4.60711669921875 60.60420227050781 0.2928924560546875
      vertex 4.6473388671875 60.561431884765625 0.25274085998535156
    endloop
  endfacet
  facet normal 0.7114872620249244 0.00948422506393294 0.7026349873520485
    outer loop
      vertex 4.6473388671875 60.561431884765625 0.25274085998535156
      vertex 4.60711669921875 60.60420227050781 0.2928924560546875
      vertex 4.4967041015625 60.69920349121094 0.4034137725830078
    endloop
  endfacet
  facet normal -0.7006019163442334 0.01566773889480903 -0.7133803170628635
    outer loop
      vertex 4.60711669921875 60.60420227050781 0.2928924560546875
      vertex 4.455596923828125 60.72856140136719 0.4444293975830078
      vertex 4.4967041015625 60.69920349121094 0.4034137725830078
    endloop
  endfacet
  facet normal -0.0008964560804104165 0.7375490623401499 -0.6752929564327333
    outer loop
      vertex 4.6473388671875 60.561431884765625 0.25274085998535156
      vertex 4.4967041015625 60.69920349121094 0.4034137725830078
      vertex 9.46478271484375 60.60404968261719 0.2928924560546875
    endloop
  endfacet
  facet normal 0.0018251503780641733 0.3826860594976705 -0.9238766414907581
    outer loop
      vertex 4.829681396484375 60.265472412109375 0.07036018371582031
      vertex 9.46478271484375 60.396942138671875 0.1339740753173828
      vertex 9.46478271484375 60.15576171875 0.0340728759765625
    endloop
  endfacet
  facet normal 0.0012268899257581697 0.608758976552178 -0.7933542734543345
    outer loop
      vertex 4.6473388671875 60.561431884765625 0.25274085998535156
      vertex 9.46478271484375 60.60404968261719 0.2928924560546875
      vertex 9.46478271484375 60.396942138671875 0.1339740753173828
    endloop
  endfacet
  facet normal 0.0016523466587494734 0.7933502588339344 -0.6087632023690729
    outer loop
      vertex 4.4967041015625 60.69920349121094 0.4034137725830078
      vertex 9.46478271484375 60.762969970703125 0.5
      vertex 9.46478271484375 60.60404968261719 0.2928924560546875
    endloop
  endfacet
  facet normal 0.7119268722771329 0.015988889934232454 0.7020715661016119
    outer loop
      vertex 4.334228515625 60.79759216308594 0.5659294128417969
      vertex 4.4967041015625 60.69920349121094 0.4034137725830078
      vertex 4.455596923828125 60.72856140136719 0.4444293975830078
    endloop
  endfacet
  facet normal -0.0008934601237087798 0.8550479234024302 -0.5185482141654711
    outer loop
      vertex 4.334228515625 60.79759216308594 0.5659294128417969
      vertex 9.46478271484375 60.762969970703125 0.5
      vertex 4.4967041015625 60.69920349121094 0.4034137725830078
    endloop
  endfacet
  facet normal 0.00029041705531951645 0.9342931761465904 -0.3565055071998891
    outer loop
      vertex 4.334228515625 60.79759216308594 0.5659294128417969
      vertex 4.174407958984375 60.85865783691406 0.7258338928222656
      vertex 9.46478271484375 60.86286926269531 0.741180419921875
    endloop
  endfacet
  facet normal -0.00019503763582440033 0.9794771282495127 -0.201555246015598
    outer loop
      vertex 4.174407958984375 60.85865783691406 0.7258338928222656
      vertex 4.02734375 60.888946533203125 0.8731670379638672
      vertex 9.46478271484375 60.86286926269531 0.741180419921875
    endloop
  endfacet
  facet normal 0.0013169870824549144 0.9238799622791057 -0.38268012862465556
    outer loop
      vertex 4.334228515625 60.79759216308594 0.5659294128417969
      vertex 9.46478271484375 60.86286926269531 0.741180419921875
      vertex 9.46478271484375 60.762969970703125 0.5
    endloop
  endfacet
  facet normal -0.9999416117504079 -0.005679683967943262 -0.009193164853348482
    outer loop
      vertex 0.034088134765625 54.314605712890625 0.741180419921875
      vertex 0 59.8970947265625 1
      vertex 0.0001220703125 59.89849853515625 0.9858551025390625
    endloop
  endfacet
  facet normal -0.992133363236965 0.07808749863221498 -0.09784545012146573
    outer loop
      vertex 0.01959228515625 59.91679382324219 0.8030319213867188
      vertex 0.0001220703125 59.89849853515625 0.9858551025390625
      vertex 0.000091552734375 59.900115966796875 0.9874553680419922
    endloop
  endfacet
  facet normal -0.994695762258978 -0.02331275596056046 -0.10018411028478665
    outer loop
      vertex 0.0157470703125 59.93937683105469 0.8248558044433594
      vertex 0.000091552734375 59.90171813964844 0.9890575408935547
      vertex 0.01300048828125 59.961944580078125 0.8468742370605469
    endloop
  endfacet
  facet normal -0.9961244470978171 0.005326337347309292 -0.08779359899520428
    outer loop
      vertex 0.01300048828125 59.961944580078125 0.8468742370605469
      vertex 0.00006103515625 59.90275573730469 0.9900970458984375
      vertex 0.011810302734375 59.9765625 0.8612651824951172
    endloop
  endfacet
  facet normal -0.9771546984593933 0.18194183583540274 -0.10984472518776464
    outer loop
      vertex 0.042816162109375 60.132781982421875 0.8095016479492188
      vertex 0.010986328125 60.01800537109375 0.9025421142578125
      vertex 0.013946533203125 60.05902099609375 0.9441452026367188
    endloop
  endfacet
  facet normal -0.9968934124125297 0.044741046945854214 -0.06482100744890408
    outer loop
      vertex 0.011810302734375 59.9765625 0.8612651824951172
      vertex 0.00006103515625 59.90571594238281 0.9930591583251953
      vertex 0.010986328125 60.01800537109375 0.9025421142578125
    endloop
  endfacet
  facet normal -0.9940387747981243 0.07709382010850117 -0.07709382010850117
    outer loop
      vertex 0.0157470703125 59.93937683105469 0.8248558044433594
      vertex 0.000091552734375 59.900115966796875 0.9874553680419922
      vertex 0.000091552734375 59.90171813964844 0.9890575408935547
    endloop
  endfacet
  facet normal -0.9964581224512523 0.04305643631107857 -0.07223125011458124
    outer loop
      vertex 0.01300048828125 59.961944580078125 0.8468742370605469
      vertex 0.000091552734375 59.90171813964844 0.9890575408935547
      vertex 0.00006103515625 59.90275573730469 0.9900970458984375
    endloop
  endfacet
  facet normal -0.9966544353232388 0.057811068346470505 -0.057773842932210065
    outer loop
      vertex 0.011810302734375 59.9765625 0.8612651824951172
      vertex 0.00006103515625 59.90275573730469 0.9900970458984375
      vertex 0.00006103515625 59.90571594238281 0.9930591583251953
    endloop
  endfacet
  facet normal -0.9961229187283398 0.08674516615791714 -0.014642640894620708
    outer loop
      vertex 0.010986328125 60.01800537109375 0.9025421142578125
      vertex 0.000091552734375 59.90867614746094 0.9960193634033203
      vertex 0.013946533203125 60.05902099609375 0.9441452026367188
    endloop
  endfacet
  facet normal -0.9971430011289413 0.05830474051117495 -0.04802491575726834
    outer loop
      vertex 0.010986328125 60.01800537109375 0.9025421142578125
      vertex 0.00006103515625 59.90571594238281 0.9930591583251953
      vertex 0.000091552734375 59.90867614746094 0.9960193634033203
    endloop
  endfacet
  facet normal -0.995688282354406 0.07127134199860984 -0.059373733181011995
    outer loop
      vertex 0.013946533203125 60.05902099609375 0.9441452026367188
      vertex 0.000091552734375 59.90867614746094 0.9960193634033203
      vertex 0.0001220703125 59.91123962402344 0.9985847473144531
    endloop
  endfacet
  facet normal -0.992721112934388 0.11050630512303639 0.047886829738084724
    outer loop
      vertex 0.013946533203125 60.05902099609375 0.9441452026367188
      vertex 0.0001220703125 59.91123962402344 0.9985847473144531
      vertex 0.01959228515625 60.09407043457031 0.9803028106689453
    endloop
  endfacet
  facet normal -0.9999654081981897 0.00588142869666868 -0.00588142869666868
    outer loop
      vertex 0.000091552734375 59.90171813964844 0.9890575408935547
      vertex 0.000091552734375 59.900115966796875 0.9874553680419922
      vertex 0 59.8970947265625 1
    endloop
  endfacet
  facet normal -0.9999100461752263 -0.009405096787317773 -0.009562620575873836
    outer loop
      vertex 0.0001220703125 59.89849853515625 0.9858551025390625
      vertex 0 59.8970947265625 1
      vertex 0.000091552734375 59.900115966796875 0.9874553680419922
    endloop
  endfacet
  facet normal -0.999784194798172 -0.014772111232801389 -0.014606456158030821
    outer loop
      vertex 0.000091552734375 59.90171813964844 0.9890575408935547
      vertex 0 59.8970947265625 1
      vertex 0.00006103515625 59.90275573730469 0.9900970458984375
    endloop
  endfacet
  facet normal -0.9999846189526148 0.003923115636391084 -0.003920589483373447
    outer loop
      vertex 0.00006103515625 59.90275573730469 0.9900970458984375
      vertex 0 59.8970947265625 1
      vertex 0.00006103515625 59.90571594238281 0.9930591583251953
    endloop
  endfacet
  facet normal -0.9999621055488875 0.008519773215734378 0.0017891144703366276
    outer loop
      vertex 0 59.8970947265625 1
      vertex 0.000091552734375 59.90867614746094 0.9960193634033203
      vertex 0.00006103515625 59.90571594238281 0.9930591583251953
    endloop
  endfacet
  facet normal -0.9999557265195277 0.00892724521007378 0.002974776254255229
    outer loop
      vertex 0 59.8970947265625 1
      vertex 0.0001220703125 59.91123962402344 0.9985847473144531
      vertex 0.000091552734375 59.90867614746094 0.9960193634033203
    endloop
  endfacet
  facet normal -0.9708455616438497 0.22394620770427096 -0.08548094226968699
    outer loop
      vertex 0.042816162109375 60.132781982421875 0.8095016479492188
      vertex 0.013946533203125 60.05902099609375 0.9441452026367188
      vertex 0.053436279296875 60.20989990234375 0.8909206390380859
    endloop
  endfacet
  facet normal -0.9180637285933781 0.3870269271180773 -0.08584374133716807
    outer loop
      vertex 0.12274169921875 60.36187744140625 0.8349189758300781
      vertex 0.053436279296875 60.20989990234375 0.8909206390380859
      vertex 0.073455810546875 60.27323913574219 0.9623851776123047
    endloop
  endfacet
  facet normal -0.8863380144488502 0.4625599806479635 -0.02105204136955707
    outer loop
      vertex 0.12274169921875 60.36187744140625 0.8349189758300781
      vertex 0.073455810546875 60.27323913574219 0.9623851776123047
      vertex 0.163665771484375 60.4453125 0.9451770782470703
    endloop
  endfacet
  facet normal -0.9708181792479268 0.22919429329245508 -0.07058355873652429
    outer loop
      vertex 0.013946533203125 60.05902099609375 0.9441452026367188
      vertex 0.01959228515625 60.09407043457031 0.9803028106689453
      vertex 0.053436279296875 60.20989990234375 0.8909206390380859
    endloop
  endfacet
  facet normal -0.9572583192385775 0.28898399440744765 0.012031675895313041
    outer loop
      vertex 0.01959228515625 60.09407043457031 0.9803028106689453
      vertex 0.073455810546875 60.27323913574219 0.9623851776123047
      vertex 0.053436279296875 60.20989990234375 0.8909206390380859
    endloop
  endfacet
  facet normal -0.4507199160554952 0.8921365479245387 -0.030723559823275886
    outer loop
      vertex 0.507110595703125 60.75767517089844 0.8241844177246094
      vertex 0.45501708984375 60.73553466796875 0.9454994201660156
      vertex 0.631011962890625 60.821868896484375 0.8705577850341797
    endloop
  endfacet
  facet normal -0.6172252066452844 0.777077648633112 -0.1232208272838633
    outer loop
      vertex 0.507110595703125 60.75767517089844 0.8241844177246094
      vertex 0.29290771484375 60.60420227050781 0.9292888641357422
      vertex 0.45501708984375 60.73553466796875 0.9454994201660156
    endloop
  endfacet
  facet normal -0.2425315361873432 0.9571117595609121 -0.15847881140651687
    outer loop
      vertex 0.631011962890625 60.821868896484375 0.8705577850341797
      vertex 0.810211181640625 60.87785339355469 0.9344272613525391
      vertex 0.85809326171875 60.88189697265625 0.8855705261230469
    endloop
  endfacet
  facet normal -0.45536614807537745 0.889163229365143 -0.045060212293588725
    outer loop
      vertex 0.631011962890625 60.821868896484375 0.8705577850341797
      vertex 0.45501708984375 60.73553466796875 0.9454994201660156
      vertex 0.630706787109375 60.82640075683594 0.9630680084228516
    endloop
  endfacet
  facet normal -0.2822756719435398 0.9581383436840349 -0.04786814589304015
    outer loop
      vertex 0.631011962890625 60.821868896484375 0.8705577850341797
      vertex 0.630706787109375 60.82640075683594 0.9630680084228516
      vertex 0.810211181640625 60.87785339355469 0.9344272613525391
    endloop
  endfacet
  facet normal -0.006081092585277688 0.9946745652753564 -0.1028860024845466
    outer loop
      vertex 0.92388916015625 60.879150390625 0.8204421997070312
      vertex 0.906707763671875 60.88078308105469 0.8372421264648438
      vertex 0.99542236328125 60.89703369140625 0.989105224609375
    endloop
  endfacet
  facet normal -0.052477841884134374 0.9957458028525643 -0.07573884216626073
    outer loop
      vertex 0.906707763671875 60.88078308105469 0.8372421264648438
      vertex 0.85809326171875 60.88189697265625 0.8855705261230469
      vertex 0.994384765625 60.89703369140625 0.9901409149169922
    endloop
  endfacet
  facet normal -0.07919794453601145 0.9920492684324806 -0.09780559587186748
    outer loop
      vertex 0.980316162109375 60.87751770019531 0.8030757904052734
      vertex 0.99700927734375 60.89703369140625 0.9875106811523438
      vertex 0.99859619140625 60.897003173828125 0.9859161376953125
    endloop
  endfacet
  facet normal -0.2777557640649725 0.9605308020438524 -0.015241845481335153
    outer loop
      vertex 0.810211181640625 60.87785339355469 0.9344272613525391
      vertex 0.630706787109375 60.82640075683594 0.9630680084228516
      vertex 0.8135986328125 60.87957763671875 0.9813575744628906
    endloop
  endfacet
  facet normal -0.10023456849352985 0.9948368086321453 -0.015898285112684964
    outer loop
      vertex 0.85809326171875 60.88189697265625 0.8855705261230469
      vertex 0.810211181640625 60.87785339355469 0.9344272613525391
      vertex 0.991424560546875 60.89704895019531 0.9930877685546875
    endloop
  endfacet
  facet normal -0.07429238334074743 0.9944918169719433 -0.07393691739174864
    outer loop
      vertex 0.92388916015625 60.879150390625 0.8204421997070312
      vertex 0.99542236328125 60.89703369140625 0.989105224609375
      vertex 0.99700927734375 60.89703369140625 0.9875106811523438
    endloop
  endfacet
  facet normal -0.06716423630847468 0.9954703914199818 -0.06728792735140005
    outer loop
      vertex 0.906707763671875 60.88078308105469 0.8372421264648438
      vertex 0.994384765625 60.89703369140625 0.9901409149169922
      vertex 0.99542236328125 60.89703369140625 0.989105224609375
    endloop
  endfacet
  facet normal -0.060236396465297506 0.9960218171165168 -0.06566670669972419
    outer loop
      vertex 0.85809326171875 60.88189697265625 0.8855705261230469
      vertex 0.991424560546875 60.89704895019531 0.9930877685546875
      vertex 0.994384765625 60.89703369140625 0.9901409149169922
    endloop
  endfacet
  facet normal -0.09681411302810232 0.994863315134779 -0.02956368917471776
    outer loop
      vertex 0.810211181640625 60.87785339355469 0.9344272613525391
      vertex 0.8135986328125 60.87957763671875 0.9813575744628906
      vertex 0.988494873046875 60.89703369140625 0.9960365295410156
    endloop
  endfacet
  facet normal -0.08091915012231926 0.9938758017195124 -0.07525278665855517
    outer loop
      vertex 0.810211181640625 60.87785339355469 0.9344272613525391
      vertex 0.988494873046875 60.89703369140625 0.9960365295410156
      vertex 0.991424560546875 60.89704895019531 0.9930877685546875
    endloop
  endfacet
  facet normal -0.12153586341382709 0.9331121791054714 0.33842383945179494
    outer loop
      vertex 0.8135986328125 60.87957763671875 0.9813575744628906
      vertex 1 60.8970947265625 1
      vertex 0.988494873046875 60.89703369140625 0.9960365295410156
    endloop
  endfacet
  facet normal -0.003939603108075549 0.9999844507973201 -0.003946858362418229
    outer loop
      vertex 0.99542236328125 60.89703369140625 0.989105224609375
      vertex 0.994384765625 60.89703369140625 0.9901409149169922
      vertex 1 60.8970947265625 1
    endloop
  endfacet
  facet normal -0.0006433863982507059 0.9999828321915467 -0.005824206050237844
    outer loop
      vertex 0.994384765625 60.89703369140625 0.9901409149169922
      vertex 0.991424560546875 60.89704895019531 0.9930877685546875
      vertex 1 60.8970947265625 1
    endloop
  endfacet
  facet normal -0.0052803067752594645 0.9999860565211176 -0.00007158004827270153
    outer loop
      vertex 0.991424560546875 60.89704895019531 0.9930877685546875
      vertex 0.988494873046875 60.89703369140625 0.9960365295410156
      vertex 1 60.8970947265625 1
    endloop
  endfacet
  facet normal 0.01154179808261427 0.9999041249487799 -0.0076503468833079005
    outer loop
      vertex 0.99859619140625 60.897003173828125 0.9859161376953125
      vertex 0.99700927734375 60.89703369140625 0.9875106811523438
      vertex 1 60.8970947265625 1
    endloop
  endfacet
  facet normal -0.0039580467280508 0.9999844085228056 -0.003939108705428547
    outer loop
      vertex 0.99542236328125 60.89703369140625 0.989105224609375
      vertex 1 60.8970947265625 1
      vertex 0.99700927734375 60.89703369140625 0.9875106811523438
    endloop
  endfacet
  facet normal 0 0.9999788721483245 -0.00650040436932822
    outer loop
      vertex 0.99859619140625 60.897003173828125 0.9859161376953125
      vertex 1 60.8970947265625 1
      vertex 3.9000244140625 60.8970947265625 1
    endloop
  endfacet
  facet normal 0.0004421589939093903 0.9952296375139117 -0.09755907497179439
    outer loop
      vertex 4.0950927734375 60.87788391113281 0.8049087524414062
      vertex 0.99859619140625 60.897003173828125 0.9859161376953125
      vertex 3.9000244140625 60.8970947265625 1
    endloop
  endfacet
  facet normal -0.700833632158627 0.08092196640191002 -0.7087198708862299
    outer loop
      vertex 4.0950927734375 60.87788391113281 0.8049087524414062
      vertex 3.9000244140625 60.8970947265625 1
      vertex 4.02734375 60.888946533203125 0.8731670379638672
    endloop
  endfacet
  facet normal -0.6724793976098824 0.26267749982255767 -0.6919335162262484
    outer loop
      vertex 4.02734375 60.888946533203125 0.8731670379638672
      vertex 3.9000244140625 60.8970947265625 1
      vertex 3.96337890625 60.89508056640625 0.9376621246337891
    endloop
  endfacet
  facet normal -0.3114200456106252 0.8853921959709738 -0.34510609166685663
    outer loop
      vertex 3.96337890625 60.89508056640625 0.9376621246337891
      vertex 3.9000244140625 60.8970947265625 1
      vertex 3.934844970703125 60.896484375 0.9670124053955078
    endloop
  endfacet
  facet normal -0.047895736296165364 0.9964666603358407 -0.06899415398266921
    outer loop
      vertex 3.934844970703125 60.896484375 0.9670124053955078
      vertex 3.9000244140625 60.8970947265625 1
      vertex 3.9217529296875 60.8968505859375 0.9813899993896484
    endloop
  endfacet
  facet normal 0.030180238731263555 0.9995213882276617 0.006793207311140213
    outer loop
      vertex 3.91290283203125 60.89701843261719 0.9937076568603516
      vertex 3.911773681640625 60.89703369140625 0.9964790344238281
      vertex 3.911407470703125 60.89703369140625 0.9981060028076172
    endloop
  endfacet
  facet normal -0.006856919738325649 0.9997534020619183 -0.02112149893644884
    outer loop
      vertex 3.9217529296875 60.8968505859375 0.9813899993896484
      vertex 3.9000244140625 60.8970947265625 1
      vertex 3.915679931640625 60.89697265625 0.9891395568847656
    endloop
  endfacet
  facet normal 0.0014623270298213453 0.9999572381852736 -0.009131451173706341
    outer loop
      vertex 3.915679931640625 60.89697265625 0.9891395568847656
      vertex 3.9000244140625 60.8970947265625 1
      vertex 3.91290283203125 60.89701843261719 0.9937076568603516
    endloop
  endfacet
  facet normal 0.0040377864863191965 0.9999843957593627 -0.0038606370035608652
    outer loop
      vertex 3.91290283203125 60.89701843261719 0.9937076568603516
      vertex 3.9000244140625 60.8970947265625 1
      vertex 3.911773681640625 60.89703369140625 0.9964790344238281
    endloop
  endfacet
  facet normal 0.005570466869133861 0.9999836987531374 0.0012538448286913263
    outer loop
      vertex 3.911773681640625 60.89703369140625 0.9964790344238281
      vertex 3.9000244140625 60.8970947265625 1
      vertex 3.911407470703125 60.89703369140625 0.9981060028076172
    endloop
  endfacet
  facet normal 0.005421554366354161 0.9999852388890847 0.00035882055785591135
    outer loop
      vertex 3.9000244140625 60.8970947265625 1
      vertex 3.911285400390625 60.89703369140625 0.9999504089355469
      vertex 3.911407470703125 60.89703369140625 0.9981060028076172
    endloop
  endfacet
  facet normal 0.000015496187935898596 0.9999999998794081 0.0000010256008561504757
    outer loop
      vertex 3.911407470703125 60.89703369140625 0.9981060028076172
      vertex 3.911285400390625 60.89703369140625 0.9999504089355469
      vertex 7.850006103515625 60.89697265625 0.9999504089355469
    endloop
  endfacet
  facet normal 0 0 1
    outer loop
      vertex 3.911285400390625 60.89703369140625 0.9999504089355469
      vertex 4.167877197265625 60.86054992675781 0.9999504089355469
      vertex 7.850006103515625 60.89697265625 0.9999504089355469
    endloop
  endfacet
  facet normal 0 0 1
    outer loop
      vertex 4.9000244140625 59.8970947265625 0.9999504089355469
      vertex 7.850006103515625 60.89697265625 0.9999504089355469
      vertex 4.866424560546875 60.15409851074219 0.9999504089355469
    endloop
  endfacet
  facet normal 0 0 1
    outer loop
      vertex 4.866424560546875 60.15409851074219 0.9999504089355469
      vertex 7.850006103515625 60.89697265625 0.9999504089355469
      vertex 4.767913818359375 60.39384460449219 0.9999504089355469
    endloop
  endfacet
  facet normal 0 0 1
    outer loop
      vertex 4.167877197265625 60.86054992675781 0.9999504089355469
      vertex 4.406494140625 60.75935363769531 0.9999504089355469
      vertex 7.850006103515625 60.89697265625 0.9999504089355469
    endloop
  endfacet
  facet normal 0 0 1
    outer loop
      vertex 4.611083984375 60.60020446777344 0.9999504089355469
      vertex 7.850006103515625 60.89697265625 0.9999504089355469
      vertex 4.406494140625 60.75935363769531 0.9999504089355469
    endloop
  endfacet
  facet normal 0 0 1
    outer loop
      vertex 4.767913818359375 60.39384460449219 0.9999504089355469
      vertex 7.850006103515625 60.89697265625 0.9999504089355469
      vertex 4.611083984375 60.60020446777344 0.9999504089355469
    endloop
  endfacet
  facet normal 0.0000021518390330470916 0.1305291211852812 -0.991444475761486
    outer loop
      vertex 4.9000244140625 59.89703369140625 0
      vertex 9.46478271484375 60.15576171875 0.0340728759765625
      vertex 15.018310546875 60.155670166015625 0.0340728759765625
    endloop
  endfacet
  facet normal 0.000006308785076578836 0.3826866968885545 -0.9238781802730958
    outer loop
      vertex 9.46478271484375 60.15576171875 0.0340728759765625
      vertex 9.46478271484375 60.396942138671875 0.1339740753173828
      vertex 15.018310546875 60.3968505859375 0.1339740753173828
    endloop
  endfacet
  facet normal 0.000010035709283956909 0.6087594346919701 -0.7933548705168435
    outer loop
      vertex 9.46478271484375 60.396942138671875 0.1339740753173828
      vertex 9.46478271484375 60.60404968261719 0.2928924560546875
      vertex 15.018310546875 60.60395812988281 0.2928924560546875
    endloop
  endfacet
  facet normal 0.000013078800873573148 0.7933513417903647 -0.608764033356417
    outer loop
      vertex 9.46478271484375 60.60404968261719 0.2928924560546875
      vertex 9.46478271484375 60.762969970703125 0.5
      vertex 15.018310546875 60.76287841796875 0.5
    endloop
  endfacet
  facet normal 0.000016174955033105605 0.9811619890048308 -0.19318682944356058
    outer loop
      vertex 4.02734375 60.888946533203125 0.8731670379638672
      vertex 15.018310546875 60.86277770996094 0.741180419921875
      vertex 9.46478271484375 60.86286926269531 0.741180419921875
    endloop
  endfacet
  facet normal 0.000015230644859055858 0.923880763387089 -0.38268046045142806
    outer loop
      vertex 9.46478271484375 60.762969970703125 0.5
      vertex 9.46478271484375 60.86286926269531 0.741180419921875
      vertex 15.018310546875 60.86277770996094 0.741180419921875
    endloop
  endfacet
  facet normal 0.0000021518390330470916 0.1305291211852812 -0.991444475761486
    outer loop
      vertex 4.9000244140625 59.89703369140625 0
      vertex 15.018310546875 60.155670166015625 0.0340728759765625
      vertex 20.57183837890625 60.15557861328125 0.0340728759765625
    endloop
  endfacet
  facet normal 0.000006308785076578836 0.3826866968885545 -0.9238781802730958
    outer loop
      vertex 9.46478271484375 60.15576171875 0.0340728759765625
      vertex 15.018310546875 60.3968505859375 0.1339740753173828
      vertex 15.018310546875 60.155670166015625 0.0340728759765625
    endloop
  endfacet
  facet normal 0.000010035709283956909 0.6087594346919701 -0.7933548705168435
    outer loop
      vertex 9.46478271484375 60.396942138671875 0.1339740753173828
      vertex 15.018310546875 60.60395812988281 0.2928924560546875
      vertex 15.018310546875 60.3968505859375 0.1339740753173828
    endloop
  endfacet
  facet normal 0.000013078800873573148 0.7933513417903647 -0.608764033356417
    outer loop
      vertex 9.46478271484375 60.60404968261719 0.2928924560546875
      vertex 15.018310546875 60.76287841796875 0.5
      vertex 15.018310546875 60.60395812988281 0.2928924560546875
    endloop
  endfacet
  facet normal 0.0000021518390330470916 0.1305291211852812 -0.991444475761486
    outer loop
      vertex 4.9000244140625 59.89703369140625 0
      vertex 20.57183837890625 60.15557861328125 0.0340728759765625
      vertex 26.1253662109375 60.155487060546875 0.0340728759765625
    endloop
  endfacet
  facet normal 0.000006308785076578836 0.3826866968885545 -0.9238781802730958
    outer loop
      vertex 15.018310546875 60.155670166015625 0.0340728759765625
      vertex 15.018310546875 60.3968505859375 0.1339740753173828
      vertex 20.57183837890625 60.396759033203125 0.1339740753173828
    endloop
  endfacet
  facet normal 0.000010035709283956909 0.6087594346919701 -0.7933548705168435
    outer loop
      vertex 15.018310546875 60.3968505859375 0.1339740753173828
      vertex 15.018310546875 60.60395812988281 0.2928924560546875
      vertex 20.57183837890625 60.60386657714844 0.2928924560546875
    endloop
  endfacet
  facet normal 0.000013078800873573148 0.7933513417903647 -0.608764033356417
    outer loop
      vertex 15.018310546875 60.60395812988281 0.2928924560546875
      vertex 15.018310546875 60.76287841796875 0.5
      vertex 20.57183837890625 60.762786865234375 0.5
    endloop
  endfacet
  facet normal 0.000015230644859055858 0.923880763387089 -0.38268046045142806
    outer loop
      vertex 9.46478271484375 60.762969970703125 0.5
      vertex 15.018310546875 60.86277770996094 0.741180419921875
      vertex 15.018310546875 60.76287841796875 0.5
    endloop
  endfacet
  facet normal 0.000016174955033105605 0.9811619890048308 -0.19318682944356058
    outer loop
      vertex 4.02734375 60.888946533203125 0.8731670379638672
      vertex 20.57183837890625 60.86268615722656 0.741180419921875
      vertex 15.018310546875 60.86277770996094 0.741180419921875
    endloop
  endfacet
  facet normal 0.000015230644859055858 0.923880763387089 -0.38268046045142806
    outer loop
      vertex 15.018310546875 60.76287841796875 0.5
      vertex 15.018310546875 60.86277770996094 0.741180419921875
      vertex 20.57183837890625 60.86268615722656 0.741180419921875
    endloop
  endfacet
  facet normal 0.000016174955033105605 0.9811619890048308 -0.19318682944356058
    outer loop
      vertex 4.02734375 60.888946533203125 0.8731670379638672
      vertex 26.1253662109375 60.86259460449219 0.741180419921875
      vertex 20.57183837890625 60.86268615722656 0.741180419921875
    endloop
  endfacet
  facet normal -1 0 0
    outer loop
      vertex 7.850006103515625 33.39604187011719 0.9999809265136719
      vertex 7.850006103515625 60.89697265625 5.999950408935547
      vertex 7.850006103515625 60.89697265625 1
    endloop
  endfacet
  facet normal -0.994357065830029 0.10607006823578466 0.0017793983115740415
    outer loop
      vertex 0.01959228515625 60.09407043457031 0.9803028106689453
      vertex 0.0001220703125 59.91123962402344 0.9985847473144531
      vertex 0.034088134765625 60.155914306640625 5.394304275512695
    endloop
  endfacet
  facet normal -0.9576841052434663 0.28782002517927446 -0.000887507646919573
    outer loop
      vertex 0.01959228515625 60.09407043457031 0.9803028106689453
      vertex 0.034088134765625 60.155914306640625 5.394304275512695
      vertex 0.073455810546875 60.27323913574219 0.9623851776123047
    endloop
  endfacet
  facet normal -0.8857056698736749 0.4642463815183281 -0.0008738425280251161
    outer loop
      vertex 0.073455810546875 60.27323913574219 0.9623851776123047
      vertex 0.134002685546875 60.3970947265625 5.394304275512695
      vertex 0.163665771484375 60.4453125 0.9451770782470703
    endloop
  endfacet
  facet normal -0.7757697816436239 0.6310160424970224 0
    outer loop
      vertex 0.163665771484375 60.4453125 0.9451770782470703
      vertex 0.29290771484375 60.60420227050781 5.394304275512695
      vertex 0.29290771484375 60.60420227050781 0.9292888641357422
    endloop
  endfacet
  facet normal -0.6294906321612446 0.7770080720438088 0
    outer loop
      vertex 0.29290771484375 60.60420227050781 0.9292888641357422
      vertex 0.29290771484375 60.60420227050781 5.394304275512695
      vertex 0.45501708984375 60.73553466796875 0.9454994201660156
    endloop
  endfacet
  facet normal -0.4593231011386883 0.888268845711581 -0.0008640014778923855
    outer loop
      vertex 0.45501708984375 60.73553466796875 0.9454994201660156
      vertex 0.5 60.76312255859375 5.394304275512695
      vertex 0.630706787109375 60.82640075683594 0.9630680084228516
    endloop
  endfacet
  facet normal -0.27910361932491545 0.9602604927205589 -0.0009776501430480945
    outer loop
      vertex 0.630706787109375 60.82640075683594 0.9630680084228516
      vertex 0.741180419921875 60.86302185058594 5.394304275512695
      vertex 0.8135986328125 60.87957763671875 0.9813575744628906
    endloop
  endfacet
  facet normal -0.09378036951335521 0.9955904877684605 0.0021961236070836693
    outer loop
      vertex 0.8135986328125 60.87957763671875 0.9813575744628906
      vertex 0.741180419921875 60.86302185058594 5.394304275512695
      vertex 1 60.8970947265625 1
    endloop
  endfacet
  facet normal 0.14077016082818106 0.9900422519810509 -0.00031798222791544397
    outer loop
      vertex 3.911285400390625 60.89703369140625 0.9999504089355469
      vertex 4.158843994140625 60.86302185058594 4.697338104248047
      vertex 4.167877197265625 60.86054992675781 0.9999504089355469
    endloop
  endfacet
  facet normal 0.3904349292121639 0.9206304920114322 -0.0002514555244843625
    outer loop
      vertex 4.167877197265625 60.86054992675781 0.9999504089355469
      vertex 4.4000244140625 60.76310729980469 4.697338104248047
      vertex 4.406494140625 60.75935363769531 0.9999504089355469
    endloop
  endfacet
  facet normal 0.9915619590880898 0.1296336421012868 0.00001117786449699713
    outer loop
      vertex 4.9000244140625 59.8970947265625 0.9999504089355469
      vertex 4.866424560546875 60.15409851074219 0.9999504089355469
      vertex 4.8663330078125 60.15447998046875 4.697338104248047
    endloop
  endfacet
  facet normal 0.9249606964210433 0.3800627708817627 -0.000016308746960603715
    outer loop
      vertex 4.866424560546875 60.15409851074219 0.9999504089355469
      vertex 4.767913818359375 60.39384460449219 0.9999504089355469
      vertex 4.8663330078125 60.15447998046875 4.697338104248047
    endloop
  endfacet
  facet normal 0.7961689943156056 0.6050743066826231 -0.00012602785418604768
    outer loop
      vertex 4.767913818359375 60.39384460449219 0.9999504089355469
      vertex 4.611083984375 60.60020446777344 0.9999504089355469
      vertex 4.76605224609375 60.397064208984375 4.697338104248047
    endloop
  endfacet
  facet normal 0.6139976571537601 0.7893078223506822 -0.00019643247584873202
    outer loop
      vertex 4.611083984375 60.60020446777344 0.9999504089355469
      vertex 4.406494140625 60.75935363769531 0.9999504089355469
      vertex 4.607147216796875 60.60418701171875 4.697338104248047
    endloop
  endfacet
  facet normal -0.9999627637230096 0.008629667863844743 -1.0460454955425052e-18
    outer loop
      vertex 0 59.8970947265625 1
      vertex 0.00008096056694027737 59.906476032256705 6.99
      vertex 0.0001220703125 59.91123962402344 0.9985847473144531
    endloop
  endfacet
  facet normal 0 1 0
    outer loop
      vertex 1 60.8970947265625 1
      vertex 3.9000244140625 60.8970947265625 6.99
      vertex 3.9000244140625 60.8970947265625 1
    endloop
  endfacet
  facet normal 0.005419974589863695 0.9999853118298515 5.850589661228248e-16
    outer loop
      vertex 3.9000244140625 60.8970947265625 1
      vertex 3.9074935997151883 60.897054243171425 6.99
      vertex 3.911285400390625 60.89703369140625 0.9999504089355469
    endloop
  endfacet
  facet normal 0.38273033095466213 0.9238600505603832 0.00031740494789518425
    outer loop
      vertex 4.167877197265625 60.86054992675781 0.9999504089355469
      vertex 4.158843994140625 60.86302185058594 4.697338104248047
      vertex 4.4000244140625 60.76310729980469 4.697338104248047
    endloop
  endfacet
  facet normal 0.9241499065118156 0.3820300154482106 0.0001326304736656421
    outer loop
      vertex 4.767913818359375 60.39384460449219 0.9999504089355469
      vertex 4.76605224609375 60.397064208984375 4.697338104248047
      vertex 4.8663330078125 60.15447998046875 4.697338104248047
    endloop
  endfacet
  facet normal 0.6087357842308724 0.7933729750503947 0.0002597239123588298
    outer loop
      vertex 4.406494140625 60.75935363769531 0.9999504089355469
      vertex 4.4000244140625 60.76310729980469 4.697338104248047
      vertex 4.607147216796875 60.60418701171875 4.697338104248047
    endloop
  endfacet
  facet normal 0.7934012154939416 0.6086990023687865 0.00018912424468942382
    outer loop
      vertex 4.611083984375 60.60020446777344 0.9999504089355469
      vertex 4.607147216796875 60.60418701171875 4.697338104248047
      vertex 4.76605224609375 60.397064208984375 4.697338104248047
    endloop
  endfacet
  facet normal 0 0 -1
    outer loop
      vertex 33.029388427734375 28.416702270507812 0
      vertex 4.9000244140625 59.89703369140625 0
      vertex 33.91412353515625 29.0955810546875 0
    endloop
  endfacet
  facet normal 0 0 -1
    outer loop
      vertex 33.91412353515625 29.0955810546875 0
      vertex 4.9000244140625 59.89703369140625 0
      vertex 34.944427490234375 29.5223388671875 0
    endloop
  endfacet
  facet normal 0 0 -1
    outer loop
      vertex 34.944427490234375 29.5223388671875 0
      vertex 4.9000244140625 59.89703369140625 0
      vertex 36.050048828125 29.66790771484375 0
    endloop
  endfacet
  facet normal 0.000006308785076578836 0.3826866968885545 -0.9238781802730958
    outer loop
      vertex 15.018310546875 60.155670166015625 0.0340728759765625
      vertex 20.57183837890625 60.396759033203125 0.1339740753173828
      vertex 20.57183837890625 60.15557861328125 0.0340728759765625
    endloop
  endfacet
  facet normal 0.000010035709283956909 0.6087594346919701 -0.7933548705168435
    outer loop
      vertex 15.018310546875 60.3968505859375 0.1339740753173828
      vertex 20.57183837890625 60.60386657714844 0.2928924560546875
      vertex 20.57183837890625 60.396759033203125 0.1339740753173828
    endloop
  endfacet
  facet normal 0.000013078800873573148 0.7933513417903647 -0.608764033356417
    outer loop
      vertex 15.018310546875 60.60395812988281 0.2928924560546875
      vertex 20.57183837890625 60.762786865234375 0.5
      vertex 20.57183837890625 60.60386657714844 0.2928924560546875
    endloop
  endfacet
  facet normal 0.000001793606319490936 0.13055803888080084 -0.9914406681594125
    outer loop
      vertex 4.9000244140625 59.89703369140625 0
      vertex 26.1253662109375 60.155487060546875 0.0340728759765625
      vertex 31.678863525390625 60.15541076660156 0.0340728759765625
    endloop
  endfacet
  facet normal 0.000015230644859055858 0.923880763387089 -0.38268046045142806
    outer loop
      vertex 15.018310546875 60.76287841796875 0.5
      vertex 20.57183837890625 60.86268615722656 0.741180419921875
      vertex 20.57183837890625 60.762786865234375 0.5
    endloop
  endfacet
  facet normal 0.000016174955033105605 0.9811619890048308 -0.19318682944356058
    outer loop
      vertex 4.02734375 60.888946533203125 0.8731670379638672
      vertex 31.67889404296875 60.86250305175781 0.741180419921875
      vertex 26.1253662109375 60.86259460449219 0.741180419921875
    endloop
  endfacet
  facet normal 0.000006308785076578836 0.3826866968885545 -0.9238781802730958
    outer loop
      vertex 20.57183837890625 60.15557861328125 0.0340728759765625
      vertex 20.57183837890625 60.396759033203125 0.1339740753173828
      vertex 26.1253662109375 60.39666748046875 0.1339740753173828
    endloop
  endfacet
  facet normal 0.000010035709283956909 0.6087594346919701 -0.7933548705168435
    outer loop
      vertex 20.57183837890625 60.396759033203125 0.1339740753173828
      vertex 20.57183837890625 60.60386657714844 0.2928924560546875
      vertex 26.1253662109375 60.60377502441406 0.2928924560546875
    endloop
  endfacet
  facet normal 0.000013078800873573148 0.7933513417903647 -0.608764033356417
    outer loop
      vertex 20.57183837890625 60.60386657714844 0.2928924560546875
      vertex 20.57183837890625 60.762786865234375 0.5
      vertex 26.1253662109375 60.7626953125 0.5
    endloop
  endfacet
  facet normal 0.0000021517143355890997 0.13052155712061106 -0.9914454715828708
    outer loop
      vertex 4.9000244140625 59.89703369140625 0
      vertex 31.678863525390625 60.15541076660156 0.0340728759765625
      vertex 37.232391357421875 60.15531921386719 0.0340728759765625
    endloop
  endfacet
  facet normal 0.000006308785076578836 0.3826866968885545 -0.9238781802730958
    outer loop
      vertex 20.57183837890625 60.15557861328125 0.0340728759765625
      vertex 26.1253662109375 60.39666748046875 0.1339740753173828
      vertex 26.1253662109375 60.155487060546875 0.0340728759765625
    endloop
  endfacet
  facet normal 0.000010035709283956909 0.6087594346919701 -0.7933548705168435
    outer loop
      vertex 20.57183837890625 60.396759033203125 0.1339740753173828
      vertex 26.1253662109375 60.60377502441406 0.2928924560546875
      vertex 26.1253662109375 60.39666748046875 0.1339740753173828
    endloop
  endfacet
  facet normal 0.000013078800873573148 0.7933513417903647 -0.608764033356417
    outer loop
      vertex 20.57183837890625 60.60386657714844 0.2928924560546875
      vertex 26.1253662109375 60.7626953125 0.5
      vertex 26.1253662109375 60.60377502441406 0.2928924560546875
    endloop
  endfacet
  facet normal 0.000015230644859055858 0.923880763387089 -0.38268046045142806
    outer loop
      vertex 20.57183837890625 60.762786865234375 0.5
      vertex 20.57183837890625 60.86268615722656 0.741180419921875
      vertex 26.1253662109375 60.86259460449219 0.741180419921875
    endloop
  endfacet
  facet normal 0.000015230644859055858 0.923880763387089 -0.38268046045142806
    outer loop
      vertex 20.57183837890625 60.762786865234375 0.5
      vertex 26.1253662109375 60.86259460449219 0.741180419921875
      vertex 26.1253662109375 60.7626953125 0.5
    endloop
  endfacet
  facet normal 0.00008093952588055407 0.99551519748808 -0.09460171784413957
    outer loop
      vertex 4.02734375 60.888946533203125 0.8731670379638672
      vertex 3.96337890625 60.89508056640625 0.9376621246337891
      vertex 65.00003051757812 60.89604187011719 1
    endloop
  endfacet
  facet normal 0.000033028987417549854 0.9988596605811918 -0.04774282535326167
    outer loop
      vertex 3.96337890625 60.89508056640625 0.9376621246337891
      vertex 3.934844970703125 60.896484375 0.9670124053955078
      vertex 65.00003051757812 60.89604187011719 1
    endloop
  endfacet
  facet normal 0.000020988791196494185 0.9996762592622886 -0.025443589110584596
    outer loop
      vertex 3.934844970703125 60.896484375 0.9670124053955078
      vertex 3.9217529296875 60.8968505859375 0.9813899993896484
      vertex 65.00003051757812 60.89604187011719 1
    endloop
  endfacet
  facet normal 0.000018033570107068787 0.9998761840783031 -0.015735824980012428
    outer loop
      vertex 3.9217529296875 60.8968505859375 0.9813899993896484
      vertex 3.915679931640625 60.89697265625 0.9891395568847656
      vertex 65.00003051757812 60.89604187011719 1
    endloop
  endfacet
  facet normal 0.00001701668017428764 0.9999498982522402 -0.010010029758546974
    outer loop
      vertex 3.915679931640625 60.89697265625 0.9891395568847656
      vertex 3.91290283203125 60.89701843261719 0.9937076568603516
      vertex 65.00003051757812 60.89604187011719 1
    endloop
  endfacet
  facet normal 0.00001634306687698643 0.9999940014696548 -0.003463633585136896
    outer loop
      vertex 3.91290283203125 60.89701843261719 0.9937076568603516
      vertex 3.911407470703125 60.89703369140625 0.9981060028076172
      vertex 65.00003051757812 60.89604187011719 1
    endloop
  endfacet
  facet normal 0.000016288157920563657 0.9999985714487799 -0.0016902174697892148
    outer loop
      vertex 3.911407470703125 60.89703369140625 0.9981060028076172
      vertex 7.850006103515625 60.89697265625 0.9999504089355469
      vertex 65.00003051757812 60.89604187011719 1
    endloop
  endfacet
  facet normal 0.000005257320897180999 0.3826866968908815 -0.9238781802787136
    outer loop
      vertex 26.1253662109375 60.155487060546875 0.0340728759765625
      vertex 26.1253662109375 60.39666748046875 0.1339740753173828
      vertex 31.67889404296875 60.39659118652344 0.1339740753173828
    endloop
  endfacet
  facet normal 0.000008363091070092774 0.6087594347013372 -0.793354870529051
    outer loop
      vertex 26.1253662109375 60.39666748046875 0.1339740753173828
      vertex 26.1253662109375 60.60377502441406 0.2928924560546875
      vertex 31.67889404296875 60.60369873046875 0.2928924560546875
    endloop
  endfacet
  facet normal 0.000013078800873573148 0.7933513417903647 -0.608764033356417
    outer loop
      vertex 26.1253662109375 60.60377502441406 0.2928924560546875
      vertex 26.1253662109375 60.7626953125 0.5
      vertex 31.67889404296875 60.762603759765625 0.5
    endloop
  endfacet
  facet normal 0.000005257349779409894 0.38268669632306973 -0.9238781805139111
    outer loop
      vertex 26.1253662109375 60.155487060546875 0.0340728759765625
      vertex 31.67889404296875 60.39659118652344 0.1339740753173828
      vertex 31.678863525390625 60.15541076660156 0.0340728759765625
    endloop
  endfacet
  facet normal 0.000008363091070092774 0.6087594347013372 -0.793354870529051
    outer loop
      vertex 26.1253662109375 60.39666748046875 0.1339740753173828
      vertex 31.67889404296875 60.60369873046875 0.2928924560546875
      vertex 31.67889404296875 60.39659118652344 0.1339740753173828
    endloop
  endfacet
  facet normal 0.000010899388546035884 0.7933795715322073 -0.6087272421672737
    outer loop
      vertex 26.1253662109375 60.60377502441406 0.2928924560546875
      vertex 31.67889404296875 60.762603759765625 0.5
      vertex 31.67889404296875 60.60369873046875 0.2928924560546875
    endloop
  endfacet
  facet normal 0.000015230644859055858 0.923880763387089 -0.38268046045142806
    outer loop
      vertex 26.1253662109375 60.7626953125 0.5
      vertex 26.1253662109375 60.86259460449219 0.741180419921875
      vertex 31.67889404296875 60.86250305175781 0.741180419921875
    endloop
  endfacet
  facet normal 0.000015230644859055858 0.923880763387089 -0.38268046045142806
    outer loop
      vertex 26.1253662109375 60.7626953125 0.5
      vertex 31.67889404296875 60.86250305175781 0.741180419921875
      vertex 31.67889404296875 60.762603759765625 0.5
    endloop
  endfacet
  facet normal 0.000006308819733381368 0.3826866962071804 -0.9238781805553327
    outer loop
      vertex 31.678863525390625 60.15541076660156 0.0340728759765625
      vertex 31.67889404296875 60.39659118652344 0.1339740753173828
      vertex 37.232391357421875 60.39649963378906 0.1339740753173828
    endloop
  endfacet
  facet normal 0.000010035764432185988 0.6087594346919698 -0.7933548705168431
    outer loop
      vertex 31.67889404296875 60.39659118652344 0.1339740753173828
      vertex 31.67889404296875 60.60369873046875 0.2928924560546875
      vertex 37.232391357421875 60.603607177734375 0.2928924560546875
    endloop
  endfacet
  facet normal 0.000013079266254901229 0.793379571511472 -0.6087272421513644
    outer loop
      vertex 31.67889404296875 60.60369873046875 0.2928924560546875
      vertex 31.67889404296875 60.762603759765625 0.5
      vertex 37.232421875 60.76251220703125 0.5
    endloop
  endfacet
  facet normal 0.00001269220404966303 0.9238807634198316 -0.3826804604649904
    outer loop
      vertex 31.67889404296875 60.762603759765625 0.5
      vertex 31.67889404296875 60.86250305175781 0.741180419921875
      vertex 37.232421875 60.8624267578125 0.741180419921875
    endloop
  endfacet
  facet normal 0.00020669824952432054 0.9879714944025335 -0.15463597098947715
    outer loop
      vertex 4.02734375 60.888946533203125 0.8731670379638672
      vertex 65.00003051757812 60.89604187011719 1
      vertex 31.67889404296875 60.86250305175781 0.741180419921875
    endloop
  endfacet
  facet normal 0.000016286714524307698 0.9999999998673715 0
    outer loop
      vertex 7.850006103515625 60.89697265625 1
      vertex 65.00003051757812 60.89604187011719 1
      vertex 7.850006103515625 60.89697265625 0.9999504089355469
    endloop
  endfacet
  facet normal -1 0 0
    outer loop
      vertex 7.850006103515625 33.39604187011719 0.9999809265136719
      vertex 7.850006103515625 33.39605710352344 6.99
      vertex 7.850006103515625 60.89697265625 5.999950408935547
    endloop
  endfacet
  facet normal 1 0 0
    outer loop
      vertex 4.9000244140625 32.422729466799844 6.99
      vertex 4.9000244140625 59.8970947265625 0.9999504089355469
      vertex 4.9000244140625 59.8970947265625 6.99
    endloop
  endfacet
  facet normal -0.9238583845188166 0.3827296407585228 0.0019254711460352843
    outer loop
      vertex 0.073455810546875 60.27323913574219 0.9623851776123047
      vertex 0.034088134765625 60.155914306640625 5.394304275512695
      vertex 0.134002685546875 60.3970947265625 5.394304275512695
    endloop
  endfacet
  facet normal -0.7933788933812531 0.608726721850171 0.0013075330522652054
    outer loop
      vertex 0.163665771484375 60.4453125 0.9451770782470703
      vertex 0.134002685546875 60.3970947265625 5.394304275512695
      vertex 0.29290771484375 60.60420227050781 5.394304275512695
    endloop
  endfacet
  facet normal -0.6087917988382981 0.7933290728596623 0.0012360513167286266
    outer loop
      vertex 0.45501708984375 60.73553466796875 0.9454994201660156
      vertex 0.29290771484375 60.60420227050781 5.394304275512695
      vertex 0.5 60.76312255859375 5.394304275512695
    endloop
  endfacet
  facet normal -0.38267976594293046 0.9238790866799999 0.001905238356005024
    outer loop
      vertex 0.630706787109375 60.82640075683594 0.9630680084228516
      vertex 0.5 60.76312255859375 5.394304275512695
      vertex 0.741180419921875 60.86302185058594 5.394304275512695
    endloop
  endfacet
  facet normal 0.13611046493963538 0.9906936667476562 -4.892170122127314e-16
    outer loop
      vertex 3.911285400390625 60.89703369140625 0.9999504089355469
      vertex 4.0879306284377765 60.87276457076294 6.99
      vertex 4.158843994140625 60.86302185058594 4.697338104248047
    endloop
  endfacet
  facet normal 0.9915647989078442 0.12961191845332126 0.000012715984011921473
    outer loop
      vertex 4.9000244140625 59.8970947265625 0.9999504089355469
      vertex 4.8663330078125 60.15447998046875 4.697338104248047
      vertex 4.875896836069867 60.081089284548746 6.99
    endloop
  endfacet
  facet normal -0.9905013893868081 0.13750271860149801 4.794408018643414e-17
    outer loop
      vertex 0.0001220703125 59.91123962402344 0.9985847473144531
      vertex 0.023089098919020917 60.076682707449116 6.99
      vertex 0.034088134765625 60.155914306640625 5.394304275512695
    endloop
  endfacet
  facet normal -0.13052104055558153 0.9914455395896883 0
    outer loop
      vertex 1 60.8970947265625 1
      vertex 0.741180419921875 60.86302185058594 5.394304275512695
      vertex 1 60.8970947265625 6.99
    endloop
  endfacet
  facet normal -0.9999627637230096 0.008629667863844077 0
    outer loop
      vertex 0 59.8970947265625 1
      vertex 0 59.8970947265625 6.99
      vertex 0.00008096056694027737 59.906476032256705 6.99
    endloop
  endfacet
  facet normal -0.9909868332695424 0.13395927121648254 0.00009970733786274592
    outer loop
      vertex 0.0001220703125 59.91123962402344 0.9985847473144531
      vertex 0.00008096056694027737 59.906476032256705 6.99
      vertex 0.023089098919020917 60.076682707449116 6.99
    endloop
  endfacet
  facet normal 0 1 0
    outer loop
      vertex 1 60.8970947265625 1
      vertex 1 60.8970947265625 6.99
      vertex 3.9000244140625 60.8970947265625 6.99
    endloop
  endfacet
  facet normal 0.005419974590332876 0.9999853118298487 0
    outer loop
      vertex 3.9000244140625 60.8970947265625 1
      vertex 3.9000244140625 60.8970947265625 6.99
      vertex 3.9074935997151883 60.897054243171425 6.99
    endloop
  endfacet
  facet normal 0.1334124022225391 0.9910606057975431 0.0000810519486748063
    outer loop
      vertex 3.911285400390625 60.89703369140625 0.9999504089355469
      vertex 3.9074935997151883 60.897054243171425 6.99
      vertex 4.0879306284377765 60.87276457076294 6.99
    endloop
  endfacet
  facet normal 0.9915115146649599 0.13001890742040922 0
    outer loop
      vertex 4.9000244140625 59.8970947265625 0.9999504089355469
      vertex 4.875896836069867 60.081089284548746 6.99
      vertex 4.9000244140625 59.8970947265625 6.99
    endloop
  endfacet
  facet normal -1 0 0
    outer loop
      vertex 7.850006103515625 33.39605710352344 6.99
      vertex 7.850006103515625 59.972556550725926 6.99
      vertex 7.850006103515625 60.60408020019531 6.707057952880859
    endloop
  endfacet
  facet normal -1 0 0
    outer loop
      vertex 7.850006103515625 33.39605710352344 6.99
      vertex 7.850006103515625 60.86289978027344 6.258769989013672
      vertex 7.850006103515625 60.89697265625 5.999950408935547
    endloop
  endfacet
  facet normal -1 0 0
    outer loop
      vertex 7.850006103515625 33.39605710352344 6.99
      vertex 7.850006103515625 60.76300048828125 6.499950408935547
      vertex 7.850006103515625 60.86289978027344 6.258769989013672
    endloop
  endfacet
  facet normal -1 0 0
    outer loop
      vertex 7.850006103515625 33.39605710352344 6.99
      vertex 7.850006103515625 60.60408020019531 6.707057952880859
      vertex 7.850006103515625 60.76300048828125 6.499950408935547
    endloop
  endfacet
  facet normal 0.3827303502321961 0.9238600970937829 -0.0000030010584775136984
    outer loop
      vertex 4.158843994140625 60.86302185058594 4.697338104248047
      vertex 4.276558569179684 60.81426332073773 6.99
      vertex 4.4000244140625 60.76310729980469 4.697338104248047
    endloop
  endfacet
  facet normal -0.9238600970979434 0.3827303502339196 0
    outer loop
      vertex 0.034088134765625 60.155914306640625 5.394304275512695
      vertex 0.134002685546875 60.3970947265625 6.99
      vertex 0.134002685546875 60.3970947265625 5.394304275512695
    endloop
  endfacet
  facet normal -0.7933795715793327 0.608727242203431 0
    outer loop
      vertex 0.134002685546875 60.3970947265625 5.394304275512695
      vertex 0.29290771484375 60.60420227050781 6.99
      vertex 0.29290771484375 60.60420227050781 5.394304275512695
    endloop
  endfacet
  facet normal -0.608792263901844 0.7933296788935024 0
    outer loop
      vertex 0.29290771484375 60.60420227050781 5.394304275512695
      vertex 0.5 60.76312255859375 6.99
      vertex 0.5 60.76312255859375 5.394304275512695
    endloop
  endfacet
  facet normal -0.3826804604958138 0.9238807634942466 0
    outer loop
      vertex 0.5 60.76312255859375 5.394304275512695
      vertex 0.741180419921875 60.86302185058594 6.99
      vertex 0.741180419921875 60.86302185058594 5.394304275512695
    endloop
  endfacet
  facet normal 0.9241499145435614 0.38203001876841647 -0.000014454465329024981
    outer loop
      vertex 4.8663330078125 60.15447998046875 4.697338104248047
      vertex 4.76605224609375 60.397064208984375 4.697338104248047
      vertex 4.814937382785916 60.27889533879934 6.99
    endloop
  endfacet
  facet normal 0.6087358047624694 0.7933730018094823 9.951955341832764e-16
    outer loop
      vertex 4.607147216796875 60.60418701171875 4.697338104248047
      vertex 4.4000244140625 60.76310729980469 4.697338104248047
      vertex 4.501116255235484 60.68554198922441 6.99
    endloop
  endfacet
  facet normal 0.7934012296815705 0.6086990132535638 -0.000001977292168709444
    outer loop
      vertex 4.76605224609375 60.397064208984375 4.697338104248047
      vertex 4.607147216796875 60.60418701171875 4.697338104248047
      vertex 4.684705079915739 60.503102618007176 6.99
    endloop
  endfacet
  facet normal -0.9905013893868082 0.13750271860149707 0
    outer loop
      vertex 0.034088134765625 60.155914306640625 5.394304275512695
      vertex 0.023089098919020917 60.076682707449116 6.99
      vertex 0.034088134765625 60.155914306640625 6.99
    endloop
  endfacet
  facet normal -0.9238600970979434 0.3827303502339196 0
    outer loop
      vertex 0.034088134765625 60.155914306640625 5.394304275512695
      vertex 0.034088134765625 60.155914306640625 6.99
      vertex 0.134002685546875 60.3970947265625 6.99
    endloop
  endfacet
  facet normal -0.7933795715793327 0.608727242203431 0
    outer loop
      vertex 0.134002685546875 60.3970947265625 5.394304275512695
      vertex 0.134002685546875 60.3970947265625 6.99
      vertex 0.29290771484375 60.60420227050781 6.99
    endloop
  endfacet
  facet normal -0.608792263901844 0.7933296788935024 0
    outer loop
      vertex 0.29290771484375 60.60420227050781 5.394304275512695
      vertex 0.29290771484375 60.60420227050781 6.99
      vertex 0.5 60.76312255859375 6.99
    endloop
  endfacet
  facet normal -0.3826804604958138 0.9238807634942466 0
    outer loop
      vertex 0.5 60.76312255859375 5.394304275512695
      vertex 0.5 60.76312255859375 6.99
      vertex 0.741180419921875 60.86302185058594 6.99
    endloop
  endfacet
  facet normal -0.13052104055558153 0.9914455395896883 0
    outer loop
      vertex 0.741180419921875 60.86302185058594 5.394304275512695
      vertex 0.741180419921875 60.86302185058594 6.99
      vertex 1 60.8970947265625 6.99
    endloop
  endfacet
  facet normal 0.1361104649396509 0.9906936667476541 0
    outer loop
      vertex 4.158843994140625 60.86302185058594 4.697338104248047
      vertex 4.0879306284377765 60.87276457076294 6.99
      vertex 4.158843994140625 60.86302185058594 6.99
    endloop
  endfacet
  facet normal 0.3826804604958326 0.9238807634942388 0
    outer loop
      vertex 4.158843994140625 60.86302185058594 4.697338104248047
      vertex 4.158843994140625 60.86302185058594 6.99
      vertex 4.276558569179684 60.81426332073773 6.99
    endloop
  endfacet
  facet normal 0.38273035023219637 0.9238600970937829 -0.000003001058477497395
    outer loop
      vertex 4.4000244140625 60.76310729980469 4.697338104248047
      vertex 4.276558569179684 60.81426332073773 6.99
      vertex 4.4000244140625 60.763114747266094 6.99
    endloop
  endfacet
  facet normal 0.924149914543568 0.38203001876840015 -0.000014454465327990417
    outer loop
      vertex 4.8663330078125 60.15447998046875 4.697338104248047
      vertex 4.814937382785916 60.27889533879934 6.99
      vertex 4.866273428121223 60.15471085177244 6.99
    endloop
  endfacet
  facet normal 0.9915647989078422 0.12961191845333614 0.000012715984012406745
    outer loop
      vertex 4.8663330078125 60.15447998046875 4.697338104248047
      vertex 4.866273428121223 60.15471085177244 6.99
      vertex 4.875896836069867 60.081089284548746 6.99
    endloop
  endfacet
  facet normal 0.9240593937847889 0.38224891988931337 -0.0000012416938074895518
    outer loop
      vertex 4.76605224609375 60.397064208984375 4.697338104248047
      vertex 4.76605224609375 60.39707165644578 6.99
      vertex 4.814937382785916 60.27889533879934 6.99
    endloop
  endfacet
  facet normal 0.7934012296815817 0.6086990132535491 -0.0000019772921676293876
    outer loop
      vertex 4.76605224609375 60.397064208984375 4.697338104248047
      vertex 4.684705079915739 60.503102618007176 6.99
      vertex 4.76605224609375 60.39707165644578 6.99
    endloop
  endfacet
  facet normal 0.7933795715793291 0.6087272422034358 0
    outer loop
      vertex 4.607147216796875 60.60418701171875 4.697338104248047
      vertex 4.607147216796875 60.60418701171875 6.99
      vertex 4.684705079915739 60.503102618007176 6.99
    endloop
  endfacet
  facet normal 0.6087358047624558 0.7933730018094927 0
    outer loop
      vertex 4.607147216796875 60.60418701171875 4.697338104248047
      vertex 4.501116255235484 60.68554198922441 6.99
      vertex 4.607147216796875 60.60418701171875 6.99
    endloop
  endfacet
  facet normal 0.6087725923413155 0.7933447742358886 -0.0000025770937264077796
    outer loop
      vertex 4.4000244140625 60.76310729980469 4.697338104248047
      vertex 4.4000244140625 60.763114747266094 6.99
      vertex 4.501116255235484 60.68554198922441 6.99
    endloop
  endfacet
  facet normal 0.0000023000112879612456 0.13052104055523656 0.991445539587066
    outer loop
      vertex 7.850006103515625 59.972556550725926 6.99
      vertex 9.367245170979311 59.972529814293495 6.99
      vertex 7.850006103515625 60.155792236328125 6.965877532958984
    endloop
  endfacet
  facet normal -1 0 0
    outer loop
      vertex 7.850006103515625 60.60408020019531 6.707057952880859
      vertex 7.850006103515625 59.972556550725926 6.99
      vertex 7.850006103515625 60.39697265625 6.865976333618164
    endloop
  endfacet
  facet normal -1 0 0
    outer loop
      vertex 7.850006103515625 59.972556550725926 6.99
      vertex 7.850006103515625 60.155792236328125 6.965877532958984
      vertex 7.850006103515625 60.39697265625 6.865976333618164
    endloop
  endfacet
  facet normal 0.00001747091907730114 0.9914455394383774 0.13052104053566188
    outer loop
      vertex 7.850006103515625 60.89697265625 5.999950408935547
      vertex 7.850006103515625 60.86289978027344 6.258769989013672
      vertex 13.04547119140625 60.86280822753906 6.258769989013672
    endloop
  endfacet
  facet normal 0.00001628031536970501 0.9238807633718099 0.3826804604450993
    outer loop
      vertex 7.850006103515625 60.86289978027344 6.258769989013672
      vertex 7.850006103515625 60.76300048828125 6.499950408935547
      vertex 13.04547119140625 60.86280822753906 6.258769989013672
    endloop
  endfacet
  facet normal 0.00001455898813558974 0.9914379740573902 0.13057849510931552
    outer loop
      vertex 7.850006103515625 60.89697265625 5.999950408935547
      vertex 13.04547119140625 60.86280822753906 6.258769989013672
      vertex 18.240936279296875 60.86273193359375 6.258769989013672
    endloop
  endfacet
  facet normal 0.00001628031536970501 0.9238807633718099 0.3826804604450993
    outer loop
      vertex 7.850006103515625 60.76300048828125 6.499950408935547
      vertex 13.04547119140625 60.762908935546875 6.499950408935547
      vertex 13.04547119140625 60.86280822753906 6.258769989013672
    endloop
  endfacet
  facet normal 0.000013980169904209046 0.7933513417806897 0.6087640333489931
    outer loop
      vertex 7.850006103515625 60.76300048828125 6.499950408935547
      vertex 7.850006103515625 60.60408020019531 6.707057952880859
      vertex 13.04547119140625 60.762908935546875 6.499950408935547
    endloop
  endfacet
  facet normal 0.000010727353543791576 0.608759434687599 0.7933548705111468
    outer loop
      vertex 7.850006103515625 60.60408020019531 6.707057952880859
      vertex 7.850006103515625 60.39697265625 6.865976333618164
      vertex 13.04547119140625 60.60398864746094 6.707057952880859
    endloop
  endfacet
  facet normal 0.000006743575967942705 0.3826866968874686 0.9238781802704742
    outer loop
      vertex 7.850006103515625 60.39697265625 6.865976333618164
      vertex 7.850006103515625 60.155792236328125 6.965877532958984
      vertex 13.04547119140625 60.396881103515625 6.865976333618164
    endloop
  endfacet
  facet normal 0.000002300011287714713 0.1305210405552345 0.9914455395870663
    outer loop
      vertex 7.850006103515625 60.155792236328125 6.965877532958984
      vertex 9.367245170979311 59.972529814293495 6.99
      vertex 13.045440673828125 60.15570068359375 6.965877532958984
    endloop
  endfacet
  facet normal 0.000013980169904209046 0.7933513417806897 0.6087640333489931
    outer loop
      vertex 7.850006103515625 60.60408020019531 6.707057952880859
      vertex 13.04547119140625 60.60398864746094 6.707057952880859
      vertex 13.04547119140625 60.762908935546875 6.499950408935547
    endloop
  endfacet
  facet normal 0.0000019167758967735124 0.13052860503224498 0.9914445437162193
    outer loop
      vertex 9.367245170979311 59.972529814293495 6.99
      vertex 10.884493150587142 59.97250753393314 6.99
      vertex 13.045440673828125 60.15570068359375 6.965877532958984
    endloop
  endfacet
  facet normal 0.000010727353543791576 0.608759434687599 0.7933548705111468
    outer loop
      vertex 7.850006103515625 60.39697265625 6.865976333618164
      vertex 13.04547119140625 60.396881103515625 6.865976333618164
      vertex 13.04547119140625 60.60398864746094 6.707057952880859
    endloop
  endfacet
  facet normal 0.0000067436155663483305 0.3826866961591351 0.9238781805721626
    outer loop
      vertex 7.850006103515625 60.155792236328125 6.965877532958984
      vertex 13.045440673828125 60.15570068359375 6.965877532958984
      vertex 13.04547119140625 60.396881103515625 6.865976333618164
    endloop
  endfacet
  facet normal 0.00001356692947530355 0.9238807634092211 0.3826804604605954
    outer loop
      vertex 13.04547119140625 60.86280822753906 6.258769989013672
      vertex 13.04547119140625 60.762908935546875 6.499950408935547
      vertex 18.240936279296875 60.76283264160156 6.499950408935547
    endloop
  endfacet
  facet normal 0.000017471154969062257 0.9914531021843449 0.13046358060316224
    outer loop
      vertex 7.850006103515625 60.89697265625 5.999950408935547
      vertex 18.240936279296875 60.86273193359375 6.258769989013672
      vertex 23.436370849609375 60.862640380859375 6.258769989013672
    endloop
  endfacet
  facet normal 0.00001356692947530355 0.9238807634092211 0.3826804604605954
    outer loop
      vertex 13.04547119140625 60.86280822753906 6.258769989013672
      vertex 18.240936279296875 60.76283264160156 6.499950408935547
      vertex 18.240936279296875 60.86273193359375 6.258769989013672
    endloop
  endfacet
  facet normal 0.000011650141587188742 0.7933513418043789 0.6087640333671707
    outer loop
      vertex 13.04547119140625 60.762908935546875 6.499950408935547
      vertex 13.04547119140625 60.60398864746094 6.707057952880859
      vertex 18.240936279296875 60.603912353515625 6.707057952880859
    endloop
  endfacet
  facet normal 0.000002299864503217571 0.13051347743610434 0.9914465352212626
    outer loop
      vertex 10.884493150587142 59.97250753393314 6.99
      vertex 12.40174113019497 59.97248079750071 6.99
      vertex 18.24090576171875 60.15562438964844 6.965877532958984
    endloop
  endfacet
  facet normal 0.0000019167758969756628 0.13052860503224264 0.9914445437162196
    outer loop
      vertex 10.884493150587142 59.97250753393314 6.99
      vertex 18.24090576171875 60.15562438964844 6.965877532958984
      vertex 13.045440673828125 60.15570068359375 6.965877532958984
    endloop
  endfacet
  facet normal 0.00000893951379634967 0.6087594346983014 0.7933548705250946
    outer loop
      vertex 13.04547119140625 60.60398864746094 6.707057952880859
      vertex 13.04547119140625 60.396881103515625 6.865976333618164
      vertex 18.24090576171875 60.39680480957031 6.865976333618164
    endloop
  endfacet
  facet normal 0.00000561964663107854 0.3826866962831864 0.9238781805282987
    outer loop
      vertex 13.04547119140625 60.396881103515625 6.865976333618164
      vertex 13.045440673828125 60.15570068359375 6.965877532958984
      vertex 18.24090576171875 60.15562438964844 6.965877532958984
    endloop
  endfacet
  facet normal 0.000011650141587188742 0.7933513418043789 0.6087640333671707
    outer loop
      vertex 13.04547119140625 60.762908935546875 6.499950408935547
      vertex 18.240936279296875 60.603912353515625 6.707057952880859
      vertex 18.240936279296875 60.76283264160156 6.499950408935547
    endloop
  endfacet
  facet normal 0.000008939461274475226 0.6087594338692139 0.793354871161273
    outer loop
      vertex 13.04547119140625 60.60398864746094 6.707057952880859
      vertex 18.24090576171875 60.39680480957031 6.865976333618164
      vertex 18.240936279296875 60.603912353515625 6.707057952880859
    endloop
  endfacet
  facet normal 0.0000019168869884939147 0.13053617015622157 0.9914435477006603
    outer loop
      vertex 12.40174113019497 59.97248079750071 6.99
      vertex 13.9189891098028 59.97245851714035 6.99
      vertex 23.436370849609375 60.15553283691406 6.965877532958984
    endloop
  endfacet
  facet normal 0.000005619679649358088 0.38268669689012735 0.923878180276893
    outer loop
      vertex 13.04547119140625 60.396881103515625 6.865976333618164
      vertex 18.24090576171875 60.15562438964844 6.965877532958984
      vertex 18.24090576171875 60.39680480957031 6.865976333618164
    endloop
  endfacet
  facet normal 0.000016286714524307698 0.9999999998673714 0
    outer loop
      vertex 7.850006103515625 60.89697265625 1
      vertex 7.850006103515625 60.89697265625 5.999950408935547
      vertex 65.00003051757812 60.89604187011719 5.999950408935547
    endloop
  endfacet
  facet normal 0.000014558876988955411 0.9914304051938856 0.1306359500487023
    outer loop
      vertex 7.850006103515625 60.89697265625 5.999950408935547
      vertex 23.436370849609375 60.862640380859375 6.258769989013672
      vertex 28.6318359375 60.86256408691406 6.258769989013672
    endloop
  endfacet
  facet normal 0.000016280410999009806 0.9238807633718085 0.38268046044509874
    outer loop
      vertex 18.240936279296875 60.86273193359375 6.258769989013672
      vertex 18.240936279296875 60.76283264160156 6.499950408935547
      vertex 23.436370849609375 60.76274108886719 6.499950408935547
    endloop
  endfacet
  facet normal 0.000016280410999009806 0.9238807633718085 0.38268046044509874
    outer loop
      vertex 18.240936279296875 60.86273193359375 6.258769989013672
      vertex 23.436370849609375 60.76274108886719 6.499950408935547
      vertex 23.436370849609375 60.862640380859375 6.258769989013672
    endloop
  endfacet
  facet normal 0.000002299864502971311 0.130513477436112 0.9914465352212615
    outer loop
      vertex 12.40174113019497 59.97248079750071 6.99
      vertex 23.436370849609375 60.15553283691406 6.965877532958984
      vertex 18.24090576171875 60.15562438964844 6.965877532958984
    endloop
  endfacet
  facet normal 0.0000022997447281421302 0.130505913853306 0.9914475308577984
    outer loop
      vertex 13.9189891098028 59.97245851714035 6.99
      vertex 15.436228177266486 59.97243178070793 6.99
      vertex 28.6318359375 60.15545654296875 6.965877532958984
    endloop
  endfacet
  facet normal 0.000013980252022638488 0.7933513417806889 0.6087640333489924
    outer loop
      vertex 18.240936279296875 60.76283264160156 6.499950408935547
      vertex 18.240936279296875 60.603912353515625 6.707057952880859
      vertex 23.436370849609375 60.60382080078125 6.707057952880859
    endloop
  endfacet
  facet normal 0.000013980252022638488 0.7933513417806889 0.6087640333489924
    outer loop
      vertex 18.240936279296875 60.76283264160156 6.499950408935547
      vertex 23.436370849609375 60.60382080078125 6.707057952880859
      vertex 23.436370849609375 60.76274108886719 6.499950408935547
    endloop
  endfacet
  facet normal 0.000010727416555431003 0.6087594346875986 0.7933548705111464
    outer loop
      vertex 18.240936279296875 60.603912353515625 6.707057952880859
      vertex 23.436370849609375 60.39671325683594 6.865976333618164
      vertex 23.436370849609375 60.60382080078125 6.707057952880859
    endloop
  endfacet
  facet normal 0.000010727353526259693 0.6087594336926938 0.7933548712745606
    outer loop
      vertex 18.240936279296875 60.603912353515625 6.707057952880859
      vertex 18.24090576171875 60.39680480957031 6.865976333618164
      vertex 23.436370849609375 60.39671325683594 6.865976333618164
    endloop
  endfacet
  facet normal 0.000006743575967942705 0.3826866968874686 0.9238781802704742
    outer loop
      vertex 18.24090576171875 60.39680480957031 6.865976333618164
      vertex 18.24090576171875 60.15562438964844 6.965877532958984
      vertex 23.436370849609375 60.15553283691406 6.965877532958984
    endloop
  endfacet
  facet normal 0.000006743575967942705 0.3826866968874686 0.9238781802704742
    outer loop
      vertex 18.24090576171875 60.39680480957031 6.865976333618164
      vertex 23.436370849609375 60.15553283691406 6.965877532958984
      vertex 23.436370849609375 60.39671325683594 6.865976333618164
    endloop
  endfacet
  facet normal 0.000017471185533502603 0.9914606603837169 0.1304061294811015
    outer loop
      vertex 7.850006103515625 60.89697265625 5.999950408935547
      vertex 28.6318359375 60.86256408691406 6.258769989013672
      vertex 33.827301025390625 60.86247253417969 6.258769989013672
    endloop
  endfacet
  facet normal 0.00001356692947530355 0.9238807634092211 0.3826804604605954
    outer loop
      vertex 23.436370849609375 60.862640380859375 6.258769989013672
      vertex 23.436370849609375 60.76274108886719 6.499950408935547
      vertex 28.6318359375 60.762664794921875 6.499950408935547
    endloop
  endfacet
  facet normal 0.0000019168869886954594 0.13053617015621122 0.9914435477006617
    outer loop
      vertex 13.9189891098028 59.97245851714035 6.99
      vertex 28.6318359375 60.15545654296875 6.965877532958984
      vertex 23.436370849609375 60.15553283691406 6.965877532958984
    endloop
  endfacet
  facet normal 0.0000019169980968544435 0.13054373637172614 0.9914425514826537
    outer loop
      vertex 15.436228177266486 59.97243178070793 6.99
      vertex 16.953476156874316 59.97240950034757 6.99
      vertex 33.8272705078125 60.155364990234375 6.965877532958984
    endloop
  endfacet
  facet normal 0.000011650141587188742 0.7933513418043789 0.6087640333671707
    outer loop
      vertex 23.436370849609375 60.76274108886719 6.499950408935547
      vertex 23.436370849609375 60.60382080078125 6.707057952880859
      vertex 28.6318359375 60.60374450683594 6.707057952880859
    endloop
  endfacet
  facet normal 0.0000022997447285065234 0.13050591385328017 0.9914475308578016
    outer loop
      vertex 15.436228177266486 59.97243178070793 6.99
      vertex 33.8272705078125 60.155364990234375 6.965877532958984
      vertex 28.6318359375 60.15545654296875 6.965877532958984
    endloop
  endfacet
  facet normal 0.000008939461286650147 0.6087594346983016 0.793354870525095
    outer loop
      vertex 23.436370849609375 60.60382080078125 6.707057952880859
      vertex 23.436370849609375 60.39671325683594 6.865976333618164
      vertex 28.6318359375 60.396636962890625 6.865976333618164
    endloop
  endfacet
  facet normal 0.000005619646639991298 0.3826866968901274 0.9238781802768931
    outer loop
      vertex 23.436370849609375 60.39671325683594 6.865976333618164
      vertex 23.436370849609375 60.15553283691406 6.965877532958984
      vertex 28.6318359375 60.15545654296875 6.965877532958984
    endloop
  endfacet
  facet normal 0.000014558851331780303 0.9914228344510424 0.13069339354803208
    outer loop
      vertex 7.850006103515625 60.89697265625 5.999950408935547
      vertex 33.827301025390625 60.86247253417969 6.258769989013672
      vertex 39.022735595703125 60.862396240234375 6.258769989013672
    endloop
  endfacet
  facet normal 0.00001356692947530355 0.9238807634092211 0.3826804604605954
    outer loop
      vertex 23.436370849609375 60.862640380859375 6.258769989013672
      vertex 28.6318359375 60.762664794921875 6.499950408935547
      vertex 28.6318359375 60.86256408691406 6.258769989013672
    endloop
  endfacet
  facet normal 0.00001628031536970501 0.9238807633718099 0.3826804604450993
    outer loop
      vertex 28.6318359375 60.86256408691406 6.258769989013672
      vertex 28.6318359375 60.762664794921875 6.499950408935547
      vertex 33.827301025390625 60.7625732421875 6.499950408935547
    endloop
  endfacet
  facet normal 0.000011650141587188742 0.7933513418043789 0.6087640333671707
    outer loop
      vertex 23.436370849609375 60.76274108886719 6.499950408935547
      vertex 28.6318359375 60.60374450683594 6.707057952880859
      vertex 28.6318359375 60.762664794921875 6.499950408935547
    endloop
  endfacet
  facet normal 0.000008939461286650147 0.6087594346983016 0.793354870525095
    outer loop
      vertex 23.436370849609375 60.60382080078125 6.707057952880859
      vertex 28.6318359375 60.396636962890625 6.865976333618164
      vertex 28.6318359375 60.60374450683594 6.707057952880859
    endloop
  endfacet
  facet normal 0.000005619646639991298 0.3826866968901274 0.9238781802768931
    outer loop
      vertex 23.436370849609375 60.39671325683594 6.865976333618164
      vertex 28.6318359375 60.15545654296875 6.965877532958984
      vertex 28.6318359375 60.396636962890625 6.865976333618164
    endloop
  endfacet
  facet normal 0.000013980252022638488 0.7933513417806889 0.6087640333489924
    outer loop
      vertex 28.6318359375 60.762664794921875 6.499950408935547
      vertex 28.6318359375 60.60374450683594 6.707057952880859
      vertex 33.8272705078125 60.60365295410156 6.707057952880859
    endloop
  endfacet
  facet normal 0.000001916998096445755 0.1305437363717632 0.9914425514826488
    outer loop
      vertex 16.953476156874316 59.97240950034757 6.99
      vertex 39.022735595703125 60.15528869628906 6.965877532958984
      vertex 33.8272705078125 60.155364990234375 6.965877532958984
    endloop
  endfacet
  facet normal 0.000010727416555431003 0.6087594346875986 0.7933548705111464
    outer loop
      vertex 28.6318359375 60.60374450683594 6.707057952880859
      vertex 28.6318359375 60.396636962890625 6.865976333618164
      vertex 33.8272705078125 60.39654541015625 6.865976333618164
    endloop
  endfacet
  facet normal 0.000006743615579182852 0.3826866968874685 0.923878180270474
    outer loop
      vertex 28.6318359375 60.396636962890625 6.865976333618164
      vertex 28.6318359375 60.15545654296875 6.965877532958984
      vertex 33.8272705078125 60.155364990234375 6.965877532958984
    endloop
  endfacet
  facet normal 0.00001628031536970501 0.9238807633718099 0.3826804604450993
    outer loop
      vertex 28.6318359375 60.86256408691406 6.258769989013672
      vertex 33.827301025390625 60.7625732421875 6.499950408935547
      vertex 33.827301025390625 60.86247253417969 6.258769989013672
    endloop
  endfacet
  facet normal 0.000013980169886677185 0.7933513407857858 0.6087640346455684
    outer loop
      vertex 28.6318359375 60.762664794921875 6.499950408935547
      vertex 33.8272705078125 60.60365295410156 6.707057952880859
      vertex 33.827301025390625 60.7625732421875 6.499950408935547
    endloop
  endfacet
  facet normal 0.000010727416555431003 0.6087594346875986 0.7933548705111464
    outer loop
      vertex 28.6318359375 60.60374450683594 6.707057952880859
      vertex 33.8272705078125 60.39654541015625 6.865976333618164
      vertex 33.8272705078125 60.60365295410156 6.707057952880859
    endloop
  endfacet
  facet normal 0.000006743615579182852 0.3826866968874685 0.923878180270474
    outer loop
      vertex 28.6318359375 60.396636962890625 6.865976333618164
      vertex 33.8272705078125 60.155364990234375 6.965877532958984
      vertex 33.8272705078125 60.39654541015625 6.865976333618164
    endloop
  endfacet
  facet normal 0 -0.6087594347226258 -0.7933548705567951
    outer loop
      vertex 31.95001220703125 16.188934326171875 0.2928924560546875
      vertex 37.560028076171875 16.396041870117188 0.1339740753173828
      vertex 37.560028076171875 16.188934326171875 0.2928924560546875
    endloop
  endfacet
  facet normal 0 -0.7933795715793326 -0.6087272422034311
    outer loop
      vertex 31.95001220703125 16.030029296875 0.5
      vertex 37.560028076171875 16.188934326171875 0.2928924560546875
      vertex 37.560028076171875 16.030029296875 0.5
    endloop
  endfacet
  facet normal 0 -0.9238600970979434 -0.3827303502339196
    outer loop
      vertex 31.95001220703125 15.93011474609375 0.741180419921875
      vertex 37.560028076171875 16.030029296875 0.5
      vertex 37.560028076171875 15.93011474609375 0.741180419921875
    endloop
  endfacet
  facet normal 0 -0.6087594347226258 -0.793354870556795
    outer loop
      vertex 37.560028076171875 16.396041870117188 0.1339740753173828
      vertex 43.170013427734375 16.396041870117188 0.1339740753173828
      vertex 37.560028076171875 16.188934326171875 0.2928924560546875
    endloop
  endfacet
  facet normal 0 -0.7933795715793327 -0.6087272422034311
    outer loop
      vertex 37.560028076171875 16.188934326171875 0.2928924560546875
      vertex 43.170013427734375 16.188934326171875 0.2928924560546875
      vertex 37.560028076171875 16.030029296875 0.5
    endloop
  endfacet
  facet normal 0 -0.6087594347226258 -0.793354870556795
    outer loop
      vertex 37.560028076171875 16.188934326171875 0.2928924560546875
      vertex 43.170013427734375 16.396041870117188 0.1339740753173828
      vertex 43.170013427734375 16.188934326171875 0.2928924560546875
    endloop
  endfacet
  facet normal 0 -0.7933795715793327 -0.6087272422034311
    outer loop
      vertex 37.560028076171875 16.030029296875 0.5
      vertex 43.170013427734375 16.188934326171875 0.2928924560546875
      vertex 43.170013427734375 16.030029296875 0.5
    endloop
  endfacet
  facet normal 0 -0.9238600970979434 -0.3827303502339196
    outer loop
      vertex 37.560028076171875 16.030029296875 0.5
      vertex 43.170013427734375 16.030029296875 0.5
      vertex 37.560028076171875 15.93011474609375 0.741180419921875
    endloop
  endfacet
  facet normal 0 -0.9238600970979434 -0.3827303502339196
    outer loop
      vertex 37.560028076171875 15.93011474609375 0.741180419921875
      vertex 43.170013427734375 16.030029296875 0.5
      vertex 43.170013427734375 15.93011474609375 0.741180419921875
    endloop
  endfacet
  facet normal 0 -0.9914455395896884 -0.13052104055558156
    outer loop
      vertex 31.95001220703125 15.93011474609375 0.741180419921875
      vertex 37.560028076171875 15.93011474609375 0.741180419921875
      vertex 60.000030517578125 15.896041870117188 1
    endloop
  endfacet
  facet normal 0 -0.13052104055558156 -0.9914455395896884
    outer loop
      vertex 20.730010986328125 16.637222290039062 0.0340728759765625
      vertex 60.000030517578125 16.896041870117188 0
      vertex 26.34002685546875 16.637222290039062 0.0340728759765625
    endloop
  endfacet
  facet normal 0 -0.38268669689617013 -0.9238781802914814
    outer loop
      vertex 31.95001220703125 16.396041870117188 0.1339740753173828
      vertex 37.560028076171875 16.637222290039062 0.0340728759765625
      vertex 37.560028076171875 16.396041870117188 0.1339740753173828
    endloop
  endfacet
  facet normal 0 -0.13052104055558153 -0.9914455395896883
    outer loop
      vertex 26.34002685546875 16.637222290039062 0.0340728759765625
      vertex 60.000030517578125 16.896041870117188 0
      vertex 31.95001220703125 16.637222290039062 0.0340728759765625
    endloop
  endfacet
  facet normal 0 -0.3826866968961701 -0.9238781802914813
    outer loop
      vertex 37.560028076171875 16.396041870117188 0.1339740753173828
      vertex 37.560028076171875 16.637222290039062 0.0340728759765625
      vertex 43.170013427734375 16.637222290039062 0.0340728759765625
    endloop
  endfacet
  facet normal 0 -0.3826866968961701 -0.9238781802914813
    outer loop
      vertex 37.560028076171875 16.396041870117188 0.1339740753173828
      vertex 43.170013427734375 16.637222290039062 0.0340728759765625
      vertex 43.170013427734375 16.396041870117188 0.1339740753173828
    endloop
  endfacet
  facet normal 0 -0.13052104055558156 -0.9914455395896884
    outer loop
      vertex 31.95001220703125 16.637222290039062 0.0340728759765625
      vertex 60.000030517578125 16.896041870117188 0
      vertex 37.560028076171875 16.637222290039062 0.0340728759765625
    endloop
  endfacet
  facet normal 0 -0.6087594347226258 -0.7933548705567951
    outer loop
      vertex 43.170013427734375 16.396041870117188 0.1339740753173828
      vertex 48.780029296875 16.396041870117188 0.1339740753173828
      vertex 43.170013427734375 16.188934326171875 0.2928924560546875
    endloop
  endfacet
  facet normal 0 -0.7933795715793326 -0.6087272422034311
    outer loop
      vertex 43.170013427734375 16.188934326171875 0.2928924560546875
      vertex 48.780029296875 16.188934326171875 0.2928924560546875
      vertex 43.170013427734375 16.030029296875 0.5
    endloop
  endfacet
  facet normal 0 -0.6087594347226258 -0.7933548705567951
    outer loop
      vertex 43.170013427734375 16.188934326171875 0.2928924560546875
      vertex 48.780029296875 16.396041870117188 0.1339740753173828
      vertex 48.780029296875 16.188934326171875 0.2928924560546875
    endloop
  endfacet
  facet normal 0 -0.7933795715793326 -0.6087272422034311
    outer loop
      vertex 43.170013427734375 16.030029296875 0.5
      vertex 48.780029296875 16.188934326171875 0.2928924560546875
      vertex 48.780029296875 16.030029296875 0.5
    endloop
  endfacet
  facet normal 0 -0.9238600970979434 -0.3827303502339196
    outer loop
      vertex 43.170013427734375 16.030029296875 0.5
      vertex 48.780029296875 16.030029296875 0.5
      vertex 43.170013427734375 15.93011474609375 0.741180419921875
    endloop
  endfacet
  facet normal 0 -0.9238600970979434 -0.3827303502339196
    outer loop
      vertex 43.170013427734375 15.93011474609375 0.741180419921875
      vertex 48.780029296875 16.030029296875 0.5
      vertex 48.780029296875 15.93011474609375 0.741180419921875
    endloop
  endfacet
  facet normal 0 -0.9914455395896883 -0.13052104055558153
    outer loop
      vertex 37.560028076171875 15.93011474609375 0.741180419921875
      vertex 43.170013427734375 15.93011474609375 0.741180419921875
      vertex 60.000030517578125 15.896041870117188 1
    endloop
  endfacet
  facet normal 0 -0.6087594347226258 -0.793354870556795
    outer loop
      vertex 48.780029296875 16.396041870117188 0.1339740753173828
      vertex 54.3900146484375 16.396041870117188 0.1339740753173828
      vertex 48.780029296875 16.188934326171875 0.2928924560546875
    endloop
  endfacet
  facet normal 0 -0.7933795715793327 -0.6087272422034311
    outer loop
      vertex 48.780029296875 16.188934326171875 0.2928924560546875
      vertex 54.3900146484375 16.188934326171875 0.2928924560546875
      vertex 48.780029296875 16.030029296875 0.5
    endloop
  endfacet
  facet normal 0 -0.9238600970979434 -0.3827303502339196
    outer loop
      vertex 48.780029296875 16.030029296875 0.5
      vertex 54.3900146484375 16.030029296875 0.5
      vertex 48.780029296875 15.93011474609375 0.741180419921875
    endloop
  endfacet
  facet normal 0 -0.9914455395896884 -0.13052104055558156
    outer loop
      vertex 43.170013427734375 15.93011474609375 0.741180419921875
      vertex 48.780029296875 15.93011474609375 0.741180419921875
      vertex 60.000030517578125 15.896041870117188 1
    endloop
  endfacet
  facet normal 0 -0.38268669689617013 -0.9238781802914814
    outer loop
      vertex 43.170013427734375 16.396041870117188 0.1339740753173828
      vertex 43.170013427734375 16.637222290039062 0.0340728759765625
      vertex 48.780029296875 16.637222290039062 0.0340728759765625
    endloop
  endfacet
  facet normal 0 -0.13052104055558153 -0.9914455395896883
    outer loop
      vertex 37.560028076171875 16.637222290039062 0.0340728759765625
      vertex 60.000030517578125 16.896041870117188 0
      vertex 43.170013427734375 16.637222290039062 0.0340728759765625
    endloop
  endfacet
  facet normal 0 -0.38268669689617013 -0.9238781802914814
    outer loop
      vertex 43.170013427734375 16.396041870117188 0.1339740753173828
      vertex 48.780029296875 16.637222290039062 0.0340728759765625
      vertex 48.780029296875 16.396041870117188 0.1339740753173828
    endloop
  endfacet
  facet normal 0 -0.13052104055558156 -0.9914455395896884
    outer loop
      vertex 43.170013427734375 16.637222290039062 0.0340728759765625
      vertex 60.000030517578125 16.896041870117188 0
      vertex 48.780029296875 16.637222290039062 0.0340728759765625
    endloop
  endfacet
  facet normal 0 -0.3826866968961701 -0.9238781802914813
    outer loop
      vertex 48.780029296875 16.396041870117188 0.1339740753173828
      vertex 48.780029296875 16.637222290039062 0.0340728759765625
      vertex 54.3900146484375 16.637222290039062 0.0340728759765625
    endloop
  endfacet
  facet normal 0 0 -1
    outer loop
      vertex 36.050048828125 21.124176025390625 0
      vertex 55.950042724609375 21.124176025390625 0
      vertex 60.000030517578125 16.896041870117188 0
    endloop
  endfacet
  facet normal 0 -0.9999999999953434 0.000003051757812485789
    outer loop
      vertex 4.9000244140625 15.896041870117188 1
      vertex 60.000030517578125 15.896041870117188 1
      vertex 60.000030517578125 15.89605712890625 6
    endloop
  endfacet
  facet normal 0.13027129404353935 0.9894336922229322 0.063642428004575
    outer loop
      vertex 34.944427490234375 21.269744873046875 0
      vertex 35.02980956466735 20.808891954189786 6.99
      vertex 36.050048828125 21.124176025390625 0
    endloop
  endfacet
  facet normal 0 0.998134858265518 0.06104756109193918
    outer loop
      vertex 36.050048828125 21.124176025390625 0
      vertex 55.950042724609375 20.696656188267433 6.99
      vertex 55.950042724609375 21.124176025390625 0
    endloop
  endfacet
  facet normal 0.13027129332467738 -0.9894336867630477 0.0636425143594996
    outer loop
      vertex 34.944427490234375 29.5223388671875 0
      vertex 36.050048828125 29.66790771484375 0
      vertex 35.02980817469863 29.983192215585984 6.99
    endloop
  endfacet
  facet normal 0 -0.9981348531976053 0.061047643952859644
    outer loop
      vertex 36.050048828125 29.66790771484375 0
      vertex 55.950042724609375 29.66790771484375 0
      vertex 36.050048828125 30.095428134417766 6.99
    endloop
  endfacet
  facet normal 0 -0.6087594347226258 -0.793354870556795
    outer loop
      vertex 48.780029296875 16.188934326171875 0.2928924560546875
      vertex 54.3900146484375 16.396041870117188 0.1339740753173828
      vertex 54.3900146484375 16.188934326171875 0.2928924560546875
    endloop
  endfacet
  facet normal 0 -0.7933795715793327 -0.6087272422034311
    outer loop
      vertex 48.780029296875 16.030029296875 0.5
      vertex 54.3900146484375 16.188934326171875 0.2928924560546875
      vertex 54.3900146484375 16.030029296875 0.5
    endloop
  endfacet
  facet normal 0 -0.6087594347226258 -0.7933548705567951
    outer loop
      vertex 54.3900146484375 16.396041870117188 0.1339740753173828
      vertex 60.000030517578125 16.396041870117188 0.1339740753173828
      vertex 54.3900146484375 16.188934326171875 0.2928924560546875
    endloop
  endfacet
  facet normal 0 -0.7933795715793326 -0.6087272422034311
    outer loop
      vertex 54.3900146484375 16.188934326171875 0.2928924560546875
      vertex 60.000030517578125 16.188934326171875 0.2928924560546875
      vertex 54.3900146484375 16.030029296875 0.5
    endloop
  endfacet
  facet normal 0 -0.9238600970979434 -0.3827303502339196
    outer loop
      vertex 48.780029296875 15.93011474609375 0.741180419921875
      vertex 54.3900146484375 16.030029296875 0.5
      vertex 54.3900146484375 15.93011474609375 0.741180419921875
    endloop
  endfacet
  facet normal 0 -0.9914455395896883 -0.13052104055558153
    outer loop
      vertex 48.780029296875 15.93011474609375 0.741180419921875
      vertex 54.3900146484375 15.93011474609375 0.741180419921875
      vertex 60.000030517578125 15.896041870117188 1
    endloop
  endfacet
  facet normal 0 -0.9238600970979434 -0.3827303502339196
    outer loop
      vertex 54.3900146484375 16.030029296875 0.5
      vertex 60.000030517578125 16.030029296875 0.5
      vertex 54.3900146484375 15.93011474609375 0.741180419921875
    endloop
  endfacet
  facet normal 0 -0.6087594347226258 -0.7933548705567951
    outer loop
      vertex 54.3900146484375 16.188934326171875 0.2928924560546875
      vertex 60.000030517578125 16.396041870117188 0.1339740753173828
      vertex 60.000030517578125 16.188934326171875 0.2928924560546875
    endloop
  endfacet
  facet normal 0 -0.7933795715793326 -0.6087272422034311
    outer loop
      vertex 54.3900146484375 16.030029296875 0.5
      vertex 60.000030517578125 16.188934326171875 0.2928924560546875
      vertex 60.000030517578125 16.030029296875 0.5
    endloop
  endfacet
  facet normal 0.022326232452086942 -0.4437029623344393 -0.8958957643387643
    outer loop
      vertex 60.000030517578125 16.396041870117188 0.1339740753173828
      vertex 60.919952392578125 16.554931640625 0.07820701599121094
      vertex 60.930999755859375 16.442886352539062 0.1339740753173828
    endloop
  endfacet
  facet normal 0.0293799413874623 -0.5838856625185179 -0.8113041058378667
    outer loop
      vertex 60.000030517578125 16.396041870117188 0.1339740753173828
      vertex 60.930999755859375 16.442886352539062 0.1339740753173828
      vertex 60.946807861328125 16.282485961914062 0.2499847412109375
    endloop
  endfacet
  facet normal 0.08559573893738198 -0.5783382079259354 -0.8112942047918137
    outer loop
      vertex 60.930999755859375 16.442886352539062 0.1339740753173828
      vertex 61.85321044921875 16.579376220703125 0.1339740753173828
      vertex 60.946807861328125 16.282485961914062 0.2499847412109375
    endloop
  endfacet
  facet normal 0.024190156886328015 -0.6085812967002081 -0.7931227153577862
    outer loop
      vertex 60.000030517578125 16.396041870117188 0.1339740753173828
      vertex 60.946807861328125 16.282485961914062 0.2499847412109375
      vertex 60.000030517578125 16.188934326171875 0.2928924560546875
    endloop
  endfacet
  facet normal 0.041415288190507854 -0.7313587593694385 -0.6807342645979361
    outer loop
      vertex 60.000030517578125 16.188934326171875 0.2928924560546875
      vertex 60.946807861328125 16.282485961914062 0.2499847412109375
      vertex 60.9600830078125 16.147872924804688 0.395416259765625
    endloop
  endfacet
  facet normal 0.031058055889789094 -0.792996831166695 -0.6084335813578399
    outer loop
      vertex 60.000030517578125 16.188934326171875 0.2928924560546875
      vertex 60.9600830078125 16.147872924804688 0.395416259765625
      vertex 60.000030517578125 16.030029296875 0.5
    endloop
  endfacet
  facet normal 0 -0.9238600970979434 -0.3827303502339196
    outer loop
      vertex 54.3900146484375 15.93011474609375 0.741180419921875
      vertex 60.000030517578125 16.030029296875 0.5
      vertex 60.000030517578125 15.93011474609375 0.741180419921875
    endloop
  endfacet
  facet normal 0 -0.9914455395896884 -0.13052104055558156
    outer loop
      vertex 54.3900146484375 15.93011474609375 0.741180419921875
      vertex 60.000030517578125 15.93011474609375 0.741180419921875
      vertex 60.000030517578125 15.896041870117188 1
    endloop
  endfacet
  facet normal 0.04768242193924754 -0.8516578653286316 -0.5219245798598549
    outer loop
      vertex 60.9600830078125 16.147872924804688 0.395416259765625
      vertex 60.97021484375 16.044754028320312 0.5646076202392578
      vertex 60.000030517578125 16.030029296875 0.5
    endloop
  endfacet
  facet normal 0.039478072949118266 -0.9231398899665222 -0.3824319878211304
    outer loop
      vertex 60.000030517578125 16.030029296875 0.5
      vertex 60.97021484375 16.044754028320312 0.5646076202392578
      vertex 60.000030517578125 15.93011474609375 0.741180419921875
    endloop
  endfacet
  facet normal 0.04872154753288908 -0.938561406276775 -0.3416558172397522
    outer loop
      vertex 60.97021484375 16.044754028320312 0.5646076202392578
      vertex 60.976806640625 15.977203369140625 0.7511157989501953
      vertex 60.000030517578125 15.93011474609375 0.741180419921875
    endloop
  endfacet
  facet normal 0.049064254442939784 -0.9902514665821791 -0.13036384417391852
    outer loop
      vertex 60.000030517578125 15.93011474609375 0.741180419921875
      vertex 60.976806640625 15.977203369140625 0.7511157989501953
      vertex 60.000030517578125 15.896041870117188 1
    endloop
  endfacet
  facet normal 0.0488841799410788 -0.9901705700458818 -0.13104418783945235
    outer loop
      vertex 60.976806640625 15.977203369140625 0.7511157989501953
      vertex 60.9801025390625 15.944427490234375 1
      vertex 60.000030517578125 15.896041870117188 1
    endloop
  endfacet
  facet normal 0 -0.3826866968961701 -0.9238781802914813
    outer loop
      vertex 48.780029296875 16.396041870117188 0.1339740753173828
      vertex 54.3900146484375 16.637222290039062 0.0340728759765625
      vertex 54.3900146484375 16.396041870117188 0.1339740753173828
    endloop
  endfacet
  facet normal 0 -0.13052104055558153 -0.9914455395896883
    outer loop
      vertex 48.780029296875 16.637222290039062 0.0340728759765625
      vertex 60.000030517578125 16.896041870117188 0
      vertex 54.3900146484375 16.637222290039062 0.0340728759765625
    endloop
  endfacet
  facet normal 0 -0.38268669689617013 -0.9238781802914814
    outer loop
      vertex 54.3900146484375 16.396041870117188 0.1339740753173828
      vertex 54.3900146484375 16.637222290039062 0.0340728759765625
      vertex 60.000030517578125 16.637222290039062 0.0340728759765625
    endloop
  endfacet
  facet normal 0 -0.13052104055558156 -0.9914455395896884
    outer loop
      vertex 54.3900146484375 16.637222290039062 0.0340728759765625
      vertex 60.000030517578125 16.896041870117188 0
      vertex 60.000030517578125 16.637222290039062 0.0340728759765625
    endloop
  endfacet
  facet normal 0 -0.38268669689617013 -0.9238781802914814
    outer loop
      vertex 54.3900146484375 16.396041870117188 0.1339740753173828
      vertex 60.000030517578125 16.637222290039062 0.0340728759765625
      vertex 60.000030517578125 16.396041870117188 0.1339740753173828
    endloop
  endfacet
  facet normal -0.00016050616611874898 -0.13052103887432503 -0.9914455268187645
    outer loop
      vertex 60.000030517578125 16.637222290039062 0.0340728759765625
      vertex 60.000030517578125 16.896041870117188 0
      vertex 60.901336669921875 16.743820190429688 0.019893646240234375
    endloop
  endfacet
  facet normal 0.019634348861242497 -0.29315731814462964 -0.9558625838283678
    outer loop
      vertex 60.000030517578125 16.637222290039062 0.0340728759765625
      vertex 60.901336669921875 16.743820190429688 0.019893646240234375
      vertex 60.919952392578125 16.554931640625 0.07820701599121094
    endloop
  endfacet
  facet normal 0.010090595512809204 -0.38266721379793484 -0.9238311444015743
    outer loop
      vertex 60.000030517578125 16.396041870117188 0.1339740753173828
      vertex 60.000030517578125 16.637222290039062 0.0340728759765625
      vertex 60.919952392578125 16.554931640625 0.07820701599121094
    endloop
  endfacet
  facet normal 0.04304142057342544 -0.29083276746819436 -0.9558052822002047
    outer loop
      vertex 60.901336669921875 16.743820190429688 0.019893646240234375
      vertex 61.794219970703125 16.875961303710938 0.019893646240234375
      vertex 60.919952392578125 16.554931640625 0.07820701599121094
    endloop
  endfacet
  facet normal 0.0650359269417292 -0.43948921709298877 -0.895890370673679
    outer loop
      vertex 60.930999755859375 16.442886352539062 0.1339740753173828
      vertex 60.919952392578125 16.554931640625 0.07820701599121094
      vertex 61.831268310546875 16.689788818359375 0.07820701599121094
    endloop
  endfacet
  facet normal 0.007504186795302432 -0.08577098760723867 -0.9962866178291367
    outer loop
      vertex 60.000030517578125 16.896041870117188 0
      vertex 61.5628662109375 17.03277587890625 0
      vertex 60.901336669921875 16.743820190429688 0.019893646240234375
    endloop
  endfacet
  facet normal 0 0 -1
    outer loop
      vertex 60.000030517578125 16.896041870117188 0
      vertex 58.085968017578125 21.696502685546875 0
      vertex 61.5628662109375 17.03277587890625 0
    endloop
  endfacet
  facet normal 0 0 -1
    outer loop
      vertex 58.085968017578125 21.696502685546875 0
      vertex 63.07818603515625 17.438812255859375 0
      vertex 61.5628662109375 17.03277587890625 0
    endloop
  endfacet
  facet normal 0 0 -1
    outer loop
      vertex 55.950042724609375 21.124176025390625 0
      vertex 57.0556640625 21.269744873046875 0
      vertex 60.000030517578125 16.896041870117188 0
    endloop
  endfacet
  facet normal 0 0 -1
    outer loop
      vertex 60.000030517578125 16.896041870117188 0
      vertex 57.0556640625 21.269744873046875 0
      vertex 58.085968017578125 21.696502685546875 0
    endloop
  endfacet
  facet normal 0 0 -1
    outer loop
      vertex 58.085968017578125 21.696502685546875 0
      vertex 58.970703125 22.375381469726562 0
      vertex 64.50003051757812 18.101821899414062 0
    endloop
  endfacet
  facet normal 0.08560055056805191 -0.5783495421844985 -0.8112856172750923
    outer loop
      vertex 60.946807861328125 16.282485961914062 0.2499847412109375
      vertex 61.85321044921875 16.579376220703125 0.1339740753173828
      vertex 61.884552001953125 16.421279907226562 0.2499847412109375
    endloop
  endfacet
  facet normal 0.10726774407742705 -0.7247412576981482 -0.6806201146532814
    outer loop
      vertex 60.946807861328125 16.282485961914062 0.2499847412109375
      vertex 61.884552001953125 16.421279907226562 0.2499847412109375
      vertex 60.9600830078125 16.147872924804688 0.395416259765625
    endloop
  endfacet
  facet normal 0.17754152983477073 -0.7108264757199774 -0.6805914535163117
    outer loop
      vertex 61.884552001953125 16.421279907226562 0.2499847412109375
      vertex 62.804351806640625 16.651016235351562 0.2499847412109375
      vertex 61.910919189453125 16.288619995117188 0.395416259765625
    endloop
  endfacet
  facet normal 0.10728478859546292 -0.7247771375257672 -0.6805792202646082
    outer loop
      vertex 60.9600830078125 16.147872924804688 0.395416259765625
      vertex 61.884552001953125 16.421279907226562 0.2499847412109375
      vertex 61.910919189453125 16.288619995117188 0.395416259765625
    endloop
  endfacet
  facet normal 0.12491356281889858 -0.8438707451752868 -0.521803379886711
    outer loop
      vertex 60.9600830078125 16.147872924804688 0.395416259765625
      vertex 61.910919189453125 16.288619995117188 0.395416259765625
      vertex 60.97021484375 16.044754028320312 0.5646076202392578
    endloop
  endfacet
  facet normal 0.12487097378900949 -0.8437966510316762 -0.5219333785194354
    outer loop
      vertex 60.97021484375 16.044754028320312 0.5646076202392578
      vertex 61.910919189453125 16.288619995117188 0.395416259765625
      vertex 61.931396484375 16.186996459960938 0.5646076202392578
    endloop
  endfacet
  facet normal 0.20659795724041158 -0.827517119352529 -0.5220466466155889
    outer loop
      vertex 61.910919189453125 16.288619995117188 0.395416259765625
      vertex 62.87396240234375 16.422317504882812 0.5646076202392578
      vertex 61.931396484375 16.186996459960938 0.5646076202392578
    endloop
  endfacet
  facet normal 0.13758678935302365 -0.9297218445532789 -0.3415950338573077
    outer loop
      vertex 60.97021484375 16.044754028320312 0.5646076202392578
      vertex 61.931396484375 16.186996459960938 0.5646076202392578
      vertex 60.976806640625 15.977203369140625 0.7511157989501953
    endloop
  endfacet
  facet normal 0.22761525717812342 -0.9117007953836752 -0.3420423283696197
    outer loop
      vertex 61.931396484375 16.186996459960938 0.5646076202392578
      vertex 62.87396240234375 16.422317504882812 0.5646076202392578
      vertex 61.94500732421875 16.12042236328125 0.7511157989501953
    endloop
  endfacet
  facet normal 0.20662480681879902 -0.8273113252975417 -0.522362096865306
    outer loop
      vertex 61.910919189453125 16.288619995117188 0.395416259765625
      vertex 62.843597412109375 16.521560668945312 0.395416259765625
      vertex 62.87396240234375 16.422317504882812 0.5646076202392578
    endloop
  endfacet
  facet normal 0.1375138664884459 -0.9296324159838983 -0.34186767568072013
    outer loop
      vertex 60.976806640625 15.977203369140625 0.7511157989501953
      vertex 61.931396484375 16.186996459960938 0.5646076202392578
      vertex 61.94500732421875 16.12042236328125 0.7511157989501953
    endloop
  endfacet
  facet normal 0.14506816571301345 -0.9807016035395407 -0.1310709430485455
    outer loop
      vertex 60.976806640625 15.977203369140625 0.7511157989501953
      vertex 61.94500732421875 16.12042236328125 0.7511157989501953
      vertex 60.9801025390625 15.944427490234375 1
    endloop
  endfacet
  facet normal 0.24009520686524413 -0.9621444133876929 -0.1289667376775427
    outer loop
      vertex 61.94500732421875 16.12042236328125 0.7511157989501953
      vertex 62.894012451171875 16.35723876953125 0.7511157989501953
      vertex 61.950836181640625 16.088516235351562 1
    endloop
  endfacet
  facet normal 0.2274711792931693 -0.9115555750618151 -0.3425248840080067
    outer loop
      vertex 62.87396240234375 16.422317504882812 0.5646076202392578
      vertex 62.894012451171875 16.35723876953125 0.7511157989501953
      vertex 61.94500732421875 16.12042236328125 0.7511157989501953
    endloop
  endfacet
  facet normal 0.334261958751961 -0.9339572160439604 -0.12646288598129177
    outer loop
      vertex 62.894012451171875 16.35723876953125 0.7511157989501953
      vertex 63.81414794921875 16.686553955078125 0.7511157989501953
      vertex 62.902862548828125 16.326705932617188 1
    endloop
  endfacet
  facet normal 0.14559446776476628 -0.9808777772168698 -0.1291550894018019
    outer loop
      vertex 60.9801025390625 15.944427490234375 1
      vertex 61.94500732421875 16.12042236328125 0.7511157989501953
      vertex 61.950836181640625 16.088516235351562 1
    endloop
  endfacet
  facet normal 0.24075790358693125 -0.9622912953616793 -0.12661395946564122
    outer loop
      vertex 62.894012451171875 16.35723876953125 0.7511157989501953
      vertex 62.902862548828125 16.326705932617188 1
      vertex 61.950836181640625 16.088516235351562 1
    endloop
  endfacet
  facet normal 0.04303531519684654 -0.2908170587029263 -0.9558103368416178
    outer loop
      vertex 60.919952392578125 16.554931640625 0.07820701599121094
      vertex 61.794219970703125 16.875961303710938 0.019893646240234375
      vertex 61.831268310546875 16.689788818359375 0.07820701599121094
    endloop
  endfacet
  facet normal 0.015325336173974665 -0.10355396900188239 -0.9945057614589831
    outer loop
      vertex 60.901336669921875 16.743820190429688 0.019893646240234375
      vertex 61.5628662109375 17.03277587890625 0
      vertex 61.794219970703125 16.875961303710938 0.019893646240234375
    endloop
  endfacet
  facet normal 0.10764730401446934 -0.4310896957975864 -0.8958647956670475
    outer loop
      vertex 61.831268310546875 16.689788818359375 0.07820701599121094
      vertex 62.725006103515625 16.9129638671875 0.07820701599121094
      vertex 61.85321044921875 16.579376220703125 0.1339740753173828
    endloop
  endfacet
  facet normal 0.023045098927392968 -0.0922865350347085 -0.9954657798572054
    outer loop
      vertex 61.5628662109375 17.03277587890625 0
      vertex 62.66986083984375 17.094619750976562 0.019893646240234375
      vertex 61.794219970703125 16.875961303710938 0.019893646240234375
    endloop
  endfacet
  facet normal 0.07122044277803032 -0.28520979269086166 -0.9558153706044579
    outer loop
      vertex 61.794219970703125 16.875961303710938 0.019893646240234375
      vertex 62.66986083984375 17.094619750976562 0.019893646240234375
      vertex 61.831268310546875 16.689788818359375 0.07820701599121094
    endloop
  endfacet
  facet normal 0.06505482256826621 -0.43955096326225523 -0.8958587057989865
    outer loop
      vertex 60.930999755859375 16.442886352539062 0.1339740753173828
      vertex 61.831268310546875 16.689788818359375 0.07820701599121094
      vertex 61.85321044921875 16.579376220703125 0.1339740753173828
    endloop
  endfacet
  facet normal 0.14164188521298807 -0.5672374234250831 -0.8112824919960887
    outer loop
      vertex 61.884552001953125 16.421279907226562 0.2499847412109375
      vertex 61.85321044921875 16.579376220703125 0.1339740753173828
      vertex 62.757659912109375 16.805221557617188 0.1339740753173828
    endloop
  endfacet
  facet normal 0.0226177432327011 -0.08440897575922889 -0.9961744638878962
    outer loop
      vertex 61.5628662109375 17.03277587890625 0
      vertex 63.07818603515625 17.438812255859375 0
      vertex 62.66986083984375 17.094619750976562 0.019893646240234375
    endloop
  endfacet
  facet normal 0.07121891461402749 -0.2852067733332981 -0.9558163854245273
    outer loop
      vertex 61.831268310546875 16.689788818359375 0.07820701599121094
      vertex 62.66986083984375 17.094619750976562 0.019893646240234375
      vertex 62.725006103515625 16.9129638671875 0.07820701599121094
    endloop
  endfacet
  facet normal 0.09904103006860852 -0.27676225422855183 -0.9558208665839428
    outer loop
      vertex 62.66986083984375 17.094619750976562 0.019893646240234375
      vertex 63.519622802734375 17.398712158203125 0.019893646240234375
      vertex 62.725006103515625 16.9129638671875 0.07820701599121094
    endloop
  endfacet
  facet normal 0.14971457880019354 -0.4183264244967209 -0.8958730643693168
    outer loop
      vertex 62.725006103515625 16.9129638671875 0.07820701599121094
      vertex 63.592254638671875 17.223342895507812 0.07820701599121094
      vertex 62.757659912109375 16.805221557617188 0.1339740753173828
    endloop
  endfacet
  facet normal 0.09906209576082287 -0.2767953038032608 -0.9558091132521881
    outer loop
      vertex 62.725006103515625 16.9129638671875 0.07820701599121094
      vertex 63.519622802734375 17.398712158203125 0.019893646240234375
      vertex 63.592254638671875 17.223342895507812 0.07820701599121094
    endloop
  endfacet
  facet normal 0.10764192632797838 -0.4310767881335444 -0.8958716528771682
    outer loop
      vertex 61.85321044921875 16.579376220703125 0.1339740753173828
      vertex 62.725006103515625 16.9129638671875 0.07820701599121094
      vertex 62.757659912109375 16.805221557617188 0.1339740753173828
    endloop
  endfacet
  facet normal 0.141707811090757 -0.5673583191120372 -0.8111864360368892
    outer loop
      vertex 61.884552001953125 16.421279907226562 0.2499847412109375
      vertex 62.757659912109375 16.805221557617188 0.1339740753173828
      vertex 62.804351806640625 16.651016235351562 0.2499847412109375
    endloop
  endfacet
  facet normal 0.19704811897980945 -0.5505975857357719 -0.8111808290316397
    outer loop
      vertex 62.757659912109375 16.805221557617188 0.1339740753173828
      vertex 63.6353759765625 17.119338989257812 0.1339740753173828
      vertex 62.804351806640625 16.651016235351562 0.2499847412109375
    endloop
  endfacet
  facet normal 0.1497034628649839 -0.4183057704711748 -0.8958845659998554
    outer loop
      vertex 62.757659912109375 16.805221557617188 0.1339740753173828
      vertex 63.592254638671875 17.223342895507812 0.07820701599121094
      vertex 63.6353759765625 17.119338989257812 0.1339740753173828
    endloop
  endfacet
  facet normal 0.1970365069336965 -0.5505805444715881 -0.8111952163226414
    outer loop
      vertex 62.804351806640625 16.651016235351562 0.2499847412109375
      vertex 63.6353759765625 17.119338989257812 0.1339740753173828
      vertex 63.6971435546875 16.97052001953125 0.2499847412109375
    endloop
  endfacet
  facet normal 0.03573921217774191 -0.09987037614423439 -0.9943583944844652
    outer loop
      vertex 62.66986083984375 17.094619750976562 0.019893646240234375
      vertex 63.07818603515625 17.438812255859375 0
      vertex 63.519622802734375 17.398712158203125 0.019893646240234375
    endloop
  endfacet
  facet normal 0.2468547261445902 -0.6897879567658423 -0.6806286203803684
    outer loop
      vertex 62.804351806640625 16.651016235351562 0.2499847412109375
      vertex 63.6971435546875 16.97052001953125 0.2499847412109375
      vertex 62.843597412109375 16.521560668945312 0.395416259765625
    endloop
  endfacet
  facet normal 0.17752553481689562 -0.7107998683445519 -0.6806234139737943
    outer loop
      vertex 61.910919189453125 16.288619995117188 0.395416259765625
      vertex 62.804351806640625 16.651016235351562 0.2499847412109375
      vertex 62.843597412109375 16.521560668945312 0.395416259765625
    endloop
  endfacet
  facet normal 0.24685093224694216 -0.6897828621521015 -0.6806351594871297
    outer loop
      vertex 62.843597412109375 16.521560668945312 0.395416259765625
      vertex 63.6971435546875 16.97052001953125 0.2499847412109375
      vertex 63.748931884765625 16.845550537109375 0.395416259765625
    endloop
  endfacet
  facet normal 0 0 -1
    outer loop
      vertex 58.085968017578125 21.696502685546875 0
      vertex 64.50003051757812 18.101821899414062 0
      vertex 63.07818603515625 17.438812255859375 0
    endloop
  endfacet
  facet normal 0.25037477860418683 -0.52844986339694 -0.8112047904904531
    outer loop
      vertex 63.6353759765625 17.119338989257812 0.1339740753173828
      vertex 64.47781372070312 17.518478393554688 0.1339740753173828
      vertex 63.6971435546875 16.97052001953125 0.2499847412109375
    endloop
  endfacet
  facet normal 0.037568561792964944 -0.08056693114064255 -0.9960409493446478
    outer loop
      vertex 63.07818603515625 17.438812255859375 0
      vertex 64.50003051757812 18.101821899414062 0
      vertex 63.519622802734375 17.398712158203125 0.019893646240234375
    endloop
  endfacet
  facet normal 0.12588812060806545 -0.265683729724891 -0.955805595740703
    outer loop
      vertex 63.592254638671875 17.223342895507812 0.07820701599121094
      vertex 63.519622802734375 17.398712158203125 0.019893646240234375
      vertex 64.33523559570312 17.785171508789062 0.019893646240234375
    endloop
  endfacet
  facet normal 0.19023387850673382 -0.40150100490592944 -0.8958839291603652
    outer loop
      vertex 63.592254638671875 17.223342895507812 0.07820701599121094
      vertex 64.42471313476562 17.617767333984375 0.07820701599121094
      vertex 63.6353759765625 17.119338989257812 0.1339740753173828
    endloop
  endfacet
  facet normal 0.12587457567326785 -0.2656664996878332 -0.9558121688609584
    outer loop
      vertex 63.592254638671875 17.223342895507812 0.07820701599121094
      vertex 64.33523559570312 17.785171508789062 0.019893646240234375
      vertex 64.42471313476562 17.617767333984375 0.07820701599121094
    endloop
  endfacet
  facet normal 0.03934452400236616 -0.08303563378901868 -0.99576959782486
    outer loop
      vertex 63.519622802734375 17.398712158203125 0.019893646240234375
      vertex 64.50003051757812 18.101821899414062 0
      vertex 64.33523559570312 17.785171508789062 0.019893646240234375
    endloop
  endfacet
  facet normal 0.19021252985979303 -0.40146929327774195 -0.8959026733074346
    outer loop
      vertex 63.6353759765625 17.119338989257812 0.1339740753173828
      vertex 64.42471313476562 17.617767333984375 0.07820701599121094
      vertex 64.47781372070312 17.518478393554688 0.1339740753173828
    endloop
  endfacet
  facet normal 0.25034293758918785 -0.5284118260858098 -0.8112393947854577
    outer loop
      vertex 64.47781372070312 17.518478393554688 0.1339740753173828
      vertex 64.55386352539062 17.37640380859375 0.2499847412109375
      vertex 63.6971435546875 16.97052001953125 0.2499847412109375
    endloop
  endfacet
  facet normal 0.05445202463406769 -0.09081065462641427 -0.9943783998154692
    outer loop
      vertex 64.33523559570312 17.785171508789062 0.019893646240234375
      vertex 64.50003051757812 18.101821899414062 0
      vertex 65.10934448242188 18.249343872070312 0.019893646240234375
    endloop
  endfacet
  facet normal 0.15118626901741666 -0.25213615383930255 -0.9558085958954945
    outer loop
      vertex 64.42471313476562 17.617767333984375 0.07820701599121094
      vertex 64.33523559570312 17.785171508789062 0.019893646240234375
      vertex 65.10934448242188 18.249343872070312 0.019893646240234375
    endloop
  endfacet
  facet normal 0.22846572010611005 -0.3810092108310857 -0.895899210848112
    outer loop
      vertex 64.42471313476562 17.617767333984375 0.07820701599121094
      vertex 65.21481323242188 18.091537475585938 0.07820701599121094
      vertex 64.47781372070312 17.518478393554688 0.1339740753173828
    endloop
  endfacet
  facet normal 0.15119403690686445 -0.2521442632947097 -0.9558052279054419
    outer loop
      vertex 64.42471313476562 17.617767333984375 0.07820701599121094
      vertex 65.10934448242188 18.249343872070312 0.019893646240234375
      vertex 65.21481323242188 18.091537475585938 0.07820701599121094
    endloop
  endfacet
  facet normal 0.3006958384758559 -0.501462777637085 -0.8112441650747335
    outer loop
      vertex 64.47781372070312 17.518478393554688 0.1339740753173828
      vertex 65.27737426757812 17.9979248046875 0.1339740753173828
      vertex 64.55386352539062 17.37640380859375 0.2499847412109375
    endloop
  endfacet
  facet normal 0.22847176269327962 -0.3810165292361113 -0.8958945574679497
    outer loop
      vertex 64.47781372070312 17.518478393554688 0.1339740753173828
      vertex 65.21481323242188 18.091537475585938 0.07820701599121094
      vertex 65.27737426757812 17.9979248046875 0.1339740753173828
    endloop
  endfacet
  facet normal 0.3006528251885509 -0.5014205531393631 -0.8112862057224675
    outer loop
      vertex 65.27737426757812 17.9979248046875 0.1339740753173828
      vertex 65.36688232421875 17.8638916015625 0.2499847412109375
      vertex 64.55386352539062 17.37640380859375 0.2499847412109375
    endloop
  endfacet
  facet normal 0.31367200270637285 -0.6620837693215041 -0.6806283546247559
    outer loop
      vertex 63.6971435546875 16.97052001953125 0.2499847412109375
      vertex 64.55386352539062 17.37640380859375 0.2499847412109375
      vertex 63.748931884765625 16.845550537109375 0.395416259765625
    endloop
  endfacet
  facet normal 0.3136398633252877 -0.6620484939404542 -0.6806774770803509
    outer loop
      vertex 63.748931884765625 16.845550537109375 0.395416259765625
      vertex 64.55386352539062 17.37640380859375 0.2499847412109375
      vertex 64.61767578125 17.257110595703125 0.395416259765625
    endloop
  endfacet
  facet normal 0.3767285355912113 -0.6282975407966357 -0.6806745262606803
    outer loop
      vertex 64.61767578125 17.257110595703125 0.395416259765625
      vertex 64.55386352539062 17.37640380859375 0.2499847412109375
      vertex 65.36688232421875 17.8638916015625 0.2499847412109375
    endloop
  endfacet
  facet normal 0.3767816367897858 -0.6283454590502049 -0.680600897934316
    outer loop
      vertex 64.61767578125 17.257110595703125 0.395416259765625
      vertex 65.36688232421875 17.8638916015625 0.2499847412109375
      vertex 65.4420166015625 17.751419067382812 0.395416259765625
    endloop
  endfacet
  facet normal 0.0497167141380248 -0.07100171662810827 -0.996236420018451
    outer loop
      vertex 64.50003051757812 18.101821899414062 0
      vertex 65.78509521484375 19.00164794921875 0
      vertex 65.10934448242188 18.249343872070312 0.019893646240234375
    endloop
  endfacet
  facet normal 0.17500430354059707 -0.23623170450383627 -0.9558075515131081
    outer loop
      vertex 65.10934448242188 18.249343872070312 0.019893646240234375
      vertex 65.8345947265625 18.78662109375 0.019893646240234375
      vertex 65.21481323242188 18.091537475585938 0.07820701599121094
    endloop
  endfacet
  facet normal 0.2644495972556983 -0.3569753147662206 -0.8958990094641565
    outer loop
      vertex 65.27737426757812 17.9979248046875 0.1339740753173828
      vertex 65.21481323242188 18.091537475585938 0.07820701599121094
      vertex 65.95504760742188 18.639907836914062 0.07820701599121094
    endloop
  endfacet
  facet normal 0.05827149616722402 -0.0786584934488699 -0.9951971031623772
    outer loop
      vertex 65.10934448242188 18.249343872070312 0.019893646240234375
      vertex 65.78509521484375 19.00164794921875 0
      vertex 65.8345947265625 18.78662109375 0.019893646240234375
    endloop
  endfacet
  facet normal 0.3480322401243161 -0.4697784499478299 -0.8112840241238974
    outer loop
      vertex 65.27737426757812 17.9979248046875 0.1339740753173828
      vertex 66.02642822265625 18.5528564453125 0.1339740753173828
      vertex 65.36688232421875 17.8638916015625 0.2499847412109375
    endloop
  endfacet
  facet normal 0.2872969589644225 -0.8028023910552967 -0.522464140669667
    outer loop
      vertex 62.87396240234375 16.422317504882812 0.5646076202392578
      vertex 62.843597412109375 16.521560668945312 0.395416259765625
      vertex 63.748931884765625 16.845550537109375 0.395416259765625
    endloop
  endfacet
  facet normal 0.31655500622546145 -0.8845179747804879 -0.3426673026768418
    outer loop
      vertex 62.87396240234375 16.422317504882812 0.5646076202392578
      vertex 63.788421630859375 16.749588012695312 0.5646076202392578
      vertex 62.894012451171875 16.35723876953125 0.7511157989501953
    endloop
  endfacet
  facet normal 0.28731953816430866 -0.8028282321049524 -0.5224120143376157
    outer loop
      vertex 62.87396240234375 16.422317504882812 0.5646076202392578
      vertex 63.748931884765625 16.845550537109375 0.395416259765625
      vertex 63.788421630859375 16.749588012695312 0.5646076202392578
    endloop
  endfacet
  facet normal 0.36508857142994294 -0.770649292814488 -0.522312169584218
    outer loop
      vertex 63.748931884765625 16.845550537109375 0.395416259765625
      vertex 64.61767578125 17.257110595703125 0.395416259765625
      vertex 63.788421630859375 16.749588012695312 0.5646076202392578
    endloop
  endfacet
  facet normal 0.3652515624097616 -0.7708023105191366 -0.5219723117710254
    outer loop
      vertex 64.61767578125 17.257110595703125 0.395416259765625
      vertex 64.66632080078125 17.16558837890625 0.5646076202392578
      vertex 63.788421630859375 16.749588012695312 0.5646076202392578
    endloop
  endfacet
  facet normal 0.40232458353616674 -0.8490387187459126 -0.34244442403512576
    outer loop
      vertex 63.788421630859375 16.749588012695312 0.5646076202392578
      vertex 64.66632080078125 17.16558837890625 0.5646076202392578
      vertex 63.81414794921875 16.686553955078125 0.7511157989501953
    endloop
  endfacet
  facet normal 0.43868506273911645 -0.7315796212198805 -0.5218684446729404
    outer loop
      vertex 64.61767578125 17.257110595703125 0.395416259765625
      vertex 65.4420166015625 17.751419067382812 0.395416259765625
      vertex 64.66632080078125 17.16558837890625 0.5646076202392578
    endloop
  endfacet
  facet normal 0.43871521097892213 -0.731602825416881 -0.521810568595306
    outer loop
      vertex 65.4420166015625 17.751419067382812 0.395416259765625
      vertex 65.49966430664062 17.665313720703125 0.5646076202392578
      vertex 64.66632080078125 17.16558837890625 0.5646076202392578
    endloop
  endfacet
  facet normal 0.48329967083749265 -0.8059520068127886 -0.3418520014316285
    outer loop
      vertex 64.66632080078125 17.16558837890625 0.5646076202392578
      vertex 65.49966430664062 17.665313720703125 0.5646076202392578
      vertex 64.69808959960938 17.10552978515625 0.7511157989501953
    endloop
  endfacet
  facet normal 0.31657306587631756 -0.8845328986411686 -0.34261209141406684
    outer loop
      vertex 62.894012451171875 16.35723876953125 0.7511157989501953
      vertex 63.788421630859375 16.749588012695312 0.5646076202392578
      vertex 63.81414794921875 16.686553955078125 0.7511157989501953
    endloop
  endfacet
  facet normal 0.4024826946142602 -0.8491449668222045 -0.3419948915650075
    outer loop
      vertex 64.66632080078125 17.16558837890625 0.5646076202392578
      vertex 64.69808959960938 17.10552978515625 0.7511157989501953
      vertex 63.81414794921875 16.686553955078125 0.7511157989501953
    endloop
  endfacet
  facet normal 0.4248721546967684 -0.8963815252962267 -0.12642710655130565
    outer loop
      vertex 63.81414794921875 16.686553955078125 0.7511157989501953
      vertex 64.69808959960938 17.10552978515625 0.7511157989501953
      vertex 63.826751708984375 16.657424926757812 1
    endloop
  endfacet
  facet normal 0.5101328303521019 -0.8506388791891676 -0.12719273803464756
    outer loop
      vertex 64.69808959960938 17.10552978515625 0.7511157989501953
      vertex 65.53750610351562 17.608932495117188 0.7511157989501953
      vertex 64.71353149414062 17.07757568359375 1
    endloop
  endfacet
  facet normal 0.483350156699419 -0.8059791706934751 -0.34171655275521146
    outer loop
      vertex 65.49966430664062 17.665313720703125 0.5646076202392578
      vertex 65.53750610351562 17.608932495117188 0.7511157989501953
      vertex 64.69808959960938 17.10552978515625 0.7511157989501953
    endloop
  endfacet
  facet normal 0 0 -1
    outer loop
      vertex 58.970703125 22.375381469726562 0
      vertex 65.78509521484375 19.00164794921875 0
      vertex 64.50003051757812 18.101821899414062 0
    endloop
  endfacet
  facet normal 0 0 -1
    outer loop
      vertex 58.970703125 22.375381469726562 0
      vertex 59.649566650390625 23.260116577148438 0
      vertex 66.8944091796875 20.110946655273438 0
    endloop
  endfacet
  facet normal 0 0 -1
    outer loop
      vertex 58.970703125 22.375381469726562 0
      vertex 66.8944091796875 20.110946655273438 0
      vertex 65.78509521484375 19.00164794921875 0
    endloop
  endfacet
  facet normal 0 0 -1
    outer loop
      vertex 66.8944091796875 20.110946655273438 0
      vertex 59.649566650390625 23.260116577148438 0
      vertex 67.79425048828125 21.396041870117188 0
    endloop
  endfacet
  facet normal 0 0 -1
    outer loop
      vertex 67.79425048828125 21.396041870117188 0
      vertex 59.649566650390625 23.260116577148438 0
      vertex 68.45724487304688 22.81787109375 0
    endloop
  endfacet
  facet normal 0.4361424775685615 -0.5886932857512057 -0.6806026407323191
    outer loop
      vertex 65.36688232421875 17.8638916015625 0.2499847412109375
      vertex 66.12860107421875 18.42822265625 0.2499847412109375
      vertex 65.4420166015625 17.751419067382812 0.395416259765625
    endloop
  endfacet
  facet normal 0.17499786057700573 -0.23622617319582898 -0.9558100982364253
    outer loop
      vertex 65.21481323242188 18.091537475585938 0.07820701599121094
      vertex 65.8345947265625 18.78662109375 0.019893646240234375
      vertex 65.95504760742188 18.639907836914062 0.07820701599121094
    endloop
  endfacet
  facet normal 0.2982040929199312 -0.3293898449056587 -0.8958664236585872
    outer loop
      vertex 65.95504760742188 18.639907836914062 0.07820701599121094
      vertex 66.63790893554688 19.25811767578125 0.07820701599121094
      vertex 66.02642822265625 18.5528564453125 0.1339740753173828
    endloop
  endfacet
  facet normal 0.2644998469485872 -0.35702533784387774 -0.8958642414460123
    outer loop
      vertex 65.27737426757812 17.9979248046875 0.1339740753173828
      vertex 65.95504760742188 18.639907836914062 0.07820701599121094
      vertex 66.02642822265625 18.5528564453125 0.1339740753173828
    endloop
  endfacet
  facet normal 0.3480579562055175 -0.4697991881294461 -0.8112609826405749
    outer loop
      vertex 65.36688232421875 17.8638916015625 0.2499847412109375
      vertex 66.02642822265625 18.5528564453125 0.1339740753173828
      vertex 66.12860107421875 18.42822265625 0.2499847412109375
    endloop
  endfacet
  facet normal 0.39241112147636287 -0.43343900913748934 -0.8112608317301992
    outer loop
      vertex 66.02642822265625 18.5528564453125 0.1339740753173828
      vertex 66.71749877929688 19.178512573242188 0.1339740753173828
      vertex 66.12860107421875 18.42822265625 0.2499847412109375
    endloop
  endfacet
  facet normal 0.19729337623592746 -0.21792377159969137 -0.9558161713766903
    outer loop
      vertex 65.8345947265625 18.78662109375 0.019893646240234375
      vertex 66.503662109375 19.392349243164062 0.019893646240234375
      vertex 65.95504760742188 18.639907836914062 0.07820701599121094
    endloop
  endfacet
  facet normal 0.06894644664129537 -0.07615597632887924 -0.9947093317974522
    outer loop
      vertex 65.8345947265625 18.78662109375 0.019893646240234375
      vertex 65.78509521484375 19.00164794921875 0
      vertex 66.503662109375 19.392349243164062 0.019893646240234375
    endloop
  endfacet
  facet normal 0.19728777983036422 -0.21791985000539207 -0.9558182206378121
    outer loop
      vertex 65.95504760742188 18.639907836914062 0.07820701599121094
      vertex 66.503662109375 19.392349243164062 0.019893646240234375
      vertex 66.63790893554688 19.25811767578125 0.07820701599121094
    endloop
  endfacet
  facet normal 0.06045504378335175 -0.060455875363480543 -0.996338433874348
    outer loop
      vertex 65.78509521484375 19.00164794921875 0
      vertex 66.8944091796875 20.110946655273438 0
      vertex 66.503662109375 19.392349243164062 0.019893646240234375
    endloop
  endfacet
  facet normal 0.29823024874150106 -0.32941121297228454 -0.8958498599116431
    outer loop
      vertex 66.02642822265625 18.5528564453125 0.1339740753173828
      vertex 66.63790893554688 19.25811767578125 0.07820701599121094
      vertex 66.71749877929688 19.178512573242188 0.1339740753173828
    endloop
  endfacet
  facet normal 0.3925011541020427 -0.43349806152743353 -0.8111857214476362
    outer loop
      vertex 66.71749877929688 19.178512573242188 0.1339740753173828
      vertex 66.8314208984375 19.0645751953125 0.2499847412109375
      vertex 66.12860107421875 18.42822265625 0.2499847412109375
    endloop
  endfacet
  facet normal 0.21791035848287935 -0.19729520163876624 -0.9558188526473945
    outer loop
      vertex 66.503662109375 19.392349243164062 0.019893646240234375
      vertex 67.10940551757812 20.061386108398438 0.019893646240234375
      vertex 66.63790893554688 19.25811767578125 0.07820701599121094
    endloop
  endfacet
  facet normal 0.32940998298518365 -0.2982363493693482 -0.8958482812533299
    outer loop
      vertex 66.63790893554688 19.25811767578125 0.07820701599121094
      vertex 67.25613403320312 19.940963745117188 0.07820701599121094
      vertex 66.71749877929688 19.178512573242188 0.1339740753173828
    endloop
  endfacet
  facet normal 0.43350940849657976 -0.39249309514437847 -0.8111835569147906
    outer loop
      vertex 66.71749877929688 19.178512573242188 0.1339740753173828
      vertex 67.34317016601562 19.86956787109375 0.1339740753173828
      vertex 66.8314208984375 19.0645751953125 0.2499847412109375
    endloop
  endfacet
  facet normal 0.43343003118461365 -0.3924516366855799 -0.8112460298393542
    outer loop
      vertex 66.8314208984375 19.0645751953125 0.2499847412109375
      vertex 67.34317016601562 19.86956787109375 0.1339740753173828
      vertex 67.46783447265625 19.767440795898438 0.2499847412109375
    endloop
  endfacet
  facet normal 0.4917371277454504 -0.5430992735458336 -0.6806157331935858
    outer loop
      vertex 66.12860107421875 18.42822265625 0.2499847412109375
      vertex 66.8314208984375 19.0645751953125 0.2499847412109375
      vertex 66.21438598632812 18.323638916015625 0.395416259765625
    endloop
  endfacet
  facet normal 0.43613928778813604 -0.5886909274221986 -0.6806067246350488
    outer loop
      vertex 65.4420166015625 17.751419067382812 0.395416259765625
      vertex 66.12860107421875 18.42822265625 0.2499847412109375
      vertex 66.21438598632812 18.323638916015625 0.395416259765625
    endloop
  endfacet
  facet normal 0.4917189646068376 -0.5430884227679398 -0.6806375135866455
    outer loop
      vertex 66.21438598632812 18.323638916015625 0.395416259765625
      vertex 66.8314208984375 19.0645751953125 0.2499847412109375
      vertex 66.92709350585938 18.96893310546875 0.395416259765625
    endloop
  endfacet
  facet normal 0.5430724636102406 -0.4917279880219681 -0.6806437284396081
    outer loop
      vertex 66.8314208984375 19.0645751953125 0.2499847412109375
      vertex 67.46783447265625 19.767440795898438 0.2499847412109375
      vertex 66.92709350585938 18.96893310546875 0.395416259765625
    endloop
  endfacet
  facet normal 0.5431263748321827 -0.49175332687447565 -0.6805824024095366
    outer loop
      vertex 66.92709350585938 18.96893310546875 0.395416259765625
      vertex 67.46783447265625 19.767440795898438 0.2499847412109375
      vertex 67.5723876953125 19.681640625 0.395416259765625
    endloop
  endfacet
  facet normal 0.5078053802562624 -0.6854241950297724 -0.5218499484052682
    outer loop
      vertex 65.4420166015625 17.751419067382812 0.395416259765625
      vertex 66.21438598632812 18.323638916015625 0.395416259765625
      vertex 65.49966430664062 17.665313720703125 0.5646076202392578
    endloop
  endfacet
  facet normal 0.5593898408470149 -0.7551607887623687 -0.3417823709218317
    outer loop
      vertex 65.49966430664062 17.665313720703125 0.5646076202392578
      vertex 66.28042602539062 18.243667602539062 0.5646076202392578
      vertex 65.53750610351562 17.608932495117188 0.7511157989501953
    endloop
  endfacet
  facet normal 0.5592709844263876 -0.7551110676813808 -0.34208659933388896
    outer loop
      vertex 65.53750610351562 17.608932495117188 0.7511157989501953
      vertex 66.28042602539062 18.243667602539062 0.5646076202392578
      vertex 66.32388305664062 18.191360473632812 0.7511157989501953
    endloop
  endfacet
  facet normal 0.590336367598643 -0.7970546251130121 -0.12730631436184076
    outer loop
      vertex 65.53750610351562 17.608932495117188 0.7511157989501953
      vertex 66.32388305664062 18.191360473632812 0.7511157989501953
      vertex 65.55514526367188 17.582244873046875 1
    endloop
  endfacet
  facet normal 0.5076688557745772 -0.6853388917044447 -0.5220947580601197
    outer loop
      vertex 65.49966430664062 17.665313720703125 0.5646076202392578
      vertex 66.21438598632812 18.323638916015625 0.395416259765625
      vertex 66.28042602539062 18.243667602539062 0.5646076202392578
    endloop
  endfacet
  facet normal 0.5723844941336484 -0.6321810109244372 -0.5222290305047432
    outer loop
      vertex 66.21438598632812 18.323638916015625 0.395416259765625
      vertex 66.92709350585938 18.96893310546875 0.395416259765625
      vertex 66.28042602539062 18.243667602539062 0.5646076202392578
    endloop
  endfacet
  facet normal 0.6305865282957083 -0.6965647545370316 -0.3422837610356804
    outer loop
      vertex 66.28042602539062 18.243667602539062 0.5646076202392578
      vertex 67.00051879882812 18.895553588867188 0.5646076202392578
      vertex 66.32388305664062 18.191360473632812 0.7511157989501953
    endloop
  endfacet
  facet normal 0.5722332759619073 -0.6321060053179703 -0.5224854791502457
    outer loop
      vertex 66.92709350585938 18.96893310546875 0.395416259765625
      vertex 67.00051879882812 18.895553588867188 0.5646076202392578
      vertex 66.28042602539062 18.243667602539062 0.5646076202392578
    endloop
  endfacet
  facet normal 0.6320585915298313 -0.5722736541020076 -0.5224986140594647
    outer loop
      vertex 66.92709350585938 18.96893310546875 0.395416259765625
      vertex 67.5723876953125 19.681640625 0.395416259765625
      vertex 67.00051879882812 18.895553588867188 0.5646076202392578
    endloop
  endfacet
  facet normal 0.6321983657539955 -0.5723264783108497 -0.522271604208268
    outer loop
      vertex 67.00051879882812 18.895553588867188 0.5646076202392578
      vertex 67.5723876953125 19.681640625 0.395416259765625
      vertex 67.65237426757812 19.6156005859375 0.5646076202392578
    endloop
  endfacet
  facet normal 0.6964369047723191 -0.6304813531092728 -0.3427373645412071
    outer loop
      vertex 67.00051879882812 18.895553588867188 0.5646076202392578
      vertex 67.65237426757812 19.6156005859375 0.5646076202392578
      vertex 67.04873657226562 18.847427368164062 0.7511157989501953
    endloop
  endfacet
  facet normal 0.6656481359114004 -0.7354393210609165 -0.12665529675120643
    outer loop
      vertex 66.32388305664062 18.191360473632812 0.7511157989501953
      vertex 67.04873657226562 18.847427368164062 0.7511157989501953
      vertex 66.34365844726562 18.166397094726562 1
    endloop
  endfacet
  facet normal 0.6304148660588527 -0.6965119498850995 -0.3427071640909415
    outer loop
      vertex 67.00051879882812 18.895553588867188 0.5646076202392578
      vertex 67.04873657226562 18.847427368164062 0.7511157989501953
      vertex 66.32388305664062 18.191360473632812 0.7511157989501953
    endloop
  endfacet
  facet normal 0.6965872475395828 -0.6305117090356808 -0.34237580424751535
    outer loop
      vertex 67.65237426757812 19.6156005859375 0.5646076202392578
      vertex 67.70468139648438 19.572113037109375 0.7511157989501953
      vertex 67.04873657226562 18.847427368164062 0.7511157989501953
    endloop
  endfacet
  facet normal 0.7354812520907664 -0.6657163806219415 -0.12605168937630618
    outer loop
      vertex 67.04873657226562 18.847427368164062 0.7511157989501953
      vertex 67.70468139648438 19.572113037109375 0.7511157989501953
      vertex 67.07107543945312 18.824981689453125 1
    endloop
  endfacet
  facet normal 0.07614785593027369 -0.06894397629703976 -0.9947101246944134
    outer loop
      vertex 66.503662109375 19.392349243164062 0.019893646240234375
      vertex 66.8944091796875 20.110946655273438 0
      vertex 67.10940551757812 20.061386108398438 0.019893646240234375
    endloop
  endfacet
  facet normal 0.21792997876171136 -0.197306228229749 -0.9558121032183419
    outer loop
      vertex 66.63790893554688 19.25811767578125 0.07820701599121094
      vertex 67.10940551757812 20.061386108398438 0.019893646240234375
      vertex 67.25613403320312 19.940963745117188 0.07820701599121094
    endloop
  endfacet
  facet normal 0.07865904526554249 -0.058246347891010936 -0.995198531728857
    outer loop
      vertex 66.8944091796875 20.110946655273438 0
      vertex 67.64651489257812 20.786727905273438 0.019893646240234375
      vertex 67.10940551757812 20.061386108398438 0.019893646240234375
    endloop
  endfacet
  facet normal 0.23627067249878828 -0.17495640508156654 -0.9558066884249687
    outer loop
      vertex 67.25613403320312 19.940963745117188 0.07820701599121094
      vertex 67.10940551757812 20.061386108398438 0.019893646240234375
      vertex 67.64651489257812 20.786727905273438 0.019893646240234375
    endloop
  endfacet
  facet normal 0.35709832980831435 -0.2644251416347569 -0.8958572025270272
    outer loop
      vertex 67.25613403320312 19.940963745117188 0.07820701599121094
      vertex 67.8043212890625 20.6812744140625 0.07820701599121094
      vertex 67.34317016601562 19.86956787109375 0.1339740753173828
    endloop
  endfacet
  facet normal 0.3293825247140174 -0.29821813339604697 -0.8958644413787151
    outer loop
      vertex 66.71749877929688 19.178512573242188 0.1339740753173828
      vertex 67.25613403320312 19.940963745117188 0.07820701599121094
      vertex 67.34317016601562 19.86956787109375 0.1339740753173828
    endloop
  endfacet
  facet normal 0.3570368501220121 -0.2643925576751826 -0.8958913232646732
    outer loop
      vertex 67.34317016601562 19.86956787109375 0.1339740753173828
      vertex 67.8043212890625 20.6812744140625 0.07820701599121094
      vertex 67.89794921875 20.618743896484375 0.1339740753173828
    endloop
  endfacet
  facet normal 0.46988565983811753 -0.3479592411176479 -0.8112532484984744
    outer loop
      vertex 67.34317016601562 19.86956787109375 0.1339740753173828
      vertex 67.89794921875 20.618743896484375 0.1339740753173828
      vertex 67.46783447265625 19.767440795898438 0.2499847412109375
    endloop
  endfacet
  facet normal 0.4698619665730004 -0.34794969811595106 -0.811271064410146
    outer loop
      vertex 67.46783447265625 19.767440795898438 0.2499847412109375
      vertex 67.89794921875 20.618743896484375 0.1339740753173828
      vertex 68.031982421875 20.529251098632812 0.2499847412109375
    endloop
  endfacet
  facet normal 0.0710564215850972 -0.04975468171118917 -0.996230624202719
    outer loop
      vertex 66.8944091796875 20.110946655273438 0
      vertex 67.79425048828125 21.396041870117188 0
      vertex 67.64651489257812 20.786727905273438 0.019893646240234375
    endloop
  endfacet
  facet normal 0.23627749008443832 -0.1749593979177099 -0.9558044552939009
    outer loop
      vertex 67.25613403320312 19.940963745117188 0.07820701599121094
      vertex 67.64651489257812 20.786727905273438 0.019893646240234375
      vertex 67.8043212890625 20.6812744140625 0.07820701599121094
    endloop
  endfacet
  facet normal 0.588817018626954 -0.4360401957432149 -0.6805611407298275
    outer loop
      vertex 67.46783447265625 19.767440795898438 0.2499847412109375
      vertex 68.031982421875 20.529251098632812 0.2499847412109375
      vertex 67.5723876953125 19.681640625 0.395416259765625
    endloop
  endfacet
  facet normal 0.2521872084007913 -0.15114929653254094 -0.955800974092794
    outer loop
      vertex 67.64651489257812 20.786727905273438 0.019893646240234375
      vertex 68.11053466796875 21.560928344726562 0.019893646240234375
      vertex 67.8043212890625 20.6812744140625 0.07820701599121094
    endloop
  endfacet
  facet normal 0.38106587647264023 -0.22841140881936378 -0.8958889585820845
    outer loop
      vertex 67.8043212890625 20.6812744140625 0.07820701599121094
      vertex 68.2779541015625 21.471450805664062 0.07820701599121094
      vertex 67.89794921875 20.618743896484375 0.1339740753173828
    endloop
  endfacet
  facet normal 0.38110560832980594 -0.22842773753223425 -0.8958678942932787
    outer loop
      vertex 67.89794921875 20.618743896484375 0.1339740753173828
      vertex 68.2779541015625 21.471450805664062 0.07820701599121094
      vertex 68.37722778320312 21.418365478515625 0.1339740753173828
    endloop
  endfacet
  facet normal 0.5014879844441652 -0.3005827339781549 -0.811270498349562
    outer loop
      vertex 67.89794921875 20.618743896484375 0.1339740753173828
      vertex 68.37722778320312 21.418365478515625 0.1339740753173828
      vertex 68.031982421875 20.529251098632812 0.2499847412109375
    endloop
  endfacet
  facet normal 0.501465038062273 -0.3005760000696043 -0.8112871771348049
    outer loop
      vertex 68.031982421875 20.529251098632812 0.2499847412109375
      vertex 68.37722778320312 21.418365478515625 0.1339740753173828
      vertex 68.51934814453125 21.34234619140625 0.2499847412109375
    endloop
  endfacet
  facet normal 0.5887457072259161 -0.4360148949197836 -0.6806390406310426
    outer loop
      vertex 67.5723876953125 19.681640625 0.395416259765625
      vertex 68.031982421875 20.529251098632812 0.2499847412109375
      vertex 68.14447021484375 20.454116821289062 0.395416259765625
    endloop
  endfacet
  facet normal 0.6283877710690747 -0.37665294364378266 -0.6806330650323371
    outer loop
      vertex 68.031982421875 20.529251098632812 0.2499847412109375
      vertex 68.51934814453125 21.34234619140625 0.2499847412109375
      vertex 68.14447021484375 20.454116821289062 0.395416259765625
    endloop
  endfacet
  facet normal 0.6283861283199123 -0.37665253561415996 -0.6806348074779417
    outer loop
      vertex 68.14447021484375 20.454116821289062 0.395416259765625
      vertex 68.51934814453125 21.34234619140625 0.2499847412109375
      vertex 68.63864135742188 21.278564453125 0.395416259765625
    endloop
  endfacet
  facet normal 0.09096640718063738 -0.0545210383216363 -0.994360381926481
    outer loop
      vertex 67.64651489257812 20.786727905273438 0.019893646240234375
      vertex 67.79425048828125 21.396041870117188 0
      vertex 68.11053466796875 21.560928344726562 0.019893646240234375
    endloop
  endfacet
  facet normal 0.2521428978346648 -0.1511347986634739 -0.9558149568323824
    outer loop
      vertex 67.8043212890625 20.6812744140625 0.07820701599121094
      vertex 68.11053466796875 21.560928344726562 0.019893646240234375
      vertex 68.2779541015625 21.471450805664062 0.07820701599121094
    endloop
  endfacet
  facet normal 0.08318092637317356 -0.039418773550213955 -0.9957545349028031
    outer loop
      vertex 67.79425048828125 21.396041870117188 0
      vertex 68.49703979492188 22.37652587890625 0.019893646240234375
      vertex 68.11053466796875 21.560928344726562 0.019893646240234375
    endloop
  endfacet
  facet normal 0.2656392689499787 -0.1258843180202982 -0.9558184541367075
    outer loop
      vertex 68.11053466796875 21.560928344726562 0.019893646240234375
      vertex 68.49703979492188 22.37652587890625 0.019893646240234375
      vertex 68.2779541015625 21.471450805664062 0.07820701599121094
    endloop
  endfacet
  facet normal 0.40151563469500384 -0.19026288929054988 -0.8958712117566231
    outer loop
      vertex 68.2779541015625 21.471450805664062 0.07820701599121094
      vertex 68.67242431640625 22.303909301757812 0.07820701599121094
      vertex 68.37722778320312 21.418365478515625 0.1339740753173828
    endloop
  endfacet
  facet normal 0.4014917128295312 -0.19025568641066123 -0.8958834624646319
    outer loop
      vertex 68.37722778320312 21.418365478515625 0.1339740753173828
      vertex 68.67242431640625 22.303909301757812 0.07820701599121094
      vertex 68.77642822265625 22.260787963867188 0.1339740753173828
    endloop
  endfacet
  facet normal 0.5283272855052145 -0.25035951463325584 -0.811289339769291
    outer loop
      vertex 68.37722778320312 21.418365478515625 0.1339740753173828
      vertex 68.77642822265625 22.260787963867188 0.1339740753173828
      vertex 68.51934814453125 21.34234619140625 0.2499847412109375
    endloop
  endfacet
  facet normal 0.5283977168355971 -0.2503729126725189 -0.811239334255192
    outer loop
      vertex 68.77642822265625 22.260787963867188 0.1339740753173828
      vertex 68.92526245117188 22.199005126953125 0.2499847412109375
      vertex 68.51934814453125 21.34234619140625 0.2499847412109375
    endloop
  endfacet
  facet normal 0.08068096960470081 -0.03762127611127 -0.9960297288371492
    outer loop
      vertex 67.79425048828125 21.396041870117188 0
      vertex 68.45724487304688 22.81787109375 0
      vertex 68.49703979492188 22.37652587890625 0.019893646240234375
    endloop
  endfacet
  facet normal 0.26567121405371025 -0.12589141846389978 -0.9558086402519987
    outer loop
      vertex 68.2779541015625 21.471450805664062 0.07820701599121094
      vertex 68.49703979492188 22.37652587890625 0.019893646240234375
      vertex 68.67242431640625 22.303909301757812 0.07820701599121094
    endloop
  endfacet
  facet normal 0.09991642269931103 -0.03581120586554088 -0.994351178412048
    outer loop
      vertex 68.49703979492188 22.37652587890625 0.019893646240234375
      vertex 68.45724487304688 22.81787109375 0
      vertex 68.80154418945312 23.226119995117188 0.019893646240234375
    endloop
  endfacet
  facet normal 0.27673142376570553 -0.09918375496450044 -0.9558149935273809
    outer loop
      vertex 68.49703979492188 22.37652587890625 0.019893646240234375
      vertex 68.80154418945312 23.226119995117188 0.019893646240234375
      vertex 68.67242431640625 22.303909301757812 0.07820701599121094
    endloop
  endfacet
  facet normal 0.4182251407630578 -0.1499033834347299 -0.8958887806354876
    outer loop
      vertex 68.67242431640625 22.303909301757812 0.07820701599121094
      vertex 68.98321533203125 23.171005249023438 0.07820701599121094
      vertex 68.77642822265625 22.260787963867188 0.1339740753173828
    endloop
  endfacet
  facet normal 0.5504354716732828 -0.19727662433499166 -0.8112353080424947
    outer loop
      vertex 68.77642822265625 22.260787963867188 0.1339740753173828
      vertex 69.0909423828125 23.138336181640625 0.1339740753173828
      vertex 68.92526245117188 22.199005126953125 0.2499847412109375
    endloop
  endfacet
  facet normal 0.5504713924512956 -0.19727985283350932 -0.8112101489495311
    outer loop
      vertex 68.92526245117188 22.199005126953125 0.2499847412109375
      vertex 69.0909423828125 23.138336181640625 0.1339740753173828
      vertex 69.24514770507812 23.091583251953125 0.2499847412109375
    endloop
  endfacet
  facet normal 0.6620532832783002 -0.31370349189144203 -0.6806434964616491
    outer loop
      vertex 68.51934814453125 21.34234619140625 0.2499847412109375
      vertex 68.92526245117188 22.199005126953125 0.2499847412109375
      vertex 68.63864135742188 21.278564453125 0.395416259765625
    endloop
  endfacet
  facet normal 0.6620855760017449 -0.31370823880748067 -0.6806098963097338
    outer loop
      vertex 68.63864135742188 21.278564453125 0.395416259765625
      vertex 68.92526245117188 22.199005126953125 0.2499847412109375
      vertex 69.05023193359375 22.147232055664062 0.395416259765625
    endloop
  endfacet
  facet normal 0.6896749326065524 -0.24716810187301297 -0.6806294268914908
    outer loop
      vertex 68.92526245117188 22.199005126953125 0.2499847412109375
      vertex 69.24514770507812 23.091583251953125 0.2499847412109375
      vertex 69.05023193359375 22.147232055664062 0.395416259765625
    endloop
  endfacet
  facet normal 0.6897450834473053 -0.24717144604754065 -0.6805571218634315
    outer loop
      vertex 69.05023193359375 22.147232055664062 0.395416259765625
      vertex 69.24514770507812 23.091583251953125 0.2499847412109375
      vertex 69.37457275390625 23.052322387695312 0.395416259765625
    endloop
  endfacet
  facet normal 0.6853746593909519 -0.5075766267631717 -0.5221374763684913
    outer loop
      vertex 67.65237426757812 19.6156005859375 0.5646076202392578
      vertex 67.5723876953125 19.681640625 0.395416259765625
      vertex 68.14447021484375 20.454116821289062 0.395416259765625
    endloop
  endfacet
  facet normal 0.6855763703418161 -0.5076309050310993 -0.521819800971799
    outer loop
      vertex 67.65237426757812 19.6156005859375 0.5646076202392578
      vertex 68.14447021484375 20.454116821289062 0.395416259765625
      vertex 68.23052978515625 20.39642333984375 0.5646076202392578
    endloop
  endfacet
  facet normal 0.7551615089574656 -0.5591548029078084 -0.34216516738881175
    outer loop
      vertex 67.65237426757812 19.6156005859375 0.5646076202392578
      vertex 68.23052978515625 20.39642333984375 0.5646076202392578
      vertex 67.70468139648438 19.572113037109375 0.7511157989501953
    endloop
  endfacet
  facet normal 0.731721027236526 -0.4385911270952255 -0.5217491365908171
    outer loop
      vertex 68.14447021484375 20.454116821289062 0.395416259765625
      vertex 68.63864135742188 21.278564453125 0.395416259765625
      vertex 68.23052978515625 20.39642333984375 0.5646076202392578
    endloop
  endfacet
  facet normal 0.7317719345007178 -0.4385996153802475 -0.5216705984291006
    outer loop
      vertex 68.63864135742188 21.278564453125 0.395416259765625
      vertex 68.73007202148438 21.229873657226562 0.5646076202392578
      vertex 68.23052978515625 20.39642333984375 0.5646076202392578
    endloop
  endfacet
  facet normal 0.8061481373394404 -0.4831782230317753 -0.34156110061306266
    outer loop
      vertex 68.23052978515625 20.39642333984375 0.5646076202392578
      vertex 68.73007202148438 21.229873657226562 0.5646076202392578
      vertex 68.28683471679688 20.3585205078125 0.7511157989501953
    endloop
  endfacet
  facet normal 0.755367798819221 -0.5591756036429609 -0.34167547877706295
    outer loop
      vertex 67.70468139648438 19.572113037109375 0.7511157989501953
      vertex 68.23052978515625 20.39642333984375 0.5646076202392578
      vertex 68.28683471679688 20.3585205078125 0.7511157989501953
    endloop
  endfacet
  facet normal 0.797249669285509 -0.5901794672393329 -0.1268115186930733
    outer loop
      vertex 67.70468139648438 19.572113037109375 0.7511157989501953
      vertex 68.28683471679688 20.3585205078125 0.7511157989501953
      vertex 67.72967529296875 19.552398681640625 1
    endloop
  endfacet
  facet normal 0.806107521319937 -0.4831781115395936 -0.3416571038343259
    outer loop
      vertex 68.73007202148438 21.229873657226562 0.5646076202392578
      vertex 68.79006958007812 21.198089599609375 0.7511157989501953
      vertex 68.28683471679688 20.3585205078125 0.7511157989501953
    endloop
  endfacet
  facet normal 0.850723487706359 -0.5099207703201577 -0.12747688206426125
    outer loop
      vertex 68.28683471679688 20.3585205078125 0.7511157989501953
      vertex 68.79006958007812 21.198089599609375 0.7511157989501953
      vertex 68.31362915039062 20.34100341796875 1
    endloop
  endfacet
  facet normal 0.7709428164530711 -0.3652867875951648 -0.5217401044273016
    outer loop
      vertex 68.63864135742188 21.278564453125 0.395416259765625
      vertex 69.05023193359375 22.147232055664062 0.395416259765625
      vertex 68.73007202148438 21.229873657226562 0.5646076202392578
    endloop
  endfacet
  facet normal 0.8492260400625274 -0.402495682995379 -0.3417782293385611
    outer loop
      vertex 68.73007202148438 21.229873657226562 0.5646076202392578
      vertex 69.14617919921875 22.107818603515625 0.5646076202392578
      vertex 68.79006958007812 21.198089599609375 0.7511157989501953
    endloop
  endfacet
  facet normal 0.7706815424305603 -0.3652690557742214 -0.5221383696403293
    outer loop
      vertex 69.05023193359375 22.147232055664062 0.395416259765625
      vertex 69.14617919921875 22.107818603515625 0.5646076202392578
      vertex 68.73007202148438 21.229873657226562 0.5646076202392578
    endloop
  endfacet
  facet normal 0.8027895871482712 -0.28768115625503493 -0.5222723725242171
    outer loop
      vertex 69.05023193359375 22.147232055664062 0.395416259765625
      vertex 69.37457275390625 23.052322387695312 0.395416259765625
      vertex 69.14617919921875 22.107818603515625 0.5646076202392578
    endloop
  endfacet
  facet normal 0.8026228825366193 -0.2876862299509614 -0.5225257328832821
    outer loop
      vertex 69.14617919921875 22.107818603515625 0.5646076202392578
      vertex 69.37457275390625 23.052322387695312 0.395416259765625
      vertex 69.47390747070312 23.02215576171875 0.5646076202392578
    endloop
  endfacet
  facet normal 0.8844655794409161 -0.3170213229737324 -0.3423713182558215
    outer loop
      vertex 69.14617919921875 22.107818603515625 0.5646076202392578
      vertex 69.47390747070312 23.02215576171875 0.5646076202392578
      vertex 69.20919799804688 22.08221435546875 0.7511157989501953
    endloop
  endfacet
  facet normal 0.8490702107404805 -0.40251045094438437 -0.3421477957165067
    outer loop
      vertex 68.79006958007812 21.198089599609375 0.7511157989501953
      vertex 69.14617919921875 22.107818603515625 0.5646076202392578
      vertex 69.20919799804688 22.08221435546875 0.7511157989501953
    endloop
  endfacet
  facet normal 0.8962507164258553 -0.4248768540745123 -0.1273354317457897
    outer loop
      vertex 68.79006958007812 21.198089599609375 0.7511157989501953
      vertex 69.20919799804688 22.08221435546875 0.7511157989501953
      vertex 68.81814575195312 21.182723999023438 1
    endloop
  endfacet
  facet normal 0.8843024679641052 -0.31705310620692784 -0.34276299829055523
    outer loop
      vertex 69.20919799804688 22.08221435546875 0.7511157989501953
      vertex 69.47390747070312 23.02215576171875 0.5646076202392578
      vertex 69.53909301757812 23.002334594726562 0.7511157989501953
    endloop
  endfacet
  facet normal 0.9337662613568832 -0.33478759175694955 -0.12648255831208932
    outer loop
      vertex 69.20919799804688 22.08221435546875 0.7511157989501953
      vertex 69.53909301757812 23.002334594726562 0.7511157989501953
      vertex 69.23834228515625 22.069473266601562 1
    endloop
  endfacet
  facet normal 0.33432561390459786 -0.9339645321904397 -0.12624039170410828
    outer loop
      vertex 62.902862548828125 16.326705932617188 1
      vertex 63.81414794921875 16.686553955078125 0.7511157989501953
      vertex 63.826751708984375 16.657424926757812 1
    endloop
  endfacet
  facet normal 0.42469862079257165 -0.8963786107129506 -0.12702939720083734
    outer loop
      vertex 64.69808959960938 17.10552978515625 0.7511157989501953
      vertex 64.71353149414062 17.07757568359375 1
      vertex 63.826751708984375 16.657424926757812 1
    endloop
  endfacet
  facet normal 0.5100833917608509 -0.8506427875661091 -0.1273647573369711
    outer loop
      vertex 65.53750610351562 17.608932495117188 0.7511157989501953
      vertex 65.55514526367188 17.582244873046875 1
      vertex 64.71353149414062 17.07757568359375 1
    endloop
  endfacet
  facet normal 0.5904631795859342 -0.7970319794238365 -0.12685920277610901
    outer loop
      vertex 66.32388305664062 18.191360473632812 0.7511157989501953
      vertex 66.34365844726562 18.166397094726562 1
      vertex 65.55514526367188 17.582244873046875 1
    endloop
  endfacet
  facet normal 0.6658068945481908 -0.7353941353745591 -0.12608189730805539
    outer loop
      vertex 67.04873657226562 18.847427368164062 0.7511157989501953
      vertex 67.07107543945312 18.824981689453125 1
      vertex 66.34365844726562 18.166397094726562 1
    endloop
  endfacet
  facet normal 0.7353392431137608 -0.6657726214817113 -0.12658204462818282
    outer loop
      vertex 67.70468139648438 19.572113037109375 0.7511157989501953
      vertex 67.72967529296875 19.552398681640625 1
      vertex 67.07107543945312 18.824981689453125 1
    endloop
  endfacet
  facet normal 0.7971092194592082 -0.5902513414477748 -0.12735873025526925
    outer loop
      vertex 68.28683471679688 20.3585205078125 0.7511157989501953
      vertex 68.31362915039062 20.34100341796875 1
      vertex 67.72967529296875 19.552398681640625 1
    endloop
  endfacet
  facet normal 0.8507298980097273 -0.5099166714608274 -0.1274504954822443
    outer loop
      vertex 68.79006958007812 21.198089599609375 0.7511157989501953
      vertex 68.81814575195312 21.182723999023438 1
      vertex 68.31362915039062 20.34100341796875 1
    endloop
  endfacet
  facet normal 0.8963917078308882 -0.424765716526947 -0.12671224169500392
    outer loop
      vertex 69.20919799804688 22.08221435546875 0.7511157989501953
      vertex 69.23834228515625 22.069473266601562 1
      vertex 68.81814575195312 21.182723999023438 1
    endloop
  endfacet
  facet normal 0.9338432541178574 -0.3347131659621268 -0.1261105597092501
    outer loop
      vertex 69.23834228515625 22.069473266601562 1
      vertex 69.53909301757812 23.002334594726562 0.7511157989501953
      vertex 69.56942749023438 22.993194580078125 1
    endloop
  endfacet
  facet normal 0.04930939814125651 -0.9987835517543063 0
    outer loop
      vertex 60.000030517578125 15.896041870117188 1
      vertex 60.9801025390625 15.944427490234375 1
      vertex 60.9801025390625 15.944427490234375 6
    endloop
  endfacet
  facet normal -0.13028357274728744 0.989526951165928 0.062149847855528816
    outer loop
      vertex 55.950042724609375 21.124176025390625 0
      vertex 57.073192708001805 20.8330273673341 6.99
      vertex 57.0556640625 21.269744873046875 0
    endloop
  endfacet
  facet normal -0.3819049999895402 0.9220176419226879 0.0634983382957035
    outer loop
      vertex 57.0556640625 21.269744873046875 0
      vertex 58.13267640005848 21.234455973525264 6.99
      vertex 58.085968017578125 21.696502685546875 0
    endloop
  endfacet
  facet normal -0.6074892765194642 0.7916981688690199 0.06458164076035079
    outer loop
      vertex 58.085968017578125 21.696502685546875 0
      vertex 59.06531116431902 21.877777313184435 6.99
      vertex 58.970703125 22.375381469726562 0
    endloop
  endfacet
  facet normal -0.7916628349945245 0.6074485103809182 0.06539314126447526
    outer loop
      vertex 58.970703125 22.375381469726562 0
      vertex 59.8168446199052 22.72563455881728 6.99
      vertex 59.649566650390625 23.260116577148438 0
    endloop
  endfacet
  facet normal 0.14682420769508187 -0.9891626014132922 0
    outer loop
      vertex 60.9801025390625 15.944427490234375 1
      vertex 61.950836181640625 16.088516235351562 1
      vertex 61.950836181640625 16.088516235351562 6
    endloop
  endfacet
  facet normal 0.24271122703049655 -0.9700985827602011 0
    outer loop
      vertex 61.950836181640625 16.088516235351562 1
      vertex 62.902862548828125 16.326705932617188 1
      vertex 61.950836181640625 16.088516235351562 6
    endloop
  endfacet
  facet normal 0.33702189720264636 -0.941496808702862 0.0000028732202414027772
    outer loop
      vertex 62.902862548828125 16.326705932617188 1
      vertex 63.826751708984375 16.657424926757812 1
      vertex 62.902862548828125 16.32672119140625 6
    endloop
  endfacet
  facet normal 0.4281672237505059 -0.9036995233515309 0
    outer loop
      vertex 63.826751708984375 16.657424926757812 1
      vertex 64.71353149414062 17.07757568359375 1
      vertex 63.826751708984375 16.657424926757812 6
    endloop
  endfacet
  facet normal 0.514271647575395 -0.8576273505977048 0.000002617271965810243
    outer loop
      vertex 64.71353149414062 17.07757568359375 1
      vertex 65.55514526367188 17.582244873046875 1
      vertex 64.71353149414062 17.077590942382812 5.999998092651367
    endloop
  endfacet
  facet normal 0.5952725447763224 -0.8035238623896046 0.000002452161160002898
    outer loop
      vertex 65.55514526367188 17.582244873046875 1
      vertex 66.34365844726562 18.166397094726562 1
      vertex 65.55514526367188 17.582260131835938 5.999998092651367
    endloop
  endfacet
  facet normal 0.6711628843842851 -0.7413099099735325 0
    outer loop
      vertex 66.34365844726562 18.166397094726562 1
      vertex 67.07107543945312 18.824981689453125 1
      vertex 66.34365844726562 18.166397094726562 5.999998092651367
    endloop
  endfacet
  facet normal 0.7413021731551295 -0.6711714297223045 0
    outer loop
      vertex 67.07107543945312 18.824981689453125 1
      vertex 67.72967529296875 19.552398681640625 1
      vertex 67.07107543945312 18.824981689453125 5.999996185302734
    endloop
  endfacet
  facet normal 0.8036535953764115 -0.5950973858414006 0.0000018160944820099522
    outer loop
      vertex 67.72967529296875 19.552398681640625 1
      vertex 68.31362915039062 20.34100341796875 1
      vertex 67.72967529296875 19.552413940429688 5.999996185302734
    endloop
  endfacet
  facet normal 0.857724700372693 -0.5141092669565237 0
    outer loop
      vertex 68.31362915039062 20.34100341796875 1
      vertex 68.81814575195312 21.182723999023438 1
      vertex 68.31362915039062 20.34100341796875 5.999996185302734
    endloop
  endfacet
  facet normal 0.9036757699101412 -0.42821735471289996 0
    outer loop
      vertex 68.81814575195312 21.182723999023438 1
      vertex 69.23834228515625 22.069473266601562 1
      vertex 68.81814575195312 21.182723999023438 5.999994277954102
    endloop
  endfacet
  facet normal 0.9413588819600124 -0.33740695807140014 0
    outer loop
      vertex 69.23834228515625 22.069473266601562 1
      vertex 69.56942749023438 22.993194580078125 1
      vertex 69.23834228515625 22.069473266601562 5.999994277954102
    endloop
  endfacet
  facet normal 0 0 -1
    outer loop
      vertex 68.45724487304688 22.81787109375 0
      vertex 59.649566650390625 23.260116577148438 0
      vertex 60.076324462890625 24.2904052734375 0
    endloop
  endfacet
  facet normal 0 0 -1
    outer loop
      vertex 60.076324462890625 24.2904052734375 0
      vertex 60.221893310546875 25.396041870117188 0
      vertex 68.86328125 24.333221435546875 0
    endloop
  endfacet
  facet normal 0 0 -1
    outer loop
      vertex 60.221893310546875 25.396041870117188 0
      vertex 60.076324462890625 26.501678466796875 0
      vertex 69.00003051757812 25.896041870117188 0
    endloop
  endfacet
  facet normal 0 0 -1
    outer loop
      vertex 60.076324462890625 26.501678466796875 0
      vertex 59.649566650390625 27.531967163085938 0
      vertex 69.00003051757812 25.896041870117188 0
    endloop
  endfacet
  facet normal 0 0 -1
    outer loop
      vertex 58.970703125 28.416702270507812 0
      vertex 69.00003051757812 25.896041870117188 0
      vertex 59.649566650390625 27.531967163085938 0
    endloop
  endfacet
  facet normal 0 0 -1
    outer loop
      vertex 58.085968017578125 29.0955810546875 0
      vertex 69.00003051757812 25.896041870117188 0
      vertex 58.970703125 28.416702270507812 0
    endloop
  endfacet
  facet normal 0 0 -1
    outer loop
      vertex 68.45724487304688 22.81787109375 0
      vertex 60.076324462890625 24.2904052734375 0
      vertex 68.86328125 24.333221435546875 0
    endloop
  endfacet
  facet normal 0 0 -1
    outer loop
      vertex 60.221893310546875 25.396041870117188 0
      vertex 69.00003051757812 25.896041870117188 0
      vertex 68.86328125 24.333221435546875 0
    endloop
  endfacet
  facet normal 0.27671293240186123 -0.09918151914900063 -0.955820579031891
    outer loop
      vertex 68.67242431640625 22.303909301757812 0.07820701599121094
      vertex 68.80154418945312 23.226119995117188 0.019893646240234375
      vertex 68.98321533203125 23.171005249023438 0.07820701599121094
    endloop
  endfacet
  facet normal 0.08436281405453451 -0.022604918759351156 -0.9961786653270002
    outer loop
      vertex 68.45724487304688 22.81787109375 0
      vertex 68.86328125 24.333221435546875 0
      vertex 68.80154418945312 23.226119995117188 0.019893646240234375
    endloop
  endfacet
  facet normal 0.09194302991840812 -0.023015399981666972 -0.9954982524410109
    outer loop
      vertex 68.80154418945312 23.226119995117188 0.019893646240234375
      vertex 68.86328125 24.333221435546875 0
      vertex 69.02072143554688 24.101699829101562 0.019893646240234375
    endloop
  endfacet
  facet normal 0.2851480286428935 -0.07137893909983134 -0.9558219754818646
    outer loop
      vertex 68.80154418945312 23.226119995117188 0.019893646240234375
      vertex 69.02072143554688 24.101699829101562 0.019893646240234375
      vertex 68.98321533203125 23.171005249023438 0.07820701599121094
    endloop
  endfacet
  facet normal 0.4310431446310395 -0.107882225420923 -0.8958589358290813
    outer loop
      vertex 68.98321533203125 23.171005249023438 0.07820701599121094
      vertex 69.20687866210938 24.064651489257812 0.07820701599121094
      vertex 69.0909423828125 23.138336181640625 0.1339740753173828
    endloop
  endfacet
  facet normal 0.41829356864378925 -0.14991683394282457 -0.8958545826928627
    outer loop
      vertex 68.77642822265625 22.260787963867188 0.1339740753173828
      vertex 68.98321533203125 23.171005249023438 0.07820701599121094
      vertex 69.0909423828125 23.138336181640625 0.1339740753173828
    endloop
  endfacet
  facet normal 0.5672412487930804 -0.14198976137768715 -0.8112190045429003
    outer loop
      vertex 69.0909423828125 23.138336181640625 0.1339740753173828
      vertex 69.31732177734375 24.042709350585938 0.1339740753173828
      vertex 69.24514770507812 23.091583251953125 0.2499847412109375
    endloop
  endfacet
  facet normal 0.28519871644954886 -0.07138002912470524 -0.9558067710461599
    outer loop
      vertex 68.98321533203125 23.171005249023438 0.07820701599121094
      vertex 69.02072143554688 24.101699829101562 0.019893646240234375
      vertex 69.20687866210938 24.064651489257812 0.07820701599121094
    endloop
  endfacet
  facet normal 0.29081841822619203 -0.0431401693646537 -0.9558051963698484
    outer loop
      vertex 69.02072143554688 24.101699829101562 0.019893646240234375
      vertex 69.15316772460938 24.994552612304688 0.019893646240234375
      vertex 69.20687866210938 24.064651489257812 0.07820701599121094
    endloop
  endfacet
  facet normal 0.4394281467683068 -0.06518984947787618 -0.8959091401212643
    outer loop
      vertex 69.20687866210938 24.064651489257812 0.07820701599121094
      vertex 69.34207153320312 24.9759521484375 0.07820701599121094
      vertex 69.31732177734375 24.042709350585938 0.1339740753173828
    endloop
  endfacet
  facet normal 0.43094675042291286 -0.10787301944143372 -0.8959064180909296
    outer loop
      vertex 69.0909423828125 23.138336181640625 0.1339740753173828
      vertex 69.20687866210938 24.064651489257812 0.07820701599121094
      vertex 69.31732177734375 24.042709350585938 0.1339740753173828
    endloop
  endfacet
  facet normal 0.5672437351943624 -0.1419897384798683 -0.8112172699401602
    outer loop
      vertex 69.31732177734375 24.042709350585938 0.1339740753173828
      vertex 69.47537231445312 24.011322021484375 0.2499847412109375
      vertex 69.24514770507812 23.091583251953125 0.2499847412109375
    endloop
  endfacet
  facet normal 0.5784056054808487 -0.0858081085881379 -0.8112237200975199
    outer loop
      vertex 69.31732177734375 24.042709350585938 0.1339740753173828
      vertex 69.45413208007812 24.96490478515625 0.1339740753173828
      vertex 69.47537231445312 24.011322021484375 0.2499847412109375
    endloop
  endfacet
  facet normal 0.7107606359912629 -0.17791420259864912 -0.6805628955790805
    outer loop
      vertex 69.24514770507812 23.091583251953125 0.2499847412109375
      vertex 69.47537231445312 24.011322021484375 0.2499847412109375
      vertex 69.37457275390625 23.052322387695312 0.395416259765625
    endloop
  endfacet
  facet normal 0.7246643462579099 -0.10749394159119854 -0.6806663189726551
    outer loop
      vertex 69.47537231445312 24.011322021484375 0.2499847412109375
      vertex 69.61447143554688 24.949050903320312 0.2499847412109375
      vertex 69.60806274414062 23.984954833984375 0.395416259765625
    endloop
  endfacet
  facet normal 0.7106648658162815 -0.17791910761801574 -0.6806616190433654
    outer loop
      vertex 69.37457275390625 23.052322387695312 0.395416259765625
      vertex 69.47537231445312 24.011322021484375 0.2499847412109375
      vertex 69.60806274414062 23.984954833984375 0.395416259765625
    endloop
  endfacet
  facet normal 0.10316364029403949 -0.015303353005302368 -0.994546665927787
    outer loop
      vertex 68.86328125 24.333221435546875 0
      vertex 69.15316772460938 24.994552612304688 0.019893646240234375
      vertex 69.02072143554688 24.101699829101562 0.019893646240234375
    endloop
  endfacet
  facet normal 0.2908042139565123 -0.04314125773411749 -0.9558094689980077
    outer loop
      vertex 69.20687866210938 24.064651489257812 0.07820701599121094
      vertex 69.15316772460938 24.994552612304688 0.019893646240234375
      vertex 69.34207153320312 24.9759521484375 0.07820701599121094
    endloop
  endfacet
  facet normal 0.08542564471534261 -0.007474879447954038 -0.9963165086468289
    outer loop
      vertex 68.86328125 24.333221435546875 0
      vertex 69.00003051757812 25.896041870117188 0
      vertex 69.15316772460938 24.994552612304688 0.019893646240234375
    endloop
  endfacet
  facet normal 0.4394244428439849 -0.06518985976370714 -0.8959109560750118
    outer loop
      vertex 69.31732177734375 24.042709350585938 0.1339740753173828
      vertex 69.34207153320312 24.9759521484375 0.07820701599121094
      vertex 69.45413208007812 24.96490478515625 0.1339740753173828
    endloop
  endfacet
  facet normal 0.5784432269377907 -0.08580405917768937 -0.8111973228742974
    outer loop
      vertex 69.47537231445312 24.011322021484375 0.2499847412109375
      vertex 69.45413208007812 24.96490478515625 0.1339740753173828
      vertex 69.61447143554688 24.949050903320312 0.2499847412109375
    endloop
  endfacet
  facet normal 0.13052103495199527 0.0002930270824731222 -0.9914454970245157
    outer loop
      vertex 69.15316772460938 24.994552612304688 0.019893646240234375
      vertex 69.00003051757812 25.896041870117188 0
      vertex 69.25885009765625 25.896041870117188 0.0340728759765625
    endloop
  endfacet
  facet normal 0.2931659167320629 -0.019333591521085807 -0.9558660771810793
    outer loop
      vertex 69.15316772460938 24.994552612304688 0.019893646240234375
      vertex 69.25885009765625 25.896041870117188 0.0340728759765625
      vertex 69.34207153320312 24.9759521484375 0.07820701599121094
    endloop
  endfacet
  facet normal 0.38266868675397003 -0.009701676213587165 -0.9238347003964718
    outer loop
      vertex 69.34207153320312 24.9759521484375 0.07820701599121094
      vertex 69.25885009765625 25.896041870117188 0.0340728759765625
      vertex 69.50003051757812 25.896041870117188 0.1339740753173828
    endloop
  endfacet
  facet normal 0.4436949787412583 -0.021871007588183226 -0.8959109469511308
    outer loop
      vertex 69.34207153320312 24.9759521484375 0.07820701599121094
      vertex 69.50003051757812 25.896041870117188 0.1339740753173828
      vertex 69.45413208007812 24.96490478515625 0.1339740753173828
    endloop
  endfacet
  facet normal 0.5840746501883568 -0.02879072723016858 -0.8111891869551188
    outer loop
      vertex 69.45413208007812 24.96490478515625 0.1339740753173828
      vertex 69.50003051757812 25.896041870117188 0.1339740753173828
      vertex 69.61447143554688 24.949050903320312 0.2499847412109375
    endloop
  endfacet
  facet normal 0.7247138875739699 -0.10748649156610386 -0.680614748068416
    outer loop
      vertex 69.60806274414062 23.984954833984375 0.395416259765625
      vertex 69.61447143554688 24.949050903320312 0.2499847412109375
      vertex 69.74908447265625 24.935775756835938 0.395416259765625
    endloop
  endfacet
  facet normal 0.6086179596213698 -0.023610214671408787 -0.7931120582802224
    outer loop
      vertex 69.50003051757812 25.896041870117188 0.1339740753173828
      vertex 69.70712280273438 25.896041870117188 0.2928924560546875
      vertex 69.61447143554688 24.949050903320312 0.2499847412109375
    endloop
  endfacet
  facet normal 0.7314117277834631 -0.04071652143036574 -0.6807195085667956
    outer loop
      vertex 69.61447143554688 24.949050903320312 0.2499847412109375
      vertex 69.70712280273438 25.896041870117188 0.2928924560546875
      vertex 69.74908447265625 24.935775756835938 0.395416259765625
    endloop
  endfacet
  facet normal 0.7929584078911988 -0.03031870277217079 -0.6085209442713274
    outer loop
      vertex 69.74908447265625 24.935775756835938 0.395416259765625
      vertex 69.70712280273438 25.896041870117188 0.2928924560546875
      vertex 69.86605834960938 25.896041870117188 0.5
    endloop
  endfacet
  facet normal 0.8270991351631947 -0.20706910826503502 -0.5225221574389152
    outer loop
      vertex 69.37457275390625 23.052322387695312 0.395416259765625
      vertex 69.60806274414062 23.984954833984375 0.395416259765625
      vertex 69.47390747070312 23.02215576171875 0.5646076202392578
    endloop
  endfacet
  facet normal 0.9113169766978708 -0.22808746196359717 -0.3427498762614757
    outer loop
      vertex 69.47390747070312 23.02215576171875 0.5646076202392578
      vertex 69.70977783203125 23.964569091796875 0.5646076202392578
      vertex 69.53909301757812 23.002334594726562 0.7511157989501953
    endloop
  endfacet
  facet normal 0.8272568870787745 -0.20704862148997277 -0.522280490847435
    outer loop
      vertex 69.60806274414062 23.984954833984375 0.395416259765625
      vertex 69.70977783203125 23.964569091796875 0.5646076202392578
      vertex 69.47390747070312 23.02215576171875 0.5646076202392578
    endloop
  endfacet
  facet normal 0.843581353615547 -0.12511641022122005 -0.5222225423375716
    outer loop
      vertex 69.60806274414062 23.984954833984375 0.395416259765625
      vertex 69.74908447265625 24.935775756835938 0.395416259765625
      vertex 69.70977783203125 23.964569091796875 0.5646076202392578
    endloop
  endfacet
  facet normal 0.9294376604477428 -0.13786715189344384 -0.3422547059869547
    outer loop
      vertex 69.70977783203125 23.964569091796875 0.5646076202392578
      vertex 69.85235595703125 24.925765991210938 0.5646076202392578
      vertex 69.77645874023438 23.951095581054688 0.7511157989501953
    endloop
  endfacet
  facet normal 0.9623521400903652 -0.24076602481980314 -0.1261351646289183
    outer loop
      vertex 69.53909301757812 23.002334594726562 0.7511157989501953
      vertex 69.77645874023438 23.951095581054688 0.7511157989501953
      vertex 69.56942749023438 22.993194580078125 1
    endloop
  endfacet
  facet normal 0.9114800558351601 -0.22803859481764854 -0.34234851699448854
    outer loop
      vertex 69.70977783203125 23.964569091796875 0.5646076202392578
      vertex 69.77645874023438 23.951095581054688 0.7511157989501953
      vertex 69.53909301757812 23.002334594726562 0.7511157989501953
    endloop
  endfacet
  facet normal 0.9812207059751652 -0.1455756501040172 -0.1265450760100575
    outer loop
      vertex 69.77645874023438 23.951095581054688 0.7511157989501953
      vertex 69.92010498046875 24.9193115234375 0.7511157989501953
      vertex 69.80767822265625 23.945175170898438 1
    endloop
  endfacet
  facet normal 0.8435409493994543 -0.12512575415027863 -0.5222855658876582
    outer loop
      vertex 69.74908447265625 24.935775756835938 0.395416259765625
      vertex 69.85235595703125 24.925765991210938 0.5646076202392578
      vertex 69.70977783203125 23.964569091796875 0.5646076202392578
    endloop
  endfacet
  facet normal 0.8513886585112461 -0.04681124480954322 -0.5224423982773619
    outer loop
      vertex 69.74908447265625 24.935775756835938 0.395416259765625
      vertex 69.86605834960938 25.896041870117188 0.5
      vertex 69.85235595703125 24.925765991210938 0.5646076202392578
    endloop
  endfacet
  facet normal 0.9232165512281585 -0.038497092998999984 -0.38234692802350534
    outer loop
      vertex 69.85235595703125 24.925765991210938 0.5646076202392578
      vertex 69.86605834960938 25.896041870117188 0.5
      vertex 69.9659423828125 25.896041870117188 0.741180419921875
    endloop
  endfacet
  facet normal 0.9293913283207146 -0.13788615140042562 -0.34237284952845887
    outer loop
      vertex 69.77645874023438 23.951095581054688 0.7511157989501953
      vertex 69.85235595703125 24.925765991210938 0.5646076202392578
      vertex 69.92010498046875 24.9193115234375 0.7511157989501953
    endloop
  endfacet
  facet normal 0.9383195047824014 -0.04751862532731651 -0.3424886672459558
    outer loop
      vertex 69.85235595703125 24.925765991210938 0.5646076202392578
      vertex 69.9659423828125 25.896041870117188 0.741180419921875
      vertex 69.92010498046875 24.9193115234375 0.7511157989501953
    endloop
  endfacet
  facet normal 0.990304632252781 -0.04780117238788256 -0.13042922700464055
    outer loop
      vertex 69.92010498046875 24.9193115234375 0.7511157989501953
      vertex 69.9659423828125 25.896041870117188 0.741180419921875
      vertex 70.00003051757812 25.896041870117188 1
    endloop
  endfacet
  facet normal 0.13052104055558156 0 -0.9914455395896884
    outer loop
      vertex 69.00003051757812 25.896041870117188 0
      vertex 69.25885009765625 30.896041870117188 0.0340728759765625
      vertex 69.25885009765625 25.896041870117188 0.0340728759765625
    endloop
  endfacet
  facet normal 0.3826866968961701 0 -0.9238781802914813
    outer loop
      vertex 69.25885009765625 25.896041870117188 0.0340728759765625
      vertex 69.25885009765625 30.896041870117188 0.0340728759765625
      vertex 69.50003051757812 25.896041870117188 0.1339740753173828
    endloop
  endfacet
  facet normal 0.6087876652538752 0 -0.7933332078230027
    outer loop
      vertex 69.50003051757812 25.896041870117188 0.1339740753173828
      vertex 69.50003051757812 30.896041870117188 0.1339740753173828
      vertex 69.70712280273438 25.896041870117188 0.2928924560546875
    endloop
  endfacet
  facet normal 0.7933231124400827 0 -0.6088008206863553
    outer loop
      vertex 69.70712280273438 25.896041870117188 0.2928924560546875
      vertex 69.70712280273438 30.896041870117188 0.2928924560546875
      vertex 69.86605834960938 25.896041870117188 0.5
    endloop
  endfacet
  facet normal 0.9239014281208124 0 -0.38263056740977086
    outer loop
      vertex 69.86605834960938 25.896041870117188 0.5
      vertex 69.86605834960938 30.896041870117188 0.5
      vertex 69.9659423828125 25.896041870117188 0.741180419921875
    endloop
  endfacet
  facet normal 0.9914379741624648 0 -0.13057849512315448
    outer loop
      vertex 69.9659423828125 25.896041870117188 0.741180419921875
      vertex 69.9659423828125 30.896041870117188 0.741180419921875
      vertex 70.00003051757812 25.896041870117188 1
    endloop
  endfacet
  facet normal 0.9622959193378582 -0.24083233397780568 -0.1264371406530089
    outer loop
      vertex 69.77645874023438 23.951095581054688 0.7511157989501953
      vertex 69.80767822265625 23.945175170898438 1
      vertex 69.56942749023438 22.993194580078125 1
    endloop
  endfacet
  facet normal 0.9812239194177896 -0.14557101641801876 -0.126525488109771
    outer loop
      vertex 69.92010498046875 24.9193115234375 0.7511157989501953
      vertex 69.95169067382812 24.9158935546875 1
      vertex 69.80767822265625 23.945175170898438 1
    endloop
  endfacet
  facet normal 0.990773934736226 -0.048863887681861354 -0.126409377531538
    outer loop
      vertex 69.92010498046875 24.9193115234375 0.7511157989501953
      vertex 70.00003051757812 25.896041870117188 1
      vertex 69.95169067382812 24.9158935546875 1
    endloop
  endfacet
  facet normal 0.3826866968961701 0 -0.9238781802914813
    outer loop
      vertex 69.50003051757812 25.896041870117188 0.1339740753173828
      vertex 69.25885009765625 30.896041870117188 0.0340728759765625
      vertex 69.50003051757812 30.896041870117188 0.1339740753173828
    endloop
  endfacet
  facet normal 0.6087876652538752 0 -0.7933332078230027
    outer loop
      vertex 69.70712280273438 25.896041870117188 0.2928924560546875
      vertex 69.50003051757812 30.896041870117188 0.1339740753173828
      vertex 69.70712280273438 30.896041870117188 0.2928924560546875
    endloop
  endfacet
  facet normal 0.7933231124400827 0 -0.6088008206863553
    outer loop
      vertex 69.86605834960938 25.896041870117188 0.5
      vertex 69.70712280273438 30.896041870117188 0.2928924560546875
      vertex 69.86605834960938 30.896041870117188 0.5
    endloop
  endfacet
  facet normal 0.13052104055558156 0 -0.9914455395896884
    outer loop
      vertex 69.00003051757812 25.896041870117188 0
      vertex 69.25885009765625 35.89604187011719 0.0340728759765625
      vertex 69.25885009765625 30.896041870117188 0.0340728759765625
    endloop
  endfacet
  facet normal 0.9239014281208124 0 -0.38263056740977086
    outer loop
      vertex 69.9659423828125 25.896041870117188 0.741180419921875
      vertex 69.86605834960938 30.896041870117188 0.5
      vertex 69.9659423828125 30.896041870117188 0.741180419921875
    endloop
  endfacet
  facet normal 0.9914379741624648 0 -0.13057849512315448
    outer loop
      vertex 70.00003051757812 25.896041870117188 1
      vertex 69.9659423828125 30.896041870117188 0.741180419921875
      vertex 69.9659423828125 35.89604187011719 0.741180419921875
    endloop
  endfacet
  facet normal 0.3826866968961701 0 -0.9238781802914813
    outer loop
      vertex 69.25885009765625 30.896041870117188 0.0340728759765625
      vertex 69.25885009765625 35.89604187011719 0.0340728759765625
      vertex 69.50003051757812 30.896041870117188 0.1339740753173828
    endloop
  endfacet
  facet normal 0.6087876652538752 0 -0.7933332078230027
    outer loop
      vertex 69.50003051757812 30.896041870117188 0.1339740753173828
      vertex 69.50003051757812 35.89604187011719 0.1339740753173828
      vertex 69.70712280273438 30.896041870117188 0.2928924560546875
    endloop
  endfacet
  facet normal 0.7933231124400827 0 -0.6088008206863553
    outer loop
      vertex 69.70712280273438 30.896041870117188 0.2928924560546875
      vertex 69.70712280273438 35.89604187011719 0.2928924560546875
      vertex 69.86605834960938 30.896041870117188 0.5
    endloop
  endfacet
  facet normal 0.13052104055558156 0 -0.9914455395896884
    outer loop
      vertex 69.00003051757812 25.896041870117188 0
      vertex 69.25885009765625 40.89604187011719 0.0340728759765625
      vertex 69.25885009765625 35.89604187011719 0.0340728759765625
    endloop
  endfacet
  facet normal 0.3826866968961701 0 -0.9238781802914813
    outer loop
      vertex 69.50003051757812 30.896041870117188 0.1339740753173828
      vertex 69.25885009765625 35.89604187011719 0.0340728759765625
      vertex 69.50003051757812 35.89604187011719 0.1339740753173828
    endloop
  endfacet
  facet normal 0.6087876652538752 0 -0.7933332078230027
    outer loop
      vertex 69.70712280273438 30.896041870117188 0.2928924560546875
      vertex 69.50003051757812 35.89604187011719 0.1339740753173828
      vertex 69.70712280273438 35.89604187011719 0.2928924560546875
    endloop
  endfacet
  facet normal 0.7933231124400827 0 -0.6088008206863553
    outer loop
      vertex 69.86605834960938 30.896041870117188 0.5
      vertex 69.70712280273438 35.89604187011719 0.2928924560546875
      vertex 69.86605834960938 35.89604187011719 0.5
    endloop
  endfacet
  facet normal 0.9239014281208124 0 -0.38263056740977086
    outer loop
      vertex 69.86605834960938 30.896041870117188 0.5
      vertex 69.86605834960938 35.89604187011719 0.5
      vertex 69.9659423828125 30.896041870117188 0.741180419921875
    endloop
  endfacet
  facet normal 0.9239014281208124 0 -0.38263056740977086
    outer loop
      vertex 69.9659423828125 30.896041870117188 0.741180419921875
      vertex 69.86605834960938 35.89604187011719 0.5
      vertex 69.9659423828125 35.89604187011719 0.741180419921875
    endloop
  endfacet
  facet normal 0.9914379741624648 0 -0.13057849512315448
    outer loop
      vertex 70.00003051757812 25.896041870117188 1
      vertex 69.9659423828125 35.89604187011719 0.741180419921875
      vertex 69.9659423828125 40.89604187011719 0.741180419921875
    endloop
  endfacet
  facet normal -0.921869699257574 0.38184937647303546 0.06593414349109324
    outer loop
      vertex 59.649566650390625 23.260116577148438 0
      vertex 60.3436123374347 23.728730739717932 6.99
      vertex 60.076324462890625 24.2904052734375 0
    endloop
  endfacet
  facet normal -0.9892687411934828 0.13024777861943757 0.06620327682346196
    outer loop
      vertex 60.076324462890625 24.2904052734375 0
      vertex 60.61498329524835 24.82874412855265 6.99
      vertex 60.221893310546875 25.396041870117188 0
    endloop
  endfacet
  facet normal -0.9892687400120581 -0.1302477784638904 0.06620329478338939
    outer loop
      vertex 60.221893310546875 25.396041870117188 0
      vertex 60.61498344202147 25.96333946499579 6.99
      vertex 60.076324462890625 26.501678466796875 0
    endloop
  endfacet
  facet normal -0.6074892737579335 -0.7916981652701107 0.06458171085531156
    outer loop
      vertex 58.085968017578125 29.0955810546875 0
      vertex 58.970703125 28.416702270507812 0
      vertex 59.06531223172038 28.9143062294759 6.99
    endloop
  endfacet
  facet normal -0.9218696970735714 -0.38184937556839565 0.06593417926620368
    outer loop
      vertex 60.076324462890625 26.501678466796875 0
      vertex 60.3436127156602 27.06335274514157 6.99
      vertex 59.649566650390625 27.531967163085938 0
    endloop
  endfacet
  facet normal -0.7916628322272072 -0.607448508257536 0.06539319449064081
    outer loop
      vertex 58.970703125 28.416702270507812 0
      vertex 59.649566650390625 27.531967163085938 0
      vertex 59.816845311572294 28.06644889510737 6.99
    endloop
  endfacet
  facet normal -0.13028357206168384 -0.9895269459586465 0.06214993220110427
    outer loop
      vertex 55.950042724609375 29.66790771484375 0
      vertex 57.0556640625 29.5223388671875 0
      vertex 57.07319423817556 29.95905676955971 6.99
    endloop
  endfacet
  facet normal -0.3819049978916471 -0.9220176368578302 0.06349842445670074
    outer loop
      vertex 58.085968017578125 29.0955810546875 0
      vertex 58.13267786737454 29.557627814786525 6.99
      vertex 57.0556640625 29.5223388671875 0
    endloop
  endfacet
  facet normal 0.9700811881642842 -0.24278074134858926 0
    outer loop
      vertex 69.56942749023438 22.993194580078125 1
      vertex 69.80767822265625 23.945175170898438 1
      vertex 69.56942749023438 22.993194580078125 5.999992370605469
    endloop
  endfacet
  facet normal 0.9891735545255292 -0.14675039702613996 0
    outer loop
      vertex 69.80767822265625 23.945175170898438 1
      vertex 69.95169067382812 24.9158935546875 1
      vertex 69.80767822265625 23.945175170898438 5.999990463256836
    endloop
  endfacet
  facet normal 0.9987860368426621 -0.049259035801627674 1.5032693406970662e-7
    outer loop
      vertex 69.95169067382812 24.9158935546875 1
      vertex 70.00003051757812 25.896041870117188 1
      vertex 69.95169067382812 24.915908813476562 5.999990463256836
    endloop
  endfacet
  facet normal 0.13027129404480314 0.9894336922227677 0.06364242800454811
    outer loop
      vertex 34.944427490234375 21.269744873046875 0
      vertex 35.028231008096576 20.809099790863243 6.99
      vertex 35.02980956466735 20.808891954189786 6.99
    endloop
  endfacet
  facet normal 0.10914805265773167 0.9921715055466327 0.06068283268234176
    outer loop
      vertex 36.050048828125 21.124176025390625 0
      vertex 35.02980956466735 20.808891954189786 6.99
      vertex 36.050048828125 20.696656188267433 6.99
    endloop
  endfacet
  facet normal 1.0031154336008752e-18 0.998134858265518 0.06104756109193918
    outer loop
      vertex 36.050048828125 21.124176025390625 0
      vertex 36.050048828125 20.696656188267433 6.99
      vertex 55.950042724609375 20.696656188267433 6.99
    endloop
  endfacet
  facet normal 0 -0.9238807634942465 0.3826804604958137
    outer loop
      vertex 32.45001220703125 16.030029296875 6.5
      vertex 37.96002197265625 15.930130004882812 6.258819580078125
      vertex 37.96002197265625 16.030029296875 6.5
    endloop
  endfacet
  facet normal 0 -0.7933513418582181 0.6087640334084832
    outer loop
      vertex 32.45001220703125 16.188949584960938 6.7071075439453125
      vertex 37.96002197265625 16.030029296875 6.5
      vertex 37.96002197265625 16.188949584960938 6.7071075439453125
    endloop
  endfacet
  facet normal 0 -0.6087594347226258 0.793354870556795
    outer loop
      vertex 32.45001220703125 16.39605712890625 6.866025924682617
      vertex 37.96002197265625 16.188949584960938 6.7071075439453125
      vertex 37.96002197265625 16.39605712890625 6.866025924682617
    endloop
  endfacet
  facet normal 0 -0.9238807634942465 0.3826804604958137
    outer loop
      vertex 37.96002197265625 15.930130004882812 6.258819580078125
      vertex 43.47003173828125 15.930130004882812 6.258819580078125
      vertex 37.96002197265625 16.030029296875 6.5
    endloop
  endfacet
  facet normal 0 -0.9914455395896884 0.13052104055558156
    outer loop
      vertex 32.45001220703125 15.930130004882812 6.258819580078125
      vertex 60.000030517578125 15.89605712890625 6
      vertex 37.96002197265625 15.930130004882812 6.258819580078125
    endloop
  endfacet
  facet normal 0 -0.9238807634942465 0.3826804604958137
    outer loop
      vertex 37.96002197265625 16.030029296875 6.5
      vertex 43.47003173828125 15.930130004882812 6.258819580078125
      vertex 43.47003173828125 16.030029296875 6.5
    endloop
  endfacet
  facet normal 0 -0.7933513418582181 0.6087640334084832
    outer loop
      vertex 37.96002197265625 16.030029296875 6.5
      vertex 43.47003173828125 16.030029296875 6.5
      vertex 37.96002197265625 16.188949584960938 6.7071075439453125
    endloop
  endfacet
  facet normal 0 -0.6087594347226258 0.793354870556795
    outer loop
      vertex 37.96002197265625 16.188949584960938 6.7071075439453125
      vertex 43.47003173828125 16.188949584960938 6.7071075439453125
      vertex 37.96002197265625 16.39605712890625 6.866025924682617
    endloop
  endfacet
  facet normal 0 -0.7933513418582181 0.6087640334084832
    outer loop
      vertex 37.96002197265625 16.188949584960938 6.7071075439453125
      vertex 43.47003173828125 16.030029296875 6.5
      vertex 43.47003173828125 16.188949584960938 6.7071075439453125
    endloop
  endfacet
  facet normal 0 -0.6087594347226258 0.793354870556795
    outer loop
      vertex 37.96002197265625 16.39605712890625 6.866025924682617
      vertex 43.47003173828125 16.188949584960938 6.7071075439453125
      vertex 43.47003173828125 16.39605712890625 6.866025924682617
    endloop
  endfacet
  facet normal 0 -0.3826804604958137 0.9238807634942465
    outer loop
      vertex 32.45001220703125 16.637237548828125 6.965925216674805
      vertex 37.96002197265625 16.39605712890625 6.866025924682617
      vertex 37.96002197265625 16.637237548828125 6.965925216674805
    endloop
  endfacet
  facet normal 0 -0.13052822244845202 0.9914445940870562
    outer loop
      vertex 4.9000244140625 16.820100789695505 6.99
      vertex 48.980010986328125 16.637237548828125 6.965925216674805
      vertex 60.000030517578125 16.820100789695505 6.99
    endloop
  endfacet
  facet normal 0 -0.3826804604958137 0.9238807634942465
    outer loop
      vertex 37.96002197265625 16.39605712890625 6.866025924682617
      vertex 43.47003173828125 16.39605712890625 6.866025924682617
      vertex 37.96002197265625 16.637237548828125 6.965925216674805
    endloop
  endfacet
  facet normal 0 -0.3826804604958137 0.9238807634942465
    outer loop
      vertex 43.47003173828125 16.39605712890625 6.866025924682617
      vertex 43.47003173828125 16.637237548828125 6.965925216674805
      vertex 37.96002197265625 16.637237548828125 6.965925216674805
    endloop
  endfacet
  facet normal 0 -0.9238807634942464 0.3826804604958137
    outer loop
      vertex 43.47003173828125 15.930130004882812 6.258819580078125
      vertex 48.980010986328125 15.930130004882812 6.258819580078125
      vertex 43.47003173828125 16.030029296875 6.5
    endloop
  endfacet
  facet normal 0 -0.9914455395896884 0.13052104055558156
    outer loop
      vertex 37.96002197265625 15.930130004882812 6.258819580078125
      vertex 60.000030517578125 15.89605712890625 6
      vertex 43.47003173828125 15.930130004882812 6.258819580078125
    endloop
  endfacet
  facet normal 0 -0.9238807634942464 0.3826804604958137
    outer loop
      vertex 43.47003173828125 16.030029296875 6.5
      vertex 48.980010986328125 15.930130004882812 6.258819580078125
      vertex 48.980010986328125 16.030029296875 6.5
    endloop
  endfacet
  facet normal 0 -0.7933513418582181 0.6087640334084832
    outer loop
      vertex 43.47003173828125 16.030029296875 6.5
      vertex 48.980010986328125 16.030029296875 6.5
      vertex 43.47003173828125 16.188949584960938 6.7071075439453125
    endloop
  endfacet
  facet normal 0 -0.6087594347226258 0.7933548705567951
    outer loop
      vertex 43.47003173828125 16.188949584960938 6.7071075439453125
      vertex 48.980010986328125 16.188949584960938 6.7071075439453125
      vertex 43.47003173828125 16.39605712890625 6.866025924682617
    endloop
  endfacet
  facet normal 0 -0.7933513418582181 0.6087640334084832
    outer loop
      vertex 43.47003173828125 16.188949584960938 6.7071075439453125
      vertex 48.980010986328125 16.030029296875 6.5
      vertex 48.980010986328125 16.188949584960938 6.7071075439453125
    endloop
  endfacet
  facet normal 0 -0.6087594347226258 0.7933548705567951
    outer loop
      vertex 43.47003173828125 16.39605712890625 6.866025924682617
      vertex 48.980010986328125 16.188949584960938 6.7071075439453125
      vertex 48.980010986328125 16.39605712890625 6.866025924682617
    endloop
  endfacet
  facet normal 0 -0.9914455395896884 0.13052104055558153
    outer loop
      vertex 43.47003173828125 15.930130004882812 6.258819580078125
      vertex 60.000030517578125 15.89605712890625 6
      vertex 48.980010986328125 15.930130004882812 6.258819580078125
    endloop
  endfacet
  facet normal 0 -0.9238807634942465 0.3826804604958137
    outer loop
      vertex 48.980010986328125 15.930130004882812 6.258819580078125
      vertex 54.490020751953125 15.930130004882812 6.258819580078125
      vertex 48.980010986328125 16.030029296875 6.5
    endloop
  endfacet
  facet normal 0 -0.7933513418582181 0.6087640334084832
    outer loop
      vertex 48.980010986328125 16.030029296875 6.5
      vertex 54.490020751953125 16.030029296875 6.5
      vertex 48.980010986328125 16.188949584960938 6.7071075439453125
    endloop
  endfacet
  facet normal 0 -0.6087594347226258 0.793354870556795
    outer loop
      vertex 48.980010986328125 16.188949584960938 6.7071075439453125
      vertex 54.490020751953125 16.188949584960938 6.7071075439453125
      vertex 48.980010986328125 16.39605712890625 6.866025924682617
    endloop
  endfacet
  facet normal 0 -0.3826804604958137 0.9238807634942464
    outer loop
      vertex 43.47003173828125 16.39605712890625 6.866025924682617
      vertex 48.980010986328125 16.39605712890625 6.866025924682617
      vertex 43.47003173828125 16.637237548828125 6.965925216674805
    endloop
  endfacet
  facet normal 0 -0.3826804604958137 0.9238807634942464
    outer loop
      vertex 43.47003173828125 16.637237548828125 6.965925216674805
      vertex 48.980010986328125 16.39605712890625 6.866025924682617
      vertex 48.980010986328125 16.637237548828125 6.965925216674805
    endloop
  endfacet
  facet normal 0 -0.3826804604958137 0.9238807634942465
    outer loop
      vertex 48.980010986328125 16.39605712890625 6.866025924682617
      vertex 54.490020751953125 16.39605712890625 6.866025924682617
      vertex 48.980010986328125 16.637237548828125 6.965925216674805
    endloop
  endfacet
  facet normal 0.1302712933264022 -0.9894336867628228 0.06364251435946347
    outer loop
      vertex 34.944427490234375 29.5223388671875 0
      vertex 35.02980817469863 29.983192215585984 6.99
      vertex 35.02823112227006 29.98298457695162 6.99
    endloop
  endfacet
  facet normal 0.10914805211014654 -0.992171500569013 0.0606829150518806
    outer loop
      vertex 36.050048828125 29.66790771484375 0
      vertex 36.050048828125 30.095428134417766 6.99
      vertex 35.02980817469863 29.983192215585984 6.99
    endloop
  endfacet
  facet normal 3.9899518024198355e-19 -0.9981348531976053 0.061047643952859644
    outer loop
      vertex 55.950042724609375 29.66790771484375 0
      vertex 55.950042724609375 30.095428134417766 6.99
      vertex 36.050048828125 30.095428134417766 6.99
    endloop
  endfacet
  facet normal 0.049293885822196126 -0.9987843174636142 0.000003048047843822065
    outer loop
      vertex 60.000030517578125 15.896041870117188 1
      vertex 60.9801025390625 15.944427490234375 6
      vertex 60.000030517578125 15.89605712890625 6
    endloop
  endfacet
  facet normal -0.12031171190067072 0.9908845706840529 0.06060412164044787
    outer loop
      vertex 55.950042724609375 21.124176025390625 0
      vertex 55.950042724609375 20.696656188267433 6.99
      vertex 57.073192708001805 20.8330273673341 6.99
    endloop
  endfacet
  facet normal -0.13028357274636043 0.9895269511660496 0.06214984785553413
    outer loop
      vertex 57.0556640625 21.269744873046875 0
      vertex 57.073192708001805 20.8330273673341 6.99
      vertex 57.07477126457258 20.833235204007554 6.99
    endloop
  endfacet
  facet normal -0.3539897377530876 0.9333703285810748 0.05925449594719827
    outer loop
      vertex 57.0556640625 21.269744873046875 0
      vertex 57.07477126457258 20.833235204007554 6.99
      vertex 58.13267640005848 21.234455973525264 6.99
    endloop
  endfacet
  facet normal -0.3819049999895669 0.9220176419226767 0.06349833829570294
    outer loop
      vertex 58.085968017578125 21.696502685546875 0
      vertex 58.13267640005848 21.234455973525264 6.99
      vertex 58.13414742184727 21.235065279194362 6.99
    endloop
  endfacet
  facet normal -0.5670893597353972 0.8216013122531314 0.05814586639503954
    outer loop
      vertex 58.085968017578125 21.696502685546875 0
      vertex 58.13414742184727 21.235065279194362 6.99
      vertex 59.06531116431902 21.877777313184435 6.99
    endloop
  endfacet
  facet normal -0.6074892765180917 0.7916981688700684 0.06458164076040668
    outer loop
      vertex 58.970703125 22.375381469726562 0
      vertex 59.06531116431902 21.877777313184435 6.99
      vertex 59.066574349434354 21.878746585871927 6.99
    endloop
  endfacet
  facet normal -0.747284610131887 0.6620302147076621 0.05728617873589309
    outer loop
      vertex 58.970703125 22.375381469726562 0
      vertex 59.066574349434354 21.878746585871927 6.99
      vertex 59.8168446199052 22.72563455881728 6.99
    endloop
  endfacet
  facet normal 0.14682420769508187 -0.9891626014132922 0
    outer loop
      vertex 60.9801025390625 15.944427490234375 1
      vertex 61.950836181640625 16.088516235351562 6
      vertex 60.9801025390625 15.944427490234375 6
    endloop
  endfacet
  facet normal 0.2427258594523371 -0.9700949217186737 0.0000029604947562215384
    outer loop
      vertex 62.902862548828125 16.326705932617188 1
      vertex 62.902862548828125 16.32672119140625 6
      vertex 61.950836181640625 16.088516235351562 6
    endloop
  endfacet
  facet normal 0.3370081136831585 -0.9415017425962201 0
    outer loop
      vertex 63.826751708984375 16.657424926757812 1
      vertex 63.826751708984375 16.657424926757812 6
      vertex 62.902862548828125 16.32672119140625 6
    endloop
  endfacet
  facet normal 0.42817992282928125 -0.9036935064933823 0.000002757854770584804
    outer loop
      vertex 64.71353149414062 17.07757568359375 1
      vertex 64.71353149414062 17.077590942382812 5.999998092651367
      vertex 63.826751708984375 16.657424926757812 6
    endloop
  endfacet
  facet normal 0.514271647575395 -0.8576273505977048 0.000002617271965810243
    outer loop
      vertex 65.55514526367188 17.582244873046875 1
      vertex 65.55514526367188 17.582260131835938 5.999998092651367
      vertex 64.71353149414062 17.077590942382812 5.999998092651367
    endloop
  endfacet
  facet normal 0.5952625052459336 -0.8035312998560384 0
    outer loop
      vertex 66.34365844726562 18.166397094726562 1
      vertex 66.34365844726562 18.166397094726562 5.999998092651367
      vertex 65.55514526367188 17.582260131835938 5.999998092651367
    endloop
  endfacet
  facet normal 0.671162884384285 -0.7413099099735324 0
    outer loop
      vertex 67.07107543945312 18.824981689453125 1
      vertex 67.07107543945312 18.824981689453125 5.999996185302734
      vertex 66.34365844726562 18.166397094726562 5.999998092651367
    endloop
  endfacet
  facet normal 0.7413091778821899 -0.6711636929866188 0.000002048230606214204
    outer loop
      vertex 67.72967529296875 19.552398681640625 1
      vertex 67.72967529296875 19.552413940429688 5.999996185302734
      vertex 67.07107543945312 18.824981689453125 5.999996185302734
    endloop
  endfacet
  facet normal 0.8036480883938443 -0.595104822716906 0
    outer loop
      vertex 68.31362915039062 20.34100341796875 1
      vertex 68.31362915039062 20.34100341796875 5.999996185302734
      vertex 67.72967529296875 19.552413940429688 5.999996185302734
    endloop
  endfacet
  facet normal 0.8577247003726928 -0.5141092669565237 0
    outer loop
      vertex 68.81814575195312 21.182723999023438 1
      vertex 68.81814575195312 21.182723999023438 5.999994277954102
      vertex 68.31362915039062 20.34100341796875 5.999996185302734
    endloop
  endfacet
  facet normal 0.9036757699101412 -0.42821735471289996 0
    outer loop
      vertex 69.23834228515625 22.069473266601562 1
      vertex 69.23834228515625 22.069473266601562 5.999994277954102
      vertex 68.81814575195312 21.182723999023438 5.999994277954102
    endloop
  endfacet
  facet normal 0.9413588819600124 -0.33740695807140014 0
    outer loop
      vertex 69.56942749023438 22.993194580078125 1
      vertex 69.56942749023438 22.993194580078125 5.999992370605469
      vertex 69.23834228515625 22.069473266601562 5.999994277954102
    endloop
  endfacet
  facet normal 0.04901387548307216 -0.9931107956712065 0.10643583762733846
    outer loop
      vertex 60.000030517578125 15.89605712890625 6
      vertex 60.9801025390625 15.944427490234375 6
      vertex 60.97796630859375 15.965469360351562 6.197317123413086
    endloop
  endfacet
  facet normal 0 -0.9914455395896884 0.13052104055558156
    outer loop
      vertex 48.980010986328125 15.930130004882812 6.258819580078125
      vertex 60.000030517578125 15.89605712890625 6
      vertex 54.490020751953125 15.930130004882812 6.258819580078125
    endloop
  endfacet
  facet normal 0 -0.9238807634942465 0.3826804604958137
    outer loop
      vertex 48.980010986328125 16.030029296875 6.5
      vertex 54.490020751953125 15.930130004882812 6.258819580078125
      vertex 54.490020751953125 16.030029296875 6.5
    endloop
  endfacet
  facet normal 0 -0.9238807634942465 0.3826804604958137
    outer loop
      vertex 54.490020751953125 15.930130004882812 6.258819580078125
      vertex 60.000030517578125 15.930130004882812 6.258819580078125
      vertex 54.490020751953125 16.030029296875 6.5
    endloop
  endfacet
  facet normal 0 -0.7933513418582181 0.6087640334084832
    outer loop
      vertex 48.980010986328125 16.188949584960938 6.7071075439453125
      vertex 54.490020751953125 16.030029296875 6.5
      vertex 54.490020751953125 16.188949584960938 6.7071075439453125
    endloop
  endfacet
  facet normal 0 -0.6087594347226258 0.793354870556795
    outer loop
      vertex 48.980010986328125 16.39605712890625 6.866025924682617
      vertex 54.490020751953125 16.188949584960938 6.7071075439453125
      vertex 54.490020751953125 16.39605712890625 6.866025924682617
    endloop
  endfacet
  facet normal 0 -0.7933513418582181 0.6087640334084832
    outer loop
      vertex 54.490020751953125 16.030029296875 6.5
      vertex 60.000030517578125 16.030029296875 6.5
      vertex 54.490020751953125 16.188949584960938 6.7071075439453125
    endloop
  endfacet
  facet normal 0 -0.6087594347226258 0.793354870556795
    outer loop
      vertex 54.490020751953125 16.188949584960938 6.7071075439453125
      vertex 60.000030517578125 16.188949584960938 6.7071075439453125
      vertex 54.490020751953125 16.39605712890625 6.866025924682617
    endloop
  endfacet
  facet normal 0 -0.9914455395896884 0.13052104055558156
    outer loop
      vertex 60.000030517578125 15.89605712890625 6
      vertex 60.000030517578125 15.930130004882812 6.258819580078125
      vertex 54.490020751953125 15.930130004882812 6.258819580078125
    endloop
  endfacet
  facet normal 0 -0.9238807634942465 0.3826804604958137
    outer loop
      vertex 54.490020751953125 16.030029296875 6.5
      vertex 60.000030517578125 15.930130004882812 6.258819580078125
      vertex 60.000030517578125 16.030029296875 6.5
    endloop
  endfacet
  facet normal 0.04399339646382812 -0.9904856436806709 0.13039467293591192
    outer loop
      vertex 60.000030517578125 15.89605712890625 6
      vertex 60.97796630859375 15.965469360351562 6.197317123413086
      vertex 60.000030517578125 15.930130004882812 6.258819580078125
    endloop
  endfacet
  facet normal 0.0528765574387752 -0.9549335286787448 0.2920719525709114
    outer loop
      vertex 60.000030517578125 15.930130004882812 6.258819580078125
      vertex 60.97796630859375 15.965469360351562 6.197317123413086
      vertex 60.972320556640625 16.023147583007812 6.386919021606445
    endloop
  endfacet
  facet normal 0.03794075478169918 -0.9232155604349517 0.3824049268738219
    outer loop
      vertex 60.000030517578125 15.930130004882812 6.258819580078125
      vertex 60.972320556640625 16.023147583007812 6.386919021606445
      vertex 60.000030517578125 16.030029296875 6.5
    endloop
  endfacet
  facet normal 0.04508423684282286 -0.895803569554289 0.44215763745760883
    outer loop
      vertex 60.000030517578125 16.030029296875 6.5
      vertex 60.972320556640625 16.023147583007812 6.386919021606445
      vertex 60.966888427734375 16.078689575195312 6.5
    endloop
  endfacet
  facet normal 0 -0.7933513418582181 0.6087640334084832
    outer loop
      vertex 54.490020751953125 16.188949584960938 6.7071075439453125
      vertex 60.000030517578125 16.030029296875 6.5
      vertex 60.000030517578125 16.188949584960938 6.7071075439453125
    endloop
  endfacet
  facet normal 0 -0.6087594347226258 0.793354870556795
    outer loop
      vertex 54.490020751953125 16.39605712890625 6.866025924682617
      vertex 60.000030517578125 16.188949584960938 6.7071075439453125
      vertex 60.000030517578125 16.39605712890625 6.866025924682617
    endloop
  endfacet
  facet normal 0.04082500186993362 -0.8111744805539272 0.583377477556673
    outer loop
      vertex 60.000030517578125 16.030029296875 6.5
      vertex 60.966888427734375 16.078689575195312 6.5
      vertex 60.95556640625 16.19384765625 6.660917282104492
    endloop
  endfacet
  facet normal 0.03347537706006361 -0.7929067021557135 0.6084228470457346
    outer loop
      vertex 60.000030517578125 16.030029296875 6.5
      vertex 60.95556640625 16.19384765625 6.660917282104492
      vertex 60.000030517578125 16.188949584960938 6.7071075439453125
    endloop
  endfacet
  facet normal 0.03886069511234737 -0.6804617171769284 0.7317524839944247
    outer loop
      vertex 60.000030517578125 16.188949584960938 6.7071075439453125
      vertex 60.95556640625 16.19384765625 6.660917282104492
      vertex 60.941314697265625 16.338363647460938 6.796060562133789
    endloop
  endfacet
  facet normal 0.021652473415647317 -0.6086167157702821 0.7931688746288399
    outer loop
      vertex 60.000030517578125 16.188949584960938 6.7071075439453125
      vertex 60.941314697265625 16.338363647460938 6.796060562133789
      vertex 60.000030517578125 16.39605712890625 6.866025924682617
    endloop
  endfacet
  facet normal 0.03127457011931013 -0.5228177540977893 0.8518705871574602
    outer loop
      vertex 60.000030517578125 16.39605712890625 6.866025924682617
      vertex 60.941314697265625 16.338363647460938 6.796060562133789
      vertex 60.924774169921875 16.5064697265625 6.899839401245117
    endloop
  endfacet
  facet normal 0 -0.3826804604958137 0.9238807634942465
    outer loop
      vertex 48.980010986328125 16.637237548828125 6.965925216674805
      vertex 54.490020751953125 16.39605712890625 6.866025924682617
      vertex 54.490020751953125 16.637237548828125 6.965925216674805
    endloop
  endfacet
  facet normal 0 -0.13052822244845205 0.9914445940870562
    outer loop
      vertex 48.980010986328125 16.637237548828125 6.965925216674805
      vertex 54.490020751953125 16.637237548828125 6.965925216674805
      vertex 60.000030517578125 16.820100789695505 6.99
    endloop
  endfacet
  facet normal 0 -0.3826804604958137 0.9238807634942465
    outer loop
      vertex 54.490020751953125 16.39605712890625 6.866025924682617
      vertex 60.000030517578125 16.39605712890625 6.866025924682617
      vertex 54.490020751953125 16.637237548828125 6.965925216674805
    endloop
  endfacet
  facet normal 0 -0.3826804604958137 0.9238807634942465
    outer loop
      vertex 60.000030517578125 16.39605712890625 6.866025924682617
      vertex 60.000030517578125 16.637237548828125 6.965925216674805
      vertex 54.490020751953125 16.637237548828125 6.965925216674805
    endloop
  endfacet
  facet normal 0 -0.13052822244845205 0.9914445940870562
    outer loop
      vertex 54.490020751953125 16.637237548828125 6.965925216674805
      vertex 60.000030517578125 16.637237548828125 6.965925216674805
      vertex 60.000030517578125 16.820100789695505 6.99
    endloop
  endfacet
  facet normal 0.005516066444084411 -0.1305262366429511 0.9914295106354324
    outer loop
      vertex 60.000030517578125 16.637237548828125 6.965925216674805
      vertex 60.28381149327526 16.832093433916103 6.99
      vertex 60.000030517578125 16.820100789695505 6.99
    endloop
  endfacet
  facet normal 0.07670190738289386 -0.5182817987612695 0.851763344172904
    outer loop
      vertex 60.941314697265625 16.338363647460938 6.796060562133789
      vertex 61.84075927734375 16.64202880859375 6.899839401245117
      vertex 60.924774169921875 16.5064697265625 6.899839401245117
    endloop
  endfacet
  facet normal 0.011908535099335347 -0.3826533249618239 0.9238152519240245
    outer loop
      vertex 60.000030517578125 16.39605712890625 6.866025924682617
      vertex 60.924774169921875 16.5064697265625 6.899839401245117
      vertex 60.000030517578125 16.637237548828125 6.965925216674805
    endloop
  endfacet
  facet normal 0.005516066444085169 -0.13052623664295218 0.9914295106354322
    outer loop
      vertex 60.000030517578125 16.637237548828125 6.965925216674805
      vertex 60.906494140625 16.691741943359375 6.968057632446289
      vertex 60.28381149327526 16.832093433916103 6.99
    endloop
  endfacet
  facet normal 0.01846743810804306 -0.3438631745896249 0.9388381494650028
    outer loop
      vertex 60.000030517578125 16.637237548828125 6.965925216674805
      vertex 60.924774169921875 16.5064697265625 6.899839401245117
      vertex 60.906494140625 16.691741943359375 6.968057632446289
    endloop
  endfacet
  facet normal 0.006278263976861602 -0.12721131579894682 0.991855768009713
    outer loop
      vertex 60.28381149327526 16.832093433916103 6.99
      vertex 60.906494140625 16.691741943359375 6.968057632446289
      vertex 60.88974420172212 16.861998049491785 6.99
    endloop
  endfacet
  facet normal 0.0504211270503607 -0.34070300662069425 0.9388179649040546
    outer loop
      vertex 60.924774169921875 16.5064697265625 6.899839401245117
      vertex 61.804443359375 16.824630737304688 6.968057632446289
      vertex 60.906494140625 16.691741943359375 6.968057632446289
    endloop
  endfacet
  facet normal 0.018646113655625855 -0.12599454545943922 0.9918556835346616
    outer loop
      vertex 60.906494140625 16.691741943359375 6.968057632446289
      vertex 61.170859625380075 16.903600724597773 6.99
      vertex 60.88974420172212 16.861998049491785 6.99
    endloop
  endfacet
  facet normal 0.1460290294999497 -0.9838054430507042 0.10393446380825909
    outer loop
      vertex 60.9801025390625 15.944427490234375 6
      vertex 61.950836181640625 16.088516235351562 6
      vertex 61.94732666015625 16.108840942382812 6.197317123413086
    endloop
  endfacet
  facet normal 0.24149588324429147 -0.9651791139182521 0.10054360463021682
    outer loop
      vertex 61.950836181640625 16.088516235351562 6
      vertex 62.902862548828125 16.32672119140625 6
      vertex 62.897491455078125 16.345932006835938 6.197317123413086
    endloop
  endfacet
  facet normal 0.14548002132020296 -0.9836158785046674 0.10646768030799236
    outer loop
      vertex 60.9801025390625 15.944427490234375 6
      vertex 61.94732666015625 16.108840942382812 6.197317123413086
      vertex 60.97796630859375 15.965469360351562 6.197317123413086
    endloop
  endfacet
  facet normal 0.24079809520423967 -0.9650210701742827 0.10368515547411777
    outer loop
      vertex 61.950836181640625 16.088516235351562 6
      vertex 62.897491455078125 16.345932006835938 6.197317123413086
      vertex 61.94732666015625 16.108840942382812 6.197317123413086
    endloop
  endfacet
  facet normal 0.13998543050141488 -0.9461228946541784 0.29198552611136697
    outer loop
      vertex 60.97796630859375 15.965469360351562 6.197317123413086
      vertex 61.935760498046875 16.165695190429688 6.386919021606445
      vertex 60.972320556640625 16.023147583007812 6.386919021606445
    endloop
  endfacet
  facet normal 0.13992520212642828 -0.9460587740195547 0.29222206266894907
    outer loop
      vertex 60.97796630859375 15.965469360351562 6.197317123413086
      vertex 61.94732666015625 16.108840942382812 6.197317123413086
      vertex 61.935760498046875 16.165695190429688 6.386919021606445
    endloop
  endfacet
  facet normal 0.23162204395985062 -0.9278370812332414 0.29235180765721375
    outer loop
      vertex 61.94732666015625 16.108840942382812 6.197317123413086
      vertex 62.88037109375 16.401504516601562 6.386919021606445
      vertex 61.935760498046875 16.165695190429688 6.386919021606445
    endloop
  endfacet
  facet normal 0.33527621866858587 -0.9367624066748058 0.10032970963837355
    outer loop
      vertex 62.902862548828125 16.32672119140625 6
      vertex 63.81866455078125 16.675628662109375 6.197317123413086
      vertex 62.897491455078125 16.345932006835938 6.197317123413086
    endloop
  endfacet
  facet normal 0.23149109128488707 -0.9277223744568103 0.29281917728856177
    outer loop
      vertex 61.94732666015625 16.108840942382812 6.197317123413086
      vertex 62.897491455078125 16.345932006835938 6.197317123413086
      vertex 62.88037109375 16.401504516601562 6.386919021606445
    endloop
  endfacet
  facet normal 0.13127031830225352 -0.8872198563053186 0.44227709652478586
    outer loop
      vertex 60.972320556640625 16.023147583007812 6.386919021606445
      vertex 61.935760498046875 16.165695190429688 6.386919021606445
      vertex 61.924591064453125 16.220413208007812 6.5
    endloop
  endfacet
  facet normal 0.13130426609880233 -0.8872933847357051 0.44211948510386967
    outer loop
      vertex 60.972320556640625 16.023147583007812 6.386919021606445
      vertex 61.924591064453125 16.220413208007812 6.5
      vertex 60.966888427734375 16.078689575195312 6.5
    endloop
  endfacet
  facet normal 0.21726902028726958 -0.870065402128725 0.44247075478724024
    outer loop
      vertex 61.935760498046875 16.165695190429688 6.386919021606445
      vertex 62.86395263671875 16.454986572265625 6.5
      vertex 61.924591064453125 16.220413208007812 6.5
    endloop
  endfacet
  facet normal 0.2171490051514889 -0.8698606388577762 0.44293202472575877
    outer loop
      vertex 61.935760498046875 16.165695190429688 6.386919021606445
      vertex 62.88037109375 16.401504516601562 6.386919021606445
      vertex 62.86395263671875 16.454986572265625 6.5
    endloop
  endfacet
  facet normal 0.11889943277064312 -0.8034672694247034 0.5833551849859829
    outer loop
      vertex 60.966888427734375 16.078689575195312 6.5
      vertex 61.924591064453125 16.220413208007812 6.5
      vertex 60.95556640625 16.19384765625 6.660917282104492
    endloop
  endfacet
  facet normal 0.11891706093694389 -0.8033767195193231 0.5834762884235226
    outer loop
      vertex 60.95556640625 16.19384765625 6.660917282104492
      vertex 61.924591064453125 16.220413208007812 6.5
      vertex 61.901885986328125 16.33392333984375 6.660917282104492
    endloop
  endfacet
  facet normal 0.19678347202384375 -0.7878850194792106 0.5835353127433549
    outer loop
      vertex 61.924591064453125 16.220413208007812 6.5
      vertex 62.8302001953125 16.565780639648438 6.660917282104492
      vertex 61.901885986328125 16.33392333984375 6.660917282104492
    endloop
  endfacet
  facet normal 0.09982371492469772 -0.6743864000217759 0.7315997603910911
    outer loop
      vertex 60.95556640625 16.19384765625 6.660917282104492
      vertex 61.901885986328125 16.33392333984375 6.660917282104492
      vertex 61.873626708984375 16.476348876953125 6.796060562133789
    endloop
  endfacet
  facet normal 0.09980540609864254 -0.6743459374794935 0.7316395543697648
    outer loop
      vertex 60.95556640625 16.19384765625 6.660917282104492
      vertex 61.873626708984375 16.476348876953125 6.796060562133789
      vertex 60.941314697265625 16.338363647460938 6.796060562133789
    endloop
  endfacet
  facet normal 0.1967253054931429 -0.787796998423786 0.5836737474420987
    outer loop
      vertex 61.924591064453125 16.220413208007812 6.5
      vertex 62.86395263671875 16.454986572265625 6.5
      vertex 62.8302001953125 16.565780639648438 6.660917282104492
    endloop
  endfacet
  facet normal 0.33531322624278 -0.936766724613475 0.10016558272979857
    outer loop
      vertex 62.902862548828125 16.32672119140625 6
      vertex 63.826751708984375 16.657424926757812 6
      vertex 63.81866455078125 16.675628662109375 6.197317123413086
    endloop
  endfacet
  facet normal 0.4259835513553787 -0.8990575038277312 0.10116135025645152
    outer loop
      vertex 63.826751708984375 16.657424926757812 6
      vertex 64.71353149414062 17.077590942382812 5.999998092651367
      vertex 64.70364379882812 17.095108032226562 6.197315216064453
    endloop
  endfacet
  facet normal 0.5116089514484227 -0.8531868938165689 0.10162876077902493
    outer loop
      vertex 64.71353149414062 17.077590942382812 5.999998092651367
      vertex 65.55514526367188 17.582260131835938 5.999998092651367
      vertex 65.5440673828125 17.59912109375 6.197315216064453
    endloop
  endfacet
  facet normal 0.5922209434168625 -0.7994255648087819 0.10096098508137365
    outer loop
      vertex 65.55514526367188 17.582260131835938 5.999998092651367
      vertex 66.34365844726562 18.166397094726562 5.999998092651367
      vertex 66.3314208984375 18.1822509765625 6.197315216064453
    endloop
  endfacet
  facet normal 0.6678020587982839 -0.7375975360419148 0.09995141364517814
    outer loop
      vertex 66.34365844726562 18.166397094726562 5.999998092651367
      vertex 67.07107543945312 18.824981689453125 5.999996185302734
      vertex 67.05709838867188 18.839065551757812 6.19731330871582
    endloop
  endfacet
  facet normal 0.737554069454403 -0.6677639071548034 0.10052541436174516
    outer loop
      vertex 67.07107543945312 18.824981689453125 5.999996185302734
      vertex 67.72967529296875 19.552413940429688 5.999996185302734
      vertex 67.71380615234375 19.564590454101562 6.19731330871582
    endloop
  endfacet
  facet normal 0.7994877244100577 -0.5920240555169773 0.10162133736011629
    outer loop
      vertex 67.72967529296875 19.552413940429688 5.999996185302734
      vertex 68.31362915039062 20.34100341796875 5.999996185302734
      vertex 68.29666137695312 20.351959228515625 6.19731330871582
    endloop
  endfacet
  facet normal 0.853265289325781 -0.5114361219700659 0.10184026303977782
    outer loop
      vertex 68.31362915039062 20.34100341796875 5.999996185302734
      vertex 68.81814575195312 21.182723999023438 5.999994277954102
      vertex 68.80047607421875 21.192535400390625 6.1973114013671875
    endloop
  endfacet
  facet normal 0.8990696074763939 -0.42603467065913436 0.10083799040344943
    outer loop
      vertex 68.81814575195312 21.182723999023438 5.999994277954102
      vertex 69.23834228515625 22.069473266601562 5.999994277954102
      vertex 69.22012329101562 22.077728271484375 6.1973114013671875
    endloop
  endfacet
  facet normal 0.9366441364662068 -0.3357168670082429 0.09995972603825784
    outer loop
      vertex 69.23834228515625 22.069473266601562 5.999994277954102
      vertex 69.56942749023438 22.993194580078125 5.999992370605469
      vertex 69.5504150390625 22.9989013671875 6.197309494018555
    endloop
  endfacet
  facet normal 0.32216082617832137 -0.9002196832876226 0.29294525751005757
    outer loop
      vertex 62.897491455078125 16.345932006835938 6.197317123413086
      vertex 63.796661376953125 16.729415893554688 6.3869171142578125
      vertex 62.88037109375 16.401504516601562 6.386919021606445
    endloop
  endfacet
  facet normal 0.30207374387723496 -0.844065733277434 0.4430626266870391
    outer loop
      vertex 62.88037109375 16.401504516601562 6.386919021606445
      vertex 63.775482177734375 16.781204223632812 6.5
      vertex 62.86395263671875 16.454986572265625 6.5
    endloop
  endfacet
  facet normal 0.426154240768878 -0.899060823718474 0.10041015052951792
    outer loop
      vertex 63.826751708984375 16.657424926757812 6
      vertex 64.70364379882812 17.095108032226562 6.197315216064453
      vertex 63.81866455078125 16.675628662109375 6.197317123413086
    endloop
  endfacet
  facet normal 0.3222097404417903 -0.900254641110329 0.29278398918613524
    outer loop
      vertex 62.897491455078125 16.345932006835938 6.197317123413086
      vertex 63.81866455078125 16.675628662109375 6.197317123413086
      vertex 63.796661376953125 16.729415893554688 6.3869171142578125
    endloop
  endfacet
  facet normal 0.40949574748628936 -0.8640980674652133 0.2926563899755631
    outer loop
      vertex 63.81866455078125 16.675628662109375 6.197317123413086
      vertex 64.676513671875 17.146377563476562 6.3869171142578125
      vertex 63.796661376953125 16.729415893554688 6.3869171142578125
    endloop
  endfacet
  facet normal 0.4096147488174083 -0.8641664423246047 0.2922877306889342
    outer loop
      vertex 63.81866455078125 16.675628662109375 6.197317123413086
      vertex 64.70364379882812 17.095108032226562 6.197315216064453
      vertex 64.676513671875 17.146377563476562 6.3869171142578125
    endloop
  endfacet
  facet normal 0.5116648630224913 -0.8531826867352721 0.10138230123329241
    outer loop
      vertex 64.71353149414062 17.077590942382812 5.999998092651367
      vertex 65.5440673828125 17.59912109375 6.197315216064453
      vertex 64.70364379882812 17.095108032226562 6.197315216064453
    endloop
  endfacet
  facet normal 0.49184668343827787 -0.8201989564924668 0.2921652131233886
    outer loop
      vertex 64.70364379882812 17.095108032226562 6.197315216064453
      vertex 65.51181030273438 17.64727783203125 6.3869171142578125
      vertex 64.676513671875 17.146377563476562 6.3869171142578125
    endloop
  endfacet
  facet normal 0.4918979435609563 -0.8202220621673685 0.29201400968859637
    outer loop
      vertex 64.70364379882812 17.095108032226562 6.197315216064453
      vertex 65.5440673828125 17.59912109375 6.197315216064453
      vertex 65.51181030273438 17.64727783203125 6.3869171142578125
    endloop
  endfacet
  facet normal 0.3020573455292847 -0.8440431926217087 0.4431167442116754
    outer loop
      vertex 62.88037109375 16.401504516601562 6.386919021606445
      vertex 63.796661376953125 16.729415893554688 6.3869171142578125
      vertex 63.775482177734375 16.781204223632812 6.5
    endloop
  endfacet
  facet normal 0.3840617909725862 -0.8104285658735734 0.4423822785002046
    outer loop
      vertex 63.796661376953125 16.729415893554688 6.3869171142578125
      vertex 64.676513671875 17.146377563476562 6.3869171142578125
      vertex 64.650390625 17.195724487304688 6.499998092651367
    endloop
  endfacet
  facet normal 0.38386897287862554 -0.810212169576233 0.44294565347419607
    outer loop
      vertex 63.796661376953125 16.729415893554688 6.3869171142578125
      vertex 64.650390625 17.195724487304688 6.499998092651367
      vertex 63.775482177734375 16.781204223632812 6.5
    endloop
  endfacet
  facet normal 0.4612757955520734 -0.7692192280778506 0.4421836943998699
    outer loop
      vertex 64.676513671875 17.146377563476562 6.3869171142578125
      vertex 65.51181030273438 17.64727783203125 6.3869171142578125
      vertex 65.480712890625 17.693634033203125 6.499998092651367
    endloop
  endfacet
  facet normal 0.4612597135021629 -0.7692043936726946 0.44222627404364495
    outer loop
      vertex 64.676513671875 17.146377563476562 6.3869171142578125
      vertex 65.480712890625 17.693634033203125 6.499998092651367
      vertex 64.650390625 17.195724487304688 6.499998092651367
    endloop
  endfacet
  facet normal 0.16517842556993056 -0.6614200174555408 0.7316007437361932
    outer loop
      vertex 61.901885986328125 16.33392333984375 6.660917282104492
      vertex 62.788116455078125 16.704727172851562 6.796060562133789
      vertex 61.873626708984375 16.476348876953125 6.796060562133789
    endloop
  endfacet
  facet normal 0.27357258670728973 -0.764470521715435 0.583731840171849
    outer loop
      vertex 62.86395263671875 16.454986572265625 6.5
      vertex 63.731292724609375 16.88824462890625 6.660917282104492
      vertex 62.8302001953125 16.565780639648438 6.660917282104492
    endloop
  endfacet
  facet normal 0.16521185567020025 -0.6614780437817468 0.7315407304728031
    outer loop
      vertex 61.901885986328125 16.33392333984375 6.660917282104492
      vertex 62.8302001953125 16.565780639648438 6.660917282104492
      vertex 62.788116455078125 16.704727172851562 6.796060562133789
    endloop
  endfacet
  facet normal 0.22971288955366118 -0.6419090985521179 0.7315631876802678
    outer loop
      vertex 62.8302001953125 16.565780639648438 6.660917282104492
      vertex 63.731292724609375 16.88824462890625 6.660917282104492
      vertex 63.6756591796875 17.022354125976562 6.796060562133789
    endloop
  endfacet
  facet normal 0.22973006499715787 -0.6419330784312397 0.7315367523591645
    outer loop
      vertex 62.8302001953125 16.565780639648438 6.660917282104492
      vertex 63.6756591796875 17.022354125976562 6.796060562133789
      vertex 62.788116455078125 16.704727172851562 6.796060562133789
    endloop
  endfacet
  facet normal 0.07671048231720987 -0.5183026063896409 0.8517499105443839
    outer loop
      vertex 60.941314697265625 16.338363647460938 6.796060562133789
      vertex 61.873626708984375 16.476348876953125 6.796060562133789
      vertex 61.84075927734375 16.64202880859375 6.899839401245117
    endloop
  endfacet
  facet normal 0.1269420121607509 -0.5083378760797588 0.8517501566136045
    outer loop
      vertex 61.873626708984375 16.476348876953125 6.796060562133789
      vertex 62.739166259765625 16.866378784179688 6.899839401245117
      vertex 61.84075927734375 16.64202880859375 6.899839401245117
    endloop
  endfacet
  facet normal 0.05042180346141938 -0.3407047345552685 0.9388173014955157
    outer loop
      vertex 60.924774169921875 16.5064697265625 6.899839401245117
      vertex 61.84075927734375 16.64202880859375 6.899839401245117
      vertex 61.804443359375 16.824630737304688 6.968057632446289
    endloop
  endfacet
  facet normal 0.018646113655625556 -0.12599454545943883 0.9918556835346616
    outer loop
      vertex 60.906494140625 16.691741943359375 6.968057632446289
      vertex 61.804443359375 16.824630737304688 6.968057632446289
      vertex 61.170859625380075 16.903600724597773 6.99
    endloop
  endfacet
  facet normal 0.0186723043443553 -0.1257914410566435 0.9918809698786265
    outer loop
      vertex 61.170859625380075 16.903600724597773 6.99
      vertex 61.804443359375 16.824630737304688 6.968057632446289
      vertex 61.77100637245372 16.992685662479897 6.99
    endloop
  endfacet
  facet normal 0.08343677139774455 -0.33414076450126456 0.93882280259761
    outer loop
      vertex 61.84075927734375 16.64202880859375 6.899839401245117
      vertex 62.68511962890625 17.044540405273438 6.968057632446289
      vertex 61.804443359375 16.824630737304688 6.968057632446289
    endloop
  endfacet
  facet normal 0.030807900266508374 -0.1233769616834412 0.9918815446447884
    outer loop
      vertex 61.77100637245372 16.992685662479897 6.99
      vertex 61.804443359375 16.824630737304688 6.968057632446289
      vertex 62.046714260433646 17.06153142590021 6.99
    endloop
  endfacet
  facet normal 0.030807900266507385 -0.12337696168344019 0.9918815446447886
    outer loop
      vertex 61.804443359375 16.824630737304688 6.968057632446289
      vertex 62.68511962890625 17.044540405273438 6.968057632446289
      vertex 62.046714260433646 17.06153142590021 6.99
    endloop
  endfacet
  facet normal 0.1269547338698355 -0.508361803319769 0.8517339798748854
    outer loop
      vertex 61.873626708984375 16.476348876953125 6.796060562133789
      vertex 62.788116455078125 16.704727172851562 6.796060562133789
      vertex 62.739166259765625 16.866378784179688 6.899839401245117
    endloop
  endfacet
  facet normal 0.17654930124165527 -0.4933415490001192 0.8517302743599328
    outer loop
      vertex 62.788116455078125 16.704727172851562 6.796060562133789
      vertex 63.6109619140625 17.178359985351562 6.899837493896484
      vertex 62.739166259765625 16.866378784179688 6.899839401245117
    endloop
  endfacet
  facet normal 0.17655788517235244 -0.4933544364400006 0.851721030166824
    outer loop
      vertex 62.788116455078125 16.704727172851562 6.796060562133789
      vertex 63.6756591796875 17.022354125976562 6.796060562133789
      vertex 63.6109619140625 17.178359985351562 6.899837493896484
    endloop
  endfacet
  facet normal 0.08344615295764468 -0.3341591915826841 0.938815410097947
    outer loop
      vertex 61.84075927734375 16.64202880859375 6.899839401245117
      vertex 62.739166259765625 16.866378784179688 6.899839401245117
      vertex 62.68511962890625 17.044540405273438 6.968057632446289
    endloop
  endfacet
  facet normal 0.030814785293271012 -0.12315380704355776 0.9919090627764259
    outer loop
      vertex 62.046714260433646 17.06153142590021 6.99
      vertex 62.68511962890625 17.044540405273438 6.968057632446289
      vertex 62.6352861090924 17.208800240250937 6.99
    endloop
  endfacet
  facet normal 0.042774827566737186 -0.11952537008943996 0.9919092700603309
    outer loop
      vertex 62.68511962890625 17.044540405273438 6.968057632446289
      vertex 62.90279031405237 17.30453260428359 6.99
      vertex 62.6352861090924 17.208800240250937 6.99
    endloop
  endfacet
  facet normal 0.11604345656956899 -0.3242643790917704 0.9388218833408258
    outer loop
      vertex 62.739166259765625 16.866378784179688 6.899839401245117
      vertex 63.6109619140625 17.178359985351562 6.899837493896484
      vertex 63.539703369140625 17.350372314453125 6.968057632446289
    endloop
  endfacet
  facet normal 0.11604754618865616 -0.3242707614549657 0.9388191733710003
    outer loop
      vertex 62.739166259765625 16.866378784179688 6.899839401245117
      vertex 63.539703369140625 17.350372314453125 6.968057632446289
      vertex 62.68511962890625 17.044540405273438 6.968057632446289
    endloop
  endfacet
  facet normal 0.04277482756673622 -0.11952537008943916 0.9919092700603309
    outer loop
      vertex 62.68511962890625 17.044540405273438 6.968057632446289
      vertex 63.539703369140625 17.350372314453125 6.968057632446289
      vertex 62.90279031405237 17.30453260428359 6.99
    endloop
  endfacet
  facet normal 0.04277272768058766 -0.1194943618489676 0.9919130966234241
    outer loop
      vertex 62.90279031405237 17.30453260428359 6.99
      vertex 63.539703369140625 17.350372314453125 6.968057632446289
      vertex 63.474020400029644 17.50900307914454 6.99
    endloop
  endfacet
  facet normal 0.27360057241571145 -0.7645049345137644 0.58367365186198
    outer loop
      vertex 62.86395263671875 16.454986572265625 6.5
      vertex 63.775482177734375 16.781204223632812 6.5
      vertex 63.731292724609375 16.88824462890625 6.660917282104492
    endloop
  endfacet
  facet normal 0.3476641643332687 -0.7338412835124337 0.5836151124253671
    outer loop
      vertex 63.775482177734375 16.781204223632812 6.5
      vertex 64.59591674804688 17.297866821289062 6.660915374755859
      vertex 63.731292724609375 16.88824462890625 6.660917282104492
    endloop
  endfacet
  facet normal 0.3477054625480713 -0.7338829002911588 0.5835381735366323
    outer loop
      vertex 63.775482177734375 16.781204223632812 6.5
      vertex 64.650390625 17.195724487304688 6.499998092651367
      vertex 64.59591674804688 17.297866821289062 6.660915374755859
    endloop
  endfacet
  facet normal 0.29190896218598283 -0.6161136714644974 0.7315689315642375
    outer loop
      vertex 63.731292724609375 16.88824462890625 6.660917282104492
      vertex 64.52740478515625 17.4259033203125 6.796060562133789
      vertex 63.6756591796875 17.022354125976562 6.796060562133789
    endloop
  endfacet
  facet normal 0.29186807049876773 -0.6160670848829377 0.7316244776845329
    outer loop
      vertex 63.731292724609375 16.88824462890625 6.660917282104492
      vertex 64.59591674804688 17.297866821289062 6.660915374755859
      vertex 64.52740478515625 17.4259033203125 6.796060562133789
    endloop
  endfacet
  facet normal 0.4176430727703849 -0.6965035674853792 0.583486970074783
    outer loop
      vertex 64.650390625 17.195724487304688 6.499998092651367
      vertex 65.4163818359375 17.789840698242188 6.660915374755859
      vertex 64.59591674804688 17.297866821289062 6.660915374755859
    endloop
  endfacet
  facet normal 0.4176847602340332 -0.6965380746190786 0.5834159336821245
    outer loop
      vertex 64.650390625 17.195724487304688 6.499998092651367
      vertex 65.480712890625 17.693634033203125 6.499998092651367
      vertex 65.4163818359375 17.789840698242188 6.660915374755859
    endloop
  endfacet
  facet normal 0.35057073878334816 -0.5846569343619904 0.7316258785823098
    outer loop
      vertex 64.59591674804688 17.297866821289062 6.660915374755859
      vertex 65.33572387695312 17.91058349609375 6.796058654785156
      vertex 64.52740478515625 17.4259033203125 6.796060562133789
    endloop
  endfacet
  facet normal 0.35058432558538993 -0.584669660279338 0.7316091982764301
    outer loop
      vertex 64.59591674804688 17.297866821289062 6.660915374755859
      vertex 65.4163818359375 17.789840698242188 6.660915374755859
      vertex 65.33572387695312 17.91058349609375 6.796058654785156
    endloop
  endfacet
  facet normal 0.4058195619103697 -0.5477736333080084 0.7316109142320247
    outer loop
      vertex 65.4163818359375 17.789840698242188 6.660915374755859
      vertex 66.09304809570312 18.471649169921875 6.796058654785156
      vertex 65.33572387695312 17.91058349609375 6.796058654785156
    endloop
  endfacet
  facet normal 0.22436465994334226 -0.47352920070711635 0.8517221351157829
    outer loop
      vertex 63.6756591796875 17.022354125976562 6.796060562133789
      vertex 64.44772338867188 17.5748291015625 6.899837493896484
      vertex 63.6109619140625 17.178359985351562 6.899837493896484
    endloop
  endfacet
  facet normal 0.2243388090619406 -0.47349764895215046 0.8517464852791916
    outer loop
      vertex 63.6756591796875 17.022354125976562 6.796060562133789
      vertex 64.52740478515625 17.4259033203125 6.796060562133789
      vertex 64.44772338867188 17.5748291015625 6.899837493896484
    endloop
  endfacet
  facet normal 0.05434658424473999 -0.11470195070361197 0.9919122497911373
    outer loop
      vertex 63.539703369140625 17.350372314453125 6.968057632446289
      vertex 64.02229394238212 17.768778907505258 6.99
      vertex 63.474020400029644 17.50900307914454 6.99
    endloop
  endfacet
  facet normal 0.147474651922223 -0.31124209448906676 0.9388181856240738
    outer loop
      vertex 63.6109619140625 17.178359985351562 6.899837493896484
      vertex 64.35995483398438 17.739028930664062 6.968057632446289
      vertex 63.539703369140625 17.350372314453125 6.968057632446289
    endloop
  endfacet
  facet normal 0.05435139201709065 -0.1147074488347817 0.9919113505589199
    outer loop
      vertex 63.539703369140625 17.350372314453125 6.968057632446289
      vertex 64.35995483398438 17.739028930664062 6.968057632446289
      vertex 64.02229394238212 17.768778907505258 6.99
    endloop
  endfacet
  facet normal 0.14746501120024472 -0.31122989201397144 0.9388237453263968
    outer loop
      vertex 63.6109619140625 17.178359985351562 6.899837493896484
      vertex 64.44772338867188 17.5748291015625 6.899837493896484
      vertex 64.35995483398438 17.739028930664062 6.968057632446289
    endloop
  endfacet
  facet normal 0.05435139201709083 -0.11470744883477986 0.9919113505589201
    outer loop
      vertex 64.02229394238212 17.768778907505258 6.99
      vertex 64.35995483398438 17.739028930664062 6.968057632446289
      vertex 64.27905136197695 17.890437294187677 6.99
    endloop
  endfacet
  facet normal 0.06528253979837854 -0.10886637133710184 0.9919104310316358
    outer loop
      vertex 64.35995483398438 17.739028930664062 6.968057632446289
      vertex 64.79939968413925 18.20246808600486 6.99
      vertex 64.27905136197695 17.890437294187677 6.99
    endloop
  endfacet
  facet normal 0.2694532321145648 -0.44935923822809576 0.8517459895544446
    outer loop
      vertex 64.52740478515625 17.4259033203125 6.796060562133789
      vertex 65.24191284179688 18.051055908203125 6.899837493896484
      vertex 64.44772338867188 17.5748291015625 6.899837493896484
    endloop
  endfacet
  facet normal 0.2694313545805308 -0.4493373034563903 0.8517644820555974
    outer loop
      vertex 64.52740478515625 17.4259033203125 6.796060562133789
      vertex 65.33572387695312 17.91058349609375 6.796058654785156
      vertex 65.24191284179688 18.051055908203125 6.899837493896484
    endloop
  endfacet
  facet normal 0.17712793978151506 -0.2953910608698589 0.9388129814329025
    outer loop
      vertex 64.44772338867188 17.5748291015625 6.899837493896484
      vertex 65.24191284179688 18.051055908203125 6.899837493896484
      vertex 65.13848876953125 18.205856323242188 6.968057632446289
    endloop
  endfacet
  facet normal 0.1771161069413441 -0.29537876735180946 0.9388190818574514
    outer loop
      vertex 64.44772338867188 17.5748291015625 6.899837493896484
      vertex 65.13848876953125 18.205856323242188 6.968057632446289
      vertex 64.35995483398438 17.739028930664062 6.968057632446289
    endloop
  endfacet
  facet normal 0.06527409379551087 -0.10885843020312988 0.9919118584092466
    outer loop
      vertex 64.35995483398438 17.739028930664062 6.968057632446289
      vertex 65.13848876953125 18.205856323242188 6.968057632446289
      vertex 64.79939968413925 18.20246808600486 6.99
    endloop
  endfacet
  facet normal 0.31188399891912305 -0.4209851226379039 0.8517628177701616
    outer loop
      vertex 65.33572387695312 17.91058349609375 6.796058654785156
      vertex 65.9859619140625 18.602279663085938 6.899837493896484
      vertex 65.24191284179688 18.051055908203125 6.899837493896484
    endloop
  endfacet
  facet normal 0.06527409379551084 -0.1088584302031265 0.9919118584092469
    outer loop
      vertex 64.79939968413925 18.20246808600486 6.99
      vertex 65.13848876953125 18.205856323242188 6.968057632446289
      vertex 65.04309856542817 18.348595708876434 6.99
    endloop
  endfacet
  facet normal 0.07555650353762342 -0.10198693555171007 0.9919122338946831
    outer loop
      vertex 65.04309856542817 18.348595708876434 6.99
      vertex 65.13848876953125 18.205856323242188 6.968057632446289
      vertex 65.5306393030394 18.709787789673694 6.99
    endloop
  endfacet
  facet normal 0.20502768226145937 -0.27675147441821296 0.9388142898964839
    outer loop
      vertex 65.24191284179688 18.051055908203125 6.899837493896484
      vertex 65.86785888671875 18.746200561523438 6.968057632446289
      vertex 65.13848876953125 18.205856323242188 6.968057632446289
    endloop
  endfacet
  facet normal 0.0755545747279153 -0.10198544764470666 0.9919125337984154
    outer loop
      vertex 65.13848876953125 18.205856323242188 6.968057632446289
      vertex 65.86785888671875 18.746200561523438 6.968057632446289
      vertex 65.5306393030394 18.709787789673694 6.99
    endloop
  endfacet
  facet normal 0.5920879264165227 -0.7994488434972936 0.10155507876331055
    outer loop
      vertex 65.55514526367188 17.582260131835938 5.999998092651367
      vertex 66.3314208984375 18.1822509765625 6.197315216064453
      vertex 65.5440673828125 17.59912109375 6.197315216064453
    endloop
  endfacet
  facet normal 0.5691453604173641 -0.768471336548461 0.29244719800129865
    outer loop
      vertex 65.5440673828125 17.59912109375 6.197315216064453
      vertex 66.3314208984375 18.1822509765625 6.197315216064453
      vertex 66.29434204101562 18.226943969726562 6.3869171142578125
    endloop
  endfacet
  facet normal 0.5692860381780105 -0.768518918158443 0.2920480768095576
    outer loop
      vertex 65.5440673828125 17.59912109375 6.197315216064453
      vertex 66.29434204101562 18.226943969726562 6.3869171142578125
      vertex 65.51181030273438 17.64727783203125 6.3869171142578125
    endloop
  endfacet
  facet normal 0.5337872847397566 -0.7205966756322534 0.44250600642014243
    outer loop
      vertex 65.51181030273438 17.64727783203125 6.3869171142578125
      vertex 66.29434204101562 18.226943969726562 6.3869171142578125
      vertex 66.2586669921875 18.26995849609375 6.499998092651367
    endloop
  endfacet
  facet normal 0.533891048092568 -0.7206751706632641 0.4422529221566482
    outer loop
      vertex 65.51181030273438 17.64727783203125 6.3869171142578125
      vertex 66.2586669921875 18.26995849609375 6.499998092651367
      vertex 65.480712890625 17.693634033203125 6.499998092651367
    endloop
  endfacet
  facet normal 0.6676441238718582 -0.7376421572488078 0.10067458323084294
    outer loop
      vertex 66.34365844726562 18.166397094726562 5.999998092651367
      vertex 67.05709838867188 18.839065551757812 6.19731330871582
      vertex 66.3314208984375 18.1822509765625 6.197315216064453
    endloop
  endfacet
  facet normal 0.6417233845300074 -0.7089244253698938 0.29260426664920325
    outer loop
      vertex 66.3314208984375 18.1822509765625 6.197315216064453
      vertex 67.01596069335938 18.880157470703125 6.38691520690918
      vertex 66.29434204101562 18.226943969726562 6.3869171142578125
    endloop
  endfacet
  facet normal 0.6416330540595975 -0.7089034307893219 0.29285311976020106
    outer loop
      vertex 66.3314208984375 18.1822509765625 6.197315216064453
      vertex 67.05709838867188 18.839065551757812 6.19731330871582
      vertex 67.01596069335938 18.880157470703125 6.38691520690918
    endloop
  endfacet
  facet normal 0.7376833481225115 -0.6677129624063398 0.09991335114643819
    outer loop
      vertex 67.07107543945312 18.824981689453125 5.999996185302734
      vertex 67.71380615234375 19.564590454101562 6.19731330871582
      vertex 67.05709838867188 18.839065551757812 6.19731330871582
    endloop
  endfacet
  facet normal 0.7088533597412474 -0.6416811579733085 0.29286892270362136
    outer loop
      vertex 67.05709838867188 18.839065551757812 6.19731330871582
      vertex 67.66912841796875 19.601699829101562 6.38691520690918
      vertex 67.01596069335938 18.880157470703125 6.38691520690918
    endloop
  endfacet
  facet normal 0.7089354067089959 -0.641691806888655 0.29264691026273254
    outer loop
      vertex 67.05709838867188 18.839065551757812 6.19731330871582
      vertex 67.71380615234375 19.564590454101562 6.19731330871582
      vertex 67.66912841796875 19.601699829101562 6.38691520690918
    endloop
  endfacet
  facet normal 0.6018071090479162 -0.6647098661121559 0.4427064460706996
    outer loop
      vertex 66.29434204101562 18.226943969726562 6.3869171142578125
      vertex 66.97634887695312 18.919723510742188 6.499996185302734
      vertex 66.2586669921875 18.26995849609375 6.499998092651367
    endloop
  endfacet
  facet normal 0.6015677454702627 -0.6645632089590632 0.4432516090301959
    outer loop
      vertex 66.29434204101562 18.226943969726562 6.3869171142578125
      vertex 67.01596069335938 18.880157470703125 6.38691520690918
      vertex 66.97634887695312 18.919723510742188 6.499996185302734
    endloop
  endfacet
  facet normal 0.6647549174377465 -0.6017615622864673 0.44270071368463465
    outer loop
      vertex 67.01596069335938 18.880157470703125 6.38691520690918
      vertex 67.66912841796875 19.601699829101562 6.38691520690918
      vertex 67.62612915039062 19.63739013671875 6.499996185302734
    endloop
  endfacet
  facet normal 0.6644891597909685 -0.6016330317125975 0.4432740142085947
    outer loop
      vertex 67.01596069335938 18.880157470703125 6.38691520690918
      vertex 67.62612915039062 19.63739013671875 6.499996185302734
      vertex 66.97634887695312 18.919723510742188 6.499996185302734
    endloop
  endfacet
  facet normal 0.48347845017137386 -0.6525741443235846 0.5834342931129672
    outer loop
      vertex 65.480712890625 17.693634033203125 6.499998092651367
      vertex 66.18508911132812 18.359359741210938 6.660915374755859
      vertex 65.4163818359375 17.789840698242188 6.660915374755859
    endloop
  endfacet
  facet normal 0.48340231617879836 -0.65252273465872 0.5835548658579404
    outer loop
      vertex 65.480712890625 17.693634033203125 6.499998092651367
      vertex 66.2586669921875 18.26995849609375 6.499998092651367
      vertex 66.18508911132812 18.359359741210938 6.660915374755859
    endloop
  endfacet
  facet normal 0.545013678106344 -0.6019463285359757 0.5836271997080444
    outer loop
      vertex 66.2586669921875 18.26995849609375 6.499998092651367
      vertex 66.89443969726562 19.001617431640625 6.660913467407227
      vertex 66.18508911132812 18.359359741210938 6.660915374755859
    endloop
  endfacet
  facet normal 0.5449545184232131 -0.601914328607367 0.5837154391201818
    outer loop
      vertex 66.2586669921875 18.26995849609375 6.499998092651367
      vertex 66.97634887695312 18.919723510742188 6.499996185302734
      vertex 66.89443969726562 19.001617431640625 6.660913467407227
    endloop
  endfacet
  facet normal 0.4058529870694052 -0.5477993190060684 0.7315731398727873
    outer loop
      vertex 65.4163818359375 17.789840698242188 6.660915374755859
      vertex 66.18508911132812 18.359359741210938 6.660915374755859
      vertex 66.09304809570312 18.471649169921875 6.796058654785156
    endloop
  endfacet
  facet normal 0.4576083704693022 -0.5054098615731896 0.7315431983833897
    outer loop
      vertex 66.18508911132812 18.359359741210938 6.660915374755859
      vertex 66.89443969726562 19.001617431640625 6.660913467407227
      vertex 66.79177856445312 19.104278564453125 6.796058654785156
    endloop
  endfacet
  facet normal 0.4575828464997419 -0.5053939630225803 0.7315701475111764
    outer loop
      vertex 66.18508911132812 18.359359741210938 6.660915374755859
      vertex 66.79177856445312 19.104278564453125 6.796058654785156
      vertex 66.09304809570312 18.471649169921875 6.796058654785156
    endloop
  endfacet
  facet normal 0.6018973067757455 -0.544968948284641 0.5837195195482471
    outer loop
      vertex 66.97634887695312 18.919723510742188 6.499996185302734
      vertex 67.53671264648438 19.710983276367188 6.660913467407227
      vertex 66.89443969726562 19.001617431640625 6.660913467407227
    endloop
  endfacet
  facet normal 0.6019117137898571 -0.544974983948021 0.5836990283300217
    outer loop
      vertex 66.97634887695312 18.919723510742188 6.499996185302734
      vertex 67.62612915039062 19.63739013671875 6.499996185302734
      vertex 67.53671264648438 19.710983276367188 6.660913467407227
    endloop
  endfacet
  facet normal 0.5054103969545473 -0.4576078098318966 0.7315431791979896
    outer loop
      vertex 66.89443969726562 19.001617431640625 6.660913467407227
      vertex 67.4244384765625 19.803024291992188 6.796056747436523
      vertex 66.79177856445312 19.104278564453125 6.796058654785156
    endloop
  endfacet
  facet normal 0.505410138494178 -0.45760768245169703 0.731543437444751
    outer loop
      vertex 66.89443969726562 19.001617431640625 6.660913467407227
      vertex 67.53671264648438 19.710983276367188 6.660913467407227
      vertex 67.4244384765625 19.803024291992188 6.796056747436523
    endloop
  endfacet
  facet normal 0.31189415392090414 -0.42099349054670426 0.8517549633945584
    outer loop
      vertex 65.33572387695312 17.91058349609375 6.796058654785156
      vertex 66.09304809570312 18.471649169921875 6.796058654785156
      vertex 65.9859619140625 18.602279663085938 6.899837493896484
    endloop
  endfacet
  facet normal 0.351644577278974 -0.3884072384960873 0.8517546057134855
    outer loop
      vertex 66.09304809570312 18.471649169921875 6.796058654785156
      vertex 66.67236328125 19.223709106445312 6.899835586547852
      vertex 65.9859619140625 18.602279663085938 6.899837493896484
    endloop
  endfacet
  facet normal 0.20503255209684293 -0.27675563475006937 0.9388119999311585
    outer loop
      vertex 65.24191284179688 18.051055908203125 6.899837493896484
      vertex 65.9859619140625 18.602279663085938 6.899837493896484
      vertex 65.86785888671875 18.746200561523438 6.968057632446289
    endloop
  endfacet
  facet normal 0.0755545747279149 -0.10198544764470252 0.9919125337984159
    outer loop
      vertex 65.5306393030394 18.709787789673694 6.99
      vertex 65.86785888671875 18.746200561523438 6.968057632446289
      vertex 65.75891886468558 18.87890569421376 6.99
    endloop
  endfacet
  facet normal 0.3516921960861921 -0.3884391954457045 0.8517203711627221
    outer loop
      vertex 66.09304809570312 18.471649169921875 6.796058654785156
      vertex 66.79177856445312 19.104278564453125 6.796058654785156
      vertex 66.67236328125 19.223709106445312 6.899835586547852
    endloop
  endfacet
  facet normal 0.23115735940892804 -0.2553198791682836 0.9388173594968219
    outer loop
      vertex 65.9859619140625 18.602279663085938 6.899837493896484
      vertex 66.54071044921875 19.355361938476562 6.968053817749023
      vertex 65.86785888671875 18.746200561523438 6.968057632446289
    endloop
  endfacet
  facet normal 0.0851794325607412 -0.0940844055464346 0.9919135995143953
    outer loop
      vertex 65.86785888671875 18.746200561523438 6.968057632446289
      vertex 66.208705295147 19.286120393586184 6.99
      vertex 65.75891886468558 18.87890569421376 6.99
    endloop
  endfacet
  facet normal 0.23115085581573055 -0.2553153451232773 0.9388201938604842
    outer loop
      vertex 65.9859619140625 18.602279663085938 6.899837493896484
      vertex 66.67236328125 19.223709106445312 6.899835586547852
      vertex 66.54071044921875 19.355361938476562 6.968053817749023
    endloop
  endfacet
  facet normal 0.08519058609313086 -0.0940913808518535 0.9919119800115838
    outer loop
      vertex 65.86785888671875 18.746200561523438 6.968057632446289
      vertex 66.54071044921875 19.355361938476562 6.968053817749023
      vertex 66.208705295147 19.286120393586184 6.99
    endloop
  endfacet
  facet normal 0.0851905860931297 -0.09409138085184775 0.9919119800115842
    outer loop
      vertex 66.208705295147 19.286120393586184 6.99
      vertex 66.54071044921875 19.355361938476562 6.968053817749023
      vertex 66.41928897297545 19.47678341471986 6.99
    endloop
  endfacet
  facet normal 0.09409402696547074 -0.08518793575216793 0.9919119566230189
    outer loop
      vertex 66.41928897297545 19.47678341471986 6.99
      vertex 66.54071044921875 19.355361938476562 6.968053817749023
      vertex 66.82651534348095 19.92658383245589 6.99
    endloop
  endfacet
  facet normal 0.3884478307690639 -0.351686778469664 0.8517186698789913
    outer loop
      vertex 66.67236328125 19.223709106445312 6.899835586547852
      vertex 66.79177856445312 19.104278564453125 6.796058654785156
      vertex 67.29379272460938 19.91009521484375 6.899835586547852
    endloop
  endfacet
  facet normal 0.38839319529467586 -0.3516575064714893 0.8517556715344172
    outer loop
      vertex 66.79177856445312 19.104278564453125 6.796058654785156
      vertex 67.4244384765625 19.803024291992188 6.796056747436523
      vertex 67.29379272460938 19.91009521484375 6.899835586547852
    endloop
  endfacet
  facet normal 0.25531413596092206 -0.23115207927955392 0.9388202214605662
    outer loop
      vertex 66.67236328125 19.223709106445312 6.899835586547852
      vertex 67.14987182617188 20.0281982421875 6.968053817749023
      vertex 66.54071044921875 19.355361938476562 6.968053817749023
    endloop
  endfacet
  facet normal 0.7996461539554935 -0.5919436404099134 0.10084024515264806
    outer loop
      vertex 67.72967529296875 19.552413940429688 5.999996185302734
      vertex 68.29666137695312 20.351959228515625 6.19731330871582
      vertex 67.71380615234375 19.564590454101562 6.19731330871582
    endloop
  endfacet
  facet normal 0.7685491373371274 -0.5690274402350088 0.2924722136510593
    outer loop
      vertex 67.71380615234375 19.564590454101562 6.19731330871582
      vertex 68.24856567382812 20.384307861328125 6.386913299560547
      vertex 67.66912841796875 19.601699829101562 6.38691520690918
    endloop
  endfacet
  facet normal 0.7686950606035334 -0.569031877772403 0.29207982792815906
    outer loop
      vertex 67.71380615234375 19.564590454101562 6.19731330871582
      vertex 68.29666137695312 20.351959228515625 6.19731330871582
      vertex 68.24856567382812 20.384307861328125 6.386913299560547
    endloop
  endfacet
  facet normal 0.853278433020039 -0.5114277987940471 0.10177191343166594
    outer loop
      vertex 68.31362915039062 20.34100341796875 5.999996185302734
      vertex 68.80047607421875 21.192535400390625 6.1973114013671875
      vertex 68.29666137695312 20.351959228515625 6.19731330871582
    endloop
  endfacet
  facet normal 0.8203454939731635 -0.4917068390331026 0.2919891350136181
    outer loop
      vertex 68.29666137695312 20.351959228515625 6.19731330871582
      vertex 68.74929809570312 21.219711303710938 6.386913299560547
      vertex 68.24856567382812 20.384307861328125 6.386913299560547
    endloop
  endfacet
  facet normal 0.8203731320441012 -0.49170497357873044 0.2919146162460724
    outer loop
      vertex 68.29666137695312 20.351959228515625 6.19731330871582
      vertex 68.80047607421875 21.192535400390625 6.1973114013671875
      vertex 68.74929809570312 21.219711303710938 6.386913299560547
    endloop
  endfacet
  facet normal 0.7208398690179204 -0.5337034824177616 0.4422108954892241
    outer loop
      vertex 67.66912841796875 19.601699829101562 6.38691520690918
      vertex 68.24856567382812 20.384307861328125 6.386913299560547
      vertex 68.20223999023438 20.415435791015625 6.499996185302734
    endloop
  endfacet
  facet normal 0.7207090822594786 -0.5336554640084109 0.4424819368998781
    outer loop
      vertex 67.66912841796875 19.601699829101562 6.38691520690918
      vertex 68.20223999023438 20.415435791015625 6.499996185302734
      vertex 67.62612915039062 19.63739013671875 6.499996185302734
    endloop
  endfacet
  facet normal 0.7693927272547734 -0.4611662630841229 0.4419960509331361
    outer loop
      vertex 68.24856567382812 20.384307861328125 6.386913299560547
      vertex 68.74929809570312 21.219711303710938 6.386913299560547
      vertex 68.70001220703125 21.245864868164062 6.499994277954102
    endloop
  endfacet
  facet normal 0.7693373665945358 -0.46115187162816995 0.44210741642186985
    outer loop
      vertex 68.24856567382812 20.384307861328125 6.386913299560547
      vertex 68.70001220703125 21.245864868164062 6.499994277954102
      vertex 68.20223999023438 20.415435791015625 6.499996185302734
    endloop
  endfacet
  facet normal 0.8642596390752135 -0.4096260938784328 0.2919961292200273
    outer loop
      vertex 68.80047607421875 21.192535400390625 6.1973114013671875
      vertex 69.16635131835938 22.099639892578125 6.386911392211914
      vertex 68.74929809570312 21.219711303710938 6.386913299560547
    endloop
  endfacet
  facet normal 0.8989174687750833 -0.42615369623961147 0.10168781398139151
    outer loop
      vertex 68.81814575195312 21.182723999023438 5.999994277954102
      vertex 69.22012329101562 22.077728271484375 6.1973114013671875
      vertex 68.80047607421875 21.192535400390625 6.1973114013671875
    endloop
  endfacet
  facet normal 0.8641077907249887 -0.40965132145967453 0.2924098507826329
    outer loop
      vertex 68.80047607421875 21.192535400390625 6.1973114013671875
      vertex 69.22012329101562 22.077728271484375 6.1973114013671875
      vertex 69.16635131835938 22.099639892578125 6.386911392211914
    endloop
  endfacet
  facet normal 0.9365518971030947 -0.335805694868157 0.10052402362971981
    outer loop
      vertex 69.23834228515625 22.069473266601562 5.999994277954102
      vertex 69.5504150390625 22.9989013671875 6.197309494018555
      vertex 69.22012329101562 22.077728271484375 6.1973114013671875
    endloop
  endfacet
  facet normal 0.9001493349357814 -0.32268769003627057 0.2925813211975879
    outer loop
      vertex 69.22012329101562 22.077728271484375 6.1973114013671875
      vertex 69.49478149414062 23.01580810546875 6.386911392211914
      vertex 69.16635131835938 22.099639892578125 6.386911392211914
    endloop
  endfacet
  facet normal 0.9000453030452131 -0.3227156538167837 0.2928703796013796
    outer loop
      vertex 69.22012329101562 22.077728271484375 6.1973114013671875
      vertex 69.5504150390625 22.9989013671875 6.197309494018555
      vertex 69.49478149414062 23.01580810546875 6.386911392211914
    endloop
  endfacet
  facet normal 0.8105677674177777 -0.38407815517661126 0.44211295518169363
    outer loop
      vertex 68.74929809570312 21.219711303710938 6.386913299560547
      vertex 69.11456298828125 22.120742797851562 6.499994277954102
      vertex 68.70001220703125 21.245864868164062 6.499994277954102
    endloop
  endfacet
  facet normal 0.8102520496418225 -0.38402819080201556 0.4427346436868888
    outer loop
      vertex 68.74929809570312 21.219711303710938 6.386913299560547
      vertex 69.16635131835938 22.099639892578125 6.386911392211914
      vertex 69.11456298828125 22.120742797851562 6.499994277954102
    endloop
  endfacet
  facet normal 0.8438327353574401 -0.30249918050420604 0.44321615554203825
    outer loop
      vertex 69.16635131835938 22.099639892578125 6.386911392211914
      vertex 69.49478149414062 23.01580810546875 6.386911392211914
      vertex 69.44122314453125 23.032089233398438 6.499992370605469
    endloop
  endfacet
  facet normal 0.8439641188901322 -0.30250692306734256 0.44296063879574193
    outer loop
      vertex 69.16635131835938 22.099639892578125 6.386911392211914
      vertex 69.44122314453125 23.032089233398438 6.499992370605469
      vertex 69.11456298828125 22.120742797851562 6.499994277954102
    endloop
  endfacet
  facet normal 0.6525593736007496 -0.4832708239860746 0.583622801653275
    outer loop
      vertex 67.62612915039062 19.63739013671875 6.499996185302734
      vertex 68.1060791015625 20.47979736328125 6.660913467407227
      vertex 67.53671264648438 19.710983276367188 6.660913467407227
    endloop
  endfacet
  facet normal 0.5479211395165792 -0.4057473154911644 0.7315405257691244
    outer loop
      vertex 67.53671264648438 19.710983276367188 6.660913467407227
      vertex 67.98532104492188 20.560440063476562 6.796056747436523
      vertex 67.4244384765625 19.803024291992188 6.796056747436523
    endloop
  endfacet
  facet normal 0.42105875090339356 -0.311800828225614 0.8517568736473426
    outer loop
      vertex 67.4244384765625 19.803024291992188 6.796056747436523
      vertex 67.8448486328125 20.65423583984375 6.899831771850586
      vertex 67.29379272460938 19.91009521484375 6.899835586547852
    endloop
  endfacet
  facet normal 0.4210520615105112 -0.3117980514324383 0.8517611969447088
    outer loop
      vertex 67.4244384765625 19.803024291992188 6.796056747436523
      vertex 67.98532104492188 20.560440063476562 6.796056747436523
      vertex 67.8448486328125 20.65423583984375 6.899831771850586
    endloop
  endfacet
  facet normal 0.25531352531574564 -0.23115173803456987 0.9388204715463141
    outer loop
      vertex 66.67236328125 19.223709106445312 6.899835586547852
      vertex 67.29379272460938 19.91009521484375 6.899835586547852
      vertex 67.14987182617188 20.0281982421875 6.968053817749023
    endloop
  endfacet
  facet normal 0.09409072624330211 -0.08518630169146404 0.9919124100640836
    outer loop
      vertex 66.54071044921875 19.355361938476562 6.968053817749023
      vertex 67.14987182617188 20.0281982421875 6.968053817749023
      vertex 66.82651534348095 19.92658383245589 6.99
    endloop
  endfacet
  facet normal 0.0940907262433032 -0.08518630169146757 0.9919124100640833
    outer loop
      vertex 66.82651534348095 19.92658383245589 6.99
      vertex 67.14987182617188 20.0281982421875 6.968053817749023
      vertex 67.01714898993978 20.137144191170435 6.99
    endloop
  endfacet
  facet normal 0.10201095472171849 -0.07553728631232168 0.9919112276274191
    outer loop
      vertex 67.14987182617188 20.0281982421875 6.968053817749023
      vertex 67.37826099810799 20.62481567783737 6.99
      vertex 67.01714898993978 20.137144191170435 6.99
    endloop
  endfacet
  facet normal 0.27676434203611844 -0.20494653750899844 0.9388282141799889
    outer loop
      vertex 67.29379272460938 19.91009521484375 6.899835586547852
      vertex 67.8448486328125 20.65423583984375 6.899831771850586
      vertex 67.69003295898438 20.757675170898438 6.968051910400391
    endloop
  endfacet
  facet normal 0.2768013675378884 -0.20496268452568853 0.9388137732698524
    outer loop
      vertex 67.14987182617188 20.0281982421875 6.968053817749023
      vertex 67.29379272460938 19.91009521484375 6.899835586547852
      vertex 67.69003295898438 20.757675170898438 6.968051910400391
    endloop
  endfacet
  facet normal 0.10201945056282286 -0.07554049744096607 0.991910109310935
    outer loop
      vertex 67.14987182617188 20.0281982421875 6.968053817749023
      vertex 67.69003295898438 20.757675170898438 6.968051910400391
      vertex 67.37826099810799 20.62481567783737 6.99
    endloop
  endfacet
  facet normal 0.10201945056282377 -0.07554049744096829 0.9919101093109349
    outer loop
      vertex 67.37826099810799 20.62481567783737 6.99
      vertex 67.69003295898438 20.757675170898438 6.968051910400391
      vertex 67.5472753603753 20.853074068500085 6.99
    endloop
  endfacet
  facet normal 0.10888521976345203 -0.06526621217662636 0.9919094366247254
    outer loop
      vertex 67.69003295898438 20.757675170898438 6.968051910400391
      vertex 67.85927452455046 21.37358991313481 6.99
      vertex 67.5472753603753 20.853074068500085 6.99
    endloop
  endfacet
  facet normal 0.6527381615378018 -0.4833257899003971 0.5833772992578712
    outer loop
      vertex 67.62612915039062 19.63739013671875 6.499996185302734
      vertex 68.20223999023438 20.415435791015625 6.499996185302734
      vertex 68.1060791015625 20.47979736328125 6.660913467407227
    endloop
  endfacet
  facet normal 0.5478367541462024 -0.405715602743106 0.7316213094882842
    outer loop
      vertex 67.53671264648438 19.710983276367188 6.660913467407227
      vertex 68.1060791015625 20.47979736328125 6.660913467407227
      vertex 67.98532104492188 20.560440063476562 6.796056747436523
    endloop
  endfacet
  facet normal 0.69667290141056 -0.4175748589783986 0.5833336143146239
    outer loop
      vertex 68.20223999023438 20.415435791015625 6.499996185302734
      vertex 68.597900390625 21.300338745117188 6.660911560058594
      vertex 68.1060791015625 20.47979736328125 6.660913467407227
    endloop
  endfacet
  facet normal 0.696621206725042 -0.4175643400846107 0.5834028764333012
    outer loop
      vertex 68.20223999023438 20.415435791015625 6.499996185302734
      vertex 68.70001220703125 21.245864868164062 6.499994277954102
      vertex 68.597900390625 21.300338745117188 6.660911560058594
    endloop
  endfacet
  facet normal 0.5847287024289386 -0.3504668597867467 0.7316182916979227
    outer loop
      vertex 68.1060791015625 20.47979736328125 6.660913467407227
      vertex 68.4698486328125 21.36883544921875 6.796054840087891
      vertex 67.98532104492188 20.560440063476562 6.796056747436523
    endloop
  endfacet
  facet normal 0.5846990197250111 -0.3504589000101947 0.7316458267059652
    outer loop
      vertex 68.1060791015625 20.47979736328125 6.660913467407227
      vertex 68.597900390625 21.300338745117188 6.660911560058594
      vertex 68.4698486328125 21.36883544921875 6.796054840087891
    endloop
  endfacet
  facet normal 0.44939929097269843 -0.2693425880771169 0.8517598531987501
    outer loop
      vertex 67.98532104492188 20.560440063476562 6.796056747436523
      vertex 68.32089233398438 21.448516845703125 6.899831771850586
      vertex 67.8448486328125 20.65423583984375 6.899831771850586
    endloop
  endfacet
  facet normal 0.44935969443319856 -0.26933051329699637 0.8517845617443878
    outer loop
      vertex 67.98532104492188 20.560440063476562 6.796056747436523
      vertex 68.4698486328125 21.36883544921875 6.796054840087891
      vertex 68.32089233398438 21.448516845703125 6.899831771850586
    endloop
  endfacet
  facet normal 0.2954424644943863 -0.17707023489637425 0.938807691749075
    outer loop
      vertex 67.8448486328125 20.65423583984375 6.899831771850586
      vertex 68.32089233398438 21.448516845703125 6.899831771850586
      vertex 68.15670776367188 21.536270141601562 6.968051910400391
    endloop
  endfacet
  facet normal 0.2953977962158359 -0.17705574020039047 0.9388244813877189
    outer loop
      vertex 67.69003295898438 20.757675170898438 6.968051910400391
      vertex 67.8448486328125 20.65423583984375 6.899831771850586
      vertex 68.15670776367188 21.536270141601562 6.968051910400391
    endloop
  endfacet
  facet normal 0.10889285188466559 -0.0652682746450949 0.991908463081789
    outer loop
      vertex 67.69003295898438 20.757675170898438 6.968051910400391
      vertex 68.15670776367188 21.536270141601562 6.968051910400391
      vertex 67.85927452455046 21.37358991313481 6.99
    endloop
  endfacet
  facet normal 0.7339366493736932 -0.3477455575200524 0.583446674453788
    outer loop
      vertex 68.70001220703125 21.245864868164062 6.499994277954102
      vertex 69.00753784179688 22.164901733398438 6.660911560058594
      vertex 68.597900390625 21.300338745117188 6.660911560058594
    endloop
  endfacet
  facet normal 0.6160183279707013 -0.29191258532033343 0.7316477719065235
    outer loop
      vertex 68.597900390625 21.300338745117188 6.660911560058594
      vertex 68.87344360351562 22.220535278320312 6.796054840087891
      vertex 68.4698486328125 21.36883544921875 6.796054840087891
    endloop
  endfacet
  facet normal 0.6161409907046799 -0.29193295157885346 0.7315363499894687
    outer loop
      vertex 68.597900390625 21.300338745117188 6.660911560058594
      vertex 69.00753784179688 22.164901733398438 6.660911560058594
      vertex 68.87344360351562 22.220535278320312 6.796054840087891
    endloop
  endfacet
  facet normal 0.7338776929837194 -0.3477394510077733 0.5835244690273973
    outer loop
      vertex 68.70001220703125 21.245864868164062 6.499994277954102
      vertex 69.11456298828125 22.120742797851562 6.499994277954102
      vertex 69.00753784179688 22.164901733398438 6.660911560058594
    endloop
  endfacet
  facet normal 0.7644325117640802 -0.2739602305999519 0.5835998003835167
    outer loop
      vertex 69.11456298828125 22.120742797851562 6.499994277954102
      vertex 69.33038330078125 23.06573486328125 6.660909652709961
      vertex 69.00753784179688 22.164901733398438 6.660911560058594
    endloop
  endfacet
  facet normal 0.76432121514544 -0.273959675946937 0.583745814574843
    outer loop
      vertex 69.11456298828125 22.120742797851562 6.499994277954102
      vertex 69.44122314453125 23.032089233398438 6.499992370605469
      vertex 69.33038330078125 23.06573486328125 6.660909652709961
    endloop
  endfacet
  facet normal 0.6417879990962215 -0.23000591218569577 0.7315773674572597
    outer loop
      vertex 69.00753784179688 22.164901733398438 6.660911560058594
      vertex 69.33038330078125 23.06573486328125 6.660909652709961
      vertex 69.19143676757812 23.107879638671875 6.796052932739258
    endloop
  endfacet
  facet normal 0.641832943278289 -0.2300088919882814 0.7315370001093943
    outer loop
      vertex 69.00753784179688 22.164901733398438 6.660911560058594
      vertex 69.19143676757812 23.107879638671875 6.796052932739258
      vertex 68.87344360351562 22.220535278320312 6.796054840087891
    endloop
  endfacet
  facet normal 0.47341901591604457 -0.22435561810471144 0.8517857664894014
    outer loop
      vertex 68.4698486328125 21.36883544921875 6.796054840087891
      vertex 68.71743774414062 22.2852783203125 6.899831771850586
      vertex 68.32089233398438 21.448516845703125 6.899831771850586
    endloop
  endfacet
  facet normal 0.4734797681801613 -0.2243678425634711 0.8517487777199767
    outer loop
      vertex 68.4698486328125 21.36883544921875 6.796054840087891
      vertex 68.87344360351562 22.220535278320312 6.796054840087891
      vertex 68.71743774414062 22.2852783203125 6.899831771850586
    endloop
  endfacet
  facet normal 0.10889285188466412 -0.06526827464509218 0.9919084630817893
    outer loop
      vertex 67.85927452455046 21.37358991313481 6.99
      vertex 68.15670776367188 21.536270141601562 6.968051910400391
      vertex 68.00528992883694 21.617200363668506 6.99
    endloop
  endfacet
  facet normal 0.31125183874485296 -0.14749445622267088 0.9388118439077805
    outer loop
      vertex 68.32089233398438 21.448516845703125 6.899831771850586
      vertex 68.54541015625 22.356521606445312 6.968050003051758
      vertex 68.15670776367188 21.536270141601562 6.968051910400391
    endloop
  endfacet
  facet normal 0.11472334224667934 -0.05435977526356413 0.9919090530774715
    outer loop
      vertex 68.00528992883694 21.617200363668506 6.99
      vertex 68.15670776367188 21.536270141601562 6.968051910400391
      vertex 68.26514542885242 22.16561123031422 6.99
    endloop
  endfacet
  facet normal 0.11471274055536354 -0.05435799471891944 0.9919103767802895
    outer loop
      vertex 68.15670776367188 21.536270141601562 6.968051910400391
      vertex 68.54541015625 22.356521606445312 6.968050003051758
      vertex 68.26514542885242 22.16561123031422 6.99
    endloop
  endfacet
  facet normal 0.4932323826909035 -0.1767699544562196 0.8517477325280064
    outer loop
      vertex 68.87344360351562 22.220535278320312 6.796054840087891
      vertex 69.02981567382812 23.156890869140625 6.899831771850586
      vertex 68.71743774414062 22.2852783203125 6.899831771850586
    endloop
  endfacet
  facet normal 0.3112151155540579 -0.14748638577298329 0.9388252861221289
    outer loop
      vertex 68.32089233398438 21.448516845703125 6.899831771850586
      vertex 68.71743774414062 22.2852783203125 6.899831771850586
      vertex 68.54541015625 22.356521606445312 6.968050003051758
    endloop
  endfacet
  facet normal 0.11471274055535767 -0.0543579947189107 0.9919103767802907
    outer loop
      vertex 68.26514542885242 22.16561123031422 6.99
      vertex 68.54541015625 22.356521606445312 6.968050003051758
      vertex 68.38674419634276 22.42222349018697 6.99
    endloop
  endfacet
  facet normal 0.11948795771589918 -0.04282653326253775 0.9919115464645001
    outer loop
      vertex 68.38674419634276 22.42222349018697 6.99
      vertex 68.54541015625 22.356521606445312 6.968050003051758
      vertex 68.59150423236368 22.993513217888903 6.99
    endloop
  endfacet
  facet normal 0.3241778875917068 -0.11619341376847138 0.9388332055234346
    outer loop
      vertex 68.71743774414062 22.2852783203125 6.899831771850586
      vertex 68.85165405273438 23.2109375 6.968050003051758
      vertex 68.54541015625 22.356521606445312 6.968050003051758
    endloop
  endfacet
  facet normal -0.7916628349944876 0.6074485103809664 0.06539314126447807
    outer loop
      vertex 59.649566650390625 23.260116577148438 0
      vertex 59.8168446199052 22.72563455881728 6.99
      vertex 59.81781368609514 22.726897503205354 6.99
    endloop
  endfacet
  facet normal -0.8840344267416197 0.46397353609124914 0.05667177553772443
    outer loop
      vertex 59.649566650390625 23.260116577148438 0
      vertex 59.81781368609514 22.726897503205354 6.99
      vertex 60.3436123374347 23.728730739717932 6.99
    endloop
  endfacet
  facet normal -0.9218696992573037 0.3818493764736807 0.06593414349113579
    outer loop
      vertex 60.076324462890625 24.2904052734375 0
      vertex 60.3436123374347 23.728730739717932 6.99
      vertex 60.34422152698742 23.730201459390024 6.99
    endloop
  endfacet
  facet normal -0.9694026553362518 0.23893216393293343 0.0563019792311965
    outer loop
      vertex 60.076324462890625 24.2904052734375 0
      vertex 60.34422152698742 23.730201459390024 6.99
      vertex 60.61498329524835 24.82874412855265 6.99
    endloop
  endfacet
  facet normal -0.9892687411937646 0.13024777861737352 0.06620327682331098
    outer loop
      vertex 60.221893310546875 25.396041870117188 0
      vertex 60.61498329524835 24.82874412855265 6.99
      vertex 60.61519105270623 24.830322105244548 6.99
    endloop
  endfacet
  facet normal -0.9984208296129231 9.45663080228792e-8 0.056176925823986
    outer loop
      vertex 60.221893310546875 25.396041870117188 0
      vertex 60.61519105270623 24.830322105244548 6.99
      vertex 60.615191159871536 25.96176178913648 6.99
    endloop
  endfacet
  facet normal -0.9892687400118317 -0.13024777846554678 0.06620329478351203
    outer loop
      vertex 60.221893310546875 25.396041870117188 0
      vertex 60.615191159871536 25.96176178913648 6.99
      vertex 60.61498344202147 25.96333946499579 6.99
    endloop
  endfacet
  facet normal -0.6074892737577624 -0.7916981652702414 0.06458171085531866
    outer loop
      vertex 58.970703125 28.416702270507812 0
      vertex 59.066574453925895 28.913337695652547 6.99
      vertex 59.06531223172038 28.9143062294759 6.99
    endloop
  endfacet
  facet normal -0.8840344690244848 -0.4639734505417479 0.056671816355058836
    outer loop
      vertex 59.649566650390625 27.531967163085938 0
      vertex 60.3436127156602 27.06335274514157 6.99
      vertex 59.81781382362644 28.065186672901852 6.99
    endloop
  endfacet
  facet normal -0.969402676698348 -0.23893207158313856 0.05630200333085944
    outer loop
      vertex 60.076324462890625 26.501678466796875 0
      vertex 60.61498344202147 25.96333946499579 6.99
      vertex 60.34422167297997 27.0618825861317 6.99
    endloop
  endfacet
  facet normal -0.9218696970734073 -0.3818493755687879 0.06593417926622946
    outer loop
      vertex 60.076324462890625 26.501678466796875 0
      vertex 60.34422167297997 27.0618825861317 6.99
      vertex 60.3436127156602 27.06335274514157 6.99
    endloop
  endfacet
  facet normal -0.7916628322281353 -0.6074485082563343 0.06539319449057093
    outer loop
      vertex 59.649566650390625 27.531967163085938 0
      vertex 59.81781382362644 28.065186672901852 6.99
      vertex 59.816845311572294 28.06644889510737 6.99
    endloop
  endfacet
  facet normal -0.7472846715887153 -0.6620301403182443 0.05728623673057812
    outer loop
      vertex 58.970703125 28.416702270507812 0
      vertex 59.816845311572294 28.06644889510737 6.99
      vertex 59.066574453925895 28.913337695652547 6.99
    endloop
  endfacet
  facet normal -0.12031171129864184 -0.9908845657257775 0.06060420390393432
    outer loop
      vertex 55.950042724609375 29.66790771484375 0
      vertex 57.07319423817556 29.95905676955971 6.99
      vertex 55.950042724609375 30.095428134417766 6.99
    endloop
  endfacet
  facet normal -0.13028357206343227 -0.9895269459584171 0.0621499322010942
    outer loop
      vertex 57.0556640625 29.5223388671875 0
      vertex 57.07477129060413 29.958849130925344 6.99
      vertex 57.07319423817556 29.95905676955971 6.99
    endloop
  endfacet
  facet normal -0.35398973605977596 -0.9333703241162972 0.05925457639177366
    outer loop
      vertex 57.0556640625 29.5223388671875 0
      vertex 58.13267786737454 29.557627814786525 6.99
      vertex 57.07477129060413 29.958849130925344 6.99
    endloop
  endfacet
  facet normal -0.3819049978927401 -0.9220176368573791 0.0634984244566782
    outer loop
      vertex 58.085968017578125 29.0955810546875 0
      vertex 58.134147487486636 29.557019089699956 6.99
      vertex 58.13267786737454 29.557627814786525 6.99
    endloop
  endfacet
  facet normal -0.5670894377816428 -0.8216012530160282 0.05814594224013208
    outer loop
      vertex 58.085968017578125 29.0955810546875 0
      vertex 59.06531223172038 28.9143062294759 6.99
      vertex 58.134147487486636 29.557019089699956 6.99
    endloop
  endfacet
  facet normal 0.9700811881642842 -0.24278074134858924 0
    outer loop
      vertex 69.80767822265625 23.945175170898438 1
      vertex 69.80767822265625 23.945175170898438 5.999990463256836
      vertex 69.56942749023438 22.993194580078125 5.999992370605469
    endloop
  endfacet
  facet normal 0.989173889373548 -0.14674813995893532 4.478406367777505e-7
    outer loop
      vertex 69.95169067382812 24.9158935546875 1
      vertex 69.95169067382812 24.915908813476562 5.999990463256836
      vertex 69.80767822265625 23.945175170898438 5.999990463256836
    endloop
  endfacet
  facet normal 0.9987860368426765 -0.04925903580133585 1.5032699141412173e-7
    outer loop
      vertex 70.00003051757812 25.896041870117188 1
      vertex 70.00003051757812 25.89605712890625 5.999988555908203
      vertex 69.95169067382812 24.915908813476562 5.999990463256836
    endloop
  endfacet
  facet normal 0.9651784666132 -0.24155354351401598 0.10041122049858076
    outer loop
      vertex 69.56942749023438 22.993194580078125 5.999992370605469
      vertex 69.80767822265625 23.945175170898438 5.999990463256836
      vertex 69.78805541992188 23.94879150390625 6.197309494018555
    endloop
  endfacet
  facet normal 0.984153766546478 -0.14600338345540034 0.10061995732435847
    outer loop
      vertex 69.80767822265625 23.945175170898438 5.999990463256836
      vertex 69.95169067382812 24.915908813476562 5.999990463256836
      vertex 69.93185424804688 24.918182373046875 6.197307586669922
    endloop
  endfacet
  facet normal 0.9937327470515444 -0.04900961756817338 0.1004653414029572
    outer loop
      vertex 69.95169067382812 24.915908813476562 5.999990463256836
      vertex 70.00003051757812 25.89605712890625 5.999988555908203
      vertex 69.93185424804688 24.918182373046875 6.197307586669922
    endloop
  endfacet
  facet normal 0.9652404660622145 -0.2414806756160915 0.09998962936222462
    outer loop
      vertex 69.56942749023438 22.993194580078125 5.999992370605469
      vertex 69.78805541992188 23.94879150390625 6.197309494018555
      vertex 69.5504150390625 22.9989013671875 6.197309494018555
    endloop
  endfacet
  facet normal 0.9275569039418394 -0.23209843480071973 0.2928626068874027
    outer loop
      vertex 69.5504150390625 22.9989013671875 6.197309494018555
      vertex 69.73110961914062 23.96026611328125 6.386909484863281
      vertex 69.49478149414062 23.01580810546875 6.386911392211914
    endloop
  endfacet
  facet normal 0.9841631392617342 -0.1459899394920834 0.10054776419983869
    outer loop
      vertex 69.80767822265625 23.945175170898438 5.999990463256836
      vertex 69.93185424804688 24.918182373046875 6.197307586669922
      vertex 69.78805541992188 23.94879150390625 6.197309494018555
    endloop
  endfacet
  facet normal 0.9276290481633127 -0.23207117516056405 0.2926556315248712
    outer loop
      vertex 69.5504150390625 22.9989013671875 6.197309494018555
      vertex 69.78805541992188 23.94879150390625 6.197309494018555
      vertex 69.73110961914062 23.96026611328125 6.386909484863281
    endloop
  endfacet
  facet normal 0.945884565686171 -0.14033966758549335 0.2925870231207751
    outer loop
      vertex 69.78805541992188 23.94879150390625 6.197309494018555
      vertex 69.87405395507812 24.9237060546875 6.386909484863281
      vertex 69.73110961914062 23.96026611328125 6.386909484863281
    endloop
  endfacet
  facet normal 0.8695977017468023 -0.21764929073765918 0.44320268879833463
    outer loop
      vertex 69.49478149414062 23.01580810546875 6.386911392211914
      vertex 69.67630004882812 23.9713134765625 6.499990463256836
      vertex 69.44122314453125 23.032089233398438 6.499992370605469
    endloop
  endfacet
  facet normal 0.8697839861674125 -0.21764183505684603 0.4428406587473817
    outer loop
      vertex 69.49478149414062 23.01580810546875 6.386911392211914
      vertex 69.73110961914062 23.96026611328125 6.386909484863281
      vertex 69.67630004882812 23.9713134765625 6.499990463256836
    endloop
  endfacet
  facet normal 0.8869377450919437 -0.13158869246070548 0.44274806871142913
    outer loop
      vertex 69.73110961914062 23.96026611328125 6.386909484863281
      vertex 69.81838989257812 24.929031372070312 6.499990463256836
      vertex 69.67630004882812 23.9713134765625 6.499990463256836
    endloop
  endfacet
  facet normal 0.9459286264321912 -0.14031787846091678 0.29245499941073916
    outer loop
      vertex 69.78805541992188 23.94879150390625 6.197309494018555
      vertex 69.93185424804688 24.918182373046875 6.197307586669922
      vertex 69.87405395507812 24.9237060546875 6.386909484863281
    endloop
  endfacet
  facet normal 0.9905322719264814 -0.04273421551600152 0.1304592085534583
    outer loop
      vertex 70.00003051757812 25.89605712890625 5.999988555908203
      vertex 69.9659423828125 25.89605712890625 6.258808135986328
      vertex 69.93185424804688 24.918182373046875 6.197307586669922
    endloop
  endfacet
  facet normal 0.954840199353534 -0.05168672414303495 0.2925896037897886
    outer loop
      vertex 69.93185424804688 24.918182373046875 6.197307586669922
      vertex 69.9659423828125 25.89605712890625 6.258808135986328
      vertex 69.87405395507812 24.9237060546875 6.386909484863281
    endloop
  endfacet
  facet normal 0.886919951438853 -0.1315911641602657 0.4427829776026271
    outer loop
      vertex 69.73110961914062 23.96026611328125 6.386909484863281
      vertex 69.87405395507812 24.9237060546875 6.386909484863281
      vertex 69.81838989257812 24.929031372070312 6.499990463256836
    endloop
  endfacet
  facet normal 0.9232730519123347 -0.036875522973338015 0.38237032758560946
    outer loop
      vertex 69.9659423828125 25.89605712890625 6.258808135986328
      vertex 69.86605834960938 25.89605712890625 6.499988555908203
      vertex 69.87405395507812 24.9237060546875 6.386909484863281
    endloop
  endfacet
  facet normal 0.8954916030008592 -0.044141387096837265 0.44288410097915976
    outer loop
      vertex 69.87405395507812 24.9237060546875 6.386909484863281
      vertex 69.86605834960938 25.89605712890625 6.499988555908203
      vertex 69.81838989257812 24.929031372070312 6.499990463256836
    endloop
  endfacet
  facet normal 0.7876334739083664 -0.19716408101978536 0.5837463798043311
    outer loop
      vertex 69.44122314453125 23.032089233398438 6.499992370605469
      vertex 69.562744140625 23.993972778320312 6.660909652709961
      vertex 69.33038330078125 23.06573486328125 6.660909652709961
    endloop
  endfacet
  facet normal 0.6613413022657066 -0.16556432568360668 0.7315846745103617
    outer loop
      vertex 69.33038330078125 23.06573486328125 6.660909652709961
      vertex 69.42034912109375 24.022262573242188 6.796052932739258
      vertex 69.19143676757812 23.107879638671875 6.796052932739258
    endloop
  endfacet
  facet normal 0.7877199110043591 -0.19715594682424684 0.5836324823372319
    outer loop
      vertex 69.44122314453125 23.032089233398438 6.499992370605469
      vertex 69.67630004882812 23.9713134765625 6.499990463256836
      vertex 69.562744140625 23.993972778320312 6.660909652709961
    endloop
  endfacet
  facet normal 0.8032471355119609 -0.11915499519034554 0.583606139800652
    outer loop
      vertex 69.67630004882812 23.9713134765625 6.499990463256836
      vertex 69.703125 24.9403076171875 6.660909652709961
      vertex 69.562744140625 23.993972778320312 6.660909652709961
    endloop
  endfacet
  facet normal 0.6613918031982481 -0.1655626778081456 0.7315393922265337
    outer loop
      vertex 69.33038330078125 23.06573486328125 6.660909652709961
      vertex 69.562744140625 23.993972778320312 6.660909652709961
      vertex 69.42034912109375 24.022262573242188 6.796052932739258
    endloop
  endfacet
  facet normal 0.6744132117347497 -0.10004566134325822 0.7315447255527237
    outer loop
      vertex 69.562744140625 23.993972778320312 6.660909652709961
      vertex 69.55865478515625 24.954574584960938 6.796051025390625
      vertex 69.42034912109375 24.022262573242188 6.796052932739258
    endloop
  endfacet
  facet normal 0.3242238901798251 -0.1161988634809947 0.938816645124268
    outer loop
      vertex 68.71743774414062 22.2852783203125 6.899831771850586
      vertex 69.02981567382812 23.156890869140625 6.899831771850586
      vertex 68.85165405273438 23.2109375 6.968050003051758
    endloop
  endfacet
  facet normal 0.11948478468892863 -0.042826317148081036 0.9919119380203931
    outer loop
      vertex 68.54541015625 22.356521606445312 6.968050003051758
      vertex 68.85165405273438 23.2109375 6.968050003051758
      vertex 68.59150423236368 22.993513217888903 6.99
    endloop
  endfacet
  facet normal 0.11948478468892858 -0.042826317148080974 0.9919119380203931
    outer loop
      vertex 68.59150423236368 22.993513217888903 6.99
      vertex 68.85165405273438 23.2109375 6.968050003051758
      vertex 68.68730497425261 23.260795855759905 6.99
    endloop
  endfacet
  facet normal 0.12312819786829429 -0.030816572046123005 0.9919121865251139
    outer loop
      vertex 68.85165405273438 23.2109375 6.968050003051758
      vertex 68.83466659540431 23.849582006932167 6.99
      vertex 68.68730497425261 23.260795855759905 6.99
    endloop
  endfacet
  facet normal 0.4932888513660888 -0.17677562977383418 0.8517138520864793
    outer loop
      vertex 68.87344360351562 22.220535278320312 6.796054840087891
      vertex 69.19143676757812 23.107879638671875 6.796052932739258
      vertex 69.02981567382812 23.156890869140625 6.899831771850586
    endloop
  endfacet
  facet normal 0.5083151828646806 -0.12723672617170506 0.851719725251419
    outer loop
      vertex 69.19143676757812 23.107879638671875 6.796052932739258
      vertex 69.25466918945312 24.05517578125 6.899829864501953
      vertex 69.02981567382812 23.156890869140625 6.899831771850586
    endloop
  endfacet
  facet normal 0.33410665915172505 -0.0836230545590164 0.9388183663822798
    outer loop
      vertex 68.85165405273438 23.2109375 6.968050003051758
      vertex 69.02981567382812 23.156890869140625 6.899831771850586
      vertex 69.07205200195312 24.09149169921875 6.968048095703125
    endloop
  endfacet
  facet normal 0.508242562669704 -0.12723662787102044 0.8517630762242183
    outer loop
      vertex 69.19143676757812 23.107879638671875 6.796052932739258
      vertex 69.42034912109375 24.022262573242188 6.796052932739258
      vertex 69.25466918945312 24.05517578125 6.899829864501953
    endloop
  endfacet
  facet normal 0.5182480556558048 -0.07688428144440627 0.8517674330917772
    outer loop
      vertex 69.42034912109375 24.022262573242188 6.796052932739258
      vertex 69.39056396484375 24.97119140625 6.899829864501953
      vertex 69.25466918945312 24.05517578125 6.899829864501953
    endloop
  endfacet
  facet normal 0.33407807007394585 -0.08362250869774192 0.9388285887928446
    outer loop
      vertex 69.02981567382812 23.156890869140625 6.899831771850586
      vertex 69.25466918945312 24.05517578125 6.899829864501953
      vertex 69.07205200195312 24.09149169921875 6.968048095703125
    endloop
  endfacet
  facet normal 0.12312961796390237 -0.03081652826071178 0.9919120116048702
    outer loop
      vertex 68.85165405273438 23.2109375 6.968050003051758
      vertex 69.07205200195312 24.09149169921875 6.968048095703125
      vertex 68.83466659540431 23.849582006932167 6.99
    endloop
  endfacet
  facet normal 0.12312961796390093 -0.030816528260710317 0.9919120116048704
    outer loop
      vertex 68.83466659540431 23.849582006932167 6.99
      vertex 69.07205200195312 24.09149169921875 6.968048095703125
      vertex 68.90359895812438 24.125006136972527 6.99
    endloop
  endfacet
  facet normal 0.34065765053227154 -0.050535978948251944 0.9388282483849613
    outer loop
      vertex 69.25466918945312 24.05517578125 6.899829864501953
      vertex 69.20526123046875 24.98944091796875 6.968048095703125
      vertex 69.07205200195312 24.09149169921875 6.968048095703125
    endloop
  endfacet
  facet normal 0.12555490225143434 -0.018626228512708003 0.9919118056218633
    outer loop
      vertex 68.90359895812438 24.125006136972527 6.99
      vertex 69.07205200195312 24.09149169921875 6.968048095703125
      vertex 68.99267018286798 24.725413723965726 6.99
    endloop
  endfacet
  facet normal 0.8031971931389426 -0.1191646978811413 0.583672891020836
    outer loop
      vertex 69.67630004882812 23.9713134765625 6.499990463256836
      vertex 69.81838989257812 24.929031372070312 6.499990463256836
      vertex 69.703125 24.9403076171875 6.660909652709961
    endloop
  endfacet
  facet normal 0.6744207227248179 -0.10004467419771884 0.7315379360798773
    outer loop
      vertex 69.562744140625 23.993972778320312 6.660909652709961
      vertex 69.703125 24.9403076171875 6.660909652709961
      vertex 69.55865478515625 24.954574584960938 6.796051025390625
    endloop
  endfacet
  facet normal 0.8109838359543674 -0.039975393149684964 0.5837012812760202
    outer loop
      vertex 69.81838989257812 24.929031372070312 6.499990463256836
      vertex 69.86605834960938 25.89605712890625 6.499988555908203
      vertex 69.703125 24.9403076171875 6.660909652709961
    endloop
  endfacet
  facet normal 0.7928983058491427 -0.03272106427287744 0.6084748216108944
    outer loop
      vertex 69.86605834960938 25.89605712890625 6.499988555908203
      vertex 69.70712280273438 25.89605712890625 6.707096099853516
      vertex 69.703125 24.9403076171875 6.660909652709961
    endloop
  endfacet
  facet normal 0.6806216881793695 -0.03820327947680564 0.7316383170782419
    outer loop
      vertex 69.703125 24.9403076171875 6.660909652709961
      vertex 69.70712280273438 25.89605712890625 6.707096099853516
      vertex 69.55865478515625 24.954574584960938 6.796051025390625
    endloop
  endfacet
  facet normal 0.5182704512694054 -0.07688210967357764 0.851754002369902
    outer loop
      vertex 69.42034912109375 24.022262573242188 6.796052932739258
      vertex 69.55865478515625 24.954574584960938 6.796051025390625
      vertex 69.39056396484375 24.97119140625 6.899829864501953
    endloop
  endfacet
  facet normal 0.34064877696172496 -0.050536680564051216 0.9388314303814334
    outer loop
      vertex 69.25466918945312 24.05517578125 6.899829864501953
      vertex 69.39056396484375 24.97119140625 6.899829864501953
      vertex 69.20526123046875 24.98944091796875 6.968048095703125
    endloop
  endfacet
  facet normal 0.12555624757201864 -0.018626054263589632 0.9919116386040663
    outer loop
      vertex 69.07205200195312 24.09149169921875 6.968048095703125
      vertex 69.20526123046875 24.98944091796875 6.968048095703125
      vertex 68.99267018286798 24.725413723965726 6.99
    endloop
  endfacet
  facet normal 0.1255562475720207 -0.01862605426359129 0.9919116386040661
    outer loop
      vertex 68.99267018286798 24.725413723965726 6.99
      vertex 69.20526123046875 24.98944091796875 6.968048095703125
      vertex 69.03433340337658 25.0062610550642 6.99
    endloop
  endfacet
  facet normal 0.6086528814411631 -0.021041510106292016 0.7931575661656493
    outer loop
      vertex 69.70712280273438 25.89605712890625 6.707096099853516
      vertex 69.50003051757812 25.89605712890625 6.86601448059082
      vertex 69.55865478515625 24.954574584960938 6.796051025390625
    endloop
  endfacet
  facet normal 0.5228886343249303 -0.030743168044895523 0.8518464261311264
    outer loop
      vertex 69.55865478515625 24.954574584960938 6.796051025390625
      vertex 69.50003051757812 25.89605712890625 6.86601448059082
      vertex 69.39056396484375 24.97119140625 6.899829864501953
    endloop
  endfacet
  facet normal 0.38265509460273245 -0.011513695398479793 0.9238195242539773
    outer loop
      vertex 69.39056396484375 24.97119140625 6.899829864501953
      vertex 69.50003051757812 25.89605712890625 6.86601448059082
      vertex 69.25885009765625 25.89605712890625 6.965913772583008
    endloop
  endfacet
  facet normal 0.12677438765620977 -0.00624754403640199 0.9919119027554344
    outer loop
      vertex 69.03433340337658 25.0062610550642 6.99
      vertex 69.20526123046875 24.98944091796875 6.968048095703125
      vertex 69.06421113478359 25.612536270030443 6.99
    endloop
  endfacet
  facet normal 0.13052633252839652 -0.005381247057478419 0.9914302389461364
    outer loop
      vertex 69.20526123046875 24.98944091796875 6.968048095703125
      vertex 69.25885009765625 25.89605712890625 6.965913772583008
      vertex 69.06421113478359 25.612536270030443 6.99
    endloop
  endfacet
  facet normal 0.3438488366491538 -0.018114235746567536 0.938850281993003
    outer loop
      vertex 69.39056396484375 24.97119140625 6.899829864501953
      vertex 69.25885009765625 25.89605712890625 6.965913772583008
      vertex 69.20526123046875 24.98944091796875 6.968048095703125
    endloop
  endfacet
  facet normal 0.1305263325283905 -0.005381247057474207 0.991430238946137
    outer loop
      vertex 69.06421113478359 25.612536270030443 6.99
      vertex 69.25885009765625 25.89605712890625 6.965913772583008
      vertex 69.07589993165702 25.89605712890625 6.99
    endloop
  endfacet
  facet normal 0.9914379741624538 1.494352284887158e-7 0.13057849512315303
    outer loop
      vertex 70.00003051757812 25.89605712890625 5.999988555908203
      vertex 69.9659423828125 30.89605712890625 6.25880241394043
      vertex 69.9659423828125 25.89605712890625 6.258808135986328
    endloop
  endfacet
  facet normal 0.923901428120724 4.378859337727366e-7 0.3826305674097342
    outer loop
      vertex 69.9659423828125 25.89605712890625 6.258808135986328
      vertex 69.9659423828125 30.89605712890625 6.25880241394043
      vertex 69.86605834960938 25.89605712890625 6.499988555908203
    endloop
  endfacet
  facet normal 0.7933231124398902 6.967172477945796e-7 0.6088008206862076
    outer loop
      vertex 69.86605834960938 25.89605712890625 6.499988555908203
      vertex 69.86605834960938 30.89605712890625 6.499982833862305
      vertex 69.70712280273438 25.89605712890625 6.707096099853516
    endloop
  endfacet
  facet normal 0.6087876652536244 9.078978055832012e-7 0.7933332078226757
    outer loop
      vertex 69.70712280273438 25.89605712890625 6.707096099853516
      vertex 69.70712280273438 30.89605712890625 6.707090377807617
      vertex 69.50003051757812 25.89605712890625 6.86601448059082
    endloop
  endfacet
  facet normal 0.13052822244841358 7.564121956019498e-7 0.9914445940867728
    outer loop
      vertex 69.07589993165702 25.89605712890625 6.99
      vertex 69.25885009765625 25.89605712890625 6.965913772583008
      vertex 69.07589143897061 27.361574563282442 6.99
    endloop
  endfacet
  facet normal 0.38268046049559984 0.000001057297626678921 0.9238807634937302
    outer loop
      vertex 69.50003051757812 25.89605712890625 6.86601448059082
      vertex 69.50003051757812 30.89605712890625 6.866008758544922
      vertex 69.25885009765625 25.89605712890625 6.965913772583008
    endloop
  endfacet
  facet normal 0.13052822244842 7.564121964162993e-7 0.9914445940867718
    outer loop
      vertex 69.25885009765625 25.89605712890625 6.965913772583008
      vertex 69.25885009765625 30.89605712890625 6.965909957885742
      vertex 69.07589143897061 27.361574563282442 6.99
    endloop
  endfacet
  facet normal 0.923901428120724 4.378859337727366e-7 0.3826305674097342
    outer loop
      vertex 69.86605834960938 25.89605712890625 6.499988555908203
      vertex 69.9659423828125 30.89605712890625 6.25880241394043
      vertex 69.86605834960938 30.89605712890625 6.499982833862305
    endloop
  endfacet
  facet normal 0.9914379741624538 1.494352284887158e-7 0.13057849512315303
    outer loop
      vertex 70.00003051757812 25.89605712890625 5.999988555908203
      vertex 69.9659423828125 35.89605712890625 6.258796691894531
      vertex 69.9659423828125 30.89605712890625 6.25880241394043
    endloop
  endfacet
  facet normal 0.7933231124398902 6.967172477945796e-7 0.6088008206862076
    outer loop
      vertex 69.70712280273438 25.89605712890625 6.707096099853516
      vertex 69.86605834960938 30.89605712890625 6.499982833862305
      vertex 69.70712280273438 30.89605712890625 6.707090377807617
    endloop
  endfacet
  facet normal 0.6087876652536244 9.078978055832012e-7 0.7933332078226757
    outer loop
      vertex 69.50003051757812 25.89605712890625 6.86601448059082
      vertex 69.70712280273438 30.89605712890625 6.707090377807617
      vertex 69.50003051757812 30.89605712890625 6.866008758544922
    endloop
  endfacet
  facet normal 0.38268669689607504 7.048631136255278e-7 0.9238781802912518
    outer loop
      vertex 69.25885009765625 25.89605712890625 6.965913772583008
      vertex 69.50003051757812 30.89605712890625 6.866008758544922
      vertex 69.25885009765625 30.89605712890625 6.965909957885742
    endloop
  endfacet
  facet normal 0.13052104047612798 0.0000011346211077555309 0.9914455395994989
    outer loop
      vertex 69.07589143897061 27.361574563282442 6.99
      vertex 69.25885009765625 35.89605712890625 6.965904235839844
      vertex 69.07586597231541 30.291129030184784 6.99
    endloop
  endfacet
  facet normal 0.13052104055550204 0.0000011346193766656587 0.9914455395890496
    outer loop
      vertex 69.07589143897061 27.361574563282442 6.99
      vertex 69.25885009765625 30.89605712890625 6.965909957885742
      vertex 69.25885009765625 35.89605712890625 6.965904235839844
    endloop
  endfacet
  facet normal 0.923901428120724 4.378859337727366e-7 0.3826305674097342
    outer loop
      vertex 69.9659423828125 30.89605712890625 6.25880241394043
      vertex 69.9659423828125 35.89605712890625 6.258796691894531
      vertex 69.86605834960938 30.89605712890625 6.499982833862305
    endloop
  endfacet
  facet normal 0.9914379741647349 1.4943568451041272e-7 0.13057849510583341
    outer loop
      vertex 70.00003051757812 25.89605712890625 5.999988555908203
      vertex 69.9659423828125 40.89604187011719 6.258790969848633
      vertex 69.9659423828125 35.89605712890625 6.258796691894531
    endloop
  endfacet
  facet normal 0.923901428120724 4.378859337727366e-7 0.3826305674097342
    outer loop
      vertex 69.86605834960938 30.89605712890625 6.499982833862305
      vertex 69.9659423828125 35.89605712890625 6.258796691894531
      vertex 69.86605834960938 35.89605712890625 6.499977111816406
    endloop
  endfacet
  facet normal 0.7933231124398902 6.967172477945796e-7 0.6088008206862076
    outer loop
      vertex 69.86605834960938 30.89605712890625 6.499982833862305
      vertex 69.86605834960938 35.89605712890625 6.499977111816406
      vertex 69.70712280273438 30.89605712890625 6.707090377807617
    endloop
  endfacet
  facet normal 0.6087876652536244 9.078978055832012e-7 0.7933332078226757
    outer loop
      vertex 69.70712280273438 30.89605712890625 6.707090377807617
      vertex 69.70712280273438 35.89605712890625 6.707084655761719
      vertex 69.50003051757812 30.89605712890625 6.866008758544922
    endloop
  endfacet
  facet normal 0.38268669689595625 0.0000010572946704379634 0.923878180290965
    outer loop
      vertex 69.50003051757812 30.89605712890625 6.866008758544922
      vertex 69.50003051757812 35.89605712890625 6.866003036499023
      vertex 69.25885009765625 30.89605712890625 6.965909957885742
    endloop
  endfacet
  facet normal 0.7933231124398902 6.967172477945796e-7 0.6088008206862076
    outer loop
      vertex 69.70712280273438 30.89605712890625 6.707090377807617
      vertex 69.86605834960938 35.89605712890625 6.499977111816406
      vertex 69.70712280273438 35.89605712890625 6.707084655761719
    endloop
  endfacet
  facet normal 0.6087876652536244 9.078978055832012e-7 0.7933332078226757
    outer loop
      vertex 69.50003051757812 30.89605712890625 6.866008758544922
      vertex 69.70712280273438 35.89605712890625 6.707084655761719
      vertex 69.50003051757812 35.89605712890625 6.866003036499023
    endloop
  endfacet
  facet normal 0.38268669689595625 0.0000010572946704379634 0.923878180290965
    outer loop
      vertex 69.25885009765625 30.89605712890625 6.965909957885742
      vertex 69.50003051757812 35.89605712890625 6.866003036499023
      vertex 69.25885009765625 35.89605712890625 6.965904235839844
    endloop
  endfacet
  facet normal 0 0 -1
    outer loop
      vertex 4.9000244140625 59.89703369140625 0
      vertex 65 59.89604187011719 0
      vertex 36.050048828125 29.66790771484375 0
    endloop
  endfacet
  facet normal 0.0000021539739743829613 0.1305212790859979 -0.9914455081854552
    outer loop
      vertex 4.9000244140625 59.89703369140625 0
      vertex 37.232391357421875 60.15531921386719 0.0340728759765625
      vertex 65 59.89604187011719 0
    endloop
  endfacet
  facet normal 0.000006308785076578836 0.3826866968885545 -0.9238781802730958
    outer loop
      vertex 31.678863525390625 60.15541076660156 0.0340728759765625
      vertex 37.232391357421875 60.39649963378906 0.1339740753173828
      vertex 37.232391357421875 60.15531921386719 0.0340728759765625
    endloop
  endfacet
  facet normal 0.000010035764432185988 0.6087594346919698 -0.7933548705168431
    outer loop
      vertex 31.67889404296875 60.39659118652344 0.1339740753173828
      vertex 37.232391357421875 60.603607177734375 0.2928924560546875
      vertex 37.232391357421875 60.39649963378906 0.1339740753173828
    endloop
  endfacet
  facet normal 0.000013079338112740047 0.7933795705806985 -0.6087272433644788
    outer loop
      vertex 31.67889404296875 60.60369873046875 0.2928924560546875
      vertex 37.232421875 60.76251220703125 0.5
      vertex 37.232391357421875 60.603607177734375 0.2928924560546875
    endloop
  endfacet
  facet normal 0.000006308785076578836 0.3826866968885545 -0.9238781802730958
    outer loop
      vertex 37.232391357421875 60.15531921386719 0.0340728759765625
      vertex 37.232391357421875 60.39649963378906 0.1339740753173828
      vertex 42.785919189453125 60.39640808105469 0.1339740753173828
    endloop
  endfacet
  facet normal 0.000010035709283956909 0.6087594346919701 -0.7933548705168435
    outer loop
      vertex 37.232391357421875 60.39649963378906 0.1339740753173828
      vertex 37.232391357421875 60.603607177734375 0.2928924560546875
      vertex 42.785919189453125 60.603515625 0.2928924560546875
    endloop
  endfacet
  facet normal 0.000010899448429699395 0.7933795707565627 -0.6087272431782024
    outer loop
      vertex 37.232391357421875 60.603607177734375 0.2928924560546875
      vertex 37.232421875 60.76251220703125 0.5
      vertex 42.785919189453125 60.76243591308594 0.5
    endloop
  endfacet
  facet normal 0.000015230304162988817 0.923860096990793 -0.38273035018953006
    outer loop
      vertex 31.67889404296875 60.762603759765625 0.5
      vertex 37.232421875 60.8624267578125 0.741180419921875
      vertex 37.232421875 60.76251220703125 0.5
    endloop
  endfacet
  facet normal 0.000015230387856555365 0.9238600969907919 -0.3827303501895296
    outer loop
      vertex 37.232421875 60.76251220703125 0.5
      vertex 37.232421875 60.8624267578125 0.741180419921875
      vertex 42.785919189453125 60.862335205078125 0.741180419921875
    endloop
  endfacet
  facet normal 0.000006308785076578836 0.3826866968885545 -0.9238781802730958
    outer loop
      vertex 37.232391357421875 60.15531921386719 0.0340728759765625
      vertex 42.785919189453125 60.39640808105469 0.1339740753173828
      vertex 42.785919189453125 60.15522766113281 0.0340728759765625
    endloop
  endfacet
  facet normal 0.000010035709283956909 0.6087594346919701 -0.7933548705168435
    outer loop
      vertex 37.232391357421875 60.39649963378906 0.1339740753173828
      vertex 42.785919189453125 60.603515625 0.2928924560546875
      vertex 42.785919189453125 60.39640808105469 0.1339740753173828
    endloop
  endfacet
  facet normal 0.000013078800873573148 0.7933513417903647 -0.608764033356417
    outer loop
      vertex 37.232391357421875 60.603607177734375 0.2928924560546875
      vertex 42.785919189453125 60.76243591308594 0.5
      vertex 42.785919189453125 60.603515625 0.2928924560546875
    endloop
  endfacet
  facet normal 0.000012692273795861988 0.9238807634198307 -0.38268046046499
    outer loop
      vertex 37.232421875 60.76251220703125 0.5
      vertex 42.785919189453125 60.862335205078125 0.741180419921875
      vertex 42.785919189453125 60.76243591308594 0.5
    endloop
  endfacet
  facet normal 0.000006308785076578836 0.3826866968885545 -0.9238781802730958
    outer loop
      vertex 42.785919189453125 60.15522766113281 0.0340728759765625
      vertex 42.785919189453125 60.39640808105469 0.1339740753173828
      vertex 48.339447021484375 60.39631652832031 0.1339740753173828
    endloop
  endfacet
  facet normal 0.000010035709283956909 0.6087594346919701 -0.7933548705168435
    outer loop
      vertex 42.785919189453125 60.39640808105469 0.1339740753173828
      vertex 42.785919189453125 60.603515625 0.2928924560546875
      vertex 48.339447021484375 60.603424072265625 0.2928924560546875
    endloop
  endfacet
  facet normal 0.000013078800873573148 0.7933513417903647 -0.608764033356417
    outer loop
      vertex 42.785919189453125 60.603515625 0.2928924560546875
      vertex 42.785919189453125 60.76243591308594 0.5
      vertex 48.339447021484375 60.76234436035156 0.5
    endloop
  endfacet
  facet normal 0.000006308785076578836 0.3826866968885545 -0.9238781802730958
    outer loop
      vertex 42.785919189453125 60.15522766113281 0.0340728759765625
      vertex 48.339447021484375 60.39631652832031 0.1339740753173828
      vertex 48.339447021484375 60.15513610839844 0.0340728759765625
    endloop
  endfacet
  facet normal 0.000010035709283956909 0.6087594346919701 -0.7933548705168435
    outer loop
      vertex 42.785919189453125 60.39640808105469 0.1339740753173828
      vertex 48.339447021484375 60.603424072265625 0.2928924560546875
      vertex 48.339447021484375 60.39631652832031 0.1339740753173828
    endloop
  endfacet
  facet normal 0.000013078800873573148 0.7933513417903647 -0.608764033356417
    outer loop
      vertex 42.785919189453125 60.603515625 0.2928924560546875
      vertex 48.339447021484375 60.76234436035156 0.5
      vertex 48.339447021484375 60.603424072265625 0.2928924560546875
    endloop
  endfacet
  facet normal 0.000015230644859055858 0.923880763387089 -0.38268046045142806
    outer loop
      vertex 42.785919189453125 60.76243591308594 0.5
      vertex 42.785919189453125 60.862335205078125 0.741180419921875
      vertex 48.339447021484375 60.86224365234375 0.741180419921875
    endloop
  endfacet
  facet normal 0.000013620922839904539 0.9914833186240593 -0.1302337464127201
    outer loop
      vertex 31.67889404296875 60.86250305175781 0.741180419921875
      vertex 65.00003051757812 60.89604187011719 1
      vertex 37.232421875 60.8624267578125 0.741180419921875
    endloop
  endfacet
  facet normal 0.000015230644859055858 0.923880763387089 -0.38268046045142806
    outer loop
      vertex 42.785919189453125 60.76243591308594 0.5
      vertex 48.339447021484375 60.86224365234375 0.741180419921875
      vertex 48.339447021484375 60.76234436035156 0.5
    endloop
  endfacet
  facet normal 0.0000021517058156352833 0.13052104030589254 -0.9914455396202242
    outer loop
      vertex 37.232391357421875 60.15531921386719 0.0340728759765625
      vertex 42.785919189453125 60.15522766113281 0.0340728759765625
      vertex 65 59.89604187011719 0
    endloop
  endfacet
  facet normal 0.000006308785076578836 0.3826866968885545 -0.9238781802730958
    outer loop
      vertex 48.339447021484375 60.15513610839844 0.0340728759765625
      vertex 48.339447021484375 60.39631652832031 0.1339740753173828
      vertex 53.892974853515625 60.39622497558594 0.1339740753173828
    endloop
  endfacet
  facet normal 0.000010035709283956909 0.6087594346919701 -0.7933548705168435
    outer loop
      vertex 48.339447021484375 60.39631652832031 0.1339740753173828
      vertex 48.339447021484375 60.603424072265625 0.2928924560546875
      vertex 53.892974853515625 60.60333251953125 0.2928924560546875
    endloop
  endfacet
  facet normal 0.000013078800873573148 0.7933513417903647 -0.608764033356417
    outer loop
      vertex 48.339447021484375 60.603424072265625 0.2928924560546875
      vertex 48.339447021484375 60.76234436035156 0.5
      vertex 53.892974853515625 60.76225280761719 0.5
    endloop
  endfacet
  facet normal 0.0000021517058156352833 0.13052104030589254 -0.9914455396202242
    outer loop
      vertex 42.785919189453125 60.15522766113281 0.0340728759765625
      vertex 48.339447021484375 60.15513610839844 0.0340728759765625
      vertex 65 59.89604187011719 0
    endloop
  endfacet
  facet normal 0.000006308785076578836 0.3826866968885545 -0.9238781802730958
    outer loop
      vertex 48.339447021484375 60.15513610839844 0.0340728759765625
      vertex 53.892974853515625 60.39622497558594 0.1339740753173828
      vertex 53.892974853515625 60.15504455566406 0.0340728759765625
    endloop
  endfacet
  facet normal 0.000010035709283956909 0.6087594346919701 -0.7933548705168435
    outer loop
      vertex 48.339447021484375 60.39631652832031 0.1339740753173828
      vertex 53.892974853515625 60.60333251953125 0.2928924560546875
      vertex 53.892974853515625 60.39622497558594 0.1339740753173828
    endloop
  endfacet
  facet normal 0.000013078800873573148 0.7933513417903647 -0.608764033356417
    outer loop
      vertex 48.339447021484375 60.603424072265625 0.2928924560546875
      vertex 53.892974853515625 60.76225280761719 0.5
      vertex 53.892974853515625 60.60333251953125 0.2928924560546875
    endloop
  endfacet
  facet normal 0.00001634457439884775 0.9914455384597055 -0.1305210481156183
    outer loop
      vertex 37.232421875 60.8624267578125 0.741180419921875
      vertex 65.00003051757812 60.89604187011719 1
      vertex 42.785919189453125 60.862335205078125 0.741180419921875
    endloop
  endfacet
  facet normal 0.000015230644859055858 0.923880763387089 -0.38268046045142806
    outer loop
      vertex 48.339447021484375 60.76234436035156 0.5
      vertex 48.339447021484375 60.86224365234375 0.741180419921875
      vertex 53.892974853515625 60.862152099609375 0.741180419921875
    endloop
  endfacet
  facet normal 0.000015230644859055858 0.923880763387089 -0.38268046045142806
    outer loop
      vertex 48.339447021484375 60.76234436035156 0.5
      vertex 53.892974853515625 60.862152099609375 0.741180419921875
      vertex 53.892974853515625 60.76225280761719 0.5
    endloop
  endfacet
  facet normal 0.000016344484599082197 0.99144553945726 -0.1305210405381477
    outer loop
      vertex 42.785919189453125 60.862335205078125 0.741180419921875
      vertex 65.00003051757812 60.89604187011719 1
      vertex 48.339447021484375 60.86224365234375 0.741180419921875
    endloop
  endfacet
  facet normal 0.000016286714524307698 0.9999999998673714 0
    outer loop
      vertex 7.850006103515625 60.89697265625 1
      vertex 65.00003051757812 60.89604187011719 5.999950408935547
      vertex 65.00003051757812 60.89604187011719 1
    endloop
  endfacet
  facet normal 0 0 -1
    outer loop
      vertex 36.050048828125 29.66790771484375 0
      vertex 69.00003051757812 55.89604187011719 0
      vertex 55.950042724609375 29.66790771484375 0
    endloop
  endfacet
  facet normal 0 0 -1
    outer loop
      vertex 55.950042724609375 29.66790771484375 0
      vertex 69.00003051757812 55.89604187011719 0
      vertex 57.0556640625 29.5223388671875 0
    endloop
  endfacet
  facet normal 0 0 -1
    outer loop
      vertex 58.085968017578125 29.0955810546875 0
      vertex 57.0556640625 29.5223388671875 0
      vertex 69.00003051757812 55.89604187011719 0
    endloop
  endfacet
  facet normal 0 0 -1
    outer loop
      vertex 58.085968017578125 29.0955810546875 0
      vertex 69.00003051757812 55.89604187011719 0
      vertex 69.00003051757812 25.896041870117188 0
    endloop
  endfacet
  facet normal 0.3826866968961701 0 -0.9238781802914813
    outer loop
      vertex 69.25885009765625 35.89604187011719 0.0340728759765625
      vertex 69.25885009765625 40.89604187011719 0.0340728759765625
      vertex 69.50003051757812 35.89604187011719 0.1339740753173828
    endloop
  endfacet
  facet normal 0.6087876652538752 0 -0.7933332078230027
    outer loop
      vertex 69.50003051757812 35.89604187011719 0.1339740753173828
      vertex 69.50003051757812 40.89604187011719 0.1339740753173828
      vertex 69.70712280273438 35.89604187011719 0.2928924560546875
    endloop
  endfacet
  facet normal 0.7933231124400827 0 -0.6088008206863553
    outer loop
      vertex 69.70712280273438 35.89604187011719 0.2928924560546875
      vertex 69.70712280273438 40.89604187011719 0.2928924560546875
      vertex 69.86605834960938 35.89604187011719 0.5
    endloop
  endfacet
  facet normal 0.9239014281208124 0 -0.38263056740977086
    outer loop
      vertex 69.86605834960938 35.89604187011719 0.5
      vertex 69.86605834960938 40.89604187011719 0.5
      vertex 69.9659423828125 35.89604187011719 0.741180419921875
    endloop
  endfacet
  facet normal 0.3826866968961701 0 -0.9238781802914813
    outer loop
      vertex 69.50003051757812 35.89604187011719 0.1339740753173828
      vertex 69.25885009765625 40.89604187011719 0.0340728759765625
      vertex 69.50003051757812 40.89604187011719 0.1339740753173828
    endloop
  endfacet
  facet normal 0.6087876652538752 0 -0.7933332078230027
    outer loop
      vertex 69.70712280273438 35.89604187011719 0.2928924560546875
      vertex 69.50003051757812 40.89604187011719 0.1339740753173828
      vertex 69.70712280273438 40.89604187011719 0.2928924560546875
    endloop
  endfacet
  facet normal 0.7933231124400827 0 -0.6088008206863553
    outer loop
      vertex 69.86605834960938 35.89604187011719 0.5
      vertex 69.70712280273438 40.89604187011719 0.2928924560546875
      vertex 69.86605834960938 40.89604187011719 0.5
    endloop
  endfacet
  facet normal 0.13052104055558153 0 -0.9914455395896883
    outer loop
      vertex 69.00003051757812 25.896041870117188 0
      vertex 69.00003051757812 55.89604187011719 0
      vertex 69.25885009765625 40.89604187011719 0.0340728759765625
    endloop
  endfacet
  facet normal 0.9239014281208124 0 -0.38263056740977086
    outer loop
      vertex 69.9659423828125 35.89604187011719 0.741180419921875
      vertex 69.86605834960938 40.89604187011719 0.5
      vertex 69.9659423828125 40.89604187011719 0.741180419921875
    endloop
  endfacet
  facet normal 0.9914379741624648 0 -0.1305784951231545
    outer loop
      vertex 70.00003051757812 25.896041870117188 1
      vertex 69.9659423828125 40.89604187011719 0.741180419921875
      vertex 70.00003051757812 55.89604187011719 1
    endloop
  endfacet
  facet normal 0.3826866968961701 0 -0.9238781802914813
    outer loop
      vertex 69.25885009765625 40.89604187011719 0.0340728759765625
      vertex 69.25885009765625 45.89604187011719 0.0340728759765625
      vertex 69.50003051757812 40.89604187011719 0.1339740753173828
    endloop
  endfacet
  facet normal 0.6087876652538752 0 -0.7933332078230027
    outer loop
      vertex 69.50003051757812 40.89604187011719 0.1339740753173828
      vertex 69.50003051757812 45.89604187011719 0.1339740753173828
      vertex 69.70712280273438 40.89604187011719 0.2928924560546875
    endloop
  endfacet
  facet normal 0.7933231124400827 0 -0.6088008206863553
    outer loop
      vertex 69.70712280273438 40.89604187011719 0.2928924560546875
      vertex 69.70712280273438 45.89604187011719 0.2928924560546875
      vertex 69.86605834960938 40.89604187011719 0.5
    endloop
  endfacet
  facet normal 0.3826866968961701 0 -0.9238781802914813
    outer loop
      vertex 69.50003051757812 40.89604187011719 0.1339740753173828
      vertex 69.25885009765625 45.89604187011719 0.0340728759765625
      vertex 69.50003051757812 45.89604187011719 0.1339740753173828
    endloop
  endfacet
  facet normal 0.6087876652538752 0 -0.7933332078230027
    outer loop
      vertex 69.70712280273438 40.89604187011719 0.2928924560546875
      vertex 69.50003051757812 45.89604187011719 0.1339740753173828
      vertex 69.70712280273438 45.89604187011719 0.2928924560546875
    endloop
  endfacet
  facet normal 0.7933231124400827 0 -0.6088008206863553
    outer loop
      vertex 69.86605834960938 40.89604187011719 0.5
      vertex 69.70712280273438 45.89604187011719 0.2928924560546875
      vertex 69.86605834960938 45.89604187011719 0.5
    endloop
  endfacet
  facet normal 0.9239014281208124 0 -0.38263056740977086
    outer loop
      vertex 69.86605834960938 40.89604187011719 0.5
      vertex 69.86605834960938 45.89604187011719 0.5
      vertex 69.9659423828125 40.89604187011719 0.741180419921875
    endloop
  endfacet
  facet normal 0.9239014281208124 0 -0.38263056740977086
    outer loop
      vertex 69.9659423828125 40.89604187011719 0.741180419921875
      vertex 69.86605834960938 45.89604187011719 0.5
      vertex 69.9659423828125 45.89604187011719 0.741180419921875
    endloop
  endfacet
  facet normal 0.13052104055558156 0 -0.9914455395896884
    outer loop
      vertex 69.25885009765625 40.89604187011719 0.0340728759765625
      vertex 69.00003051757812 55.89604187011719 0
      vertex 69.25885009765625 45.89604187011719 0.0340728759765625
    endloop
  endfacet
  facet normal 0.3826866968961701 0 -0.9238781802914813
    outer loop
      vertex 69.25885009765625 45.89604187011719 0.0340728759765625
      vertex 69.25885009765625 50.89604187011719 0.0340728759765625
      vertex 69.50003051757812 45.89604187011719 0.1339740753173828
    endloop
  endfacet
  facet normal 0.6087876652538752 0 -0.7933332078230027
    outer loop
      vertex 69.50003051757812 45.89604187011719 0.1339740753173828
      vertex 69.50003051757812 50.89604187011719 0.1339740753173828
      vertex 69.70712280273438 45.89604187011719 0.2928924560546875
    endloop
  endfacet
  facet normal 0.7933231124400827 0 -0.6088008206863553
    outer loop
      vertex 69.70712280273438 45.89604187011719 0.2928924560546875
      vertex 69.70712280273438 50.89604187011719 0.2928924560546875
      vertex 69.86605834960938 45.89604187011719 0.5
    endloop
  endfacet
  facet normal 0.9239014281208124 0 -0.38263056740977086
    outer loop
      vertex 69.86605834960938 45.89604187011719 0.5
      vertex 69.86605834960938 50.89604187011719 0.5
      vertex 69.9659423828125 45.89604187011719 0.741180419921875
    endloop
  endfacet
  facet normal 0.9914379741624648 0 -0.13057849512315448
    outer loop
      vertex 69.9659423828125 40.89604187011719 0.741180419921875
      vertex 69.9659423828125 45.89604187011719 0.741180419921875
      vertex 70.00003051757812 55.89604187011719 1
    endloop
  endfacet
  facet normal 1 0 0
    outer loop
      vertex 70.00003051757812 25.896041870117188 1
      vertex 70.00003051757812 55.89604187011719 1
      vertex 70.00003051757812 55.89604187011719 5.999956130981445
    endloop
  endfacet
  facet normal 0 0 -1
    outer loop
      vertex 36.050048828125 29.66790771484375 0
      vertex 65 59.89604187011719 0
      vertex 69.00003051757812 55.89604187011719 0
    endloop
  endfacet
  facet normal 0.0000021517058156352833 0.13052104030589254 -0.9914455396202242
    outer loop
      vertex 48.339447021484375 60.15513610839844 0.0340728759765625
      vertex 53.892974853515625 60.15504455566406 0.0340728759765625
      vertex 65 59.89604187011719 0
    endloop
  endfacet
  facet normal 0.000006308785076578836 0.3826866968885545 -0.9238781802730958
    outer loop
      vertex 53.892974853515625 60.15504455566406 0.0340728759765625
      vertex 53.892974853515625 60.39622497558594 0.1339740753173828
      vertex 59.446502685546875 60.39613342285156 0.1339740753173828
    endloop
  endfacet
  facet normal 0.000010035709283956909 0.6087594346919701 -0.7933548705168435
    outer loop
      vertex 53.892974853515625 60.39622497558594 0.1339740753173828
      vertex 53.892974853515625 60.60333251953125 0.2928924560546875
      vertex 59.446502685546875 60.603240966796875 0.2928924560546875
    endloop
  endfacet
  facet normal 0.000013078800873573148 0.7933513417903647 -0.608764033356417
    outer loop
      vertex 53.892974853515625 60.60333251953125 0.2928924560546875
      vertex 53.892974853515625 60.76225280761719 0.5
      vertex 59.446502685546875 60.76216125488281 0.5
    endloop
  endfacet
  facet normal 0.000015230644859055858 0.923880763387089 -0.38268046045142806
    outer loop
      vertex 53.892974853515625 60.76225280761719 0.5
      vertex 53.892974853515625 60.862152099609375 0.741180419921875
      vertex 59.446502685546875 60.862060546875 0.741180419921875
    endloop
  endfacet
  facet normal 0.000016344484599082197 0.99144553945726 -0.1305210405381477
    outer loop
      vertex 48.339447021484375 60.86224365234375 0.741180419921875
      vertex 65.00003051757812 60.89604187011719 1
      vertex 53.892974853515625 60.862152099609375 0.741180419921875
    endloop
  endfacet
  facet normal 0.000006308819733381368 0.3826866962071804 -0.9238781805553327
    outer loop
      vertex 53.892974853515625 60.15504455566406 0.0340728759765625
      vertex 59.446502685546875 60.39613342285156 0.1339740753173828
      vertex 59.44647216796875 60.15495300292969 0.0340728759765625
    endloop
  endfacet
  facet normal 0.000010035709283956909 0.6087594346919701 -0.7933548705168435
    outer loop
      vertex 53.892974853515625 60.39622497558594 0.1339740753173828
      vertex 59.446502685546875 60.603240966796875 0.2928924560546875
      vertex 59.446502685546875 60.39613342285156 0.1339740753173828
    endloop
  endfacet
  facet normal 0.000013078800873573148 0.7933513417903647 -0.608764033356417
    outer loop
      vertex 53.892974853515625 60.60333251953125 0.2928924560546875
      vertex 59.446502685546875 60.76216125488281 0.5
      vertex 59.446502685546875 60.603240966796875 0.2928924560546875
    endloop
  endfacet
  facet normal 0.0000021517176479115653 0.13052104080466762 -0.991445539554562
    outer loop
      vertex 53.892974853515625 60.15504455566406 0.0340728759765625
      vertex 59.44647216796875 60.15495300292969 0.0340728759765625
      vertex 65 59.89604187011719 0
    endloop
  endfacet
  facet normal 0.000015230644859055858 0.923880763387089 -0.38268046045142806
    outer loop
      vertex 53.892974853515625 60.76225280761719 0.5
      vertex 59.446502685546875 60.862060546875 0.741180419921875
      vertex 59.446502685546875 60.76216125488281 0.5
    endloop
  endfacet
  facet normal 0.000016344484599082197 0.99144553945726 -0.1305210405381477
    outer loop
      vertex 53.892974853515625 60.862152099609375 0.741180419921875
      vertex 65.00003051757812 60.89604187011719 1
      vertex 59.446502685546875 60.862060546875 0.741180419921875
    endloop
  endfacet
  facet normal 0.3826866968961701 0 -0.9238781802914813
    outer loop
      vertex 69.50003051757812 45.89604187011719 0.1339740753173828
      vertex 69.25885009765625 50.89604187011719 0.0340728759765625
      vertex 69.50003051757812 50.89604187011719 0.1339740753173828
    endloop
  endfacet
  facet normal 0.6087876652538752 0 -0.7933332078230027
    outer loop
      vertex 69.70712280273438 45.89604187011719 0.2928924560546875
      vertex 69.50003051757812 50.89604187011719 0.1339740753173828
      vertex 69.70712280273438 50.89604187011719 0.2928924560546875
    endloop
  endfacet
  facet normal 0.7933231124400827 0 -0.6088008206863553
    outer loop
      vertex 69.86605834960938 45.89604187011719 0.5
      vertex 69.70712280273438 50.89604187011719 0.2928924560546875
      vertex 69.86605834960938 50.89604187011719 0.5
    endloop
  endfacet
  facet normal 0.13052104055558156 0 -0.9914455395896884
    outer loop
      vertex 69.25885009765625 45.89604187011719 0.0340728759765625
      vertex 69.00003051757812 55.89604187011719 0
      vertex 69.25885009765625 50.89604187011719 0.0340728759765625
    endloop
  endfacet
  facet normal 0.9239014281208124 0 -0.38263056740977086
    outer loop
      vertex 69.9659423828125 45.89604187011719 0.741180419921875
      vertex 69.86605834960938 50.89604187011719 0.5
      vertex 69.9659423828125 50.89604187011719 0.741180419921875
    endloop
  endfacet
  facet normal 0.9914379741624648 0 -0.13057849512315448
    outer loop
      vertex 69.9659423828125 45.89604187011719 0.741180419921875
      vertex 69.9659423828125 50.89604187011719 0.741180419921875
      vertex 70.00003051757812 55.89604187011719 1
    endloop
  endfacet
  facet normal 0.3826866968961701 0 -0.9238781802914813
    outer loop
      vertex 69.25885009765625 50.89604187011719 0.0340728759765625
      vertex 69.25885009765625 55.89604187011719 0.0340728759765625
      vertex 69.50003051757812 50.89604187011719 0.1339740753173828
    endloop
  endfacet
  facet normal 0.6087876652538752 0 -0.7933332078230027
    outer loop
      vertex 69.50003051757812 50.89604187011719 0.1339740753173828
      vertex 69.50003051757812 55.89604187011719 0.1339740753173828
      vertex 69.70712280273438 50.89604187011719 0.2928924560546875
    endloop
  endfacet
  facet normal 0.7933231124400827 0 -0.6088008206863553
    outer loop
      vertex 69.70712280273438 50.89604187011719 0.2928924560546875
      vertex 69.70712280273438 55.89604187011719 0.2928924560546875
      vertex 69.86605834960938 50.89604187011719 0.5
    endloop
  endfacet
  facet normal 0.13052104055558156 0 -0.9914455395896884
    outer loop
      vertex 69.25885009765625 50.89604187011719 0.0340728759765625
      vertex 69.00003051757812 55.89604187011719 0
      vertex 69.25885009765625 55.89604187011719 0.0340728759765625
    endloop
  endfacet
  facet normal 0.3826866968961701 0 -0.9238781802914813
    outer loop
      vertex 69.50003051757812 50.89604187011719 0.1339740753173828
      vertex 69.25885009765625 55.89604187011719 0.0340728759765625
      vertex 69.50003051757812 55.89604187011719 0.1339740753173828
    endloop
  endfacet
  facet normal 0.6087876652538752 0 -0.7933332078230027
    outer loop
      vertex 69.70712280273438 50.89604187011719 0.2928924560546875
      vertex 69.50003051757812 55.89604187011719 0.1339740753173828
      vertex 69.70712280273438 55.89604187011719 0.2928924560546875
    endloop
  endfacet
  facet normal 0.7933231124400827 0 -0.6088008206863553
    outer loop
      vertex 69.86605834960938 50.89604187011719 0.5
      vertex 69.70712280273438 55.89604187011719 0.2928924560546875
      vertex 69.86605834960938 55.89604187011719 0.5
    endloop
  endfacet
  facet normal 0.9239014281208124 0 -0.38263056740977086
    outer loop
      vertex 69.86605834960938 50.89604187011719 0.5
      vertex 69.86605834960938 55.89604187011719 0.5
      vertex 69.9659423828125 50.89604187011719 0.741180419921875
    endloop
  endfacet
  facet normal 0.9239014281208124 0 -0.38263056740977086
    outer loop
      vertex 69.9659423828125 50.89604187011719 0.741180419921875
      vertex 69.86605834960938 55.89604187011719 0.5
      vertex 69.9659423828125 55.89604187011719 0.741180419921875
    endloop
  endfacet
  facet normal 0.9914379741624648 0 -0.13057849512315448
    outer loop
      vertex 69.9659423828125 50.89604187011719 0.741180419921875
      vertex 69.9659423828125 55.89604187011719 0.741180419921875
      vertex 70.00003051757812 55.89604187011719 1
    endloop
  endfacet
  facet normal 0.000006308819733381368 0.3826866962071804 -0.9238781805553327
    outer loop
      vertex 59.44647216796875 60.15495300292969 0.0340728759765625
      vertex 59.446502685546875 60.39613342285156 0.1339740753173828
      vertex 65 60.39604187011719 0.1339740753173828
    endloop
  endfacet
  facet normal 0.000002151705819746553 0.1305210405552794 -0.9914455395873933
    outer loop
      vertex 59.44647216796875 60.15495300292969 0.0340728759765625
      vertex 65 60.15486145019531 0.0340728759765625
      vertex 65 59.89604187011719 0
    endloop
  endfacet
  facet normal 0.000006308785076578836 0.3826866968885545 -0.9238781802730958
    outer loop
      vertex 59.44647216796875 60.15495300292969 0.0340728759765625
      vertex 65 60.39604187011719 0.1339740753173828
      vertex 65 60.15486145019531 0.0340728759765625
    endloop
  endfacet
  facet normal 0.000010035764432185988 0.6087594346919698 -0.7933548705168431
    outer loop
      vertex 59.446502685546875 60.39613342285156 0.1339740753173828
      vertex 65 60.6031494140625 0.2928924560546875
      vertex 65 60.39604187011719 0.1339740753173828
    endloop
  endfacet
  facet normal 0.000010035764432185988 0.6087594346919698 -0.7933548705168431
    outer loop
      vertex 59.446502685546875 60.39613342285156 0.1339740753173828
      vertex 59.446502685546875 60.603240966796875 0.2928924560546875
      vertex 65 60.6031494140625 0.2928924560546875
    endloop
  endfacet
  facet normal 0.000013078800873573148 0.7933513417903647 -0.608764033356417
    outer loop
      vertex 59.446502685546875 60.603240966796875 0.2928924560546875
      vertex 59.446502685546875 60.76216125488281 0.5
      vertex 65.00003051757812 60.76206970214844 0.5
    endloop
  endfacet
  facet normal 0.000013078872728854764 0.7933513408596012 -0.6087640345694019
    outer loop
      vertex 59.446502685546875 60.603240966796875 0.2928924560546875
      vertex 65.00003051757812 60.76206970214844 0.5
      vertex 65 60.6031494140625 0.2928924560546875
    endloop
  endfacet
  facet normal 0.014702727605088903 0.13050693241344313 -0.9913383733080262
    outer loop
      vertex 65 59.89604187011719 0
      vertex 65 60.15486145019531 0.0340728759765625
      vertex 65.94769287109375 60.048095703125 0.0340728759765625
    endloop
  endfacet
  facet normal 0.04307293367678443 0.38233153705841466 -0.9230207571636867
    outer loop
      vertex 65 60.15486145019531 0.0340728759765625
      vertex 65 60.39604187011719 0.1339740753173828
      vertex 65.94769287109375 60.048095703125 0.0340728759765625
    endloop
  endfacet
  facet normal 0.06842027056931545 0.6073328602516916 -0.7914957128334437
    outer loop
      vertex 65 60.39604187011719 0.1339740753173828
      vertex 65 60.6031494140625 0.2928924560546875
      vertex 66.0013427734375 60.283233642578125 0.1339740753173828
    endloop
  endfacet
  facet normal 0.08902727405959235 0.7901947575762576 -0.6063550029252812
    outer loop
      vertex 65 60.6031494140625 0.2928924560546875
      vertex 65.00003051757812 60.76206970214844 0.5
      vertex 66.04745483398438 60.485137939453125 0.2928924560546875
    endloop
  endfacet
  facet normal 0.000015230644859055858 0.923880763387089 -0.38268046045142806
    outer loop
      vertex 59.446502685546875 60.76216125488281 0.5
      vertex 65.00003051757812 60.861968994140625 0.741180419921875
      vertex 65.00003051757812 60.76206970214844 0.5
    endloop
  endfacet
  facet normal 0.000015230644859055858 0.923880763387089 -0.38268046045142806
    outer loop
      vertex 59.446502685546875 60.76216125488281 0.5
      vertex 59.446502685546875 60.862060546875 0.741180419921875
      vertex 65.00003051757812 60.861968994140625 0.741180419921875
    endloop
  endfacet
  facet normal 0.000016344484599082197 0.99144553945726 -0.1305210405381477
    outer loop
      vertex 59.446502685546875 60.862060546875 0.741180419921875
      vertex 65.00003051757812 60.89604187011719 1
      vertex 65.00003051757812 60.861968994140625 0.741180419921875
    endloop
  endfacet
  facet normal 0.10353342532745582 0.9189158050326787 -0.3806239260754743
    outer loop
      vertex 65.00003051757812 60.76206970214844 0.5
      vertex 65.00003051757812 60.861968994140625 0.741180419921875
      vertex 66.08279418945312 60.64007568359375 0.5
    endloop
  endfacet
  facet normal 0.11102459683061525 0.9853160849607224 -0.1297141149461911
    outer loop
      vertex 65.00003051757812 60.861968994140625 0.741180419921875
      vertex 65.00003051757812 60.89604187011719 1
      vertex 66.10504150390625 60.737457275390625 0.741180419921875
    endloop
  endfacet
  facet normal 0 0 -1
    outer loop
      vertex 65 59.89604187011719 0
      vertex 68.86370849609375 56.93132019042969 0
      vertex 69.00003051757812 55.89604187011719 0
    endloop
  endfacet
  facet normal 0.10916753401074338 0.04521826174669979 -0.9929943395219432
    outer loop
      vertex 68.86370849609375 56.93132019042969 0
      vertex 68.464111328125 57.89604187011719 0
      vertex 68.83706665039062 57.74388122558594 0.0340728759765625
    endloop
  endfacet
  facet normal 0.1305069279268059 0.014705065155808326 -0.9913383392272646
    outer loop
      vertex 69.00003051757812 55.89604187011719 0
      vertex 69.15206909179688 56.843719482421875 0.0340728759765625
      vertex 69.25885009765625 55.89604187011719 0.0340728759765625
    endloop
  endfacet
  facet normal 0.38233145143384833 0.04307812312419046 -0.9230205504497633
    outer loop
      vertex 69.25885009765625 55.89604187011719 0.0340728759765625
      vertex 69.38720703125 56.89738464355469 0.1339740753173828
      vertex 69.50003051757812 55.89604187011719 0.1339740753173828
    endloop
  endfacet
  facet normal 0.1221465683938664 0.01608385570732818 -0.9923817437937824
    outer loop
      vertex 69.00003051757812 55.89604187011719 0
      vertex 68.86370849609375 56.93132019042969 0
      vertex 69.15206909179688 56.843719482421875 0.0340728759765625
    endloop
  endfacet
  facet normal 0.38232558632305796 0.043079112710141525 -0.9230229336754515
    outer loop
      vertex 69.25885009765625 55.89604187011719 0.0340728759765625
      vertex 69.15206909179688 56.843719482421875 0.0340728759765625
      vertex 69.38720703125 56.89738464355469 0.1339740753173828
    endloop
  endfacet
  facet normal 0.6073497800129206 0.06843143169291015 -0.7914817647139546
    outer loop
      vertex 69.50003051757812 55.89604187011719 0.1339740753173828
      vertex 69.38720703125 56.89738464355469 0.1339740753173828
      vertex 69.589111328125 56.9434814453125 0.2928924560546875
    endloop
  endfacet
  facet normal 0.1309378898865638 0.045820382059197244 -0.9903311373374076
    outer loop
      vertex 68.86370849609375 56.93132019042969 0
      vertex 68.83706665039062 57.74388122558594 0.0340728759765625
      vertex 69.15206909179688 56.843719482421875 0.0340728759765625
    endloop
  endfacet
  facet normal 0.36315493549875427 0.12707568025634208 -0.9230223530935118
    outer loop
      vertex 69.15206909179688 56.843719482421875 0.0340728759765625
      vertex 69.05438232421875 57.84852600097656 0.1339740753173828
      vertex 69.38720703125 56.89738464355469 0.1339740753173828
    endloop
  endfacet
  facet normal 0.3631320604000845 0.12707436907598094 -0.9230315332823309
    outer loop
      vertex 69.15206909179688 56.843719482421875 0.0340728759765625
      vertex 68.83706665039062 57.74388122558594 0.0340728759765625
      vertex 69.05438232421875 57.84852600097656 0.1339740753173828
    endloop
  endfacet
  facet normal 0.5768993483464245 0.20186942256444657 -0.7914770231099371
    outer loop
      vertex 69.38720703125 56.89738464355469 0.1339740753173828
      vertex 69.05438232421875 57.84852600097656 0.1339740753173828
      vertex 69.240966796875 57.938385009765625 0.2928924560546875
    endloop
  endfacet
  facet normal 0.6073606488531823 0.06842927027795924 -0.7914736111797204
    outer loop
      vertex 69.50003051757812 55.89604187011719 0.1339740753173828
      vertex 69.589111328125 56.9434814453125 0.2928924560546875
      vertex 69.70712280273438 55.89604187011719 0.2928924560546875
    endloop
  endfacet
  facet normal 0.7901723120298079 0.08903663660818951 -0.606382877926949
    outer loop
      vertex 69.70712280273438 55.89604187011719 0.2928924560546875
      vertex 69.74404907226562 56.97883605957031 0.5
      vertex 69.86605834960938 55.89604187011719 0.5
    endloop
  endfacet
  facet normal 0.7901995974229781 0.08902911627167766 -0.6063484251554112
    outer loop
      vertex 69.70712280273438 55.89604187011719 0.2928924560546875
      vertex 69.589111328125 56.9434814453125 0.2928924560546875
      vertex 69.74404907226562 56.97883605957031 0.5
    endloop
  endfacet
  facet normal 0.5768876510587678 0.20186909368664835 -0.791485632889207
    outer loop
      vertex 69.38720703125 56.89738464355469 0.1339740753173828
      vertex 69.240966796875 57.938385009765625 0.2928924560546875
      vertex 69.589111328125 56.9434814453125 0.2928924560546875
    endloop
  endfacet
  facet normal 0.7505621101021556 0.26264263525797954 -0.6063624040322285
    outer loop
      vertex 69.589111328125 56.9434814453125 0.2928924560546875
      vertex 69.240966796875 57.938385009765625 0.2928924560546875
      vertex 69.3841552734375 58.00733947753906 0.5
    endloop
  endfacet
  facet normal 0.7505773887257918 0.2626419543422724 -0.6063437864387192
    outer loop
      vertex 69.589111328125 56.9434814453125 0.2928924560546875
      vertex 69.3841552734375 58.00733947753906 0.5
      vertex 69.74404907226562 56.97883605957031 0.5
    endloop
  endfacet
  facet normal 0.918931629731821 0.1035452398655004 -0.3805825050887331
    outer loop
      vertex 69.86605834960938 55.89604187011719 0.5
      vertex 69.74404907226562 56.97883605957031 0.5
      vertex 69.8414306640625 57.001068115234375 0.741180419921875
    endloop
  endfacet
  facet normal 0.8728453261744724 0.3054259370831272 -0.3805995711141467
    outer loop
      vertex 69.74404907226562 56.97883605957031 0.5
      vertex 69.3841552734375 58.00733947753906 0.5
      vertex 69.47415161132812 58.050689697265625 0.741180419921875
    endloop
  endfacet
  facet normal 0.9189353948486044 0.10354344608410242 -0.3805739019789298
    outer loop
      vertex 69.86605834960938 55.89604187011719 0.5
      vertex 69.8414306640625 57.001068115234375 0.741180419921875
      vertex 69.9659423828125 55.89604187011719 0.741180419921875
    endloop
  endfacet
  facet normal 0.9853088209454048 0.11102224525213691 -0.12977129276673763
    outer loop
      vertex 69.9659423828125 55.89604187011719 0.741180419921875
      vertex 69.8414306640625 57.001068115234375 0.741180419921875
      vertex 69.87466430664062 57.00865173339844 1
    endloop
  endfacet
  facet normal 0.8728517204780908 0.30542450590084963 -0.3805860549910612
    outer loop
      vertex 69.74404907226562 56.97883605957031 0.5
      vertex 69.47415161132812 58.050689697265625 0.741180419921875
      vertex 69.8414306640625 57.001068115234375 0.741180419921875
    endloop
  endfacet
  facet normal 0.9359098055982723 0.3274895188223297 -0.1297052460254533
    outer loop
      vertex 69.8414306640625 57.001068115234375 0.741180419921875
      vertex 69.47415161132812 58.050689697265625 0.741180419921875
      vertex 69.50485229492188 58.065460205078125 1
    endloop
  endfacet
  facet normal 0 0 -1
    outer loop
      vertex 65 59.89604187011719 0
      vertex 68.464111328125 57.89604187011719 0
      vertex 68.86370849609375 56.93132019042969 0
    endloop
  endfacet
  facet normal 0 0 -1
    outer loop
      vertex 65 59.89604187011719 0
      vertex 67.82843017578125 58.72447204589844 0
      vertex 68.464111328125 57.89604187011719 0
    endloop
  endfacet
  facet normal 0.07048669691084858 0.09185942747680727 -0.9932741168188323
    outer loop
      vertex 67.65533447265625 59.22572326660156 0.0340728759765625
      vertex 67.82843017578125 58.72447204589844 0
      vertex 67 59.36015319824219 0
    endloop
  endfacet
  facet normal 0 0 -1
    outer loop
      vertex 65 59.89604187011719 0
      vertex 66.0352783203125 59.75975036621094 0
      vertex 67 59.36015319824219 0
    endloop
  endfacet
  facet normal 0.016080866329896287 0.12215121123497574 -0.9923812207674572
    outer loop
      vertex 65 59.89604187011719 0
      vertex 65.94769287109375 60.048095703125 0.0340728759765625
      vertex 66.0352783203125 59.75975036621094 0
    endloop
  endfacet
  facet normal 0 0 -1
    outer loop
      vertex 65 59.89604187011719 0
      vertex 67 59.36015319824219 0
      vertex 67.82843017578125 58.72447204589844 0
    endloop
  endfacet
  facet normal 0.04521826174669979 0.10916753401074338 -0.9929943395219432
    outer loop
      vertex 66.0352783203125 59.75975036621094 0
      vertex 66.84783935546875 59.73310852050781 0.0340728759765625
      vertex 67 59.36015319824219 0
    endloop
  endfacet
  facet normal 0.045820503619530495 0.1309423605834105 -0.9903305406039423
    outer loop
      vertex 66.0352783203125 59.75975036621094 0
      vertex 65.94769287109375 60.048095703125 0.0340728759765625
      vertex 66.84783935546875 59.73310852050781 0.0340728759765625
    endloop
  endfacet
  facet normal 0.12708043584609216 0.36316083279720335 -0.9230193780995115
    outer loop
      vertex 65.94769287109375 60.048095703125 0.0340728759765625
      vertex 66.0013427734375 60.283233642578125 0.1339740753173828
      vertex 66.84783935546875 59.73310852050781 0.0340728759765625
    endloop
  endfacet
  facet normal 0.12707511183961917 0.3631533110861371 -0.923023070458222
    outer loop
      vertex 66.0013427734375 60.283233642578125 0.1339740753173828
      vertex 66.95248413085938 59.950408935546875 0.1339740753173828
      vertex 66.84783935546875 59.73310852050781 0.0340728759765625
    endloop
  endfacet
  facet normal 0.04307207137469559 0.3823294483826624 -0.923021662566433
    outer loop
      vertex 65 60.39604187011719 0.1339740753173828
      vertex 66.0013427734375 60.283233642578125 0.1339740753173828
      vertex 65.94769287109375 60.048095703125 0.0340728759765625
    endloop
  endfacet
  facet normal 0.20186256050860785 0.5768797380681993 -0.7914930665970955
    outer loop
      vertex 66.0013427734375 60.283233642578125 0.1339740753173828
      vertex 66.04745483398438 60.485137939453125 0.2928924560546875
      vertex 66.95248413085938 59.950408935546875 0.1339740753173828
    endloop
  endfacet
  facet normal 0.07639429514872183 0.12158023876068684 -0.989637386728909
    outer loop
      vertex 67.65533447265625 59.22572326660156 0.0340728759765625
      vertex 67 59.36015319824219 0
      vertex 66.84783935546875 59.73310852050781 0.0340728759765625
    endloop
  endfacet
  facet normal 0.2046975635242398 0.3257727373301687 -0.9230227684622133
    outer loop
      vertex 67.65533447265625 59.22572326660156 0.0340728759765625
      vertex 66.84783935546875 59.73310852050781 0.0340728759765625
      vertex 66.95248413085938 59.950408935546875 0.1339740753173828
    endloop
  endfacet
  facet normal 0.20468720512877656 0.3257634591259692 -0.923028340168845
    outer loop
      vertex 67.65533447265625 59.22572326660156 0.0340728759765625
      vertex 66.95248413085938 59.950408935546875 0.1339740753173828
      vertex 67.80572509765625 59.41429138183594 0.1339740753173828
    endloop
  endfacet
  facet normal 0.32515159114478254 0.5174847494986182 -0.7915086713437628
    outer loop
      vertex 66.95248413085938 59.950408935546875 0.1339740753173828
      vertex 67.0423583984375 60.13700866699219 0.2928924560546875
      vertex 67.80572509765625 59.41429138183594 0.1339740753173828
    endloop
  endfacet
  facet normal 0.06842678244225217 0.6073474149897651 -0.7914839814865812
    outer loop
      vertex 65 60.6031494140625 0.2928924560546875
      vertex 66.04745483398438 60.485137939453125 0.2928924560546875
      vertex 66.0013427734375 60.283233642578125 0.1339740753173828
    endloop
  endfacet
  facet normal 0.20185305910268095 0.576867111970765 -0.7915046921259522
    outer loop
      vertex 66.95248413085938 59.950408935546875 0.1339740753173828
      vertex 66.04745483398438 60.485137939453125 0.2928924560546875
      vertex 67.0423583984375 60.13700866699219 0.2928924560546875
    endloop
  endfacet
  facet normal 0.08903140521415102 0.7902024407750039 -0.6063443835633511
    outer loop
      vertex 65.00003051757812 60.76206970214844 0.5
      vertex 66.08279418945312 60.64007568359375 0.5
      vertex 66.04745483398438 60.485137939453125 0.2928924560546875
    endloop
  endfacet
  facet normal 0.2626400789436232 0.7505877022696523 -0.6063318317011333
    outer loop
      vertex 66.04745483398438 60.485137939453125 0.2928924560546875
      vertex 66.08279418945312 60.64007568359375 0.5
      vertex 67.0423583984375 60.13700866699219 0.2928924560546875
    endloop
  endfacet
  facet normal 0.3251691829798366 0.5174996058035112 -0.7914917311213276
    outer loop
      vertex 67.80572509765625 59.41429138183594 0.1339740753173828
      vertex 67.0423583984375 60.13700866699219 0.2928924560546875
      vertex 67.93484497070312 59.57621765136719 0.2928924560546875
    endloop
  endfacet
  facet normal 0.42308947970191646 0.6733376052395813 -0.6063099550030391
    outer loop
      vertex 67.0423583984375 60.13700866699219 0.2928924560546875
      vertex 67.11129760742188 60.280181884765625 0.5
      vertex 67.93484497070312 59.57621765136719 0.2928924560546875
    endloop
  endfacet
  facet normal 0.42307690966833367 0.6733284662965668 -0.6063288752650707
    outer loop
      vertex 67.93484497070312 59.57621765136719 0.2928924560546875
      vertex 67.11129760742188 60.280181884765625 0.5
      vertex 68.033935546875 59.70045471191406 0.5
    endloop
  endfacet
  facet normal 0.26264923144115215 0.7505981851971263 -0.6063148898073942
    outer loop
      vertex 67.0423583984375 60.13700866699219 0.2928924560546875
      vertex 66.08279418945312 60.64007568359375 0.5
      vertex 67.11129760742188 60.280181884765625 0.5
    endloop
  endfacet
  facet normal 0.09185942747680727 0.07048669691084858 -0.9932741168188323
    outer loop
      vertex 68.464111328125 57.89604187011719 0
      vertex 67.82843017578125 58.72447204589844 0
      vertex 68.32968139648438 58.55137634277344 0.0340728759765625
    endloop
  endfacet
  facet normal 0.12158023876068684 0.07639429514872183 -0.989637386728909
    outer loop
      vertex 68.464111328125 57.89604187011719 0
      vertex 68.32968139648438 58.55137634277344 0.0340728759765625
      vertex 68.83706665039062 57.74388122558594 0.0340728759765625
    endloop
  endfacet
  facet normal 0.3257558838058802 0.20469193149495515 -0.923029965573553
    outer loop
      vertex 68.83706665039062 57.74388122558594 0.0340728759765625
      vertex 68.51824951171875 58.701751708984375 0.1339740753173828
      vertex 69.05438232421875 57.84852600097656 0.1339740753173828
    endloop
  endfacet
  facet normal 0.32577050830320453 0.2046961629270249 -0.923023865781825
    outer loop
      vertex 68.83706665039062 57.74388122558594 0.0340728759765625
      vertex 68.32968139648438 58.55137634277344 0.0340728759765625
      vertex 68.51824951171875 58.701751708984375 0.1339740753173828
    endloop
  endfacet
  facet normal 0.5174834040436397 0.32516581512737314 -0.7915037076425846
    outer loop
      vertex 68.51824951171875 58.701751708984375 0.1339740753173828
      vertex 68.68017578125 58.83088684082031 0.2928924560546875
      vertex 69.05438232421875 57.84852600097656 0.1339740753173828
    endloop
  endfacet
  facet normal 0.10272986705222588 0.10272986705222588 -0.9893902914577563
    outer loop
      vertex 67.65533447265625 59.22572326660156 0.0340728759765625
      vertex 68.32968139648438 58.55137634277344 0.0340728759765625
      vertex 67.82843017578125 58.72447204589844 0
    endloop
  endfacet
  facet normal 0.27205731539888506 0.2720514893861776 -0.9230237289803084
    outer loop
      vertex 67.80572509765625 59.41429138183594 0.1339740753173828
      vertex 68.51824951171875 58.701751708984375 0.1339740753173828
      vertex 68.32968139648438 58.55137634277344 0.0340728759765625
    endloop
  endfacet
  facet normal 0.2720442478438584 0.2720442478438584 -0.9230297148142841
    outer loop
      vertex 67.65533447265625 59.22572326660156 0.0340728759765625
      vertex 67.80572509765625 59.41429138183594 0.1339740753173828
      vertex 68.32968139648438 58.55137634277344 0.0340728759765625
    endloop
  endfacet
  facet normal 0.4321772672795712 0.43216801235383123 -0.7914882303262006
    outer loop
      vertex 67.80572509765625 59.41429138183594 0.1339740753173828
      vertex 67.93484497070312 59.57621765136719 0.2928924560546875
      vertex 68.51824951171875 58.701751708984375 0.1339740753173828
    endloop
  endfacet
  facet normal 0.4321581194037925 0.4321581194037925 -0.7915040869551812
    outer loop
      vertex 68.51824951171875 58.701751708984375 0.1339740753173828
      vertex 67.93484497070312 59.57621765136719 0.2928924560546875
      vertex 68.68017578125 58.83088684082031 0.2928924560546875
    endloop
  endfacet
  facet normal 0.5622782634193919 0.5622893987449374 -0.606361102434127
    outer loop
      vertex 68.68017578125 58.83088684082031 0.2928924560546875
      vertex 68.033935546875 59.70045471191406 0.5
      vertex 68.804443359375 58.929962158203125 0.5
    endloop
  endfacet
  facet normal 0.5175168111017814 0.3251744343849937 -0.7914783240553354
    outer loop
      vertex 69.05438232421875 57.84852600097656 0.1339740753173828
      vertex 68.68017578125 58.83088684082031 0.2928924560546875
      vertex 69.240966796875 57.938385009765625 0.2928924560546875
    endloop
  endfacet
  facet normal 0.6733092412246192 0.42306069118673173 -0.6063615400519169
    outer loop
      vertex 69.240966796875 57.938385009765625 0.2928924560546875
      vertex 68.804443359375 58.929962158203125 0.5
      vertex 69.3841552734375 58.00733947753906 0.5
    endloop
  endfacet
  facet normal 0.6733008811428546 0.4230591712188575 -0.6063718835004384
    outer loop
      vertex 68.68017578125 58.83088684082031 0.2928924560546875
      vertex 68.804443359375 58.929962158203125 0.5
      vertex 69.240966796875 57.938385009765625 0.2928924560546875
    endloop
  endfacet
  facet normal 0.5622977245354822 0.5622977245354822 -0.6063353345834611
    outer loop
      vertex 68.68017578125 58.83088684082031 0.2928924560546875
      vertex 67.93484497070312 59.57621765136719 0.2928924560546875
      vertex 68.033935546875 59.70045471191406 0.5
    endloop
  endfacet
  facet normal 0.3054255468025938 0.8728442108319355 -0.3806024421591544
    outer loop
      vertex 66.08279418945312 60.64007568359375 0.5
      vertex 66.10504150390625 60.737457275390625 0.741180419921875
      vertex 67.11129760742188 60.280181884765625 0.5
    endloop
  endfacet
  facet normal 0.49197188509774026 0.7829750744695065 -0.38067531707853963
    outer loop
      vertex 67.11129760742188 60.280181884765625 0.5
      vertex 67.1546630859375 60.37019348144531 0.741180419921875
      vertex 68.033935546875 59.70045471191406 0.5
    endloop
  endfacet
  facet normal 0.10354420479450892 0.9189294390696994 -0.3805880760934591
    outer loop
      vertex 65.00003051757812 60.861968994140625 0.741180419921875
      vertex 66.10504150390625 60.737457275390625 0.741180419921875
      vertex 66.08279418945312 60.64007568359375 0.5
    endloop
  endfacet
  facet normal 0.3274754205804487 0.935908397976148 -0.1297509904138635
    outer loop
      vertex 66.10504150390625 60.737457275390625 0.741180419921875
      vertex 66.11260986328125 60.77069091796875 1
      vertex 67.1546630859375 60.37019348144531 0.741180419921875
    endloop
  endfacet
  facet normal 0.49198765484908397 0.7829827516601133 -0.38063914417576117
    outer loop
      vertex 67.1546630859375 60.37019348144531 0.741180419921875
      vertex 68.09622192382812 59.778564453125 0.741180419921875
      vertex 68.033935546875 59.70045471191406 0.5
    endloop
  endfacet
  facet normal 0.3054027815173883 0.8728258978361423 -0.3806627025438328
    outer loop
      vertex 67.11129760742188 60.280181884765625 0.5
      vertex 66.10504150390625 60.737457275390625 0.741180419921875
      vertex 67.1546630859375 60.37019348144531 0.741180419921875
    endloop
  endfacet
  facet normal 0.5275439113656744 0.8395694064098808 -0.1296943846184797
    outer loop
      vertex 67.1546630859375 60.37019348144531 0.741180419921875
      vertex 67.16943359375 60.40089416503906 1
      vertex 68.09622192382812 59.778564453125 0.741180419921875
    endloop
  endfacet
  facet normal 0.7830047985540657 0.49198574889053276 -0.38059625369928274
    outer loop
      vertex 68.804443359375 58.929962158203125 0.5
      vertex 68.88253784179688 58.99224853515625 0.741180419921875
      vertex 69.3841552734375 58.00733947753906 0.5
    endloop
  endfacet
  facet normal 0.6538894117351284 0.6538894117351284 -0.38060120131362657
    outer loop
      vertex 68.804443359375 58.929962158203125 0.5
      vertex 68.09622192382812 59.778564453125 0.741180419921875
      vertex 68.88253784179688 58.99224853515625 0.741180419921875
    endloop
  endfacet
  facet normal 0.7829998799943634 0.49198572824589926 -0.38060639922519013
    outer loop
      vertex 69.3841552734375 58.00733947753906 0.5
      vertex 68.88253784179688 58.99224853515625 0.741180419921875
      vertex 69.47415161132812 58.050689697265625 0.741180419921875
    endloop
  endfacet
  facet normal 0.83957328690596 0.5275327436540673 -0.1297146880146367
    outer loop
      vertex 68.88253784179688 58.99224853515625 0.741180419921875
      vertex 68.9091796875 59.01348876953125 1
      vertex 69.47415161132812 58.050689697265625 0.741180419921875
    endloop
  endfacet
  facet normal 0.6538725353177955 0.6538854845708962 -0.380636940698827
    outer loop
      vertex 68.804443359375 58.929962158203125 0.5
      vertex 68.033935546875 59.70045471191406 0.5
      vertex 68.09622192382812 59.778564453125 0.741180419921875
    endloop
  endfacet
  facet normal 0.701133045326293 0.701133045326293 -0.12971085345088476
    outer loop
      vertex 68.88253784179688 58.99224853515625 0.741180419921875
      vertex 68.09622192382812 59.778564453125 0.741180419921875
      vertex 68.11746215820312 59.805206298828125 1
    endloop
  endfacet
  facet normal 0.9853088278320284 0.11102223557885713 -0.1297712487546723
    outer loop
      vertex 69.9659423828125 55.89604187011719 0.741180419921875
      vertex 69.87466430664062 57.00865173339844 1
      vertex 70.00003051757812 55.89604187011719 1
    endloop
  endfacet
  facet normal 0.9358968502009052 0.3275010621214447 -0.12976956535856204
    outer loop
      vertex 69.8414306640625 57.001068115234375 0.741180419921875
      vertex 69.50485229492188 58.065460205078125 1
      vertex 69.87466430664062 57.00865173339844 1
    endloop
  endfacet
  facet normal 0.11101199463873032 0.9853108432243922 -0.12976470733896572
    outer loop
      vertex 66.10504150390625 60.737457275390625 0.741180419921875
      vertex 65.00003051757812 60.89604187011719 1
      vertex 66.11260986328125 60.77069091796875 1
    endloop
  endfacet
  facet normal 0.5275384164008277 0.8395697074972059 -0.12971478510317613
    outer loop
      vertex 68.09622192382812 59.778564453125 0.741180419921875
      vertex 67.16943359375 60.40089416503906 1
      vertex 68.11746215820312 59.805206298828125 1
    endloop
  endfacet
  facet normal 0.32748759142971245 0.9359104841106616 -0.12970521651542347
    outer loop
      vertex 67.1546630859375 60.37019348144531 0.741180419921875
      vertex 66.11260986328125 60.77069091796875 1
      vertex 67.16943359375 60.40089416503906 1
    endloop
  endfacet
  facet normal 0.701133045326293 0.701133045326293 -0.12971085345088476
    outer loop
      vertex 68.88253784179688 58.99224853515625 0.741180419921875
      vertex 68.11746215820312 59.805206298828125 1
      vertex 68.9091796875 59.01348876953125 1
    endloop
  endfacet
  facet normal 0.8395780283334844 0.5275301314997999 -0.12969462093495915
    outer loop
      vertex 69.47415161132812 58.050689697265625 0.741180419921875
      vertex 68.9091796875 59.01348876953125 1
      vertex 69.50485229492188 58.065460205078125 1
    endloop
  endfacet
  facet normal 0.9937079508794748 0.11196862861958645 -0.0027449160213422674
    outer loop
      vertex 70.00003051757812 55.89604187011719 1
      vertex 69.87466430664062 57.00865173339844 1
      vertex 69.9039306640625 56.871490478515625 5.9999542236328125
    endloop
  endfacet
  facet normal 0.9438681874690613 0.3302904949753847 -0.004586241684013071
    outer loop
      vertex 69.87466430664062 57.00865173339844 1
      vertex 69.50485229492188 58.065460205078125 1
      vertex 69.61883544921875 57.80915832519531 5.9999542236328125
    endloop
  endfacet
  facet normal 0.11195820816899481 0.9937091649950197 -0.0027303898052350294
    outer loop
      vertex 65.00003051757812 60.89604187011719 1
      vertex 65.9754638671875 60.79988098144531 5.999950408935547
      vertex 66.11260986328125 60.77069091796875 1
    endloop
  endfacet
  facet normal 0.5320245348732269 0.8467092997175539 -0.005766807152656565
    outer loop
      vertex 67.16943359375 60.40089416503906 1
      vertex 67.77752685546875 60.0528564453125 5.99995231628418
      vertex 68.11746215820312 59.805206298828125 1
    endloop
  endfacet
  facet normal 0.3302739898598711 0.9438735934679048 -0.004661670947862117
    outer loop
      vertex 66.11260986328125 60.77069091796875 1
      vertex 66.91329956054688 60.51521301269531 5.99995231628418
      vertex 67.16943359375 60.40089416503906 1
    endloop
  endfacet
  facet normal 0.8467157389727868 0.5320149528089434 -0.005705029663814665
    outer loop
      vertex 69.50485229492188 58.065460205078125 1
      vertex 68.9091796875 59.01348876953125 1
      vertex 69.15655517578125 58.67340087890625 5.99995231628418
    endloop
  endfacet
  facet normal 0.7070928014289841 0.7070928014289841 -0.006288110576506383
    outer loop
      vertex 68.9091796875 59.01348876953125 1
      vertex 68.11746215820312 59.805206298828125 1
      vertex 68.53555297851562 59.43157958984375 5.99995231628418
    endloop
  endfacet
  facet normal 0.000016147424063538773 0.9914476021113625 0.13050537156335795
    outer loop
      vertex 7.850006103515625 60.89697265625 5.999950408935547
      vertex 39.022735595703125 60.862396240234375 6.258769989013672
      vertex 65.00003051757812 60.89604187011719 5.999950408935547
    endloop
  endfacet
  facet normal 0.000013567009166390887 0.9238807634092201 0.38268046046059495
    outer loop
      vertex 33.827301025390625 60.86247253417969 6.258769989013672
      vertex 33.827301025390625 60.7625732421875 6.499950408935547
      vertex 39.022735595703125 60.76249694824219 6.499950408935547
    endloop
  endfacet
  facet normal 0.000013567009166390887 0.9238807634092201 0.38268046046059495
    outer loop
      vertex 33.827301025390625 60.86247253417969 6.258769989013672
      vertex 39.022735595703125 60.76249694824219 6.499950408935547
      vertex 39.022735595703125 60.862396240234375 6.258769989013672
    endloop
  endfacet
  facet normal 0.000011650141575013838 0.7933513409752924 0.6087640344476499
    outer loop
      vertex 33.827301025390625 60.7625732421875 6.499950408935547
      vertex 33.8272705078125 60.60365295410156 6.707057952880859
      vertex 39.022735595703125 60.60357666015625 6.707057952880859
    endloop
  endfacet
  facet normal 0.000008939461286650147 0.6087594346983016 0.793354870525095
    outer loop
      vertex 33.8272705078125 60.60365295410156 6.707057952880859
      vertex 33.8272705078125 60.39654541015625 6.865976333618164
      vertex 39.022735595703125 60.39646911621094 6.865976333618164
    endloop
  endfacet
  facet normal 0.000005619646639991298 0.3826866968901274 0.9238781802768931
    outer loop
      vertex 33.8272705078125 60.39654541015625 6.865976333618164
      vertex 33.8272705078125 60.155364990234375 6.965877532958984
      vertex 39.022735595703125 60.15528869628906 6.965877532958984
    endloop
  endfacet
  facet normal 0.000011650210019213284 0.7933513418043785 0.6087640333671702
    outer loop
      vertex 33.827301025390625 60.7625732421875 6.499950408935547
      vertex 39.022735595703125 60.60357666015625 6.707057952880859
      vertex 39.022735595703125 60.76249694824219 6.499950408935547
    endloop
  endfacet
  facet normal 0.000008939461286650147 0.6087594346983016 0.793354870525095
    outer loop
      vertex 33.8272705078125 60.60365295410156 6.707057952880859
      vertex 39.022735595703125 60.39646911621094 6.865976333618164
      vertex 39.022735595703125 60.60357666015625 6.707057952880859
    endloop
  endfacet
  facet normal 0.0000021257264649289725 0.13051897768276305 0.9914458111566803
    outer loop
      vertex 16.953476156874316 59.97240950034757 6.99
      vertex 57.41377792624905 59.97175053461111 6.99
      vertex 39.022735595703125 60.15528869628906 6.965877532958984
    endloop
  endfacet
  facet normal 0.000005619646639991298 0.3826866968901274 0.9238781802768931
    outer loop
      vertex 33.8272705078125 60.39654541015625 6.865976333618164
      vertex 39.022735595703125 60.15528869628906 6.965877532958984
      vertex 39.022735595703125 60.39646911621094 6.865976333618164
    endloop
  endfacet
  facet normal 0.00001628031536970501 0.9238807633718099 0.3826804604450993
    outer loop
      vertex 39.022735595703125 60.862396240234375 6.258769989013672
      vertex 39.022735595703125 60.76249694824219 6.499950408935547
      vertex 44.21820068359375 60.76240539550781 6.499950408935547
    endloop
  endfacet
  facet normal 0.00001628031536970501 0.9238807633718099 0.3826804604450993
    outer loop
      vertex 39.022735595703125 60.862396240234375 6.258769989013672
      vertex 44.21820068359375 60.76240539550781 6.499950408935547
      vertex 44.21820068359375 60.8623046875 6.258769989013672
    endloop
  endfacet
  facet normal 0.000013980169904209046 0.7933513417806897 0.6087640333489931
    outer loop
      vertex 39.022735595703125 60.76249694824219 6.499950408935547
      vertex 39.022735595703125 60.60357666015625 6.707057952880859
      vertex 44.21820068359375 60.603485107421875 6.707057952880859
    endloop
  endfacet
  facet normal 0.000010727353543791576 0.608759434687599 0.7933548705111468
    outer loop
      vertex 39.022735595703125 60.60357666015625 6.707057952880859
      vertex 39.022735595703125 60.39646911621094 6.865976333618164
      vertex 44.21820068359375 60.39637756347656 6.865976333618164
    endloop
  endfacet
  facet normal 0.000006743575967942705 0.3826866968874686 0.9238781802704742
    outer loop
      vertex 39.022735595703125 60.39646911621094 6.865976333618164
      vertex 39.022735595703125 60.15528869628906 6.965877532958984
      vertex 44.21820068359375 60.15519714355469 6.965877532958984
    endloop
  endfacet
  facet normal 0.000013980169904209046 0.7933513417806897 0.6087640333489931
    outer loop
      vertex 39.022735595703125 60.76249694824219 6.499950408935547
      vertex 44.21820068359375 60.603485107421875 6.707057952880859
      vertex 44.21820068359375 60.76240539550781 6.499950408935547
    endloop
  endfacet
  facet normal 0.000010727353543791576 0.608759434687599 0.7933548705111468
    outer loop
      vertex 39.022735595703125 60.60357666015625 6.707057952880859
      vertex 44.21820068359375 60.39637756347656 6.865976333618164
      vertex 44.21820068359375 60.603485107421875 6.707057952880859
    endloop
  endfacet
  facet normal 0.000006743575967942705 0.3826866968874686 0.9238781802704742
    outer loop
      vertex 39.022735595703125 60.39646911621094 6.865976333618164
      vertex 44.21820068359375 60.15519714355469 6.965877532958984
      vertex 44.21820068359375 60.39637756347656 6.865976333618164
    endloop
  endfacet
  facet normal 0.00001356692947530355 0.9238807634092211 0.3826804604605954
    outer loop
      vertex 44.21820068359375 60.8623046875 6.258769989013672
      vertex 44.21820068359375 60.76240539550781 6.499950408935547
      vertex 49.413665771484375 60.7623291015625 6.499950408935547
    endloop
  endfacet
  facet normal 0.00001356692947530355 0.9238807634092211 0.3826804604605954
    outer loop
      vertex 44.21820068359375 60.8623046875 6.258769989013672
      vertex 49.413665771484375 60.7623291015625 6.499950408935547
      vertex 49.413665771484375 60.86222839355469 6.258769989013672
    endloop
  endfacet
  facet normal 0.000011650210019213284 0.7933513418043785 0.6087640333671702
    outer loop
      vertex 44.21820068359375 60.76240539550781 6.499950408935547
      vertex 44.21820068359375 60.603485107421875 6.707057952880859
      vertex 49.41363525390625 60.60340881347656 6.707057952880859
    endloop
  endfacet
  facet normal 0.000011650141575013838 0.7933513409752924 0.6087640344476499
    outer loop
      vertex 44.21820068359375 60.76240539550781 6.499950408935547
      vertex 49.41363525390625 60.60340881347656 6.707057952880859
      vertex 49.413665771484375 60.7623291015625 6.499950408935547
    endloop
  endfacet
  facet normal 0.00000893951379634967 0.6087594346983014 0.7933548705250946
    outer loop
      vertex 44.21820068359375 60.603485107421875 6.707057952880859
      vertex 49.41363525390625 60.39630126953125 6.865976333618164
      vertex 49.41363525390625 60.60340881347656 6.707057952880859
    endloop
  endfacet
  facet normal 0.0000023002643731205693 0.13053616940063711 0.9914435477993273
    outer loop
      vertex 39.022735595703125 60.15528869628906 6.965877532958984
      vertex 57.41377792624905 59.97175053461111 6.99
      vertex 44.21820068359375 60.15519714355469 6.965877532958984
    endloop
  endfacet
  facet normal 0.00000893951379634967 0.6087594346983014 0.7933548705250946
    outer loop
      vertex 44.21820068359375 60.603485107421875 6.707057952880859
      vertex 44.21820068359375 60.39637756347656 6.865976333618164
      vertex 49.41363525390625 60.39630126953125 6.865976333618164
    endloop
  endfacet
  facet normal 0.000005619679649358088 0.38268669689012735 0.923878180276893
    outer loop
      vertex 44.21820068359375 60.39637756347656 6.865976333618164
      vertex 44.21820068359375 60.15519714355469 6.965877532958984
      vertex 49.41363525390625 60.155120849609375 6.965877532958984
    endloop
  endfacet
  facet normal 0.000005619679649358088 0.38268669689012735 0.923878180276893
    outer loop
      vertex 44.21820068359375 60.39637756347656 6.865976333618164
      vertex 49.41363525390625 60.155120849609375 6.965877532958984
      vertex 49.41363525390625 60.39630126953125 6.865976333618164
    endloop
  endfacet
  facet normal 0.000017470652394551176 0.9914304056367884 0.13063594633043965
    outer loop
      vertex 39.022735595703125 60.862396240234375 6.258769989013672
      vertex 44.21820068359375 60.8623046875 6.258769989013672
      vertex 65.00003051757812 60.89604187011719 5.999950408935547
    endloop
  endfacet
  facet normal 0.000016280410999009806 0.9238807633718085 0.38268046044509874
    outer loop
      vertex 49.413665771484375 60.86222839355469 6.258769989013672
      vertex 49.413665771484375 60.7623291015625 6.499950408935547
      vertex 54.609100341796875 60.762237548828125 6.499950408935547
    endloop
  endfacet
  facet normal 0.000013980169886677185 0.7933513407857858 0.6087640346455684
    outer loop
      vertex 49.413665771484375 60.7623291015625 6.499950408935547
      vertex 49.41363525390625 60.60340881347656 6.707057952880859
      vertex 54.609100341796875 60.60331726074219 6.707057952880859
    endloop
  endfacet
  facet normal 0.0000019164539586875077 0.13050591509711842 0.9914475306948881
    outer loop
      vertex 44.21820068359375 60.15519714355469 6.965877532958984
      vertex 58.93102590585697 59.97172379817869 6.99
      vertex 49.41363525390625 60.155120849609375 6.965877532958984
    endloop
  endfacet
  facet normal 0.000010727353543791576 0.608759434687599 0.7933548705111468
    outer loop
      vertex 49.41363525390625 60.60340881347656 6.707057952880859
      vertex 49.41363525390625 60.39630126953125 6.865976333618164
      vertex 54.609100341796875 60.396209716796875 6.865976333618164
    endloop
  endfacet
  facet normal 0.000006743575967942705 0.3826866968874686 0.9238781802704742
    outer loop
      vertex 49.41363525390625 60.39630126953125 6.865976333618164
      vertex 49.41363525390625 60.155120849609375 6.965877532958984
      vertex 54.609100341796875 60.155029296875 6.965877532958984
    endloop
  endfacet
  facet normal 1 0 0
    outer loop
      vertex 70.00003051757812 25.896041870117188 1
      vertex 70.00003051757812 55.89604187011719 5.999956130981445
      vertex 70.00003051757812 25.89605712890625 5.999988555908203
    endloop
  endfacet
  facet normal 0.991437911872511 1.4113385430887228e-7 0.13057896806858038
    outer loop
      vertex 70.00003051757812 25.89605712890625 5.999988555908203
      vertex 70.00003051757812 55.89604187011719 5.999956130981445
      vertex 69.9659423828125 40.89604187011719 6.258790969848633
    endloop
  endfacet
  facet normal 0.9239014281207238 4.378872700986341e-7 0.38263056740973417
    outer loop
      vertex 69.9659423828125 35.89605712890625 6.258796691894531
      vertex 69.9659423828125 40.89604187011719 6.258790969848633
      vertex 69.86605834960938 35.89605712890625 6.499977111816406
    endloop
  endfacet
  facet normal 0.130521040423994 0.000001134622839279715 0.9914455396063623
    outer loop
      vertex 69.07586597231541 30.291129030184784 6.99
      vertex 69.25885009765625 35.89605712890625 6.965904235839844
      vertex 69.25885009765625 40.89604187011719 6.965898513793945
    endloop
  endfacet
  facet normal 0.7933231124399972 4.6447958267564425e-7 0.6088008206862897
    outer loop
      vertex 69.86605834960938 35.89605712890625 6.499977111816406
      vertex 69.86605834960938 40.89604187011719 6.499973297119141
      vertex 69.70712280273438 35.89605712890625 6.707084655761719
    endloop
  endfacet
  facet normal 0.6087876652536244 9.07900576275878e-7 0.7933332078226758
    outer loop
      vertex 69.70712280273438 35.89605712890625 6.707084655761719
      vertex 69.70712280273438 40.89604187011719 6.70707893371582
      vertex 69.50003051757812 35.89605712890625 6.866003036499023
    endloop
  endfacet
  facet normal 0.3826866968959562 0.0000010572978970550808 0.9238781802909649
    outer loop
      vertex 69.50003051757812 35.89605712890625 6.866003036499023
      vertex 69.50003051757812 40.89604187011719 6.865997314453125
      vertex 69.25885009765625 35.89605712890625 6.965904235839844
    endloop
  endfacet
  facet normal 0.9239024978370393 2.919228760906279e-7 0.38262798445800345
    outer loop
      vertex 69.86605834960938 35.89605712890625 6.499977111816406
      vertex 69.9659423828125 40.89604187011719 6.258790969848633
      vertex 69.86605834960938 40.89604187011719 6.499973297119141
    endloop
  endfacet
  facet normal 0.7933204045032086 6.967234122711799e-7 0.6088043493589546
    outer loop
      vertex 69.70712280273438 35.89605712890625 6.707084655761719
      vertex 69.86605834960938 40.89604187011719 6.499973297119141
      vertex 69.70712280273438 40.89604187011719 6.70707893371582
    endloop
  endfacet
  facet normal 0.6087876652536244 9.07900576275878e-7 0.7933332078226758
    outer loop
      vertex 69.50003051757812 35.89605712890625 6.866003036499023
      vertex 69.70712280273438 40.89604187011719 6.70707893371582
      vertex 69.50003051757812 40.89604187011719 6.865997314453125
    endloop
  endfacet
  facet normal 0.3826866968959562 0.0000010572978970550808 0.9238781802909649
    outer loop
      vertex 69.25885009765625 35.89605712890625 6.965904235839844
      vertex 69.50003051757812 40.89604187011719 6.865997314453125
      vertex 69.25885009765625 40.89604187011719 6.965898513793945
    endloop
  endfacet
  facet normal 0.13052463153556138 0.0000010715850009324503 0.9914450668399928
    outer loop
      vertex 69.07586597231541 30.291129030184784 6.99
      vertex 69.25885009765625 40.89604187011719 6.965898513793945
      vertex 69.07569176027852 51.511062031407604 6.99
    endloop
  endfacet
  facet normal 0.9239024978369903 4.3788297781904195e-7 0.38262798445798313
    outer loop
      vertex 69.9659423828125 40.89604187011719 6.258790969848633
      vertex 69.9659423828125 45.89604187011719 6.258785247802734
      vertex 69.86605834960938 40.89604187011719 6.499973297119141
    endloop
  endfacet
  facet normal 0.9239024978369903 4.3788297781904195e-7 0.38262798445798313
    outer loop
      vertex 69.86605834960938 40.89604187011719 6.499973297119141
      vertex 69.9659423828125 45.89604187011719 6.258785247802734
      vertex 69.86605834960938 45.89604187011719 6.499967575073242
    endloop
  endfacet
  facet normal 0.7933204045032086 6.967212860400633e-7 0.6088043493589546
    outer loop
      vertex 69.86605834960938 40.89604187011719 6.499973297119141
      vertex 69.86605834960938 45.89604187011719 6.499967575073242
      vertex 69.70712280273438 40.89604187011719 6.70707893371582
    endloop
  endfacet
  facet normal 0.6087876652536244 9.078978055832012e-7 0.7933332078226757
    outer loop
      vertex 69.70712280273438 40.89604187011719 6.70707893371582
      vertex 69.70712280273438 45.89604187011719 6.707073211669922
      vertex 69.50003051757812 40.89604187011719 6.865997314453125
    endloop
  endfacet
  facet normal 0.38268669689595625 0.0000010572946704379634 0.923878180290965
    outer loop
      vertex 69.50003051757812 40.89604187011719 6.865997314453125
      vertex 69.50003051757812 45.89604187011719 6.865991592407227
      vertex 69.25885009765625 40.89604187011719 6.965898513793945
    endloop
  endfacet
  facet normal 0.7933204045032086 6.967212860400633e-7 0.6088043493589546
    outer loop
      vertex 69.70712280273438 40.89604187011719 6.70707893371582
      vertex 69.86605834960938 45.89604187011719 6.499967575073242
      vertex 69.70712280273438 45.89604187011719 6.707073211669922
    endloop
  endfacet
  facet normal 0.6087876652536244 9.078978055832012e-7 0.7933332078226757
    outer loop
      vertex 69.50003051757812 40.89604187011719 6.865997314453125
      vertex 69.70712280273438 45.89604187011719 6.707073211669922
      vertex 69.50003051757812 45.89604187011719 6.865991592407227
    endloop
  endfacet
  facet normal 0.38268669689595625 0.0000010572946704379634 0.923878180290965
    outer loop
      vertex 69.25885009765625 40.89604187011719 6.965898513793945
      vertex 69.50003051757812 45.89604187011719 6.865991592407227
      vertex 69.25885009765625 45.89604187011719 6.965892791748047
    endloop
  endfacet
  facet normal 0.9914378495829661 1.4943631096941934e-7 0.1305794410092249
    outer loop
      vertex 69.9659423828125 40.89604187011719 6.258790969848633
      vertex 70.00003051757812 55.89604187011719 5.999956130981445
      vertex 69.9659423828125 45.89604187011719 6.258785247802734
    endloop
  endfacet
  facet normal 0.9239024978369903 4.3788297781904195e-7 0.38262798445798313
    outer loop
      vertex 69.9659423828125 45.89604187011719 6.258785247802734
      vertex 69.9659423828125 50.89604187011719 6.258779525756836
      vertex 69.86605834960938 45.89604187011719 6.499967575073242
    endloop
  endfacet
  facet normal 0.13052822244836948 0.0000011346182946240437 0.9914445940864177
    outer loop
      vertex 69.25885009765625 40.89604187011719 6.965898513793945
      vertex 69.25885009765625 45.89604187011719 6.965892791748047
      vertex 69.07569176027852 51.511062031407604 6.99
    endloop
  endfacet
  facet normal 0.7933204045032086 6.967212860400633e-7 0.6088043493589546
    outer loop
      vertex 69.86605834960938 45.89604187011719 6.499967575073242
      vertex 69.86605834960938 50.89604187011719 6.499961853027344
      vertex 69.70712280273438 45.89604187011719 6.707073211669922
    endloop
  endfacet
  facet normal 0.6087876652536244 9.078978055832012e-7 0.7933332078226757
    outer loop
      vertex 69.70712280273438 45.89604187011719 6.707073211669922
      vertex 69.70712280273438 50.89604187011719 6.707067489624023
      vertex 69.50003051757812 45.89604187011719 6.865991592407227
    endloop
  endfacet
  facet normal 0.38268669689595625 0.0000010572946704379634 0.923878180290965
    outer loop
      vertex 69.50003051757812 45.89604187011719 6.865991592407227
      vertex 69.50003051757812 50.89604187011719 6.865985870361328
      vertex 69.25885009765625 45.89604187011719 6.965892791748047
    endloop
  endfacet
  facet normal 0.09810715902176796 0.9951758564940557 0
    outer loop
      vertex 65.00003051757812 60.89604187011719 1
      vertex 65.00003051757812 60.89604187011719 5.999950408935547
      vertex 65.9754638671875 60.79988098144531 5.999950408935547
    endloop
  endfacet
  facet normal 0.9951820839774167 0.09804396835280509 0
    outer loop
      vertex 70.00003051757812 55.89604187011719 1
      vertex 69.9039306640625 56.871490478515625 5.9999542236328125
      vertex 70.00003051757812 55.89604187011719 5.999956130981445
    endloop
  endfacet
  facet normal 0.9567512712844756 0.29089747526776033 0.0023798694044997776
    outer loop
      vertex 69.87466430664062 57.00865173339844 1
      vertex 69.61883544921875 57.80915832519531 5.9999542236328125
      vertex 69.9039306640625 56.871490478515625 5.9999542236328125
    endloop
  endfacet
  facet normal 0.29045073849884584 0.9568869847332288 0.0023805364153329767
    outer loop
      vertex 66.11260986328125 60.77069091796875 1
      vertex 65.9754638671875 60.79988098144531 5.999950408935547
      vertex 66.91329956054688 60.51521301269531 5.99995231628418
    endloop
  endfacet
  facet normal 0.4717241908196714 0.8817370621314329 0.004005129130977914
    outer loop
      vertex 67.16943359375 60.40089416503906 1
      vertex 66.91329956054688 60.51521301269531 5.99995231628418
      vertex 67.77752685546875 60.0528564453125 5.99995231628418
    endloop
  endfacet
  facet normal 0.7736110517612274 0.6336423801436651 0.004824383769800629
    outer loop
      vertex 68.9091796875 59.01348876953125 1
      vertex 68.53555297851562 59.43157958984375 5.99995231628418
      vertex 69.15655517578125 58.67340087890625 5.99995231628418
    endloop
  endfacet
  facet normal 0.8817726456860756 0.4716570663887806 0.004075910365565366
    outer loop
      vertex 69.50485229492188 58.065460205078125 1
      vertex 69.15655517578125 58.67340087890625 5.99995231628418
      vertex 69.61883544921875 57.80915832519531 5.9999542236328125
    endloop
  endfacet
  facet normal 0.6338864895659458 0.7734112640892292 0.004789042248959287
    outer loop
      vertex 68.11746215820312 59.805206298828125 1
      vertex 67.77752685546875 60.0528564453125 5.99995231628418
      vertex 68.53555297851562 59.43157958984375 5.99995231628418
    endloop
  endfacet
  facet normal 0.000014559321285768403 0.9914606609182568 0.13040612577467212
    outer loop
      vertex 44.21820068359375 60.8623046875 6.258769989013672
      vertex 49.413665771484375 60.86222839355469 6.258769989013672
      vertex 65.00003051757812 60.89604187011719 5.999950408935547
    endloop
  endfacet
  facet normal 0.000016280410999009806 0.9238807633718085 0.38268046044509874
    outer loop
      vertex 49.413665771484375 60.86222839355469 6.258769989013672
      vertex 54.609100341796875 60.762237548828125 6.499950408935547
      vertex 54.609100341796875 60.86213684082031 6.258769989013672
    endloop
  endfacet
  facet normal 0.000017470888374529105 0.9914379734777776 0.13057849915298367
    outer loop
      vertex 49.413665771484375 60.86222839355469 6.258769989013672
      vertex 54.609100341796875 60.86213684082031 6.258769989013672
      vertex 65.00003051757812 60.89604187011719 5.999950408935547
    endloop
  endfacet
  facet normal 0.00001356692947530355 0.9238807634092211 0.3826804604605954
    outer loop
      vertex 54.609100341796875 60.86213684082031 6.258769989013672
      vertex 54.609100341796875 60.762237548828125 6.499950408935547
      vertex 59.8045654296875 60.76216125488281 6.499950408935547
    endloop
  endfacet
  facet normal 0.000013980252022638488 0.7933513417806889 0.6087640333489924
    outer loop
      vertex 49.413665771484375 60.7623291015625 6.499950408935547
      vertex 54.609100341796875 60.60331726074219 6.707057952880859
      vertex 54.609100341796875 60.762237548828125 6.499950408935547
    endloop
  endfacet
  facet normal 0.000010727353543791576 0.608759434687599 0.7933548705111468
    outer loop
      vertex 49.41363525390625 60.60340881347656 6.707057952880859
      vertex 54.609100341796875 60.396209716796875 6.865976333618164
      vertex 54.609100341796875 60.60331726074219 6.707057952880859
    endloop
  endfacet
  facet normal 0.0000023002643727550864 0.1305361694006113 0.9914435477993307
    outer loop
      vertex 44.21820068359375 60.15519714355469 6.965877532958984
      vertex 57.41377792624905 59.97175053461111 6.99
      vertex 58.93102590585697 59.97172379817869 6.99
    endloop
  endfacet
  facet normal 0.000006743575967942705 0.3826866968874686 0.9238781802704742
    outer loop
      vertex 49.41363525390625 60.39630126953125 6.865976333618164
      vertex 54.609100341796875 60.155029296875 6.965877532958984
      vertex 54.609100341796875 60.396209716796875 6.865976333618164
    endloop
  endfacet
  facet normal 0.000011650141587188742 0.7933513418043789 0.6087640333671707
    outer loop
      vertex 54.609100341796875 60.762237548828125 6.499950408935547
      vertex 54.609100341796875 60.60331726074219 6.707057952880859
      vertex 59.8045654296875 60.603240966796875 6.707057952880859
    endloop
  endfacet
  facet normal 0.0000023001310677557532 0.13052860454335943 0.9914445437797682
    outer loop
      vertex 49.41363525390625 60.155120849609375 6.965877532958984
      vertex 60.448264973320654 59.971701517818325 6.99
      vertex 54.609100341796875 60.155029296875 6.965877532958984
    endloop
  endfacet
  facet normal 0.0000019164539590968287 0.1305059150971392 0.9914475306948853
    outer loop
      vertex 49.41363525390625 60.155120849609375 6.965877532958984
      vertex 58.93102590585697 59.97172379817869 6.99
      vertex 60.448264973320654 59.971701517818325 6.99
    endloop
  endfacet
  facet normal 0.000008939461286650147 0.6087594346983016 0.793354870525095
    outer loop
      vertex 54.609100341796875 60.60331726074219 6.707057952880859
      vertex 54.609100341796875 60.396209716796875 6.865976333618164
      vertex 59.8045654296875 60.39613342285156 6.865976333618164
    endloop
  endfacet
  facet normal 0.000005619646639991298 0.3826866968901274 0.9238781802768931
    outer loop
      vertex 54.609100341796875 60.396209716796875 6.865976333618164
      vertex 54.609100341796875 60.155029296875 6.965877532958984
      vertex 59.8045654296875 60.15495300292969 6.965877532958984
    endloop
  endfacet
  facet normal 0.00001356692947530355 0.9238807634092211 0.3826804604605954
    outer loop
      vertex 54.609100341796875 60.86213684082031 6.258769989013672
      vertex 59.8045654296875 60.76216125488281 6.499950408935547
      vertex 59.8045654296875 60.862060546875 6.258769989013672
    endloop
  endfacet
  facet normal 0.000014559210280737419 0.9914531016976568 0.13046358465918936
    outer loop
      vertex 54.609100341796875 60.86213684082031 6.258769989013672
      vertex 59.8045654296875 60.862060546875 6.258769989013672
      vertex 65.00003051757812 60.89604187011719 5.999950408935547
    endloop
  endfacet
  facet normal 0.000011650141587188742 0.7933513418043789 0.6087640333671707
    outer loop
      vertex 54.609100341796875 60.762237548828125 6.499950408935547
      vertex 59.8045654296875 60.603240966796875 6.707057952880859
      vertex 59.8045654296875 60.76216125488281 6.499950408935547
    endloop
  endfacet
  facet normal 0.000008939461286650147 0.6087594346983016 0.793354870525095
    outer loop
      vertex 54.609100341796875 60.60331726074219 6.707057952880859
      vertex 59.8045654296875 60.39613342285156 6.865976333618164
      vertex 59.8045654296875 60.603240966796875 6.707057952880859
    endloop
  endfacet
  facet normal 0.0000019165537453017278 0.13051347694755708 0.9914465352863896
    outer loop
      vertex 54.609100341796875 60.155029296875 6.965877532958984
      vertex 61.965512952928485 59.9716747813859 6.99
      vertex 59.8045654296875 60.15495300292969 6.965877532958984
    endloop
  endfacet
  facet normal 0.000002300131067392077 0.13052860454334797 0.9914445437797696
    outer loop
      vertex 54.609100341796875 60.155029296875 6.965877532958984
      vertex 60.448264973320654 59.971701517818325 6.99
      vertex 61.965512952928485 59.9716747813859 6.99
    endloop
  endfacet
  facet normal 0.000005619646639991298 0.3826866968901274 0.9238781802768931
    outer loop
      vertex 54.609100341796875 60.396209716796875 6.865976333618164
      vertex 59.8045654296875 60.15495300292969 6.965877532958984
      vertex 59.8045654296875 60.39613342285156 6.865976333618164
    endloop
  endfacet
  facet normal 0.9239024978369903 4.3788297781904195e-7 0.38262798445798313
    outer loop
      vertex 69.86605834960938 45.89604187011719 6.499967575073242
      vertex 69.9659423828125 50.89604187011719 6.258779525756836
      vertex 69.86605834960938 50.89604187011719 6.499961853027344
    endloop
  endfacet
  facet normal 0.9914378495829661 1.4943631096941934e-7 0.1305794410092249
    outer loop
      vertex 69.9659423828125 45.89604187011719 6.258785247802734
      vertex 70.00003051757812 55.89604187011719 5.999956130981445
      vertex 69.9659423828125 50.89604187011719 6.258779525756836
    endloop
  endfacet
  facet normal 0.7933204045032086 6.967212860400633e-7 0.6088043493589546
    outer loop
      vertex 69.70712280273438 45.89604187011719 6.707073211669922
      vertex 69.86605834960938 50.89604187011719 6.499961853027344
      vertex 69.70712280273438 50.89604187011719 6.707067489624023
    endloop
  endfacet
  facet normal 0.6087876652536244 9.078978055832012e-7 0.7933332078226757
    outer loop
      vertex 69.50003051757812 45.89604187011719 6.865991592407227
      vertex 69.70712280273438 50.89604187011719 6.707067489624023
      vertex 69.50003051757812 50.89604187011719 6.865985870361328
    endloop
  endfacet
  facet normal 0.38268669689595625 0.0000010572946704379634 0.923878180290965
    outer loop
      vertex 69.25885009765625 45.89604187011719 6.965892791748047
      vertex 69.50003051757812 50.89604187011719 6.865985870361328
      vertex 69.25885009765625 50.89604187011719 6.965887069702148
    endloop
  endfacet
  facet normal 0.13052822244836948 0.0000011346182946240437 0.9914445940864177
    outer loop
      vertex 69.25885009765625 45.89604187011719 6.965892791748047
      vertex 69.25885009765625 50.89604187011719 6.965887069702148
      vertex 69.07569176027852 51.511062031407604 6.99
    endloop
  endfacet
  facet normal 0.9239024978369903 4.3788297781904195e-7 0.38262798445798313
    outer loop
      vertex 69.9659423828125 50.89604187011719 6.258779525756836
      vertex 69.9659423828125 55.89604187011719 6.2587738037109375
      vertex 69.86605834960938 50.89604187011719 6.499961853027344
    endloop
  endfacet
  facet normal 0.9914378495829661 1.4943631096941934e-7 0.1305794410092249
    outer loop
      vertex 69.9659423828125 50.89604187011719 6.258779525756836
      vertex 70.00003051757812 55.89604187011719 5.999956130981445
      vertex 69.9659423828125 55.89604187011719 6.2587738037109375
    endloop
  endfacet
  facet normal 0.9239024978369903 4.3788297781904195e-7 0.38262798445798313
    outer loop
      vertex 69.86605834960938 50.89604187011719 6.499961853027344
      vertex 69.9659423828125 55.89604187011719 6.2587738037109375
      vertex 69.86605834960938 55.89604187011719 6.499956130981445
    endloop
  endfacet
  facet normal 0.7933204045032086 6.967212860400633e-7 0.6088043493589546
    outer loop
      vertex 69.86605834960938 50.89604187011719 6.499961853027344
      vertex 69.86605834960938 55.89604187011719 6.499956130981445
      vertex 69.70712280273438 50.89604187011719 6.707067489624023
    endloop
  endfacet
  facet normal 0.6087876652536244 9.078978055832012e-7 0.7933332078226757
    outer loop
      vertex 69.70712280273438 50.89604187011719 6.707067489624023
      vertex 69.70712280273438 55.89604187011719 6.707061767578125
      vertex 69.50003051757812 50.89604187011719 6.865985870361328
    endloop
  endfacet
  facet normal 0.38268669689595625 0.0000010572946704379634 0.923878180290965
    outer loop
      vertex 69.50003051757812 50.89604187011719 6.865985870361328
      vertex 69.50003051757812 55.89604187011719 6.86598014831543
      vertex 69.25885009765625 50.89604187011719 6.965887069702148
    endloop
  endfacet
  facet normal 0.13052822244836948 0.0000011346182946240437 0.9914445940864177
    outer loop
      vertex 69.25885009765625 50.89604187011719 6.965887069702148
      vertex 69.25885009765625 55.89604187011719 6.96588134765625
      vertex 69.07569176027852 51.511062031407604 6.99
    endloop
  endfacet
  facet normal 0.7933204045032086 6.967212860400633e-7 0.6088043493589546
    outer loop
      vertex 69.70712280273438 50.89604187011719 6.707067489624023
      vertex 69.86605834960938 55.89604187011719 6.499956130981445
      vertex 69.70712280273438 55.89604187011719 6.707061767578125
    endloop
  endfacet
  facet normal 0.6087876652536244 9.078978055832012e-7 0.7933332078226757
    outer loop
      vertex 69.50003051757812 50.89604187011719 6.865985870361328
      vertex 69.70712280273438 55.89604187011719 6.707061767578125
      vertex 69.50003051757812 55.89604187011719 6.86598014831543
    endloop
  endfacet
  facet normal 0.38268669689595625 0.0000010572946704379634 0.923878180290965
    outer loop
      vertex 69.25885009765625 50.89604187011719 6.965887069702148
      vertex 69.50003051757812 55.89604187011719 6.86598014831543
      vertex 69.25885009765625 55.89604187011719 6.96588134765625
    endloop
  endfacet
  facet normal 0.13052822244836998 0.0000011346182946031842 0.9914445940864177
    outer loop
      vertex 69.07569176027852 51.511062031407604 6.99
      vertex 69.25885009765625 55.89604187011719 6.96588134765625
      vertex 69.07565364378345 55.89604187011719 6.99
    endloop
  endfacet
  facet normal 0.9871816515273593 0.09725602420654844 0.12654506171024907
    outer loop
      vertex 70.00003051757812 55.89604187011719 5.999956130981445
      vertex 69.9039306640625 56.871490478515625 5.9999542236328125
      vertex 69.87258911132812 56.86578369140625 6.248836517333984
    endloop
  endfacet
  facet normal 0.9490800547997544 0.2885650639351453 0.12640116082299446
    outer loop
      vertex 69.9039306640625 56.871490478515625 5.9999542236328125
      vertex 69.61883544921875 57.80915832519531 5.9999542236328125
      vertex 69.589599609375 57.796295166015625 6.248836517333984
    endloop
  endfacet
  facet normal 0.0973224905536591 0.9872163648259619 0.12622274696839023
    outer loop
      vertex 65.00003051757812 60.89604187011719 5.999950408935547
      vertex 65.96951293945312 60.768646240234375 6.248832702636719
      vertex 65.9754638671875 60.79988098144531 5.999950408935547
    endloop
  endfacet
  facet normal 0.288138261070042 0.9492693796058741 0.12595232213107962
    outer loop
      vertex 65.9754638671875 60.79988098144531 5.999950408935547
      vertex 66.90057373046875 60.486053466796875 6.248832702636719
      vertex 66.91329956054688 60.51521301269531 5.99995231628418
    endloop
  endfacet
  facet normal 0.4679440460461562 0.8746712940154515 0.12640608053131147
    outer loop
      vertex 67.77752685546875 60.0528564453125 5.99995231628418
      vertex 66.91329956054688 60.51521301269531 5.99995231628418
      vertex 66.90057373046875 60.486053466796875 6.248832702636719
    endloop
  endfacet
  facet normal 0.7674815125114954 0.6286218522820971 0.12572467851019686
    outer loop
      vertex 69.15655517578125 58.67340087890625 5.99995231628418
      vertex 68.53555297851562 59.43157958984375 5.99995231628418
      vertex 68.51309204101562 59.40922546386719 6.248834609985352
    endloop
  endfacet
  facet normal 0.874591550505155 0.4678161963041769 0.12742694479771782
    outer loop
      vertex 69.61883544921875 57.80915832519531 5.9999542236328125
      vertex 69.15655517578125 58.67340087890625 5.99995231628418
      vertex 69.129638671875 58.65592956542969 6.248834609985352
    endloop
  endfacet
  facet normal 0.6287732670652598 0.7671725700281947 0.1268480446061909
    outer loop
      vertex 67.77752685546875 60.0528564453125 5.99995231628418
      vertex 67.760009765625 60.02606201171875 6.248834609985352
      vertex 68.53555297851562 59.43157958984375 5.99995231628418
    endloop
  endfacet
  facet normal 0.00001747091907730114 0.9914455394383774 0.13052104053566188
    outer loop
      vertex 59.8045654296875 60.862060546875 6.258769989013672
      vertex 65.00003051757812 60.861968994140625 6.258769989013672
      vertex 65.00003051757812 60.89604187011719 5.999950408935547
    endloop
  endfacet
  facet normal 0.00001628031536970501 0.9238807633718099 0.3826804604450993
    outer loop
      vertex 59.8045654296875 60.862060546875 6.258769989013672
      vertex 59.8045654296875 60.76216125488281 6.499950408935547
      vertex 65.00003051757812 60.76206970214844 6.499950408935547
    endloop
  endfacet
  facet normal 0.00001628031536970501 0.9238807633718099 0.3826804604450993
    outer loop
      vertex 59.8045654296875 60.862060546875 6.258769989013672
      vertex 65.00003051757812 60.76206970214844 6.499950408935547
      vertex 65.00003051757812 60.861968994140625 6.258769989013672
    endloop
  endfacet
  facet normal 0.09632477822400068 0.986835275298143 0.12991411211771922
    outer loop
      vertex 65.00003051757812 60.89604187011719 5.999950408935547
      vertex 65.00003051757812 60.861968994140625 6.258769989013672
      vertex 65.96951293945312 60.768646240234375 6.248832702636719
    endloop
  endfacet
  facet normal 0.0836652676514386 0.9206415591729646 0.38133875034198406
    outer loop
      vertex 65.00003051757812 60.861968994140625 6.258769989013672
      vertex 65.00003051757812 60.76206970214844 6.499950408935547
      vertex 65.9560546875 60.70195007324219 6.435342788696289
    endloop
  endfacet
  facet normal 0.000013980252022638488 0.7933513417806889 0.6087640333489924
    outer loop
      vertex 59.8045654296875 60.76216125488281 6.499950408935547
      vertex 59.8045654296875 60.603240966796875 6.707057952880859
      vertex 65 60.6031494140625 6.707057952880859
    endloop
  endfacet
  facet normal 0.000013980169886677185 0.7933513407857858 0.6087640346455684
    outer loop
      vertex 59.8045654296875 60.76216125488281 6.499950408935547
      vertex 65 60.6031494140625 6.707057952880859
      vertex 65.00003051757812 60.76206970214844 6.499950408935547
    endloop
  endfacet
  facet normal 0.000010727416555431003 0.6087594346875986 0.7933548705111464
    outer loop
      vertex 59.8045654296875 60.603240966796875 6.707057952880859
      vertex 65 60.39604187011719 6.865976333618164
      vertex 65 60.6031494140625 6.707057952880859
    endloop
  endfacet
  facet normal 0.000001916553745099705 0.13051347694755472 0.9914465352863902
    outer loop
      vertex 59.8045654296875 60.15495300292969 6.965877532958984
      vertex 61.965512952928485 59.9716747813859 6.99
      vertex 63.482760932536316 59.971652501025545 6.99
    endloop
  endfacet
  facet normal 0.000010727416555431003 0.6087594346875986 0.7933548705111464
    outer loop
      vertex 59.8045654296875 60.603240966796875 6.707057952880859
      vertex 59.8045654296875 60.39613342285156 6.865976333618164
      vertex 65 60.39604187011719 6.865976333618164
    endloop
  endfacet
  facet normal 0.000006743615579182852 0.3826866968874685 0.923878180270474
    outer loop
      vertex 59.8045654296875 60.39613342285156 6.865976333618164
      vertex 59.8045654296875 60.15495300292969 6.965877532958984
      vertex 65 60.15486145019531 6.965877532958984
    endloop
  endfacet
  facet normal 0.000002300011287714783 0.1305210405552385 0.9914455395870657
    outer loop
      vertex 59.8045654296875 60.15495300292969 6.965877532958984
      vertex 63.482760932536316 59.971652501025545 6.99
      vertex 65 60.15486145019531 6.965877532958984
    endloop
  endfacet
  facet normal 0.000006743615579182852 0.3826866968874685 0.923878180270474
    outer loop
      vertex 59.8045654296875 60.39613342285156 6.865976333618164
      vertex 65 60.15486145019531 6.965877532958984
      vertex 65 60.39604187011719 6.865976333618164
    endloop
  endfacet
  facet normal 0.06901084216724622 0.791455009561645 0.6073190854099217
    outer loop
      vertex 65.00003051757812 60.76206970214844 6.499950408935547
      vertex 65 60.6031494140625 6.707057952880859
      vertex 65.9356689453125 60.60023498535156 6.604534149169922
    endloop
  endfacet
  facet normal 0.07673155218549087 0.7296157136891195 0.6795389460782375
    outer loop
      vertex 65 60.6031494140625 6.707057952880859
      vertex 65.9093017578125 60.467559814453125 6.749963760375977
      vertex 65.9356689453125 60.60023498535156 6.604534149169922
    endloop
  endfacet
  facet normal 0.0000023000112879612485 0.13052104055523656 0.991445539587066
    outer loop
      vertex 63.482760932536316 59.971652501025545 6.99
      vertex 65 59.971625764593114 6.99
      vertex 65 60.15486145019531 6.965877532958984
    endloop
  endfacet
  facet normal 0.005460658570862173 0.130519094551193 0.9914307576253166
    outer loop
      vertex 65 59.971625764593114 6.99
      vertex 65.40960195340588 59.95448883589162 6.99
      vertex 65 60.15486145019531 6.965877532958984
    endloop
  endfacet
  facet normal 0.005460658570860531 0.13051909455118968 0.991430757625317
    outer loop
      vertex 65.40960195340588 59.95448883589162 6.99
      vertex 65.81890869140625 60.01289367675781 6.9800567626953125
      vertex 65 60.15486145019531 6.965877532958984
    endloop
  endfacet
  facet normal 0.053264019404107577 0.6078952791415922 0.792228675215865
    outer loop
      vertex 65 60.6031494140625 6.707057952880859
      vertex 65 60.39604187011719 6.865976333618164
      vertex 65.9093017578125 60.467559814453125 6.749963760375977
    endloop
  endfacet
  facet normal 0.05749431073710098 0.583297068232828 0.8102215341644858
    outer loop
      vertex 65 60.39604187011719 6.865976333618164
      vertex 65.87789916992188 60.30950927734375 6.865976333618164
      vertex 65.9093017578125 60.467559814453125 6.749963760375977
    endloop
  endfacet
  facet normal 0.027855275589368435 0.38253820164769375 0.9235196846315669
    outer loop
      vertex 65 60.39604187011719 6.865976333618164
      vertex 65 60.15486145019531 6.965877532958984
      vertex 65.85595703125 60.19908142089844 6.921743392944336
    endloop
  endfacet
  facet normal 0.04370720670711907 0.4434227527221634 0.8952463026732701
    outer loop
      vertex 65 60.39604187011719 6.865976333618164
      vertex 65.85595703125 60.19908142089844 6.921743392944336
      vertex 65.87789916992188 60.30950927734375 6.865976333618164
    endloop
  endfacet
  facet normal 0.0341630998480444 0.2925091491650976 0.9556522799970099
    outer loop
      vertex 65 60.15486145019531 6.965877532958984
      vertex 65.81890869140625 60.01289367675781 6.9800567626953125
      vertex 65.85595703125 60.19908142089844 6.921743392944336
    endloop
  endfacet
  facet normal 0.9868271316802263 0.09632987855175851 0.12997217655321866
    outer loop
      vertex 70.00003051757812 55.89604187011719 5.999956130981445
      vertex 69.87258911132812 56.86578369140625 6.248836517333984
      vertex 69.9659423828125 55.89604187011719 6.2587738037109375
    endloop
  endfacet
  facet normal 0.9352592690497467 0.09353203491633175 0.3413822756104127
    outer loop
      vertex 69.9659423828125 55.89604187011719 6.2587738037109375
      vertex 69.87258911132812 56.86578369140625 6.248836517333984
      vertex 69.80587768554688 56.85211181640625 6.435346603393555
    endloop
  endfacet
  facet normal 0.9490923203236018 0.2886403557233531 0.12613688021612815
    outer loop
      vertex 69.9039306640625 56.871490478515625 5.9999542236328125
      vertex 69.589599609375 57.796295166015625 6.248836517333984
      vertex 69.87258911132812 56.86578369140625 6.248836517333984
    endloop
  endfacet
  facet normal 0.8993722931331695 0.2735193753640051 0.3410522388797187
    outer loop
      vertex 69.87258911132812 56.86578369140625 6.248836517333984
      vertex 69.589599609375 57.796295166015625 6.248836517333984
      vertex 69.52664184570312 57.770751953125 6.435344696044922
    endloop
  endfacet
  facet normal 0.9206591060102886 0.08371825160147629 0.3812847556212132
    outer loop
      vertex 69.9659423828125 55.89604187011719 6.2587738037109375
      vertex 69.80587768554688 56.85211181640625 6.435346603393555
      vertex 69.86605834960938 55.89604187011719 6.499956130981445
    endloop
  endfacet
  facet normal 0.8488895023825892 0.08864801266984017 0.5210836234179002
    outer loop
      vertex 69.86605834960938 55.89604187011719 6.499956130981445
      vertex 69.80587768554688 56.85211181640625 6.435346603393555
      vertex 69.70416259765625 56.83160400390625 6.6045379638671875
    endloop
  endfacet
  facet normal 0.8991986935405829 0.27332700152399764 0.34166366469498843
    outer loop
      vertex 69.87258911132812 56.86578369140625 6.248836517333984
      vertex 69.52664184570312 57.770751953125 6.435344696044922
      vertex 69.80587768554688 56.85211181640625 6.435346603393555
    endloop
  endfacet
  facet normal 0.8166627501969813 0.2481467068803865 0.5210423824461139
    outer loop
      vertex 69.80587768554688 56.85211181640625 6.435346603393555
      vertex 69.43075561523438 57.73139953613281 6.6045379638671875
      vertex 69.70416259765625 56.83160400390625 6.6045379638671875
    endloop
  endfacet
  facet normal 0.8168485317694694 0.2482956816223088 0.5206800655237103
    outer loop
      vertex 69.80587768554688 56.85211181640625 6.435346603393555
      vertex 69.52664184570312 57.770751953125 6.435344696044922
      vertex 69.43075561523438 57.73139953613281 6.6045379638671875
    endloop
  endfacet
  facet normal 0.13052626827752678 0.005471953956670373 0.9914297509200736
    outer loop
      vertex 69.07565364378345 55.89604187011719 6.99
      vertex 69.25885009765625 55.89604187011719 6.96588134765625
      vertex 69.0584749440239 56.30581716998815 6.99
    endloop
  endfacet
  facet normal 0.7914263128669431 0.06906083086140627 0.6073507989149004
    outer loop
      vertex 69.86605834960938 55.89604187011719 6.499956130981445
      vertex 69.70416259765625 56.83160400390625 6.6045379638671875
      vertex 69.70712280273438 55.89604187011719 6.707061767578125
    endloop
  endfacet
  facet normal 0.7295703323037065 0.07678060063776582 0.6795821286555166
    outer loop
      vertex 69.70712280273438 55.89604187011719 6.707061767578125
      vertex 69.70416259765625 56.83160400390625 6.6045379638671875
      vertex 69.57147216796875 56.80522155761719 6.749969482421875
    endloop
  endfacet
  facet normal 0.7022108398280804 0.21336997113804787 0.6792445743945921
    outer loop
      vertex 69.70416259765625 56.83160400390625 6.6045379638671875
      vertex 69.43075561523438 57.73139953613281 6.6045379638671875
      vertex 69.30581665039062 57.67961120605469 6.749969482421875
    endloop
  endfacet
  facet normal 0.7021437019791438 0.21332405855536948 0.679328394675571
    outer loop
      vertex 69.70416259765625 56.83160400390625 6.6045379638671875
      vertex 69.30581665039062 57.67961120605469 6.749969482421875
      vertex 69.57147216796875 56.80522155761719 6.749969482421875
    endloop
  endfacet
  facet normal 0.07918853018583558 0.03280014596293577 0.9963198919583094
    outer loop
      vertex 68.87067101317025 57.21687500263309 6.99
      vertex 68.87762451171875 57.50205993652344 6.980058670043945
      vertex 68.67100191230617 57.69893086417777 6.99
    endloop
  endfacet
  facet normal 0.6079218003734432 0.05331539870583638 0.7922048680054605
    outer loop
      vertex 69.70712280273438 55.89604187011719 6.707061767578125
      vertex 69.57147216796875 56.80522155761719 6.749969482421875
      vertex 69.50003051757812 55.89604187011719 6.86598014831543
    endloop
  endfacet
  facet normal 0.5832999887022304 0.05754829111042498 0.8102155993130763
    outer loop
      vertex 69.50003051757812 55.89604187011719 6.86598014831543
      vertex 69.57147216796875 56.80522155761719 6.749969482421875
      vertex 69.41342163085938 56.773895263671875 6.86598014831543
    endloop
  endfacet
  facet normal 0.3825378949396934 0.027884021860449183 0.9235189441803531
    outer loop
      vertex 69.50003051757812 55.89604187011719 6.86598014831543
      vertex 69.30300903320312 56.751953125 6.921747207641602
      vertex 69.25885009765625 55.89604187011719 6.96588134765625
    endloop
  endfacet
  facet normal 0.44346375301477253 0.04375206866058036 0.8952238023254144
    outer loop
      vertex 69.50003051757812 55.89604187011719 6.86598014831543
      vertex 69.41342163085938 56.773895263671875 6.86598014831543
      vertex 69.30300903320312 56.751953125 6.921747207641602
    endloop
  endfacet
  facet normal 0.13052626827752825 0.005471953956671104 0.9914297509200735
    outer loop
      vertex 69.25885009765625 55.89604187011719 6.96588134765625
      vertex 69.1168212890625 56.71490478515625 6.980060577392578
      vertex 69.0584749440239 56.30581716998815 6.99
    endloop
  endfacet
  facet normal 0.29250474930375836 0.03418603999271503 0.9556528063603235
    outer loop
      vertex 69.25885009765625 55.89604187011719 6.96588134765625
      vertex 69.30300903320312 56.751953125 6.921747207641602
      vertex 69.1168212890625 56.71490478515625 6.980060577392578
    endloop
  endfacet
  facet normal 0.08821784947906142 0.011618069381957074 0.996033448985086
    outer loop
      vertex 69.0584749440239 56.30581716998815 6.99
      vertex 69.1168212890625 56.71490478515625 6.980060577392578
      vertex 68.99035905150782 56.82303198043223 6.99
    endloop
  endfacet
  facet normal 0.10553945981683478 0.03207321242381141 0.9938977469872784
    outer loop
      vertex 68.87067101317025 57.21687500263309 6.99
      vertex 68.99035905150782 56.82303198043223 6.99
      vertex 69.1168212890625 56.71490478515625 6.980060577392578
    endloop
  endfacet
  facet normal 0.5608843048531378 0.17043759496911426 0.8101603685632596
    outer loop
      vertex 69.57147216796875 56.80522155761719 6.749969482421875
      vertex 69.156982421875 57.6177978515625 6.86598014831543
      vertex 69.41342163085938 56.773895263671875 6.86598014831543
    endloop
  endfacet
  facet normal 0.5607894864079837 0.17037807061222596 0.8102385235155912
    outer loop
      vertex 69.57147216796875 56.80522155761719 6.749969482421875
      vertex 69.30581665039062 57.67961120605469 6.749969482421875
      vertex 69.156982421875 57.6177978515625 6.86598014831543
    endloop
  endfacet
  facet normal 0.42639728738641924 0.12958433672410286 0.8952057042854886
    outer loop
      vertex 69.41342163085938 56.773895263671875 6.86598014831543
      vertex 69.052978515625 57.57469177246094 6.921745300292969
      vertex 69.30300903320312 56.751953125 6.921747207641602
    endloop
  endfacet
  facet normal 0.4263228787572343 0.1295480110728326 0.8952463995321164
    outer loop
      vertex 69.41342163085938 56.773895263671875 6.86598014831543
      vertex 69.156982421875 57.6177978515625 6.86598014831543
      vertex 69.052978515625 57.57469177246094 6.921745300292969
    endloop
  endfacet
  facet normal 0.2822000555405498 0.08575585922884081 0.9555150764173392
    outer loop
      vertex 68.87762451171875 57.50205993652344 6.980058670043945
      vertex 69.1168212890625 56.71490478515625 6.980060577392578
      vertex 69.30300903320312 56.751953125 6.921747207641602
    endloop
  endfacet
  facet normal 0.2822242922164167 0.0857702607723879 0.9555066254348942
    outer loop
      vertex 68.87762451171875 57.50205993652344 6.980058670043945
      vertex 69.30300903320312 56.751953125 6.921747207641602
      vertex 69.052978515625 57.57469177246094 6.921745300292969
    endloop
  endfacet
  facet normal 0.10553945981682615 0.03207321242380717 0.9938977469872794
    outer loop
      vertex 68.87067101317025 57.21687500263309 6.99
      vertex 69.1168212890625 56.71490478515625 6.980060577392578
      vertex 68.87762451171875 57.50205993652344 6.980058670043945
    endloop
  endfacet
  facet normal 0.2881184098841898 0.9492661519607717 0.12602204024453406
    outer loop
      vertex 65.9754638671875 60.79988098144531 5.999950408935547
      vertex 65.96951293945312 60.768646240234375 6.248832702636719
      vertex 66.90057373046875 60.486053466796875 6.248832702636719
    endloop
  endfacet
  facet normal 0.0935316654936617 0.9353185893701667 0.34121981760821457
    outer loop
      vertex 65.00003051757812 60.861968994140625 6.258769989013672
      vertex 65.9560546875 60.70195007324219 6.435342788696289
      vertex 65.96951293945312 60.768646240234375 6.248832702636719
    endloop
  endfacet
  facet normal 0.27298277381474284 0.899398644310366 0.34141248338788804
    outer loop
      vertex 65.96951293945312 60.768646240234375 6.248832702636719
      vertex 66.87493896484375 60.42303466796875 6.435342788696289
      vertex 66.90057373046875 60.486053466796875 6.248832702636719
    endloop
  endfacet
  facet normal 0.46805923646711545 0.8745101944311118 0.12709237189493314
    outer loop
      vertex 67.77752685546875 60.0528564453125 5.99995231628418
      vertex 66.90057373046875 60.486053466796875 6.248832702636719
      vertex 67.760009765625 60.02606201171875 6.248834609985352
    endloop
  endfacet
  facet normal 0.44359996739023794 0.8288120211597813 0.34101276004340103
    outer loop
      vertex 67.760009765625 60.02606201171875 6.248834609985352
      vertex 66.90057373046875 60.486053466796875 6.248832702636719
      vertex 66.87493896484375 60.42303466796875 6.435342788696289
    endloop
  endfacet
  facet normal 0.2730076039986289 0.8994210795337508 0.34133351703175874
    outer loop
      vertex 65.96951293945312 60.768646240234375 6.248832702636719
      vertex 65.9560546875 60.70195007324219 6.435342788696289
      vertex 66.87493896484375 60.42303466796875 6.435342788696289
    endloop
  endfacet
  facet normal 0.0885959465480826 0.8489249616997586 0.5210347086886944
    outer loop
      vertex 65.00003051757812 60.76206970214844 6.499950408935547
      vertex 65.9356689453125 60.60023498535156 6.604534149169922
      vertex 65.9560546875 60.70195007324219 6.435342788696289
    endloop
  endfacet
  facet normal 0.24792852445308336 0.8167982790395908 0.5209337943736031
    outer loop
      vertex 65.9560546875 60.70195007324219 6.435342788696289
      vertex 66.83554077148438 60.32708740234375 6.604534149169922
      vertex 66.87493896484375 60.42303466796875 6.435342788696289
    endloop
  endfacet
  facet normal 0.24793314314063275 0.8168040435492808 0.5209225575591356
    outer loop
      vertex 65.9560546875 60.70195007324219 6.435342788696289
      vertex 65.9356689453125 60.60023498535156 6.604534149169922
      vertex 66.83554077148438 60.32708740234375 6.604534149169922
    endloop
  endfacet
  facet normal 0.402807317013197 0.7529978359787474 0.5203273242603674
    outer loop
      vertex 67.72210693359375 59.96974182128906 6.435342788696289
      vertex 66.83554077148438 60.32708740234375 6.604534149169922
      vertex 67.6644287109375 59.88368225097656 6.604536056518555
    endloop
  endfacet
  facet normal 0.44358889904209853 0.8290320690348171 0.3404918753193228
    outer loop
      vertex 67.760009765625 60.02606201171875 6.248834609985352
      vertex 66.87493896484375 60.42303466796875 6.435342788696289
      vertex 67.72210693359375 59.96974182128906 6.435342788696289
    endloop
  endfacet
  facet normal 0.40278174145274925 0.7527667649192662 0.5206813482210333
    outer loop
      vertex 67.72210693359375 59.96974182128906 6.435342788696289
      vertex 66.87493896484375 60.42303466796875 6.435342788696289
      vertex 66.83554077148438 60.32708740234375 6.604534149169922
    endloop
  endfacet
  facet normal 0.7273207377647255 0.5952868605193952 0.3415232028872088
    outer loop
      vertex 69.129638671875 58.65592956542969 6.248834609985352
      vertex 68.51309204101562 59.40922546386719 6.248834609985352
      vertex 68.4649658203125 59.36102294921875 6.435344696044922
    endloop
  endfacet
  facet normal 0.8745869917593608 0.4679618393755723 0.12692245953156922
    outer loop
      vertex 69.61883544921875 57.80915832519531 5.9999542236328125
      vertex 69.129638671875 58.65592956542969 6.248834609985352
      vertex 69.589599609375 57.796295166015625 6.248836517333984
    endloop
  endfacet
  facet normal 0.8291471613003532 0.4436490148015929 0.3401331159607106
    outer loop
      vertex 69.589599609375 57.796295166015625 6.248836517333984
      vertex 69.129638671875 58.65592956542969 6.248834609985352
      vertex 69.07342529296875 58.61799621582031 6.435344696044922
    endloop
  endfacet
  facet normal 0.767572366612064 0.6282314261328604 0.12711387505944277
    outer loop
      vertex 69.15655517578125 58.67340087890625 5.99995231628418
      vertex 68.51309204101562 59.40922546386719 6.248834609985352
      vertex 69.129638671875 58.65592956542969 6.248834609985352
    endloop
  endfacet
  facet normal 0.7274776849530625 0.5957264640145461 0.34042061918758454
    outer loop
      vertex 69.129638671875 58.65592956542969 6.248834609985352
      vertex 68.4649658203125 59.36102294921875 6.435344696044922
      vertex 69.07342529296875 58.61799621582031 6.435344696044922
    endloop
  endfacet
  facet normal 0.6605633815472888 0.5411223471722267 0.5204254263096985
    outer loop
      vertex 69.07342529296875 58.61799621582031 6.435344696044922
      vertex 68.3916015625 59.28759765625 6.604536056518555
      vertex 68.9874267578125 58.56025695800781 6.604536056518555
    endloop
  endfacet
  facet normal 0.6603711257574514 0.5407733650416703 0.5210318070207852
    outer loop
      vertex 69.07342529296875 58.61799621582031 6.435344696044922
      vertex 68.4649658203125 59.36102294921875 6.435344696044922
      vertex 68.3916015625 59.28759765625 6.604536056518555
    endloop
  endfacet
  facet normal 0.8290481055277982 0.4434828785301515 0.34059092056509604
    outer loop
      vertex 69.589599609375 57.796295166015625 6.248836517333984
      vertex 69.07342529296875 58.61799621582031 6.435344696044922
      vertex 69.52664184570312 57.770751953125 6.435344696044922
    endloop
  endfacet
  facet normal 0.7529774231461982 0.4027443133798457 0.520405628593992
    outer loop
      vertex 69.52664184570312 57.770751953125 6.435344696044922
      vertex 68.9874267578125 58.56025695800781 6.604536056518555
      vertex 69.43075561523438 57.73139953613281 6.6045379638671875
    endloop
  endfacet
  facet normal 0.7530476669231504 0.4028279478244289 0.5202392293869806
    outer loop
      vertex 69.52664184570312 57.770751953125 6.435344696044922
      vertex 69.07342529296875 58.61799621582031 6.435344696044922
      vertex 68.9874267578125 58.56025695800781 6.604536056518555
    endloop
  endfacet
  facet normal 0.6286318563425254 0.767482910029165 0.12566611319092771
    outer loop
      vertex 68.53555297851562 59.43157958984375 5.99995231628418
      vertex 67.760009765625 60.02606201171875 6.248834609985352
      vertex 68.51309204101562 59.40922546386719 6.248834609985352
    endloop
  endfacet
  facet normal 0.5957442261540021 0.7273311202870655 0.34070259533225067
    outer loop
      vertex 67.760009765625 60.02606201171875 6.248834609985352
      vertex 67.72210693359375 59.96974182128906 6.435342788696289
      vertex 68.51309204101562 59.40922546386719 6.248834609985352
    endloop
  endfacet
  facet normal 0.5956900719670887 0.7269600722470406 0.3415880435823571
    outer loop
      vertex 67.72210693359375 59.96974182128906 6.435342788696289
      vertex 68.4649658203125 59.36102294921875 6.435344696044922
      vertex 68.51309204101562 59.40922546386719 6.248834609985352
    endloop
  endfacet
  facet normal 0.5410841103635597 0.6600769067832024 0.5210820114373499
    outer loop
      vertex 68.4649658203125 59.36102294921875 6.435344696044922
      vertex 67.6644287109375 59.88368225097656 6.604536056518555
      vertex 68.3916015625 59.28759765625 6.604536056518555
    endloop
  endfacet
  facet normal 0.5412096403233242 0.6604746493221795 0.5204472718958589
    outer loop
      vertex 67.72210693359375 59.96974182128906 6.435342788696289
      vertex 67.6644287109375 59.88368225097656 6.604536056518555
      vertex 68.4649658203125 59.36102294921875 6.435344696044922
    endloop
  endfacet
  facet normal 0.05426966993763585 0.07072513010691533 0.9960184530902125
    outer loop
      vertex 67.58001059124676 59.05525036321505 6.99
      vertex 67.33181762695312 59.38572692871094 6.9800567626953125
      vertex 67.16598452299168 59.37294589853346 6.99
    endloop
  endfacet
  facet normal 0.18696113826493585 0.228115884820612 0.9555148747514027
    outer loop
      vertex 67.33181762695312 59.38572692871094 6.9800567626953125
      vertex 67.9681396484375 58.86419677734375 6.980058670043945
      vertex 68.10238647460938 58.99842834472656 6.921745300292969
    endloop
  endfacet
  facet normal 0.06380667696177186 0.07785454248979047 0.9949207899068154
    outer loop
      vertex 67.58001059124676 59.05525036321505 6.99
      vertex 67.9681396484375 58.86419677734375 6.980058670043945
      vertex 67.33181762695312 59.38572692871094 6.9800567626953125
    endloop
  endfacet
  facet normal 0.18697123966024748 0.22813704059541218 0.9555078472981149
    outer loop
      vertex 67.437255859375 59.543548583984375 6.921743392944336
      vertex 67.33181762695312 59.38572692871094 6.9800567626953125
      vertex 68.10238647460938 58.99842834472656 6.921745300292969
    endloop
  endfacet
  facet normal 0.2131482278311983 0.7022067810802239 0.6793183860145181
    outer loop
      vertex 65.9356689453125 60.60023498535156 6.604534149169922
      vertex 66.78375244140625 60.202117919921875 6.749963760375977
      vertex 66.83554077148438 60.32708740234375 6.604534149169922
    endloop
  endfacet
  facet normal 0.21316362615656612 0.7022293106335072 0.6792902647403194
    outer loop
      vertex 65.9356689453125 60.60023498535156 6.604534149169922
      vertex 65.9093017578125 60.467559814453125 6.749963760375977
      vertex 66.78375244140625 60.202117919921875 6.749963760375977
    endloop
  endfacet
  facet normal 0.34615157542807323 0.6470975201840949 0.6792966113563776
    outer loop
      vertex 67.6644287109375 59.88368225097656 6.604536056518555
      vertex 66.78375244140625 60.202117919921875 6.749963760375977
      vertex 67.58929443359375 59.771209716796875 6.749963760375977
    endloop
  endfacet
  facet normal 0.3461488121818818 0.6470828552029596 0.6793119889472421
    outer loop
      vertex 67.6644287109375 59.88368225097656 6.604536056518555
      vertex 66.83554077148438 60.32708740234375 6.604534149169922
      vertex 66.78375244140625 60.202117919921875 6.749963760375977
    endloop
  endfacet
  facet normal 0.011610241082252728 0.08820601671207676 0.9960345882135826
    outer loop
      vertex 65.40960195340588 59.95448883589162 6.99
      vertex 65.9270441376572 59.88637978019199 6.99
      vertex 65.81890869140625 60.01289367675781 6.9800567626953125
    endloop
  endfacet
  facet normal 0.03201779236773333 0.10548167862279538 0.9939056677808081
    outer loop
      vertex 65.81890869140625 60.01289367675781 6.9800567626953125
      vertex 65.9270441376572 59.88637978019199 6.99
      vertex 66.32088527705407 59.76683367520276 6.99
    endloop
  endfacet
  facet normal 0.08566446000761564 0.28221905296085764 0.9555176641158867
    outer loop
      vertex 65.81890869140625 60.01289367675781 6.9800567626953125
      vertex 66.60623168945312 59.77391052246094 6.9800567626953125
      vertex 65.85595703125 60.19908142089844 6.921743392944336
    endloop
  endfacet
  facet normal 0.03275697027140086 0.07908304140977146 0.9963296911464694
    outer loop
      vertex 66.32088527705407 59.76683367520276 6.99
      vertex 66.80302600016908 59.5671262657232 6.99
      vertex 66.60623168945312 59.77391052246094 6.9800567626953125
    endloop
  endfacet
  facet normal 0.03201779236772913 0.10548167862278683 0.9939056677808092
    outer loop
      vertex 65.81890869140625 60.01289367675781 6.9800567626953125
      vertex 66.32088527705407 59.76683367520276 6.99
      vertex 66.60623168945312 59.77391052246094 6.9800567626953125
    endloop
  endfacet
  facet normal 0.08566603691762023 0.28222170867240437 0.9555167383530534
    outer loop
      vertex 66.67886352539062 59.94929504394531 6.921743392944336
      vertex 65.85595703125 60.19908142089844 6.921743392944336
      vertex 66.60623168945312 59.77391052246094 6.9800567626953125
    endloop
  endfacet
  facet normal 0.17025691865060621 0.5608785270315766 0.8102023571716451
    outer loop
      vertex 65.9093017578125 60.467559814453125 6.749963760375977
      vertex 65.87789916992188 60.30950927734375 6.865976333618164
      vertex 66.72198486328125 60.05328369140625 6.865976333618164
    endloop
  endfacet
  facet normal 0.17025554487973357 0.5608763374320402 0.8102041616447826
    outer loop
      vertex 65.9093017578125 60.467559814453125 6.749963760375977
      vertex 66.72198486328125 60.05328369140625 6.865976333618164
      vertex 66.78375244140625 60.202117919921875 6.749963760375977
    endloop
  endfacet
  facet normal 0.12942547374640342 0.42638459371677073 0.8952347317807232
    outer loop
      vertex 66.67886352539062 59.94929504394531 6.921743392944336
      vertex 65.87789916992188 60.30950927734375 6.865976333618164
      vertex 65.85595703125 60.19908142089844 6.921743392944336
    endloop
  endfacet
  facet normal 0.12943943668395377 0.4264132181087991 0.8952190791381953
    outer loop
      vertex 66.67886352539062 59.94929504394531 6.921743392944336
      vertex 66.72198486328125 60.05328369140625 6.865976333618164
      vertex 65.87789916992188 60.30950927734375 6.865976333618164
    endloop
  endfacet
  facet normal 0.2764612345718719 0.5168180416260006 0.8102273123197353
    outer loop
      vertex 67.58929443359375 59.771209716796875 6.749963760375977
      vertex 66.78375244140625 60.202117919921875 6.749963760375977
      vertex 66.72198486328125 60.05328369140625 6.865976333618164
    endloop
  endfacet
  facet normal 0.3715074118284643 0.45320875655824094 0.8102987510390528
    outer loop
      vertex 67.58929443359375 59.771209716796875 6.749963760375977
      vertex 67.49978637695312 59.63716125488281 6.865976333618164
      vertex 68.29592895507812 59.19195556640625 6.749967575073242
    endloop
  endfacet
  facet normal 0.27643457226685036 0.5167018402966679 0.810310517943387
    outer loop
      vertex 67.58929443359375 59.771209716796875 6.749963760375977
      vertex 66.72198486328125 60.05328369140625 6.865976333618164
      vertex 67.49978637695312 59.63716125488281 6.865976333618164
    endloop
  endfacet
  facet normal 0.05208869689985721 0.09736327495998467 0.9938848828432503
    outer loop
      vertex 66.60623168945312 59.77391052246094 6.9800567626953125
      vertex 66.80302600016908 59.5671262657232 6.99
      vertex 67.33181762695312 59.38572692871094 6.9800567626953125
    endloop
  endfacet
  facet normal 0.05208869689985799 0.09736327495998694 0.9938848828432499
    outer loop
      vertex 66.80302600016908 59.5671262657232 6.99
      vertex 67.16598452299168 59.37294589853346 6.99
      vertex 67.33181762695312 59.38572692871094 6.9800567626953125
    endloop
  endfacet
  facet normal 0.13914544772934914 0.2600882205356136 0.955506494962131
    outer loop
      vertex 66.60623168945312 59.77391052246094 6.9800567626953125
      vertex 67.33181762695312 59.38572692871094 6.9800567626953125
      vertex 67.437255859375 59.543548583984375 6.921743392944336
    endloop
  endfacet
  facet normal 0.21021203803699887 0.3929209939825449 0.8952228725586161
    outer loop
      vertex 66.67886352539062 59.94929504394531 6.921743392944336
      vertex 67.49978637695312 59.63716125488281 6.865976333618164
      vertex 66.72198486328125 60.05328369140625 6.865976333618164
    endloop
  endfacet
  facet normal 0.21020461179756547 0.3928994628093189 0.8952340662101634
    outer loop
      vertex 66.67886352539062 59.94929504394531 6.921743392944336
      vertex 67.437255859375 59.543548583984375 6.921743392944336
      vertex 67.49978637695312 59.63716125488281 6.865976333618164
    endloop
  endfacet
  facet normal 0.139141791143463 0.26007390859359925 0.955510923028218
    outer loop
      vertex 66.67886352539062 59.94929504394531 6.921743392944336
      vertex 66.60623168945312 59.77391052246094 6.9800567626953125
      vertex 67.437255859375 59.543548583984375 6.921743392944336
    endloop
  endfacet
  facet normal 0.28245361612239855 0.3446391693113082 0.8952339346314974
    outer loop
      vertex 67.49978637695312 59.63716125488281 6.865976333618164
      vertex 67.437255859375 59.543548583984375 6.921743392944336
      vertex 68.1820068359375 59.078033447265625 6.865978240966797
    endloop
  endfacet
  facet normal 0.5676987802089369 0.4650492367801324 0.6792991258050471
    outer loop
      vertex 68.3916015625 59.28759765625 6.604536056518555
      vertex 68.29592895507812 59.19195556640625 6.749967575073242
      vertex 68.9874267578125 58.56025695800781 6.604536056518555
    endloop
  endfacet
  facet normal 0.567715762737259 0.46507518434370626 0.6792671680917017
    outer loop
      vertex 68.87496948242188 58.48512268066406 6.749967575073242
      vertex 68.9874267578125 58.56025695800781 6.604536056518555
      vertex 68.29592895507812 59.19195556640625 6.749967575073242
    endloop
  endfacet
  facet normal 0.6471526165031287 0.34614243420433544 0.6792487807837799
    outer loop
      vertex 68.87496948242188 58.48512268066406 6.749967575073242
      vertex 69.43075561523438 57.73139953613281 6.6045379638671875
      vertex 68.9874267578125 58.56025695800781 6.604536056518555
    endloop
  endfacet
  facet normal 0.647161452887332 0.3461514621745944 0.6792357610808989
    outer loop
      vertex 69.30581665039062 57.67961120605469 6.749969482421875
      vertex 69.43075561523438 57.73139953613281 6.6045379638671875
      vertex 68.87496948242188 58.48512268066406 6.749967575073242
    endloop
  endfacet
  facet normal 0.39287948464096284 0.21015653518164873 0.8952541210565277
    outer loop
      vertex 69.156982421875 57.6177978515625 6.86598014831543
      vertex 68.74090576171875 58.39564514160156 6.865978240966797
      vertex 68.64727783203125 58.33311462402344 6.921745300292969
    endloop
  endfacet
  facet normal 0.09751937785347586 0.05216291075391659 0.9938656859378685
    outer loop
      vertex 68.67100191230617 57.69893086417777 6.99
      vertex 68.489501953125 58.2276611328125 6.980058670043945
      vertex 68.47681486805406 58.06196658187396 6.99
    endloop
  endfacet
  facet normal 0.2601176959758324 0.13913641021263165 0.9554997873329782
    outer loop
      vertex 68.87762451171875 57.50205993652344 6.980058670043945
      vertex 69.052978515625 57.57469177246094 6.921745300292969
      vertex 68.489501953125 58.2276611328125 6.980058670043945
    endloop
  endfacet
  facet normal 0.0975193778534741 0.05216291075391599 0.9938656859378688
    outer loop
      vertex 68.87762451171875 57.50205993652344 6.980058670043945
      vertex 68.489501953125 58.2276611328125 6.980058670043945
      vertex 68.67100191230617 57.69893086417777 6.99
    endloop
  endfacet
  facet normal 0.26013832054700814 0.13915495064187697 0.9554914724343901
    outer loop
      vertex 69.052978515625 57.57469177246094 6.921745300292969
      vertex 68.64727783203125 58.33311462402344 6.921745300292969
      vertex 68.489501953125 58.2276611328125 6.980058670043945
    endloop
  endfacet
  facet normal 0.07080825175387212 0.05433674585433364 0.9960088902883959
    outer loop
      vertex 68.15914860392759 58.475929406668065 6.99
      vertex 68.47681486805406 58.06196658187396 6.99
      vertex 68.489501953125 58.2276611328125 6.980058670043945
    endloop
  endfacet
  facet normal 0.22821472087245528 0.18692205826949018 0.9554989195752158
    outer loop
      vertex 68.64727783203125 58.33311462402344 6.921745300292969
      vertex 67.9681396484375 58.86419677734375 6.980058670043945
      vertex 68.489501953125 58.2276611328125 6.980058670043945
    endloop
  endfacet
  facet normal 0.37159546739725113 0.4534054148370502 0.8101483434570862
    outer loop
      vertex 67.49978637695312 59.63716125488281 6.865976333618164
      vertex 68.1820068359375 59.078033447265625 6.865978240966797
      vertex 68.29592895507812 59.19195556640625 6.749967575073242
    endloop
  endfacet
  facet normal 0.45335980938666187 0.37131690029772707 0.8103015752089943
    outer loop
      vertex 68.87496948242188 58.48512268066406 6.749967575073242
      vertex 68.1820068359375 59.078033447265625 6.865978240966797
      vertex 68.74090576171875 58.39564514160156 6.865978240966797
    endloop
  endfacet
  facet normal 0.45349211516590326 0.3715026830368434 0.8101423689567048
    outer loop
      vertex 68.87496948242188 58.48512268066406 6.749967575073242
      vertex 68.29592895507812 59.19195556640625 6.749967575073242
      vertex 68.1820068359375 59.078033447265625 6.865978240966797
    endloop
  endfacet
  facet normal 0.34473471366483616 0.2823493010468375 0.8952300538927331
    outer loop
      vertex 68.74090576171875 58.39564514160156 6.865978240966797
      vertex 68.1820068359375 59.078033447265625 6.865978240966797
      vertex 68.10238647460938 58.99842834472656 6.921745300292969
    endloop
  endfacet
  facet normal 0.07787677374323784 0.06378592399220878 0.994920380739989
    outer loop
      vertex 68.15914860392759 58.475929406668065 6.99
      vertex 67.9681396484375 58.86419677734375 6.980058670043945
      vertex 67.89832348960518 58.794372993330256 6.99
    endloop
  endfacet
  facet normal 0.0638066769617721 0.07785454248979094 0.9949207899068153
    outer loop
      vertex 67.58001059124676 59.05525036321505 6.99
      vertex 67.89832348960518 58.794372993330256 6.99
      vertex 67.9681396484375 58.86419677734375 6.980058670043945
    endloop
  endfacet
  facet normal 0.07787677374324009 0.06378592399220988 0.9949203807399888
    outer loop
      vertex 68.15914860392759 58.475929406668065 6.99
      vertex 68.489501953125 58.2276611328125 6.980058670043945
      vertex 67.9681396484375 58.86419677734375 6.980058670043945
    endloop
  endfacet
  facet normal 0.2281867391984177 0.18688474053427587 0.9555129019586442
    outer loop
      vertex 68.64727783203125 58.33311462402344 6.921745300292969
      vertex 68.10238647460938 58.99842834472656 6.921745300292969
      vertex 67.9681396484375 58.86419677734375 6.980058670043945
    endloop
  endfacet
  facet normal 0.2824553467743575 0.34464214051574077 0.8952322447607134
    outer loop
      vertex 67.437255859375 59.543548583984375 6.921743392944336
      vertex 68.10238647460938 58.99842834472656 6.921745300292969
      vertex 68.1820068359375 59.078033447265625 6.865978240966797
    endloop
  endfacet
  facet normal 0.3446962731480842 0.2823059472987039 0.8952585276877305
    outer loop
      vertex 68.74090576171875 58.39564514160156 6.865978240966797
      vertex 68.10238647460938 58.99842834472656 6.921745300292969
      vertex 68.64727783203125 58.33311462402344 6.921745300292969
    endloop
  endfacet
  facet normal 0.5167701521426493 0.27642642353105407 0.81026973424181
    outer loop
      vertex 69.30581665039062 57.67961120605469 6.749969482421875
      vertex 68.74090576171875 58.39564514160156 6.865978240966797
      vertex 69.156982421875 57.6177978515625 6.86598014831543
    endloop
  endfacet
  facet normal 0.5167272522605776 0.2763859061127854 0.8103109142011158
    outer loop
      vertex 69.30581665039062 57.67961120605469 6.749969482421875
      vertex 68.87496948242188 58.48512268066406 6.749967575073242
      vertex 68.74090576171875 58.39564514160156 6.865978240966797
    endloop
  endfacet
  facet normal 0.39290259328030436 0.21017411375617118 0.8952398528329824
    outer loop
      vertex 69.156982421875 57.6177978515625 6.86598014831543
      vertex 68.64727783203125 58.33311462402344 6.921745300292969
      vertex 69.052978515625 57.57469177246094 6.921745300292969
    endloop
  endfacet
  facet normal 0.4652354774965847 0.5675479819679314 0.6792976068282984
    outer loop
      vertex 67.6644287109375 59.88368225097656 6.604536056518555
      vertex 67.58929443359375 59.771209716796875 6.749963760375977
      vertex 68.3916015625 59.28759765625 6.604536056518555
    endloop
  endfacet
  facet normal 0.4652348203188873 0.5675463451299666 0.6792994244752968
    outer loop
      vertex 67.58929443359375 59.771209716796875 6.749963760375977
      vertex 68.29592895507812 59.19195556640625 6.749967575073242
      vertex 68.3916015625 59.28759765625 6.604536056518555
    endloop
  endfacet
  facet normal 0 0 1
    outer loop
      vertex 0.5 10.283855858600997 6.99
      vertex 0.5851249657982952 10.243145862786344 6.99
      vertex 0.29290771484375 10.46736541889701 6.99
    endloop
  endfacet
  facet normal 0 0 1
    outer loop
      vertex 0.29290771484375 10.46736541889701 6.99
      vertex 1 10.129161072064491 6.99
      vertex 0.18448915654322126 10.630526205848533 6.99
    endloop
  endfacet
  facet normal 0 0 1
    outer loop
      vertex 0.134002685546875 10.706508829494265 6.99
      vertex 0.18448915654322126 10.630526205848533 6.99
      vertex 1 10.129161072064491 6.99
    endloop
  endfacet
  facet normal 0 0 1
    outer loop
      vertex 0.134002685546875 10.706508829494265 6.99
      vertex 1 10.129161072064491 6.99
      vertex 0.06335222775888308 10.903438658327818 6.99
    endloop
  endfacet
  facet normal 0 0 1
    outer loop
      vertex 0.06335222775888308 10.903438658327818 6.99
      vertex 1 10.129161072064491 6.99
      vertex 0.034088134765625 10.985004514437708 6.99
    endloop
  endfacet
  facet normal 0 0 1
    outer loop
      vertex 1 10.129161072064491 6.99
      vertex 0.021741854010512946 11.09324455025799 6.99
      vertex 0.034088134765625 10.985004514437708 6.99
    endloop
  endfacet
  facet normal 0 0 1
    outer loop
      vertex 1 10.129161072064491 6.99
      vertex 0.014428295790813509 11.15736309526858 6.99
      vertex 0.021741854010512946 11.09324455025799 6.99
    endloop
  endfacet
  facet normal 0 0 1
    outer loop
      vertex 1 10.129161072064491 6.99
      vertex 0 11.28386257185155 6.99
      vertex 0.014428295790813509 11.15736309526858 6.99
    endloop
  endfacet
  facet normal 0 0 1
    outer loop
      vertex 0.29290771484375 10.46736541889701 6.99
      vertex 0.5851249657982952 10.243145862786344 6.99
      vertex 0.8238882185267649 10.155935855452928 6.99
    endloop
  endfacet
  facet normal 0 0 1
    outer loop
      vertex 0.5851249657982952 10.243145862786344 6.99
      vertex 0.741180419921875 10.168504440500156 6.99
      vertex 0.8238882185267649 10.155935855452928 6.99
    endloop
  endfacet
  facet normal 0 0 1
    outer loop
      vertex 0.29290771484375 10.46736541889701 6.99
      vertex 0.8238882185267649 10.155935855452928 6.99
      vertex 1 10.129161072064491 6.99
    endloop
  endfacet
  facet normal 0 0 1
    outer loop
      vertex 1 10.129161072064491 6.99
      vertex 3.9000244140625 10.129161072064491 6.99
      vertex 0 11.28386257185155 6.99
    endloop
  endfacet
  facet normal 0 0 1
    outer loop
      vertex 0 11.28386257185155 6.99
      vertex 3.9000244140625 10.129161072064491 6.99
      vertex 4.017502213902557 10.147018691333793 6.99
    endloop
  endfacet
  facet normal 0 0 1
    outer loop
      vertex 0 11.28386257185155 6.99
      vertex 4.017502213902557 10.147018691333793 6.99
      vertex 4.076136195535735 10.155935855452928 6.99
    endloop
  endfacet
  facet normal 0 0 1
    outer loop
      vertex 0 11.28386257185155 6.99
      vertex 4.076136195535735 10.155935855452928 6.99
      vertex 4.244705508893037 10.20956662503399 6.99
    endloop
  endfacet
  facet normal 0 0 1
    outer loop
      vertex 0 11.28386257185155 6.99
      vertex 4.244705508893037 10.20956662503399 6.99
      vertex 4.4000244140625 10.283855858600997 6.99
    endloop
  endfacet
  facet normal 0 0 1
    outer loop
      vertex 0 11.28386257185155 6.99
      vertex 4.4000244140625 10.283855858600997 6.99
      vertex 4.60711669921875 10.46736541889701 6.99
    endloop
  endfacet
  facet normal 0 0 1
    outer loop
      vertex 0 11.28386257185155 6.99
      vertex 4.60711669921875 10.46736541889701 6.99
      vertex 4.658846469573038 10.545204379162193 6.99
    endloop
  endfacet
  facet normal 0 0 1
    outer loop
      vertex 0 11.28386257185155 6.99
      vertex 4.658846469573038 10.545204379162193 6.99
      vertex 4.76605224609375 10.706508829494265 6.99
    endloop
  endfacet
  facet normal 0 0 1
    outer loop
      vertex 0 11.28386257185155 6.99
      vertex 4.76605224609375 10.706508829494265 6.99
      vertex 4.796329575777161 10.790924479216196 6.99
    endloop
  endfacet
  facet normal 0 0 1
    outer loop
      vertex 0 11.28386257185155 6.99
      vertex 4.796329575777161 10.790924479216196 6.99
      vertex 4.865936279296875 10.985004514437708 6.99
    endloop
  endfacet
  facet normal 0 0 1
    outer loop
      vertex 0 11.28386257185155 6.99
      vertex 4.865936279296875 10.985004514437708 6.99
      vertex 4.8782825600519875 11.09324455025799 6.99
    endloop
  endfacet
  facet normal 0 0 1
    outer loop
      vertex 0 11.28386257185155 6.99
      vertex 4.8782825600519875 11.09324455025799 6.99
      vertex 4.9000244140625 11.28386257185155 6.99
    endloop
  endfacet
  facet normal 0 0 1
    outer loop
      vertex 4.076136195535735 10.155935855452928 6.99
      vertex 4.158843994140625 10.168504440500156 6.99
      vertex 4.244705508893037 10.20956662503399 6.99
    endloop
  endfacet
  facet normal 0 0 1
    outer loop
      vertex 0 11.28386257185155 6.99
      vertex 4.9000244140625 11.28386257185155 6.99
      vertex 4.9000244140625 16.820100789695505 6.99
    endloop
  endfacet
  facet normal 0 0 1
    outer loop
      vertex 0 11.28386257185155 6.99
      vertex 1.6110876271686365 18.66964862031593 6.99
      vertex 1.3686291501015238 18.868629150101523 6.99
    endloop
  endfacet
  facet normal 0 0 1
    outer loop
      vertex 0 11.28386257185155 6.99
      vertex 1.3686291501015238 18.868629150101523 6.99
      vertex 1.1696486203159275 19.111087627168637 6.99
    endloop
  endfacet
  facet normal 0 0 1
    outer loop
      vertex 0 11.28386257185155 6.99
      vertex 2.5 18.4 6.99
      vertex 2.187855484774195 18.43074355135483 6.99
    endloop
  endfacet
  facet normal 0 0 1
    outer loop
      vertex 0 11.28386257185155 6.99
      vertex 1.8877065082158562 18.52179274798194 6.99
      vertex 1.6110876271686365 18.66964862031593 6.99
    endloop
  endfacet
  facet normal 0 0 1
    outer loop
      vertex 0 11.28386257185155 6.99
      vertex 2.187855484774195 18.43074355135483 6.99
      vertex 1.8877065082158562 18.52179274798194 6.99
    endloop
  endfacet
  facet normal 0 0 1
    outer loop
      vertex 0 11.28386257185155 6.99
      vertex 4.9000244140625 16.820100789695505 6.99
      vertex 2.5 18.4 6.99
    endloop
  endfacet
  facet normal 0 0 1
    outer loop
      vertex 0 11.28386257185155 6.99
      vertex 1.1696486203159275 19.111087627168637 6.99
      vertex 1.021792747981941 19.387706508215857 6.99
    endloop
  endfacet
  facet normal 0 0 1
    outer loop
      vertex 0 11.28386257185155 6.99
      vertex 1.021792747981941 19.387706508215857 6.99
      vertex 0.9307435513548312 19.687855484774193 6.99
    endloop
  endfacet
  facet normal 0 0 1
    outer loop
      vertex 0 11.28386257185155 6.99
      vertex 0.9307435513548312 19.687855484774193 6.99
      vertex 0.8999999999999999 20 6.99
    endloop
  endfacet
  facet normal 0 0 1
    outer loop
      vertex 4.9000244140625 16.820100789695505 6.99
      vertex 2.812144515225805 18.43074355135483 6.99
      vertex 2.5 18.4 6.99
    endloop
  endfacet
  facet normal 0 0 1
    outer loop
      vertex 4.9000244140625 16.820100789695505 6.99
      vertex 3.112293491784144 18.52179274798194 6.99
      vertex 2.812144515225805 18.43074355135483 6.99
    endloop
  endfacet
  facet normal 0 0 1
    outer loop
      vertex 4.9000244140625 16.820100789695505 6.99
      vertex 3.3889123728313635 18.66964862031593 6.99
      vertex 3.112293491784144 18.52179274798194 6.99
    endloop
  endfacet
  facet normal 0 0 1
    outer loop
      vertex 4.9000244140625 16.820100789695505 6.99
      vertex 3.6313708498984765 18.868629150101523 6.99
      vertex 3.3889123728313635 18.66964862031593 6.99
    endloop
  endfacet
  facet normal 0 0 1
    outer loop
      vertex 4.9000244140625 16.820100789695505 6.99
      vertex 3.8303513796840725 19.111087627168637 6.99
      vertex 3.6313708498984765 18.868629150101523 6.99
    endloop
  endfacet
  facet normal 0 0 1
    outer loop
      vertex 4.9000244140625 16.820100789695505 6.99
      vertex 3.978207252018059 19.387706508215857 6.99
      vertex 3.8303513796840725 19.111087627168637 6.99
    endloop
  endfacet
  facet normal 0 0 1
    outer loop
      vertex 4.9000244140625 16.820100789695505 6.99
      vertex 4.069256448645168 19.687855484774193 6.99
      vertex 3.978207252018059 19.387706508215857 6.99
    endloop
  endfacet
  facet normal 0 0 1
    outer loop
      vertex 4.9000244140625 16.820100789695505 6.99
      vertex 6.466796875 28.09466552734375 6.99
      vertex 4.069256448645168 19.687855484774193 6.99
    endloop
  endfacet
  facet normal 0 0 1
    outer loop
      vertex 6.466796875 28.09466552734375 6.99
      vertex 4.1 20 6.99
      vertex 4.069256448645168 19.687855484774193 6.99
    endloop
  endfacet
  facet normal 0 0 1
    outer loop
      vertex 6.466796875 28.09466552734375 6.99
      vertex 4.069256448645168 20.312144515225807 6.99
      vertex 4.1 20 6.99
    endloop
  endfacet
  facet normal 0 0 1
    outer loop
      vertex 4.9000244140625 16.820100789695505 6.99
      vertex 9.88421630859375 25.011154149397626 6.99
      vertex 8.581756591796875 25.847747777332163 6.99
    endloop
  endfacet
  facet normal 0 0 1
    outer loop
      vertex 4.9000244140625 16.820100789695505 6.99
      vertex 11.305267333984375 24.397201512678876 6.99
      vertex 9.88421630859375 25.011154149397626 6.99
    endloop
  endfacet
  facet normal 0 0 1
    outer loop
      vertex 4.9000244140625 16.820100789695505 6.99
      vertex 11.307768100274261 24.396577083318263 6.99
      vertex 11.305267333984375 24.397201512678876 6.99
    endloop
  endfacet
  facet normal 0 0 1
    outer loop
      vertex 4.9000244140625 16.820100789695505 6.99
      vertex 12.807159423828125 24.022171020507812 6.99
      vertex 11.307768100274261 24.396577083318263 6.99
    endloop
  endfacet
  facet normal 0 0 1
    outer loop
      vertex 4.9000244140625 16.820100789695505 6.99
      vertex 12.809728434302974 24.021961005667286 6.99
      vertex 12.807159423828125 24.022171020507812 6.99
    endloop
  endfacet
  facet normal 0 0 1
    outer loop
      vertex 4.9000244140625 16.820100789695505 6.99
      vertex 14.35003662109375 23.89605710349434 6.99
      vertex 12.809728434302974 24.021961005667286 6.99
    endloop
  endfacet
  facet normal 0 0 1
    outer loop
      vertex 4.9000244140625 16.820100789695505 6.99
      vertex 21.35003662109375 23.246063208964724 6.99
      vertex 14.35003662109375 23.89605710349434 6.99
    endloop
  endfacet
  facet normal 0 0 1
    outer loop
      vertex 4.9000244140625 16.820100789695505 6.99
      vertex 21.38217367676316 23.24606318681411 6.99
      vertex 21.35003662109375 23.246063208964724 6.99
    endloop
  endfacet
  facet normal 0 0 1
    outer loop
      vertex 5.710479736328125 29.445342992185616 6.99
      vertex 2.812144515225805 21.56925644864517 6.99
      vertex 3.112293491784144 21.47820725201806 6.99
    endloop
  endfacet
  facet normal 0 0 1
    outer loop
      vertex 5.710479736328125 29.445342992185616 6.99
      vertex 3.112293491784144 21.47820725201806 6.99
      vertex 3.3889123728313635 21.33035137968407 6.99
    endloop
  endfacet
  facet normal 0 0 1
    outer loop
      vertex 4.9000244140625 32.422729466799844 6.99
      vertex 1.6110876271686365 21.33035137968407 6.99
      vertex 1.8877065082158562 21.47820725201806 6.99
    endloop
  endfacet
  facet normal 0 0 1
    outer loop
      vertex 4.9000244140625 32.422729466799844 6.99
      vertex 1.8877065082158562 21.47820725201806 6.99
      vertex 2.187855484774195 21.56925644864517 6.99
    endloop
  endfacet
  facet normal 0 0 1
    outer loop
      vertex 4.9000244140625 32.422729466799844 6.99
      vertex 2.187855484774195 21.56925644864517 6.99
      vertex 2.5 21.6 6.99
    endloop
  endfacet
  facet normal 0 0 1
    outer loop
      vertex 5.183563232421875 30.900909398440465 6.99
      vertex 2.5 21.6 6.99
      vertex 2.812144515225805 21.56925644864517 6.99
    endloop
  endfacet
  facet normal 0 0 1
    outer loop
      vertex 1.021792747981941 20.612293491784143 6.99
      vertex 0.9307435513548312 44.6878554847742 6.99
      vertex 0.9307435513548312 20.312144515225807 6.99
    endloop
  endfacet
  facet normal 0 0 1
    outer loop
      vertex 1.1696486203159275 20.888912372831363 6.99
      vertex 1.021792747981941 44.38770650821586 6.99
      vertex 1.021792747981941 20.612293491784143 6.99
    endloop
  endfacet
  facet normal 0 0 1
    outer loop
      vertex 1.3686291501015238 21.131370849898477 6.99
      vertex 1.1696486203159275 44.11108762716864 6.99
      vertex 1.1696486203159275 20.888912372831363 6.99
    endloop
  endfacet
  facet normal 0 0 1
    outer loop
      vertex 1.3686291501015238 21.131370849898477 6.99
      vertex 1.6110876271686365 21.33035137968407 6.99
      vertex 1.3686291501015238 43.868629150101526 6.99
    endloop
  endfacet
  facet normal 0 0 1
    outer loop
      vertex 5.183563232421875 30.900909398440465 6.99
      vertex 4.9000244140625 32.422729466799844 6.99
      vertex 2.5 21.6 6.99
    endloop
  endfacet
  facet normal 0 0 1
    outer loop
      vertex 6.466796875 28.09466552734375 6.99
      vertex 3.978207252018059 20.612293491784143 6.99
      vertex 4.069256448645168 20.312144515225807 6.99
    endloop
  endfacet
  facet normal 0 0 1
    outer loop
      vertex 6.466796875 28.09466552734375 6.99
      vertex 3.8303513796840725 20.888912372831363 6.99
      vertex 3.978207252018059 20.612293491784143 6.99
    endloop
  endfacet
  facet normal 0 0 1
    outer loop
      vertex 6.466796875 28.09466552734375 6.99
      vertex 3.6313708498984765 21.131370849898477 6.99
      vertex 3.8303513796840725 20.888912372831363 6.99
    endloop
  endfacet
  facet normal 0 0 1
    outer loop
      vertex 6.466796875 28.09466552734375 6.99
      vertex 3.3889123728313635 21.33035137968407 6.99
      vertex 3.6313708498984765 21.131370849898477 6.99
    endloop
  endfacet
  facet normal 0 0 1
    outer loop
      vertex 4.9000244140625 16.820100789695505 6.99
      vertex 6.468404122081375 28.092651693786713 6.99
      vertex 6.466796875 28.09466552734375 6.99
    endloop
  endfacet
  facet normal 0 0 1
    outer loop
      vertex 4.9000244140625 16.820100789695505 6.99
      vertex 7.43243408203125 26.884765599597788 6.99
      vertex 6.468404122081375 28.092651693786713 6.99
    endloop
  endfacet
  facet normal 0 0 1
    outer loop
      vertex 4.9000244140625 16.820100789695505 6.99
      vertex 8.581756591796875 25.847747777332163 6.99
      vertex 7.43243408203125 26.884765599597788 6.99
    endloop
  endfacet
  facet normal 0 0 1
    outer loop
      vertex 6.466796875 28.09466552734375 6.99
      vertex 5.711738341878731 29.443095322663698 6.99
      vertex 3.3889123728313635 21.33035137968407 6.99
    endloop
  endfacet
  facet normal 0 0 1
    outer loop
      vertex 5.710479736328125 29.445342992185616 6.99
      vertex 3.3889123728313635 21.33035137968407 6.99
      vertex 5.711738341878731 29.443095322663698 6.99
    endloop
  endfacet
  facet normal 0 0 1
    outer loop
      vertex 5.710479736328125 29.445342992185616 6.99
      vertex 5.183563232421875 30.900909398440465 6.99
      vertex 2.812144515225805 21.56925644864517 6.99
    endloop
  endfacet
  facet normal 0 0 1
    outer loop
      vertex 0 11.28386257185155 6.99
      vertex 0.8999999999999999 20 6.99
      vertex 0 59.8970947265625 6.99
    endloop
  endfacet
  facet normal 0 0 1
    outer loop
      vertex 0 59.8970947265625 6.99
      vertex 0.8999999999999999 20 6.99
      vertex 0.9307435513548312 20.312144515225807 6.99
    endloop
  endfacet
  facet normal 0 0 1
    outer loop
      vertex 4.9000244140625 32.422729466799844 6.99
      vertex 1.3686291501015238 43.868629150101526 6.99
      vertex 1.6110876271686365 21.33035137968407 6.99
    endloop
  endfacet
  facet normal 0 0 1
    outer loop
      vertex 4.9000244140625 16.820100789695505 6.99
      vertex 34.055279133242685 21.141052969156224 6.99
      vertex 21.38217367676316 23.24606318681411 6.99
    endloop
  endfacet
  facet normal 0 0 1
    outer loop
      vertex 4.9000244140625 16.820100789695505 6.99
      vertex 35.028231008096576 20.809099790863243 6.99
      vertex 34.05675015503147 21.140443663487126 6.99
    endloop
  endfacet
  facet normal 0 0 1
    outer loop
      vertex 4.9000244140625 16.820100789695505 6.99
      vertex 35.02980956466735 20.808891954189786 6.99
      vertex 35.028231008096576 20.809099790863243 6.99
    endloop
  endfacet
  facet normal 0 0 1
    outer loop
      vertex 4.9000244140625 16.820100789695505 6.99
      vertex 36.050048828125 20.696656188267433 6.99
      vertex 35.02980956466735 20.808891954189786 6.99
    endloop
  endfacet
  facet normal 0 0 1
    outer loop
      vertex 4.9000244140625 16.820100789695505 6.99
      vertex 34.05675015503147 21.140443663487126 6.99
      vertex 34.055279133242685 21.141052969156224 6.99
    endloop
  endfacet
  facet normal 0 0 1
    outer loop
      vertex 32.438802020932435 22.38891193229726 6.99
      vertex 32.437781506646424 22.390248909446484 6.99
      vertex 21.38217367676316 23.24606318681411 6.99
    endloop
  endfacet
  facet normal 0 0 1
    outer loop
      vertex 33.1778273133732 21.676612500788305 6.99
      vertex 21.38217367676316 23.24606318681411 6.99
      vertex 33.179090498488534 21.67564322810081 6.99
    endloop
  endfacet
  facet normal 0 0 1
    outer loop
      vertex 32.438802020932435 22.38891193229726 6.99
      vertex 21.38217367676316 23.24606318681411 6.99
      vertex 33.1778273133732 21.676612500788305 6.99
    endloop
  endfacet
  facet normal 0 0 1
    outer loop
      vertex 34.055279133242685 21.141052969156224 6.99
      vertex 33.179090498488534 21.67564322810081 6.99
      vertex 21.38217367676316 23.24606318681411 6.99
    endloop
  endfacet
  facet normal 0 0 1
    outer loop
      vertex 4.9000244140625 16.820100789695505 6.99
      vertex 55.950042724609375 20.696656188267433 6.99
      vertex 36.050048828125 20.696656188267433 6.99
    endloop
  endfacet
  facet normal 0 0 1
    outer loop
      vertex 14.35003662109375 23.89605710349434 6.99
      vertex 21.35003662109375 23.246063208964724 6.99
      vertex 21.35003662109375 23.89605710349434 6.99
    endloop
  endfacet
  facet normal 0 0 1
    outer loop
      vertex 14.35003662109375 26.896041844714976 6.99
      vertex 21.349273681640625 26.896041844714976 6.99
      vertex 21.350035351225316 27.544969097483627 6.99
    endloop
  endfacet
  facet normal 0 0 1
    outer loop
      vertex 14.35003662109375 26.896041844714976 6.99
      vertex 21.350035351225316 27.544969097483627 6.99
      vertex 21.35003662109375 27.546051025390625 6.99
    endloop
  endfacet
  facet normal 0 0 1
    outer loop
      vertex 32.437781506646424 22.390248909446484 6.99
      vertex 31.871327491264065 23.24606318681411 6.99
      vertex 21.38217367676316 23.24606318681411 6.99
    endloop
  endfacet
  facet normal 0 0 1
    outer loop
      vertex 21.35003662109375 27.546051025390625 6.99
      vertex 31.871331514539197 27.546051025390625 6.99
      vertex 32.437781654465944 28.401866079454777 6.99
    endloop
  endfacet
  facet normal 0 0 1
    outer loop
      vertex 21.35003662109375 27.546051025390625 6.99
      vertex 32.437781654465944 28.401866079454777 6.99
      vertex 32.43880153816544 28.40320227091653 6.99
    endloop
  endfacet
  facet normal 0 0 1
    outer loop
      vertex 21.35003662109375 27.546051025390625 6.99
      vertex 32.43880153816544 28.40320227091653 6.99
      vertex 33.17785798965359 29.115472191445313 6.99
    endloop
  endfacet
  facet normal 0 0 1
    outer loop
      vertex 21.35003662109375 27.546051025390625 6.99
      vertex 33.17785798965359 29.115472191445313 6.99
      vertex 33.17911997113132 29.116440540552382 6.99
    endloop
  endfacet
  facet normal 0 0 1
    outer loop
      vertex 21.35003662109375 27.546051025390625 6.99
      vertex 33.17911997113132 29.116440540552382 6.99
      vertex 34.05530979960036 29.65104676484399 6.99
    endloop
  endfacet
  facet normal 0 0 1
    outer loop
      vertex 32.437781506646424 22.390248909446484 6.99
      vertex 31.871331866141407 23.246063208964724 6.99
      vertex 31.871327491264065 23.24606318681411 6.99
    endloop
  endfacet
  facet normal 0 0 1
    outer loop
      vertex 0.9307435513548312 20.312144515225807 6.99
      vertex 0.9307435513548312 44.6878554847742 6.99
      vertex 0.8999999999999999 45 6.99
    endloop
  endfacet
  facet normal 0 0 1
    outer loop
      vertex 1.021792747981941 20.612293491784143 6.99
      vertex 1.021792747981941 44.38770650821586 6.99
      vertex 0.9307435513548312 44.6878554847742 6.99
    endloop
  endfacet
  facet normal 0 0 1
    outer loop
      vertex 1.1696486203159275 20.888912372831363 6.99
      vertex 1.1696486203159275 44.11108762716864 6.99
      vertex 1.021792747981941 44.38770650821586 6.99
    endloop
  endfacet
  facet normal 0 0 1
    outer loop
      vertex 1.3686291501015238 21.131370849898477 6.99
      vertex 1.3686291501015238 43.868629150101526 6.99
      vertex 1.1696486203159275 44.11108762716864 6.99
    endloop
  endfacet
  facet normal 0 0 1
    outer loop
      vertex 0 59.8970947265625 6.99
      vertex 0.9307435513548312 20.312144515225807 6.99
      vertex 0.8999999999999999 45 6.99
    endloop
  endfacet
  facet normal 0 0 1
    outer loop
      vertex 4.9000244140625 32.422729466799844 6.99
      vertex 1.6110876271686365 43.669648620315925 6.99
      vertex 1.3686291501015238 43.868629150101526 6.99
    endloop
  endfacet
  facet normal 0 0 1
    outer loop
      vertex 4.9000244140625 32.422729466799844 6.99
      vertex 1.8877065082158562 43.52179274798194 6.99
      vertex 1.6110876271686365 43.669648620315925 6.99
    endloop
  endfacet
  facet normal 0 0 1
    outer loop
      vertex 4.9000244140625 32.422729466799844 6.99
      vertex 2.187855484774195 43.43074355135483 6.99
      vertex 1.8877065082158562 43.52179274798194 6.99
    endloop
  endfacet
  facet normal 0 0 1
    outer loop
      vertex 4.9000244140625 32.422729466799844 6.99
      vertex 2.5 43.4 6.99
      vertex 2.187855484774195 43.43074355135483 6.99
    endloop
  endfacet
  facet normal 0 0 1
    outer loop
      vertex 4.9000244140625 32.422729466799844 6.99
      vertex 2.812144515225805 43.43074355135483 6.99
      vertex 2.5 43.4 6.99
    endloop
  endfacet
  facet normal 0 0 1
    outer loop
      vertex 4.9000244140625 32.422729466799844 6.99
      vertex 3.112293491784144 43.52179274798194 6.99
      vertex 2.812144515225805 43.43074355135483 6.99
    endloop
  endfacet
  facet normal 0 0 1
    outer loop
      vertex 4.9000244140625 32.422729466799844 6.99
      vertex 3.3889123728313635 43.669648620315925 6.99
      vertex 3.112293491784144 43.52179274798194 6.99
    endloop
  endfacet
  facet normal 0 0 1
    outer loop
      vertex 4.9000244140625 32.422729466799844 6.99
      vertex 3.6313708498984765 43.868629150101526 6.99
      vertex 3.3889123728313635 43.669648620315925 6.99
    endloop
  endfacet
  facet normal 0 0 1
    outer loop
      vertex 4.9000244140625 32.422729466799844 6.99
      vertex 3.8303513796840725 44.11108762716864 6.99
      vertex 3.6313708498984765 43.868629150101526 6.99
    endloop
  endfacet
  facet normal 0 0 1
    outer loop
      vertex 4.9000244140625 32.422729466799844 6.99
      vertex 3.978207252018059 44.38770650821586 6.99
      vertex 3.8303513796840725 44.11108762716864 6.99
    endloop
  endfacet
  facet normal 0 0 1
    outer loop
      vertex 4.9000244140625 32.422729466799844 6.99
      vertex 4.069256448645168 44.6878554847742 6.99
      vertex 3.978207252018059 44.38770650821586 6.99
    endloop
  endfacet
  facet normal 0 0 1
    outer loop
      vertex 4.9000244140625 32.422729466799844 6.99
      vertex 4.1 45 6.99
      vertex 4.069256448645168 44.6878554847742 6.99
    endloop
  endfacet
  facet normal 0 0 1
    outer loop
      vertex 4.9000244140625 32.422729466799844 6.99
      vertex 3.9000244140625 60.8970947265625 6.99
      vertex 4.1 45 6.99
    endloop
  endfacet
  facet normal 0 0 1
    outer loop
      vertex 7.974706727467806 32.13007004583841 6.99
      vertex 16.953476156874316 59.97240950034757 6.99
      vertex 7.850006103515625 33.39605710352344 6.99
    endloop
  endfacet
  facet normal 0 0 1
    outer loop
      vertex 8.34478759765625 30.908615086917028 6.99
      vertex 8.944465486659853 29.786705897018944 6.99
      vertex 16.953476156874316 59.97240950034757 6.99
    endloop
  endfacet
  facet normal 0 0 1
    outer loop
      vertex 8.945465087890625 29.784835815429688 6.99
      vertex 16.953476156874316 59.97240950034757 6.99
      vertex 8.944465486659853 29.786705897018944 6.99
    endloop
  endfacet
  facet normal 0 0 1
    outer loop
      vertex 9.752469247116316 28.80150514716146 6.99
      vertex 16.953476156874316 59.97240950034757 6.99
      vertex 8.945465087890625 29.784835815429688 6.99
    endloop
  endfacet
  facet normal 0 0 1
    outer loop
      vertex 9.753814697265625 28.79986569725889 6.99
      vertex 10.73883056640625 27.99150082909483 6.99
      vertex 16.953476156874316 59.97240950034757 6.99
    endloop
  endfacet
  facet normal 0 0 1
    outer loop
      vertex 9.753814697265625 28.79986569725889 6.99
      vertex 16.953476156874316 59.97240950034757 6.99
      vertex 9.752469247116316 28.80150514716146 6.99
    endloop
  endfacet
  facet normal 0 0 1
    outer loop
      vertex 8.34478759765625 30.908615086917028 6.99
      vertex 16.953476156874316 59.97240950034757 6.99
      vertex 8.3441722007934 30.910643865551684 6.99
    endloop
  endfacet
  facet normal 0 0 1
    outer loop
      vertex 8.3441722007934 30.910643865551684 6.99
      vertex 16.953476156874316 59.97240950034757 6.99
      vertex 7.97491455078125 32.127960205078125 6.99
    endloop
  endfacet
  facet normal 0 0 1
    outer loop
      vertex 7.97491455078125 32.127960205078125 6.99
      vertex 16.953476156874316 59.97240950034757 6.99
      vertex 7.974706727467806 32.13007004583841 6.99
    endloop
  endfacet
  facet normal 0 0 1
    outer loop
      vertex 11.862579345703125 27.390823364257812 6.99
      vertex 16.953476156874316 59.97240950034757 6.99
      vertex 11.860708931681778 27.39182313135922 6.99
    endloop
  endfacet
  facet normal 0 0 1
    outer loop
      vertex 10.73883056640625 27.99150082909483 6.99
      vertex 11.860708931681778 27.39182313135922 6.99
      vertex 16.953476156874316 59.97240950034757 6.99
    endloop
  endfacet
  facet normal 0 0 1
    outer loop
      vertex 11.862579345703125 27.390823364257812 6.99
      vertex 13.079909756403621 27.021566066788345 6.99
      vertex 16.953476156874316 59.97240950034757 6.99
    endloop
  endfacet
  facet normal 0 0 1
    outer loop
      vertex 13.081939697265625 27.0209502919806 6.99
      vertex 16.953476156874316 59.97240950034757 6.99
      vertex 13.079909756403621 27.021566066788345 6.99
    endloop
  endfacet
  facet normal 0 0 1
    outer loop
      vertex 13.081939697265625 27.0209502919806 6.99
      vertex 14.35003662109375 26.896041844714976 6.99
      vertex 16.953476156874316 59.97240950034757 6.99
    endloop
  endfacet
  facet normal 0 0 1
    outer loop
      vertex 0 59.8970947265625 6.99
      vertex 0.8999999999999999 45 6.99
      vertex 0.9307435513548312 45.3121445152258 6.99
    endloop
  endfacet
  facet normal 0 0 1
    outer loop
      vertex 0 59.8970947265625 6.99
      vertex 0.9307435513548312 45.3121445152258 6.99
      vertex 1.021792747981941 45.61229349178414 6.99
    endloop
  endfacet
  facet normal 0 0 1
    outer loop
      vertex 0 59.8970947265625 6.99
      vertex 1.021792747981941 45.61229349178414 6.99
      vertex 1.1696486203159275 45.88891237283136 6.99
    endloop
  endfacet
  facet normal 0 0 1
    outer loop
      vertex 0 59.8970947265625 6.99
      vertex 1.1696486203159275 45.88891237283136 6.99
      vertex 1.3686291501015238 46.131370849898474 6.99
    endloop
  endfacet
  facet normal 0 0 1
    outer loop
      vertex 0 59.8970947265625 6.99
      vertex 1.3686291501015238 46.131370849898474 6.99
      vertex 1.6110876271686365 46.330351379684075 6.99
    endloop
  endfacet
  facet normal 0 0 1
    outer loop
      vertex 0 59.8970947265625 6.99
      vertex 1.6110876271686365 46.330351379684075 6.99
      vertex 1.8877065082158562 46.47820725201806 6.99
    endloop
  endfacet
  facet normal 0 0 1
    outer loop
      vertex 0 59.8970947265625 6.99
      vertex 1.8877065082158562 46.47820725201806 6.99
      vertex 2.187855484774195 46.56925644864517 6.99
    endloop
  endfacet
  facet normal 0 0 1
    outer loop
      vertex 0 59.8970947265625 6.99
      vertex 2.187855484774195 46.56925644864517 6.99
      vertex 2.5 46.6 6.99
    endloop
  endfacet
  facet normal 0 0 1
    outer loop
      vertex 0.134002685546875 60.3970947265625 6.99
      vertex 2.5 46.6 6.99
      vertex 2.812144515225805 46.56925644864517 6.99
    endloop
  endfacet
  facet normal 0 0 1
    outer loop
      vertex 0.5 60.76312255859375 6.99
      vertex 2.812144515225805 46.56925644864517 6.99
      vertex 3.112293491784144 46.47820725201806 6.99
    endloop
  endfacet
  facet normal 0 0 1
    outer loop
      vertex 3.9000244140625 60.8970947265625 6.99
      vertex 4.069256448645168 45.3121445152258 6.99
      vertex 4.1 45 6.99
    endloop
  endfacet
  facet normal 0 0 1
    outer loop
      vertex 3.9000244140625 60.8970947265625 6.99
      vertex 3.6313708498984765 46.131370849898474 6.99
      vertex 3.8303513796840725 45.88891237283136 6.99
    endloop
  endfacet
  facet normal 0 0 1
    outer loop
      vertex 3.9000244140625 60.8970947265625 6.99
      vertex 3.112293491784144 46.47820725201806 6.99
      vertex 3.3889123728313635 46.330351379684075 6.99
    endloop
  endfacet
  facet normal 0 0 1
    outer loop
      vertex 3.9000244140625 60.8970947265625 6.99
      vertex 3.3889123728313635 46.330351379684075 6.99
      vertex 3.6313708498984765 46.131370849898474 6.99
    endloop
  endfacet
  facet normal 0 0 1
    outer loop
      vertex 3.9000244140625 60.8970947265625 6.99
      vertex 3.978207252018059 45.61229349178414 6.99
      vertex 4.069256448645168 45.3121445152258 6.99
    endloop
  endfacet
  facet normal 0 0 1
    outer loop
      vertex 3.9000244140625 60.8970947265625 6.99
      vertex 3.8303513796840725 45.88891237283136 6.99
      vertex 3.978207252018059 45.61229349178414 6.99
    endloop
  endfacet
  facet normal 0 0 1
    outer loop
      vertex 4.9000244140625 32.422729466799844 6.99
      vertex 3.9074935997151883 60.897054243171425 6.99
      vertex 3.9000244140625 60.8970947265625 6.99
    endloop
  endfacet
  facet normal 0 0 1
    outer loop
      vertex 4.9000244140625 32.422729466799844 6.99
      vertex 4.0879306284377765 60.87276457076294 6.99
      vertex 3.9074935997151883 60.897054243171425 6.99
    endloop
  endfacet
  facet normal 0 0 1
    outer loop
      vertex 4.9000244140625 32.422729466799844 6.99
      vertex 4.276558569179684 60.81426332073773 6.99
      vertex 4.158843994140625 60.86302185058594 6.99
    endloop
  endfacet
  facet normal 0 0 1
    outer loop
      vertex 4.9000244140625 32.422729466799844 6.99
      vertex 4.4000244140625 60.763114747266094 6.99
      vertex 4.276558569179684 60.81426332073773 6.99
    endloop
  endfacet
  facet normal 0 0 1
    outer loop
      vertex 4.9000244140625 32.422729466799844 6.99
      vertex 4.501116255235484 60.68554198922441 6.99
      vertex 4.4000244140625 60.763114747266094 6.99
    endloop
  endfacet
  facet normal 0 0 1
    outer loop
      vertex 4.9000244140625 32.422729466799844 6.99
      vertex 4.9000244140625 59.8970947265625 6.99
      vertex 4.501116255235484 60.68554198922441 6.99
    endloop
  endfacet
  facet normal 0 0 1
    outer loop
      vertex 7.850006103515625 33.39605710352344 6.99
      vertex 9.367245170979311 59.972529814293495 6.99
      vertex 7.850006103515625 59.972556550725926 6.99
    endloop
  endfacet
  facet normal 0 0 1
    outer loop
      vertex 4.9000244140625 32.422729466799844 6.99
      vertex 4.158843994140625 60.86302185058594 6.99
      vertex 4.0879306284377765 60.87276457076294 6.99
    endloop
  endfacet
  facet normal 0 0 1
    outer loop
      vertex 0 59.8970947265625 6.99
      vertex 2.5 46.6 6.99
      vertex 0.00008096056694027737 59.906476032256705 6.99
    endloop
  endfacet
  facet normal 0 0 1
    outer loop
      vertex 0.00008096056694027737 59.906476032256705 6.99
      vertex 2.5 46.6 6.99
      vertex 0.023089098919020917 60.076682707449116 6.99
    endloop
  endfacet
  facet normal 0 0 1
    outer loop
      vertex 0.023089098919020917 60.076682707449116 6.99
      vertex 2.5 46.6 6.99
      vertex 0.034088134765625 60.155914306640625 6.99
    endloop
  endfacet
  facet normal 0 0 1
    outer loop
      vertex 0.034088134765625 60.155914306640625 6.99
      vertex 2.5 46.6 6.99
      vertex 0.134002685546875 60.3970947265625 6.99
    endloop
  endfacet
  facet normal 0 0 1
    outer loop
      vertex 0.134002685546875 60.3970947265625 6.99
      vertex 2.812144515225805 46.56925644864517 6.99
      vertex 0.29290771484375 60.60420227050781 6.99
    endloop
  endfacet
  facet normal 0 0 1
    outer loop
      vertex 0.29290771484375 60.60420227050781 6.99
      vertex 2.812144515225805 46.56925644864517 6.99
      vertex 0.5 60.76312255859375 6.99
    endloop
  endfacet
  facet normal 0 0 1
    outer loop
      vertex 0.5 60.76312255859375 6.99
      vertex 3.112293491784144 46.47820725201806 6.99
      vertex 0.741180419921875 60.86302185058594 6.99
    endloop
  endfacet
  facet normal 0 0 1
    outer loop
      vertex 0.741180419921875 60.86302185058594 6.99
      vertex 3.112293491784144 46.47820725201806 6.99
      vertex 1 60.8970947265625 6.99
    endloop
  endfacet
  facet normal 0 0 1
    outer loop
      vertex 1 60.8970947265625 6.99
      vertex 3.112293491784144 46.47820725201806 6.99
      vertex 3.9000244140625 60.8970947265625 6.99
    endloop
  endfacet
  facet normal 0 0 1
    outer loop
      vertex 4.9000244140625 59.8970947265625 6.99
      vertex 4.875896836069867 60.081089284548746 6.99
      vertex 4.501116255235484 60.68554198922441 6.99
    endloop
  endfacet
  facet normal 0 0 1
    outer loop
      vertex 4.875896836069867 60.081089284548746 6.99
      vertex 4.866273428121223 60.15471085177244 6.99
      vertex 4.814937382785916 60.27889533879934 6.99
    endloop
  endfacet
  facet normal 0 0 1
    outer loop
      vertex 4.875896836069867 60.081089284548746 6.99
      vertex 4.814937382785916 60.27889533879934 6.99
      vertex 4.501116255235484 60.68554198922441 6.99
    endloop
  endfacet
  facet normal 0 0 1
    outer loop
      vertex 4.814937382785916 60.27889533879934 6.99
      vertex 4.76605224609375 60.39707165644578 6.99
      vertex 4.684705079915739 60.503102618007176 6.99
    endloop
  endfacet
  facet normal 0 0 1
    outer loop
      vertex 4.814937382785916 60.27889533879934 6.99
      vertex 4.684705079915739 60.503102618007176 6.99
      vertex 4.501116255235484 60.68554198922441 6.99
    endloop
  endfacet
  facet normal 0 0 1
    outer loop
      vertex 4.501116255235484 60.68554198922441 6.99
      vertex 4.684705079915739 60.503102618007176 6.99
      vertex 4.607147216796875 60.60418701171875 6.99
    endloop
  endfacet
  facet normal 0 0 1
    outer loop
      vertex 7.850006103515625 33.39605710352344 6.99
      vertex 10.884493150587142 59.97250753393314 6.99
      vertex 9.367245170979311 59.972529814293495 6.99
    endloop
  endfacet
  facet normal 0 0 1
    outer loop
      vertex 7.850006103515625 33.39605710352344 6.99
      vertex 12.40174113019497 59.97248079750071 6.99
      vertex 10.884493150587142 59.97250753393314 6.99
    endloop
  endfacet
  facet normal 0 0 1
    outer loop
      vertex 7.850006103515625 33.39605710352344 6.99
      vertex 13.9189891098028 59.97245851714035 6.99
      vertex 12.40174113019497 59.97248079750071 6.99
    endloop
  endfacet
  facet normal 0 0 1
    outer loop
      vertex 7.850006103515625 33.39605710352344 6.99
      vertex 15.436228177266486 59.97243178070793 6.99
      vertex 13.9189891098028 59.97245851714035 6.99
    endloop
  endfacet
  facet normal 0 0 1
    outer loop
      vertex 7.850006103515625 33.39605710352344 6.99
      vertex 16.953476156874316 59.97240950034757 6.99
      vertex 15.436228177266486 59.97243178070793 6.99
    endloop
  endfacet
  facet normal 0 0 1
    outer loop
      vertex 14.35003662109375 26.896041844714976 6.99
      vertex 21.35003662109375 27.546051025390625 6.99
      vertex 16.953476156874316 59.97240950034757 6.99
    endloop
  endfacet
  facet normal 0 0 1
    outer loop
      vertex 21.35003662109375 27.546051025390625 6.99
      vertex 34.05530979960036 29.65104676484399 6.99
      vertex 16.953476156874316 59.97240950034757 6.99
    endloop
  endfacet
  facet normal 0 0 1
    outer loop
      vertex 34.056779419712456 29.651655489930558 6.99
      vertex 16.953476156874316 59.97240950034757 6.99
      vertex 34.05530979960036 29.65104676484399 6.99
    endloop
  endfacet
  facet normal 0 0 1
    outer loop
      vertex 34.056779419712456 29.651655489930558 6.99
      vertex 35.02823112227006 29.98298457695162 6.99
      vertex 16.953476156874316 59.97240950034757 6.99
    endloop
  endfacet
  facet normal 0 0 1
    outer loop
      vertex 16.953476156874316 59.97240950034757 6.99
      vertex 35.02823112227006 29.98298457695162 6.99
      vertex 35.02980817469863 29.983192215585984 6.99
    endloop
  endfacet
  facet normal 0 0 1
    outer loop
      vertex 16.953476156874316 59.97240950034757 6.99
      vertex 35.02980817469863 29.983192215585984 6.99
      vertex 36.050048828125 30.095428134417766 6.99
    endloop
  endfacet
  facet normal 0 0 1
    outer loop
      vertex 4.9000244140625 16.820100789695505 6.99
      vertex 60.000030517578125 16.820100789695505 6.99
      vertex 55.950042724609375 20.696656188267433 6.99
    endloop
  endfacet
  facet normal 0 0 1
    outer loop
      vertex 16.953476156874316 59.97240950034757 6.99
      vertex 68.26514542885242 22.16561123031422 6.99
      vertex 68.38674419634276 22.42222349018697 6.99
    endloop
  endfacet
  facet normal 0 0 1
    outer loop
      vertex 16.953476156874316 59.97240950034757 6.99
      vertex 68.38674419634276 22.42222349018697 6.99
      vertex 68.59150423236368 22.993513217888903 6.99
    endloop
  endfacet
  facet normal 0 0 1
    outer loop
      vertex 16.953476156874316 59.97240950034757 6.99
      vertex 68.59150423236368 22.993513217888903 6.99
      vertex 68.68730497425261 23.260795855759905 6.99
    endloop
  endfacet
  facet normal 0 0 1
    outer loop
      vertex 55.950042724609375 20.696656188267433 6.99
      vertex 60.000030517578125 16.820100789695505 6.99
      vertex 57.073192708001805 20.8330273673341 6.99
    endloop
  endfacet
  facet normal 0 0 1
    outer loop
      vertex 60.000030517578125 16.820100789695505 6.99
      vertex 57.07477126457258 20.833235204007554 6.99
      vertex 57.073192708001805 20.8330273673341 6.99
    endloop
  endfacet
  facet normal 0 0 1
    outer loop
      vertex 60.000030517578125 16.820100789695505 6.99
      vertex 58.13267640005848 21.234455973525264 6.99
      vertex 57.07477126457258 20.833235204007554 6.99
    endloop
  endfacet
  facet normal 0 0 1
    outer loop
      vertex 60.000030517578125 16.820100789695505 6.99
      vertex 60.28381149327526 16.832093433916103 6.99
      vertex 59.06531116431902 21.877777313184435 6.99
    endloop
  endfacet
  facet normal 0 0 1
    outer loop
      vertex 60.28381149327526 16.832093433916103 6.99
      vertex 60.88974420172212 16.861998049491785 6.99
      vertex 59.06531116431902 21.877777313184435 6.99
    endloop
  endfacet
  facet normal 0 0 1
    outer loop
      vertex 60.88974420172212 16.861998049491785 6.99
      vertex 61.170859625380075 16.903600724597773 6.99
      vertex 59.06531116431902 21.877777313184435 6.99
    endloop
  endfacet
  facet normal 0 0 1
    outer loop
      vertex 61.170859625380075 16.903600724597773 6.99
      vertex 61.77100637245372 16.992685662479897 6.99
      vertex 59.06531116431902 21.877777313184435 6.99
    endloop
  endfacet
  facet normal 0 0 1
    outer loop
      vertex 59.066574349434354 21.878746585871927 6.99
      vertex 61.77100637245372 16.992685662479897 6.99
      vertex 62.046714260433646 17.06153142590021 6.99
    endloop
  endfacet
  facet normal 0 0 1
    outer loop
      vertex 60.000030517578125 16.820100789695505 6.99
      vertex 58.13414742184727 21.235065279194362 6.99
      vertex 58.13267640005848 21.234455973525264 6.99
    endloop
  endfacet
  facet normal 0 0 1
    outer loop
      vertex 60.000030517578125 16.820100789695505 6.99
      vertex 59.06531116431902 21.877777313184435 6.99
      vertex 58.13414742184727 21.235065279194362 6.99
    endloop
  endfacet
  facet normal 0 0 1
    outer loop
      vertex 59.06531116431902 21.877777313184435 6.99
      vertex 61.77100637245372 16.992685662479897 6.99
      vertex 59.066574349434354 21.878746585871927 6.99
    endloop
  endfacet
  facet normal 0 0 1
    outer loop
      vertex 59.066574349434354 21.878746585871927 6.99
      vertex 62.046714260433646 17.06153142590021 6.99
      vertex 59.8168446199052 22.72563455881728 6.99
    endloop
  endfacet
  facet normal 0 0 1
    outer loop
      vertex 59.81781368609514 22.726897503205354 6.99
      vertex 59.8168446199052 22.72563455881728 6.99
      vertex 64.02229394238212 17.768778907505258 6.99
    endloop
  endfacet
  facet normal 0 0 1
    outer loop
      vertex 59.8168446199052 22.72563455881728 6.99
      vertex 62.046714260433646 17.06153142590021 6.99
      vertex 62.6352861090924 17.208800240250937 6.99
    endloop
  endfacet
  facet normal 0 0 1
    outer loop
      vertex 59.8168446199052 22.72563455881728 6.99
      vertex 62.6352861090924 17.208800240250937 6.99
      vertex 62.90279031405237 17.30453260428359 6.99
    endloop
  endfacet
  facet normal 0 0 1
    outer loop
      vertex 59.8168446199052 22.72563455881728 6.99
      vertex 62.90279031405237 17.30453260428359 6.99
      vertex 63.474020400029644 17.50900307914454 6.99
    endloop
  endfacet
  facet normal 0 0 1
    outer loop
      vertex 59.8168446199052 22.72563455881728 6.99
      vertex 63.474020400029644 17.50900307914454 6.99
      vertex 64.02229394238212 17.768778907505258 6.99
    endloop
  endfacet
  facet normal 0 0 1
    outer loop
      vertex 59.81781368609514 22.726897503205354 6.99
      vertex 64.02229394238212 17.768778907505258 6.99
      vertex 64.27905136197695 17.890437294187677 6.99
    endloop
  endfacet
  facet normal 0 0 1
    outer loop
      vertex 59.81781368609514 22.726897503205354 6.99
      vertex 64.27905136197695 17.890437294187677 6.99
      vertex 64.79939968413925 18.20246808600486 6.99
    endloop
  endfacet
  facet normal 0 0 1
    outer loop
      vertex 64.79939968413925 18.20246808600486 6.99
      vertex 65.04309856542817 18.348595708876434 6.99
      vertex 60.3436123374347 23.728730739717932 6.99
    endloop
  endfacet
  facet normal 0 0 1
    outer loop
      vertex 59.81781368609514 22.726897503205354 6.99
      vertex 64.79939968413925 18.20246808600486 6.99
      vertex 60.3436123374347 23.728730739717932 6.99
    endloop
  endfacet
  facet normal 0 0 1
    outer loop
      vertex 66.82651534348095 19.92658383245589 6.99
      vertex 60.34422152698742 23.730201459390024 6.99
      vertex 60.3436123374347 23.728730739717932 6.99
    endloop
  endfacet
  facet normal 0 0 1
    outer loop
      vertex 65.04309856542817 18.348595708876434 6.99
      vertex 65.5306393030394 18.709787789673694 6.99
      vertex 60.3436123374347 23.728730739717932 6.99
    endloop
  endfacet
  facet normal 0 0 1
    outer loop
      vertex 65.5306393030394 18.709787789673694 6.99
      vertex 65.75891886468558 18.87890569421376 6.99
      vertex 60.3436123374347 23.728730739717932 6.99
    endloop
  endfacet
  facet normal 0 0 1
    outer loop
      vertex 65.75891886468558 18.87890569421376 6.99
      vertex 66.208705295147 19.286120393586184 6.99
      vertex 60.3436123374347 23.728730739717932 6.99
    endloop
  endfacet
  facet normal 0 0 1
    outer loop
      vertex 66.208705295147 19.286120393586184 6.99
      vertex 66.41928897297545 19.47678341471986 6.99
      vertex 60.3436123374347 23.728730739717932 6.99
    endloop
  endfacet
  facet normal 0 0 1
    outer loop
      vertex 66.41928897297545 19.47678341471986 6.99
      vertex 66.82651534348095 19.92658383245589 6.99
      vertex 60.3436123374347 23.728730739717932 6.99
    endloop
  endfacet
  facet normal 0 0 1
    outer loop
      vertex 66.82651534348095 19.92658383245589 6.99
      vertex 67.01714898993978 20.137144191170435 6.99
      vertex 60.34422152698742 23.730201459390024 6.99
    endloop
  endfacet
  facet normal 0 0 1
    outer loop
      vertex 67.01714898993978 20.137144191170435 6.99
      vertex 67.37826099810799 20.62481567783737 6.99
      vertex 60.34422152698742 23.730201459390024 6.99
    endloop
  endfacet
  facet normal 0 0 1
    outer loop
      vertex 67.37826099810799 20.62481567783737 6.99
      vertex 67.5472753603753 20.853074068500085 6.99
      vertex 60.61498329524835 24.82874412855265 6.99
    endloop
  endfacet
  facet normal 0 0 1
    outer loop
      vertex 67.5472753603753 20.853074068500085 6.99
      vertex 67.85927452455046 21.37358991313481 6.99
      vertex 60.61498329524835 24.82874412855265 6.99
    endloop
  endfacet
  facet normal 0 0 1
    outer loop
      vertex 67.85927452455046 21.37358991313481 6.99
      vertex 68.00528992883694 21.617200363668506 6.99
      vertex 60.61498329524835 24.82874412855265 6.99
    endloop
  endfacet
  facet normal 0 0 1
    outer loop
      vertex 67.37826099810799 20.62481567783737 6.99
      vertex 60.61498329524835 24.82874412855265 6.99
      vertex 60.34422152698742 23.730201459390024 6.99
    endloop
  endfacet
  facet normal 0 0 1
    outer loop
      vertex 68.26514542885242 22.16561123031422 6.99
      vertex 60.61519105270623 24.830322105244548 6.99
      vertex 60.61498329524835 24.82874412855265 6.99
    endloop
  endfacet
  facet normal 0 0 1
    outer loop
      vertex 68.26514542885242 22.16561123031422 6.99
      vertex 60.615191159871536 25.96176178913648 6.99
      vertex 60.61519105270623 24.830322105244548 6.99
    endloop
  endfacet
  facet normal 0 0 1
    outer loop
      vertex 68.26514542885242 22.16561123031422 6.99
      vertex 60.61498344202147 25.96333946499579 6.99
      vertex 60.615191159871536 25.96176178913648 6.99
    endloop
  endfacet
  facet normal 0 0 1
    outer loop
      vertex 68.26514542885242 22.16561123031422 6.99
      vertex 60.34422167297997 27.0618825861317 6.99
      vertex 60.61498344202147 25.96333946499579 6.99
    endloop
  endfacet
  facet normal 0 0 1
    outer loop
      vertex 68.26514542885242 22.16561123031422 6.99
      vertex 59.81781382362644 28.065186672901852 6.99
      vertex 60.3436127156602 27.06335274514157 6.99
    endloop
  endfacet
  facet normal 0 0 1
    outer loop
      vertex 68.26514542885242 22.16561123031422 6.99
      vertex 60.3436127156602 27.06335274514157 6.99
      vertex 60.34422167297997 27.0618825861317 6.99
    endloop
  endfacet
  facet normal 0 0 1
    outer loop
      vertex 68.26514542885242 22.16561123031422 6.99
      vertex 59.06531223172038 28.9143062294759 6.99
      vertex 59.066574453925895 28.913337695652547 6.99
    endloop
  endfacet
  facet normal 0 0 1
    outer loop
      vertex 68.26514542885242 22.16561123031422 6.99
      vertex 59.066574453925895 28.913337695652547 6.99
      vertex 59.816845311572294 28.06644889510737 6.99
    endloop
  endfacet
  facet normal 0 0 1
    outer loop
      vertex 68.26514542885242 22.16561123031422 6.99
      vertex 59.816845311572294 28.06644889510737 6.99
      vertex 59.81781382362644 28.065186672901852 6.99
    endloop
  endfacet
  facet normal 0 0 1
    outer loop
      vertex 68.00528992883694 21.617200363668506 6.99
      vertex 68.26514542885242 22.16561123031422 6.99
      vertex 60.61498329524835 24.82874412855265 6.99
    endloop
  endfacet
  facet normal 0 0 1
    outer loop
      vertex 16.953476156874316 59.97240950034757 6.99
      vertex 36.050048828125 30.095428134417766 6.99
      vertex 55.950042724609375 30.095428134417766 6.99
    endloop
  endfacet
  facet normal 0 0 1
    outer loop
      vertex 16.953476156874316 59.97240950034757 6.99
      vertex 55.950042724609375 30.095428134417766 6.99
      vertex 57.07319423817556 29.95905676955971 6.99
    endloop
  endfacet
  facet normal 0 0 1
    outer loop
      vertex 16.953476156874316 59.97240950034757 6.99
      vertex 57.07319423817556 29.95905676955971 6.99
      vertex 57.07477129060413 29.958849130925344 6.99
    endloop
  endfacet
  facet normal 0 0 1
    outer loop
      vertex 16.953476156874316 59.97240950034757 6.99
      vertex 59.06531223172038 28.9143062294759 6.99
      vertex 68.26514542885242 22.16561123031422 6.99
    endloop
  endfacet
  facet normal 0 0 1
    outer loop
      vertex 16.953476156874316 59.97240950034757 6.99
      vertex 57.07477129060413 29.958849130925344 6.99
      vertex 58.13267786737454 29.557627814786525 6.99
    endloop
  endfacet
  facet normal 0 0 1
    outer loop
      vertex 16.953476156874316 59.97240950034757 6.99
      vertex 58.13267786737454 29.557627814786525 6.99
      vertex 58.134147487486636 29.557019089699956 6.99
    endloop
  endfacet
  facet normal 0 0 1
    outer loop
      vertex 16.953476156874316 59.97240950034757 6.99
      vertex 58.134147487486636 29.557019089699956 6.99
      vertex 59.06531223172038 28.9143062294759 6.99
    endloop
  endfacet
  facet normal 0 0 1
    outer loop
      vertex 16.953476156874316 59.97240950034757 6.99
      vertex 68.68730497425261 23.260795855759905 6.99
      vertex 68.83466659540431 23.849582006932167 6.99
    endloop
  endfacet
  facet normal 0 0 1
    outer loop
      vertex 16.953476156874316 59.97240950034757 6.99
      vertex 68.83466659540431 23.849582006932167 6.99
      vertex 68.90359895812438 24.125006136972527 6.99
    endloop
  endfacet
  facet normal 0 0 1
    outer loop
      vertex 16.953476156874316 59.97240950034757 6.99
      vertex 68.90359895812438 24.125006136972527 6.99
      vertex 68.99267018286798 24.725413723965726 6.99
    endloop
  endfacet
  facet normal 0 0 1
    outer loop
      vertex 16.953476156874316 59.97240950034757 6.99
      vertex 68.99267018286798 24.725413723965726 6.99
      vertex 69.03433340337658 25.0062610550642 6.99
    endloop
  endfacet
  facet normal 0 0 1
    outer loop
      vertex 16.953476156874316 59.97240950034757 6.99
      vertex 69.03433340337658 25.0062610550642 6.99
      vertex 69.06421113478359 25.612536270030443 6.99
    endloop
  endfacet
  facet normal 0 0 1
    outer loop
      vertex 16.953476156874316 59.97240950034757 6.99
      vertex 69.06421113478359 25.612536270030443 6.99
      vertex 69.07589993165702 25.89605712890625 6.99
    endloop
  endfacet
  facet normal 0 0 1
    outer loop
      vertex 16.953476156874316 59.97240950034757 6.99
      vertex 69.07589993165702 25.89605712890625 6.99
      vertex 69.07589143897061 27.361574563282442 6.99
    endloop
  endfacet
  facet normal 0 0 1
    outer loop
      vertex 16.953476156874316 59.97240950034757 6.99
      vertex 69.07589143897061 27.361574563282442 6.99
      vertex 69.07586597231541 30.291129030184784 6.99
    endloop
  endfacet
  facet normal 0 0 1
    outer loop
      vertex 16.953476156874316 59.97240950034757 6.99
      vertex 69.07586597231541 30.291129030184784 6.99
      vertex 57.41377792624905 59.97175053461111 6.99
    endloop
  endfacet
  facet normal 0 0 1
    outer loop
      vertex 69.07586597231541 30.291129030184784 6.99
      vertex 69.07569176027852 51.511062031407604 6.99
      vertex 57.41377792624905 59.97175053461111 6.99
    endloop
  endfacet
  facet normal 0 0 1
    outer loop
      vertex 57.41377792624905 59.97175053461111 6.99
      vertex 69.07569176027852 51.511062031407604 6.99
      vertex 58.93102590585697 59.97172379817869 6.99
    endloop
  endfacet
  facet normal 0 0 1
    outer loop
      vertex 58.93102590585697 59.97172379817869 6.99
      vertex 69.07569176027852 51.511062031407604 6.99
      vertex 60.448264973320654 59.971701517818325 6.99
    endloop
  endfacet
  facet normal 0 0 1
    outer loop
      vertex 60.448264973320654 59.971701517818325 6.99
      vertex 69.07569176027852 51.511062031407604 6.99
      vertex 61.965512952928485 59.9716747813859 6.99
    endloop
  endfacet
  facet normal 0 0 1
    outer loop
      vertex 69.07569176027852 51.511062031407604 6.99
      vertex 63.482760932536316 59.971652501025545 6.99
      vertex 61.965512952928485 59.9716747813859 6.99
    endloop
  endfacet
  facet normal 0 0 1
    outer loop
      vertex 69.07569176027852 51.511062031407604 6.99
      vertex 69.07565364378345 55.89604187011719 6.99
      vertex 63.482760932536316 59.971652501025545 6.99
    endloop
  endfacet
  facet normal 0 0 1
    outer loop
      vertex 63.482760932536316 59.971652501025545 6.99
      vertex 69.07565364378345 55.89604187011719 6.99
      vertex 69.0584749440239 56.30581716998815 6.99
    endloop
  endfacet
  facet normal 0 0 1
    outer loop
      vertex 63.482760932536316 59.971652501025545 6.99
      vertex 69.0584749440239 56.30581716998815 6.99
      vertex 68.99035905150782 56.82303198043223 6.99
    endloop
  endfacet
  facet normal 0 0 1
    outer loop
      vertex 65.40960195340588 59.95448883589162 6.99
      vertex 68.47681486805406 58.06196658187396 6.99
      vertex 65.9270441376572 59.88637978019199 6.99
    endloop
  endfacet
  facet normal 0 0 1
    outer loop
      vertex 63.482760932536316 59.971652501025545 6.99
      vertex 68.99035905150782 56.82303198043223 6.99
      vertex 68.87067101317025 57.21687500263309 6.99
    endloop
  endfacet
  facet normal 0 0 1
    outer loop
      vertex 63.482760932536316 59.971652501025545 6.99
      vertex 68.87067101317025 57.21687500263309 6.99
      vertex 68.67100191230617 57.69893086417777 6.99
    endloop
  endfacet
  facet normal 0 0 1
    outer loop
      vertex 63.482760932536316 59.971652501025545 6.99
      vertex 68.67100191230617 57.69893086417777 6.99
      vertex 68.47681486805406 58.06196658187396 6.99
    endloop
  endfacet
  facet normal 0 0 1
    outer loop
      vertex 65.9270441376572 59.88637978019199 6.99
      vertex 68.47681486805406 58.06196658187396 6.99
      vertex 68.15914860392759 58.475929406668065 6.99
    endloop
  endfacet
  facet normal 0 0 1
    outer loop
      vertex 67.58001059124676 59.05525036321505 6.99
      vertex 66.32088527705407 59.76683367520276 6.99
      vertex 68.15914860392759 58.475929406668065 6.99
    endloop
  endfacet
  facet normal 0 0 1
    outer loop
      vertex 63.482760932536316 59.971652501025545 6.99
      vertex 68.47681486805406 58.06196658187396 6.99
      vertex 65 59.971625764593114 6.99
    endloop
  endfacet
  facet normal 0 0 1
    outer loop
      vertex 65 59.971625764593114 6.99
      vertex 68.47681486805406 58.06196658187396 6.99
      vertex 65.40960195340588 59.95448883589162 6.99
    endloop
  endfacet
  facet normal 0 0 1
    outer loop
      vertex 65.9270441376572 59.88637978019199 6.99
      vertex 68.15914860392759 58.475929406668065 6.99
      vertex 66.32088527705407 59.76683367520276 6.99
    endloop
  endfacet
  facet normal 0 0 1
    outer loop
      vertex 67.58001059124676 59.05525036321505 6.99
      vertex 66.80302600016908 59.5671262657232 6.99
      vertex 66.32088527705407 59.76683367520276 6.99
    endloop
  endfacet
  facet normal 0 0 1
    outer loop
      vertex 67.58001059124676 59.05525036321505 6.99
      vertex 67.16598452299168 59.37294589853346 6.99
      vertex 66.80302600016908 59.5671262657232 6.99
    endloop
  endfacet
  facet normal 0 0 1
    outer loop
      vertex 67.58001059124676 59.05525036321505 6.99
      vertex 68.15914860392759 58.475929406668065 6.99
      vertex 67.89832348960518 58.794372993330256 6.99
    endloop
  endfacet
  facet normal 0.881921264348355 0.4713967368259974 -9.015896308553102e-19
    outer loop
      vertex 1.1696486203159275 19.111087627168637 0
      vertex 1.021792747981941 19.387706508215857 0
      vertex 1.021792747981941 19.387706508215857 6.99
    endloop
  endfacet
  facet normal 0.9569403357322054 0.29028467725447366 -1.604444162132304e-16
    outer loop
      vertex 0.9554607526591012 19.60637379191262 0.005863467710896533
      vertex 0.9307435513548312 19.687855484774193 6.99
      vertex 0.9791390232672451 19.528316994565884 0.0020739325423150086
    endloop
  endfacet
  facet normal 0.9569403357322092 0.29028467725446144 1.1773141700867547e-16
    outer loop
      vertex 1 19.45954757047105 0
      vertex 0.9307435513548312 19.687855484774193 6.99
      vertex 1.021792747981941 19.387706508215857 0
    endloop
  endfacet
  facet normal 0.9569403357322234 0.2902846772544148 1.7812692223675258e-15
    outer loop
      vertex 1 19.45954757047105 0
      vertex 0.9985287792740317 19.4643975352324 0.00001037194654966763
      vertex 0.9307435513548312 19.687855484774193 6.99
    endloop
  endfacet
  facet normal 0.9569403357322089 0.2902846772544622 1.2439387875162999e-16
    outer loop
      vertex 0.9791390232672451 19.528316994565884 0.0020739325423150086
      vertex 0.9307435513548312 19.687855484774193 6.99
      vertex 0.9985287792740317 19.4643975352324 0.00001037194654966763
    endloop
  endfacet
  facet normal 0.6343932841636402 0.7730104533627414 5.428630856999011e-19
    outer loop
      vertex 1.6110876271686365 18.66964862031593 0
      vertex 1.3686291501015238 18.868629150101523 0
      vertex 1.3686291501015238 18.868629150101523 6.99
    endloop
  endfacet
  facet normal 0.4713967368260019 0.8819212643483528 6.813278581217114e-19
    outer loop
      vertex 1.8877065082158562 18.52179274798194 0
      vertex 1.6110876271686365 18.66964862031593 0
      vertex 1.6110876271686365 18.66964862031593 6.99
    endloop
  endfacet
  facet normal 0.29028467725446516 0.9569403357322079 -4.68133107139651e-19
    outer loop
      vertex 2.187855484774195 18.43074355135483 0
      vertex 1.8877065082158562 18.52179274798194 0
      vertex 1.8877065082158562 18.52179274798194 6.99
    endloop
  endfacet
  facet normal 0.773010453362739 0.634393284163643 -3.4000527033432665e-20
    outer loop
      vertex 1.3686291501015238 18.868629150101523 0
      vertex 1.1696486203159275 19.111087627168637 0
      vertex 1.1696486203159275 19.111087627168637 6.99
    endloop
  endfacet
  facet normal 0.09801714032956073 0.9951847266721968 2.9385371910518943e-19
    outer loop
      vertex 2.5 18.4 0
      vertex 2.187855484774195 18.43074355135483 0
      vertex 2.187855484774195 18.43074355135483 6.99
    endloop
  endfacet
  facet normal -0.09801714032956073 0.9951847266721968 -2.9385371910518943e-19
    outer loop
      vertex 2.812144515225805 18.43074355135483 0
      vertex 2.5 18.4 0
      vertex 2.5 18.4 6.99
    endloop
  endfacet
  facet normal -0.29028467725446516 0.9569403357322079 4.68133107139651e-19
    outer loop
      vertex 3.112293491784144 18.52179274798194 0
      vertex 2.812144515225805 18.43074355135483 0
      vertex 2.812144515225805 18.43074355135483 6.99
    endloop
  endfacet
  facet normal -0.4713967368260019 0.8819212643483528 -6.813278581217114e-19
    outer loop
      vertex 3.3889123728313635 18.66964862031593 0
      vertex 3.112293491784144 18.52179274798194 0
      vertex 3.112293491784144 18.52179274798194 6.99
    endloop
  endfacet
  facet normal -0.6343932841636397 0.7730104533627417 6.198511059891813e-19
    outer loop
      vertex 3.6313708498984765 18.868629150101523 0
      vertex 3.3889123728313635 18.66964862031593 0
      vertex 3.3889123728313635 18.66964862031593 6.99
    endloop
  endfacet
  facet normal -0.7730104533627393 0.6343932841636426 7.977837238697443e-19
    outer loop
      vertex 3.8303513796840725 19.111087627168637 0
      vertex 3.6313708498984765 18.868629150101523 0
      vertex 3.6313708498984765 18.868629150101523 6.99
    endloop
  endfacet
  facet normal -0.8819212643483549 0.47139673682599803 4.325635640831702e-19
    outer loop
      vertex 3.978207252018059 19.387706508215857 0
      vertex 3.8303513796840725 19.111087627168637 0
      vertex 3.8303513796840725 19.111087627168637 6.99
    endloop
  endfacet
  facet normal -0.956940335732209 0.290284677254462 5.50797588904877e-19
    outer loop
      vertex 4.069256448645168 19.687855484774193 0
      vertex 3.978207252018059 19.387706508215857 0
      vertex 3.978207252018059 19.387706508215857 6.99
    endloop
  endfacet
  facet normal 0.9569403357322092 0.290284677254461 1.5280753593058152e-19
    outer loop
      vertex 0.9554607526591012 19.60637379191262 0.005863467710896533
      vertex 0.9307435513548312 19.687855484774193 0.009117418336555941
      vertex 0.9307435513548312 19.687855484774193 6.99
    endloop
  endfacet
  facet normal 0.9951847266721969 0.09801714032956019 -8.720447464006236e-20
    outer loop
      vertex 0.9307435513548312 19.687855484774193 0.009117418336555941
      vertex 0.8999999999999999 20 0.01316472114137485
      vertex 0.8999999999999999 20 6.99
    endloop
  endfacet
  facet normal 0.995184726672197 -0.0980171403295602 8.715391614539142e-20
    outer loop
      vertex 0.8999999999999999 20 0.01316472114137485
      vertex 0.9307435513548312 20.312144515225807 0.009117418336555941
      vertex 0.9307435513548312 20.312144515225807 6.99
    endloop
  endfacet
  facet normal 0.9569403357322078 -0.2902846772544658 8.841939581506933e-17
    outer loop
      vertex 0.9307435513548312 20.312144515225807 0.009117418336555941
      vertex 0.9484634382460392 20.370559153818476 0.006784644640761384
      vertex 1.021792747981941 20.612293491784143 6.99
    endloop
  endfacet
  facet normal 0.9569403357322099 -0.2902846772544589 -1.7376078115917873e-16
    outer loop
      vertex 0.9484634382460392 20.370559153818476 0.006784644640761384
      vertex 0.9750854813227255 20.458320268461637 0.0024769229036041875
      vertex 1.021792747981941 20.612293491784143 6.99
    endloop
  endfacet
  facet normal 0.9569403357322083 -0.29028467725446494 -2.678873695060455e-17
    outer loop
      vertex 0.9750854813227255 20.458320268461637 0.0024769229036041875
      vertex 0.9981953841205762 20.534503408237658 0.000012722346221534345
      vertex 1.021792747981941 20.612293491784143 6.99
    endloop
  endfacet
  facet normal 0.9569403357322092 -0.29028467725446144 -1.091667483198996e-19
    outer loop
      vertex 1 20.54045242952895 0
      vertex 1.021792747981941 20.612293491784143 0
      vertex 1.021792747981941 20.612293491784143 6.99
    endloop
  endfacet
  facet normal 0.9569403357321863 -0.2902846772545368 8.462098065677338e-16
    outer loop
      vertex 1 20.54045242952895 0
      vertex 1.021792747981941 20.612293491784143 6.99
      vertex 0.9981953841205762 20.534503408237658 0.000012722346221534345
    endloop
  endfacet
  facet normal 0.881921264348355 -0.4713967368259974 9.015896308553102e-19
    outer loop
      vertex 1.021792747981941 20.612293491784143 0
      vertex 1.1696486203159275 20.888912372831363 0
      vertex 1.1696486203159275 20.888912372831363 6.99
    endloop
  endfacet
  facet normal 0.773010453362739 -0.634393284163643 3.4000527033432665e-20
    outer loop
      vertex 1.1696486203159275 20.888912372831363 0
      vertex 1.3686291501015238 21.131370849898477 0
      vertex 1.3686291501015238 21.131370849898477 6.99
    endloop
  endfacet
  facet normal 0.6343932841636402 -0.7730104533627414 -5.428630856999011e-19
    outer loop
      vertex 1.3686291501015238 21.131370849898477 0
      vertex 1.6110876271686365 21.33035137968407 0
      vertex 1.6110876271686365 21.33035137968407 6.99
    endloop
  endfacet
  facet normal 0.4713967368260019 -0.8819212643483528 -6.813278581217114e-19
    outer loop
      vertex 1.6110876271686365 21.33035137968407 0
      vertex 1.8877065082158562 21.47820725201806 0
      vertex 1.8877065082158562 21.47820725201806 6.99
    endloop
  endfacet
  facet normal 0.29028467725446516 -0.9569403357322079 4.68133107139651e-19
    outer loop
      vertex 1.8877065082158562 21.47820725201806 0
      vertex 2.187855484774195 21.56925644864517 0
      vertex 2.187855484774195 21.56925644864517 6.99
    endloop
  endfacet
  facet normal -0.9951847266721968 0.09801714032956017 8.704023678728459e-20
    outer loop
      vertex 4.1 20 0
      vertex 4.069256448645168 19.687855484774193 0
      vertex 4.069256448645168 19.687855484774193 6.99
    endloop
  endfacet
  facet normal -0.9951847266721968 -0.09801714032956017 -8.704023678728459e-20
    outer loop
      vertex 4.069256448645168 20.312144515225807 0
      vertex 4.1 20 0
      vertex 4.1 20 6.99
    endloop
  endfacet
  facet normal -0.956940335732209 -0.290284677254462 -5.50797588904877e-19
    outer loop
      vertex 3.978207252018059 20.612293491784143 0
      vertex 4.069256448645168 20.312144515225807 0
      vertex 4.069256448645168 20.312144515225807 6.99
    endloop
  endfacet
  facet normal -0.6343932841636397 -0.7730104533627417 -6.198511059891813e-19
    outer loop
      vertex 3.3889123728313635 21.33035137968407 0
      vertex 3.6313708498984765 21.131370849898477 0
      vertex 3.6313708498984765 21.131370849898477 6.99
    endloop
  endfacet
  facet normal -0.7730104533627393 -0.6343932841636426 0
    outer loop
      vertex 3.8303513796840725 20.888912372831363 6.99
      vertex 3.6313708498984765 21.131370849898477 0
      vertex 3.8303513796840725 20.888912372831363 0
    endloop
  endfacet
  facet normal -0.8819212643483549 -0.47139673682599803 0
    outer loop
      vertex 3.978207252018059 20.612293491784143 6.99
      vertex 3.8303513796840725 20.888912372831363 0
      vertex 3.978207252018059 20.612293491784143 0
    endloop
  endfacet
  facet normal 0.09801714032956073 -0.9951847266721968 0
    outer loop
      vertex 2.5 21.6 0
      vertex 2.5 21.6 6.99
      vertex 2.187855484774195 21.56925644864517 0
    endloop
  endfacet
  facet normal -0.09801714032956073 -0.9951847266721968 2.9385371910518943e-19
    outer loop
      vertex 2.5 21.6 0
      vertex 2.812144515225805 21.56925644864517 0
      vertex 2.812144515225805 21.56925644864517 6.99
    endloop
  endfacet
  facet normal -0.29028467725446516 -0.9569403357322079 -4.68133107139651e-19
    outer loop
      vertex 2.812144515225805 21.56925644864517 0
      vertex 3.112293491784144 21.47820725201806 0
      vertex 3.112293491784144 21.47820725201806 6.99
    endloop
  endfacet
  facet normal -0.4713967368260019 -0.8819212643483528 6.813278581217114e-19
    outer loop
      vertex 3.112293491784144 21.47820725201806 0
      vertex 3.3889123728313635 21.33035137968407 0
      vertex 3.3889123728313635 21.33035137968407 6.99
    endloop
  endfacet
  facet normal 0.9569403357322084 0.29028467725446394 0
    outer loop
      vertex 1.021792747981941 19.387706508215857 0
      vertex 0.9307435513548312 19.687855484774193 6.99
      vertex 1.021792747981941 19.387706508215857 6.99
    endloop
  endfacet
  facet normal 0.6343932841636402 0.7730104533627414 0
    outer loop
      vertex 1.6110876271686365 18.66964862031593 0
      vertex 1.3686291501015238 18.868629150101523 6.99
      vertex 1.6110876271686365 18.66964862031593 6.99
    endloop
  endfacet
  facet normal 0.4713967368260019 0.8819212643483528 0
    outer loop
      vertex 1.8877065082158562 18.52179274798194 0
      vertex 1.6110876271686365 18.66964862031593 6.99
      vertex 1.8877065082158562 18.52179274798194 6.99
    endloop
  endfacet
  facet normal 0.29028467725446516 0.9569403357322079 0
    outer loop
      vertex 2.187855484774195 18.43074355135483 0
      vertex 1.8877065082158562 18.52179274798194 6.99
      vertex 2.187855484774195 18.43074355135483 6.99
    endloop
  endfacet
  facet normal 0.773010453362739 0.634393284163643 0
    outer loop
      vertex 1.3686291501015238 18.868629150101523 0
      vertex 1.1696486203159275 19.111087627168637 6.99
      vertex 1.3686291501015238 18.868629150101523 6.99
    endloop
  endfacet
  facet normal 0.881921264348355 0.4713967368259974 0
    outer loop
      vertex 1.1696486203159275 19.111087627168637 0
      vertex 1.021792747981941 19.387706508215857 6.99
      vertex 1.1696486203159275 19.111087627168637 6.99
    endloop
  endfacet
  facet normal 0.09801714032956073 0.9951847266721968 0
    outer loop
      vertex 2.5 18.4 0
      vertex 2.187855484774195 18.43074355135483 6.99
      vertex 2.5 18.4 6.99
    endloop
  endfacet
  facet normal -0.09801714032956073 0.9951847266721968 -2.9385371910518943e-19
    outer loop
      vertex 2.5 18.4 6.99
      vertex 2.812144515225805 18.43074355135483 6.99
      vertex 2.812144515225805 18.43074355135483 0
    endloop
  endfacet
  facet normal -0.29028467725446516 0.9569403357322079 0
    outer loop
      vertex 3.112293491784144 18.52179274798194 0
      vertex 2.812144515225805 18.43074355135483 6.99
      vertex 3.112293491784144 18.52179274798194 6.99
    endloop
  endfacet
  facet normal -0.4713967368260019 0.8819212643483528 0
    outer loop
      vertex 3.3889123728313635 18.66964862031593 0
      vertex 3.112293491784144 18.52179274798194 6.99
      vertex 3.3889123728313635 18.66964862031593 6.99
    endloop
  endfacet
  facet normal -0.6343932841636397 0.7730104533627417 0
    outer loop
      vertex 3.6313708498984765 18.868629150101523 0
      vertex 3.3889123728313635 18.66964862031593 6.99
      vertex 3.6313708498984765 18.868629150101523 6.99
    endloop
  endfacet
  facet normal -0.7730104533627393 0.6343932841636426 7.977837238697443e-19
    outer loop
      vertex 3.6313708498984765 18.868629150101523 6.99
      vertex 3.8303513796840725 19.111087627168637 6.99
      vertex 3.8303513796840725 19.111087627168637 0
    endloop
  endfacet
  facet normal -0.8819212643483549 0.47139673682599803 0
    outer loop
      vertex 3.978207252018059 19.387706508215857 0
      vertex 3.8303513796840725 19.111087627168637 6.99
      vertex 3.978207252018059 19.387706508215857 6.99
    endloop
  endfacet
  facet normal -0.956940335732209 0.290284677254462 0
    outer loop
      vertex 4.069256448645168 19.687855484774193 0
      vertex 3.978207252018059 19.387706508215857 6.99
      vertex 4.069256448645168 19.687855484774193 6.99
    endloop
  endfacet
  facet normal 0.995184726672197 0.0980171403295602 0
    outer loop
      vertex 0.9307435513548312 19.687855484774193 0.009117418336555941
      vertex 0.8999999999999999 20 6.99
      vertex 0.9307435513548312 19.687855484774193 6.99
    endloop
  endfacet
  facet normal 0.9951847266721969 -0.09801714032956019 0
    outer loop
      vertex 0.8999999999999999 20 0.01316472114137485
      vertex 0.9307435513548312 20.312144515225807 6.99
      vertex 0.8999999999999999 20 6.99
    endloop
  endfacet
  facet normal 0.9569403357322085 -0.2902846772544639 0
    outer loop
      vertex 0.9307435513548312 20.312144515225807 0.009117418336555941
      vertex 1.021792747981941 20.612293491784143 6.99
      vertex 0.9307435513548312 20.312144515225807 6.99
    endloop
  endfacet
  facet normal 0.881921264348355 -0.4713967368259974 0
    outer loop
      vertex 1.021792747981941 20.612293491784143 0
      vertex 1.1696486203159275 20.888912372831363 6.99
      vertex 1.021792747981941 20.612293491784143 6.99
    endloop
  endfacet
  facet normal 0.773010453362739 -0.634393284163643 0
    outer loop
      vertex 1.1696486203159275 20.888912372831363 0
      vertex 1.3686291501015238 21.131370849898477 6.99
      vertex 1.1696486203159275 20.888912372831363 6.99
    endloop
  endfacet
  facet normal 0.6343932841636402 -0.7730104533627414 0
    outer loop
      vertex 1.3686291501015238 21.131370849898477 0
      vertex 1.6110876271686365 21.33035137968407 6.99
      vertex 1.3686291501015238 21.131370849898477 6.99
    endloop
  endfacet
  facet normal 0.4713967368260019 -0.8819212643483528 0
    outer loop
      vertex 1.6110876271686365 21.33035137968407 0
      vertex 1.8877065082158562 21.47820725201806 6.99
      vertex 1.6110876271686365 21.33035137968407 6.99
    endloop
  endfacet
  facet normal 0.29028467725446516 -0.9569403357322079 0
    outer loop
      vertex 1.8877065082158562 21.47820725201806 0
      vertex 2.187855484774195 21.56925644864517 6.99
      vertex 1.8877065082158562 21.47820725201806 6.99
    endloop
  endfacet
  facet normal -0.9951847266721968 0.09801714032956017 0
    outer loop
      vertex 4.1 20 0
      vertex 4.069256448645168 19.687855484774193 6.99
      vertex 4.1 20 6.99
    endloop
  endfacet
  facet normal -0.9951847266721968 -0.09801714032956017 0
    outer loop
      vertex 4.069256448645168 20.312144515225807 0
      vertex 4.1 20 6.99
      vertex 4.069256448645168 20.312144515225807 6.99
    endloop
  endfacet
  facet normal -0.7730104533627393 -0.6343932841636426 -7.977837238697443e-19
    outer loop
      vertex 3.8303513796840725 20.888912372831363 6.99
      vertex 3.6313708498984765 21.131370849898477 6.99
      vertex 3.6313708498984765 21.131370849898477 0
    endloop
  endfacet
  facet normal -0.956940335732209 -0.290284677254462 -5.50797588904877e-19
    outer loop
      vertex 4.069256448645168 20.312144515225807 6.99
      vertex 3.978207252018059 20.612293491784143 6.99
      vertex 3.978207252018059 20.612293491784143 0
    endloop
  endfacet
  facet normal -0.8819212643483549 -0.47139673682599803 -4.325635640831702e-19
    outer loop
      vertex 3.978207252018059 20.612293491784143 6.99
      vertex 3.8303513796840725 20.888912372831363 6.99
      vertex 3.8303513796840725 20.888912372831363 0
    endloop
  endfacet
  facet normal 0.09801714032956073 -0.9951847266721968 -2.9385371910518943e-19
    outer loop
      vertex 2.5 21.6 6.99
      vertex 2.187855484774195 21.56925644864517 6.99
      vertex 2.187855484774195 21.56925644864517 0
    endloop
  endfacet
  facet normal -0.09801714032956073 -0.9951847266721968 0
    outer loop
      vertex 2.5 21.6 0
      vertex 2.812144515225805 21.56925644864517 6.99
      vertex 2.5 21.6 6.99
    endloop
  endfacet
  facet normal -0.29028467725446516 -0.9569403357322079 0
    outer loop
      vertex 2.812144515225805 21.56925644864517 0
      vertex 3.112293491784144 21.47820725201806 6.99
      vertex 2.812144515225805 21.56925644864517 6.99
    endloop
  endfacet
  facet normal -0.4713967368260019 -0.8819212643483528 0
    outer loop
      vertex 3.112293491784144 21.47820725201806 0
      vertex 3.3889123728313635 21.33035137968407 6.99
      vertex 3.112293491784144 21.47820725201806 6.99
    endloop
  endfacet
  facet normal -0.6343932841636397 -0.7730104533627417 0
    outer loop
      vertex 3.3889123728313635 21.33035137968407 0
      vertex 3.6313708498984765 21.131370849898477 6.99
      vertex 3.3889123728313635 21.33035137968407 6.99
    endloop
  endfacet
  facet normal 0.881921264348355 0.4713967368259974 -9.015896308553102e-19
    outer loop
      vertex 1.1696486203159275 44.11108762716864 0
      vertex 1.021792747981941 44.38770650821586 0
      vertex 1.021792747981941 44.38770650821586 6.99
    endloop
  endfacet
  facet normal 0.956940335732207 0.2902846772544686 3.629379744775637e-19
    outer loop
      vertex 0.9907319357853529 44.49010028363882 0.0000653388475002238
      vertex 0.9307435513548312 44.6878554847742 0.006449620644090132
      vertex 0.9307435513548312 44.6878554847742 6.99
    endloop
  endfacet
  facet normal 0.9569403357322132 0.2902846772544483 5.866045693924041e-16
    outer loop
      vertex 1 44.45954757047105 0
      vertex 0.9307435513548312 44.6878554847742 6.99
      vertex 1.021792747981941 44.38770650821586 0
    endloop
  endfacet
  facet normal 0.9569403357322157 0.2902846772544397 8.891899000237137e-16
    outer loop
      vertex 1 44.45954757047105 0
      vertex 0.9907319357853529 44.49010028363882 0.0000653388475002238
      vertex 0.9307435513548312 44.6878554847742 6.99
    endloop
  endfacet
  facet normal 0.9951847266721968 0.09801714032956128 0
    outer loop
      vertex 0.8999999999999999 45 6.99
      vertex 0.9307435513548312 44.6878554847742 0.006449620644090132
      vertex 0.8999999999999999 45 0.009714979182663423
    endloop
  endfacet
  facet normal 0.6343932841636537 0.7730104533627303 -3.353371714336164e-19
    outer loop
      vertex 1.6110876271686365 43.669648620315925 0
      vertex 1.3686291501015238 43.868629150101526 0
      vertex 1.3686291501015238 43.868629150101526 6.99
    endloop
  endfacet
  facet normal 0.7730104533627344 0.6343932841636486 -4.200203769286024e-19
    outer loop
      vertex 1.3686291501015238 43.868629150101526 0
      vertex 1.1696486203159275 44.11108762716864 0
      vertex 1.1696486203159275 44.11108762716864 6.99
    endloop
  endfacet
  facet normal 0.47139673682599303 0.8819212643483574 -4.932735712584623e-19
    outer loop
      vertex 1.8877065082158562 43.52179274798194 0
      vertex 1.6110876271686365 43.669648620315925 0
      vertex 1.6110876271686365 43.669648620315925 6.99
    endloop
  endfacet
  facet normal 0.29028467725446516 0.9569403357322079 -4.68133107139651e-19
    outer loop
      vertex 2.187855484774195 43.43074355135483 0
      vertex 1.8877065082158562 43.52179274798194 0
      vertex 1.8877065082158562 43.52179274798194 6.99
    endloop
  endfacet
  facet normal 0.09801714032956073 0.9951847266721968 2.9385371910518943e-19
    outer loop
      vertex 2.5 43.4 0
      vertex 2.187855484774195 43.43074355135483 0
      vertex 2.187855484774195 43.43074355135483 6.99
    endloop
  endfacet
  facet normal -0.09801714032956073 0.9951847266721968 -2.9385371910518943e-19
    outer loop
      vertex 2.812144515225805 43.43074355135483 0
      vertex 2.5 43.4 0
      vertex 2.5 43.4 6.99
    endloop
  endfacet
  facet normal -0.29028467725446516 0.9569403357322079 4.68133107139651e-19
    outer loop
      vertex 3.112293491784144 43.52179274798194 0
      vertex 2.812144515225805 43.43074355135483 0
      vertex 2.812144515225805 43.43074355135483 6.99
    endloop
  endfacet
  facet normal -0.47139673682599303 0.8819212643483574 4.932735712584623e-19
    outer loop
      vertex 3.3889123728313635 43.669648620315925 0
      vertex 3.112293491784144 43.52179274798194 0
      vertex 3.112293491784144 43.52179274798194 6.99
    endloop
  endfacet
  facet normal -0.6343932841636534 0.7730104533627306 1.4980513631234011e-18
    outer loop
      vertex 3.6313708498984765 43.868629150101526 0
      vertex 3.3889123728313635 43.669648620315925 0
      vertex 3.3889123728313635 43.669648620315925 6.99
    endloop
  endfacet
  facet normal -0.7730104533627349 0.6343932841636483 0
    outer loop
      vertex 3.6313708498984765 43.868629150101526 0
      vertex 3.6313708498984765 43.868629150101526 6.99
      vertex 3.8303513796840725 44.11108762716864 0
    endloop
  endfacet
  facet normal -0.8819212643483549 0.47139673682599803 4.325635640831702e-19
    outer loop
      vertex 3.978207252018059 44.38770650821586 0
      vertex 3.8303513796840725 44.11108762716864 0
      vertex 3.8303513796840725 44.11108762716864 6.99
    endloop
  endfacet
  facet normal -0.9569403357322098 0.29028467725445883 -6.607649730528656e-19
    outer loop
      vertex 4.069256448645168 44.6878554847742 0
      vertex 3.978207252018059 44.38770650821586 0
      vertex 3.978207252018059 44.38770650821586 6.99
    endloop
  endfacet
  facet normal -0.9951847266721968 0.09801714032956128 1.164792798741855e-19
    outer loop
      vertex 4.1 45 0
      vertex 4.069256448645168 44.6878554847742 0
      vertex 4.069256448645168 44.6878554847742 6.99
    endloop
  endfacet
  facet normal 0.9951847266721969 -0.0980171403295613 0
    outer loop
      vertex 0.9307435513548312 45.3121445152258 6.99
      vertex 0.8999999999999999 45 0.009714979182663423
      vertex 0.9307435513548312 45.3121445152258 0.006430272316253301
    endloop
  endfacet
  facet normal 0.9569403357322067 -0.29028467725446944 4.04821985275141e-16
    outer loop
      vertex 0.9904145397586991 45.50885340188403 0.00006757645506340085
      vertex 1.021792747981941 45.61229349178414 6.99
      vertex 0.9307435513548312 45.3121445152258 0.006430272316253301
    endloop
  endfacet
  facet normal 0.9569403357322169 -0.29028467725443546 -1.4434631467132097e-16
    outer loop
      vertex 1 45.54045242952895 0
      vertex 1.021792747981941 45.61229349178414 6.99
      vertex 0.9904145397586991 45.50885340188403 0.00006757645506340085
    endloop
  endfacet
  facet normal 0.9569403357322132 -0.2902846772544483 -8.752137671683969e-20
    outer loop
      vertex 1 45.54045242952895 0
      vertex 1.021792747981941 45.61229349178414 0
      vertex 1.021792747981941 45.61229349178414 6.99
    endloop
  endfacet
  facet normal 0.881921264348355 -0.4713967368259974 9.015896308553102e-19
    outer loop
      vertex 1.021792747981941 45.61229349178414 0
      vertex 1.1696486203159275 45.88891237283136 0
      vertex 1.1696486203159275 45.88891237283136 6.99
    endloop
  endfacet
  facet normal 0.7730104533627344 -0.6343932841636486 4.200203769286024e-19
    outer loop
      vertex 1.1696486203159275 45.88891237283136 0
      vertex 1.3686291501015238 46.131370849898474 0
      vertex 1.3686291501015238 46.131370849898474 6.99
    endloop
  endfacet
  facet normal 0.6343932841636537 -0.7730104533627303 3.353371714336164e-19
    outer loop
      vertex 1.3686291501015238 46.131370849898474 0
      vertex 1.6110876271686365 46.330351379684075 0
      vertex 1.6110876271686365 46.330351379684075 6.99
    endloop
  endfacet
  facet normal 0.47139673682599303 -0.8819212643483574 4.932735712584623e-19
    outer loop
      vertex 1.6110876271686365 46.330351379684075 0
      vertex 1.8877065082158562 46.47820725201806 0
      vertex 1.8877065082158562 46.47820725201806 6.99
    endloop
  endfacet
  facet normal 0.29028467725446516 -0.9569403357322079 4.68133107139651e-19
    outer loop
      vertex 1.8877065082158562 46.47820725201806 0
      vertex 2.187855484774195 46.56925644864517 0
      vertex 2.187855484774195 46.56925644864517 6.99
    endloop
  endfacet
  facet normal 0.09801714032956073 -0.9951847266721968 0
    outer loop
      vertex 2.5 46.6 6.99
      vertex 2.187855484774195 46.56925644864517 0
      vertex 2.5 46.6 0
    endloop
  endfacet
  facet normal -0.09801714032956073 -0.9951847266721968 2.9385371910518943e-19
    outer loop
      vertex 2.5 46.6 0
      vertex 2.812144515225805 46.56925644864517 0
      vertex 2.812144515225805 46.56925644864517 6.99
    endloop
  endfacet
  facet normal -0.29028467725446516 -0.9569403357322079 -4.68133107139651e-19
    outer loop
      vertex 2.812144515225805 46.56925644864517 0
      vertex 3.112293491784144 46.47820725201806 0
      vertex 3.112293491784144 46.47820725201806 6.99
    endloop
  endfacet
  facet normal -0.9951847266721968 -0.09801714032956128 -1.164792798741855e-19
    outer loop
      vertex 4.069256448645168 45.3121445152258 0
      vertex 4.1 45 0
      vertex 4.1 45 6.99
    endloop
  endfacet
  facet normal -0.9569403357322098 -0.29028467725445883 6.607649730528656e-19
    outer loop
      vertex 3.978207252018059 45.61229349178414 0
      vertex 4.069256448645168 45.3121445152258 0
      vertex 4.069256448645168 45.3121445152258 6.99
    endloop
  endfacet
  facet normal -0.8819212643483549 -0.47139673682599803 -4.325635640831702e-19
    outer loop
      vertex 3.8303513796840725 45.88891237283136 0
      vertex 3.978207252018059 45.61229349178414 0
      vertex 3.978207252018059 45.61229349178414 6.99
    endloop
  endfacet
  facet normal -0.6343932841636534 -0.7730104533627306 -1.4980513631234011e-18
    outer loop
      vertex 3.3889123728313635 46.330351379684075 0
      vertex 3.6313708498984765 46.131370849898474 0
      vertex 3.6313708498984765 46.131370849898474 6.99
    endloop
  endfacet
  facet normal -0.7730104533627349 -0.6343932841636483 -1.1838035737652809e-18
    outer loop
      vertex 3.6313708498984765 46.131370849898474 0
      vertex 3.8303513796840725 45.88891237283136 0
      vertex 3.8303513796840725 45.88891237283136 6.99
    endloop
  endfacet
  facet normal -0.47139673682599303 -0.8819212643483574 -4.932735712584623e-19
    outer loop
      vertex 3.112293491784144 46.47820725201806 0
      vertex 3.3889123728313635 46.330351379684075 0
      vertex 3.3889123728313635 46.330351379684075 6.99
    endloop
  endfacet
  facet normal 0.9569403357322093 0.2902846772544608 0
    outer loop
      vertex 1.021792747981941 44.38770650821586 0
      vertex 0.9307435513548312 44.6878554847742 6.99
      vertex 1.021792747981941 44.38770650821586 6.99
    endloop
  endfacet
  facet normal 0.9951847266721968 0.09801714032956128 -1.16586853690837e-19
    outer loop
      vertex 0.8999999999999999 45 6.99
      vertex 0.9307435513548312 44.6878554847742 6.99
      vertex 0.9307435513548312 44.6878554847742 0.006449620644090132
    endloop
  endfacet
  facet normal 0.6343932841636537 0.7730104533627303 0
    outer loop
      vertex 1.6110876271686365 43.669648620315925 0
      vertex 1.3686291501015238 43.868629150101526 6.99
      vertex 1.6110876271686365 43.669648620315925 6.99
    endloop
  endfacet
  facet normal 0.7730104533627344 0.6343932841636486 0
    outer loop
      vertex 1.3686291501015238 43.868629150101526 0
      vertex 1.1696486203159275 44.11108762716864 6.99
      vertex 1.3686291501015238 43.868629150101526 6.99
    endloop
  endfacet
  facet normal 0.881921264348355 0.4713967368259974 0
    outer loop
      vertex 1.1696486203159275 44.11108762716864 0
      vertex 1.021792747981941 44.38770650821586 6.99
      vertex 1.1696486203159275 44.11108762716864 6.99
    endloop
  endfacet
  facet normal 0.47139673682599303 0.8819212643483574 0
    outer loop
      vertex 1.8877065082158562 43.52179274798194 0
      vertex 1.6110876271686365 43.669648620315925 6.99
      vertex 1.8877065082158562 43.52179274798194 6.99
    endloop
  endfacet
  facet normal 0.29028467725446516 0.9569403357322079 0
    outer loop
      vertex 2.187855484774195 43.43074355135483 6.99
      vertex 2.187855484774195 43.43074355135483 0
      vertex 1.8877065082158562 43.52179274798194 6.99
    endloop
  endfacet
  facet normal 0.09801714032956073 0.9951847266721968 0
    outer loop
      vertex 2.5 43.4 6.99
      vertex 2.5 43.4 0
      vertex 2.187855484774195 43.43074355135483 6.99
    endloop
  endfacet
  facet normal -0.09801714032956073 0.9951847266721968 0
    outer loop
      vertex 2.812144515225805 43.43074355135483 6.99
      vertex 2.812144515225805 43.43074355135483 0
      vertex 2.5 43.4 6.99
    endloop
  endfacet
  facet normal -0.29028467725446516 0.9569403357322079 4.68133107139651e-19
    outer loop
      vertex 2.812144515225805 43.43074355135483 6.99
      vertex 3.112293491784144 43.52179274798194 6.99
      vertex 3.112293491784144 43.52179274798194 0
    endloop
  endfacet
  facet normal -0.47139673682599303 0.8819212643483574 4.932735712584623e-19
    outer loop
      vertex 3.112293491784144 43.52179274798194 6.99
      vertex 3.3889123728313635 43.669648620315925 6.99
      vertex 3.3889123728313635 43.669648620315925 0
    endloop
  endfacet
  facet normal -0.6343932841636534 0.7730104533627306 0
    outer loop
      vertex 3.6313708498984765 43.868629150101526 0
      vertex 3.3889123728313635 43.669648620315925 6.99
      vertex 3.6313708498984765 43.868629150101526 6.99
    endloop
  endfacet
  facet normal -0.7730104533627349 0.6343932841636483 0
    outer loop
      vertex 3.8303513796840725 44.11108762716864 0
      vertex 3.6313708498984765 43.868629150101526 6.99
      vertex 3.8303513796840725 44.11108762716864 6.99
    endloop
  endfacet
  facet normal -0.8819212643483549 0.47139673682599803 0
    outer loop
      vertex 3.978207252018059 44.38770650821586 0
      vertex 3.8303513796840725 44.11108762716864 6.99
      vertex 3.978207252018059 44.38770650821586 6.99
    endloop
  endfacet
  facet normal -0.9569403357322098 0.29028467725445883 0
    outer loop
      vertex 4.069256448645168 44.6878554847742 0
      vertex 3.978207252018059 44.38770650821586 6.99
      vertex 4.069256448645168 44.6878554847742 6.99
    endloop
  endfacet
  facet normal -0.9951847266721968 0.09801714032956128 0
    outer loop
      vertex 4.1 45 0
      vertex 4.069256448645168 44.6878554847742 6.99
      vertex 4.1 45 6.99
    endloop
  endfacet
  facet normal 0.9951847266721968 -0.09801714032956128 1.166413927070877e-19
    outer loop
      vertex 0.9307435513548312 45.3121445152258 6.99
      vertex 0.8999999999999999 45 6.99
      vertex 0.8999999999999999 45 0.009714979182663423
    endloop
  endfacet
  facet normal 0.9569403357322094 -0.29028467725446083 3.342786030164502e-19
    outer loop
      vertex 1.021792747981941 45.61229349178414 6.99
      vertex 0.9307435513548312 45.3121445152258 6.99
      vertex 0.9307435513548312 45.3121445152258 0.006430272316253301
    endloop
  endfacet
  facet normal 0.881921264348355 -0.4713967368259974 0
    outer loop
      vertex 1.021792747981941 45.61229349178414 0
      vertex 1.1696486203159275 45.88891237283136 6.99
      vertex 1.021792747981941 45.61229349178414 6.99
    endloop
  endfacet
  facet normal 0.7730104533627344 -0.6343932841636486 0
    outer loop
      vertex 1.1696486203159275 45.88891237283136 0
      vertex 1.3686291501015238 46.131370849898474 6.99
      vertex 1.1696486203159275 45.88891237283136 6.99
    endloop
  endfacet
  facet normal 0.6343932841636537 -0.7730104533627303 0
    outer loop
      vertex 1.3686291501015238 46.131370849898474 0
      vertex 1.6110876271686365 46.330351379684075 6.99
      vertex 1.3686291501015238 46.131370849898474 6.99
    endloop
  endfacet
  facet normal 0.47139673682599303 -0.8819212643483574 0
    outer loop
      vertex 1.6110876271686365 46.330351379684075 0
      vertex 1.8877065082158562 46.47820725201806 6.99
      vertex 1.6110876271686365 46.330351379684075 6.99
    endloop
  endfacet
  facet normal 0.29028467725446516 -0.9569403357322079 0
    outer loop
      vertex 1.8877065082158562 46.47820725201806 0
      vertex 2.187855484774195 46.56925644864517 6.99
      vertex 1.8877065082158562 46.47820725201806 6.99
    endloop
  endfacet
  facet normal 0.09801714032956073 -0.9951847266721968 -2.9385371910518943e-19
    outer loop
      vertex 2.5 46.6 6.99
      vertex 2.187855484774195 46.56925644864517 6.99
      vertex 2.187855484774195 46.56925644864517 0
    endloop
  endfacet
  facet normal -0.09801714032956073 -0.9951847266721968 0
    outer loop
      vertex 2.5 46.6 0
      vertex 2.812144515225805 46.56925644864517 6.99
      vertex 2.5 46.6 6.99
    endloop
  endfacet
  facet normal -0.29028467725446516 -0.9569403357322079 -4.68133107139651e-19
    outer loop
      vertex 3.112293491784144 46.47820725201806 6.99
      vertex 2.812144515225805 46.56925644864517 6.99
      vertex 2.812144515225805 46.56925644864517 0
    endloop
  endfacet
  facet normal -0.47139673682599303 -0.8819212643483574 0
    outer loop
      vertex 3.112293491784144 46.47820725201806 0
      vertex 3.3889123728313635 46.330351379684075 6.99
      vertex 3.112293491784144 46.47820725201806 6.99
    endloop
  endfacet
  facet normal -0.9951847266721968 -0.09801714032956128 0
    outer loop
      vertex 4.069256448645168 45.3121445152258 0
      vertex 4.1 45 6.99
      vertex 4.069256448645168 45.3121445152258 6.99
    endloop
  endfacet
  facet normal -0.9569403357322098 -0.29028467725445883 0
    outer loop
      vertex 3.978207252018059 45.61229349178414 0
      vertex 4.069256448645168 45.3121445152258 6.99
      vertex 3.978207252018059 45.61229349178414 6.99
    endloop
  endfacet
  facet normal -0.8819212643483549 -0.47139673682599803 0
    outer loop
      vertex 3.8303513796840725 45.88891237283136 0
      vertex 3.978207252018059 45.61229349178414 6.99
      vertex 3.8303513796840725 45.88891237283136 6.99
    endloop
  endfacet
  facet normal -0.7730104533627349 -0.6343932841636483 0
    outer loop
      vertex 3.6313708498984765 46.131370849898474 0
      vertex 3.8303513796840725 45.88891237283136 6.99
      vertex 3.6313708498984765 46.131370849898474 6.99
    endloop
  endfacet
  facet normal -0.6343932841636534 -0.7730104533627306 0
    outer loop
      vertex 3.3889123728313635 46.330351379684075 0
      vertex 3.6313708498984765 46.131370849898474 6.99
      vertex 3.3889123728313635 46.330351379684075 6.99
    endloop
  endfacet
endsolid OpenSCAD_Model
