solid OpenSCAD_Model
  facet normal -0.6087554729768447 -0.7933579104779145 0.0000016898428204702956
    outer loop
      vertex 0.5 0.134002685546875 11.993760108947754
      vertex 0.42488052868745474 0.19163874052726595 10
      vertex 0.49999446552621635 0.134002685546875 10
    endloop
  endfacet
  facet normal -0.7933296788768847 -0.6087922639195158 -0.0000022022059164557267
    outer loop
      vertex 0.292877197265625 0.29290771484375 11.993754386901855
      vertex 0.23524127770098088 0.3680214751982103 10
      vertex 0.29288273173360685 0.29290771484375 10
    endloop
  endfacet
  facet normal -0.6086990132245004 -0.7934012297045326 -0.0000016896891720494729
    outer loop
      vertex 0.292877197265625 0.29290771484375 11.993754386901855
      vertex 0.29288273173360685 0.29290771484375 10
      vertex 0.42488052868745474 0.19163874052726595 10
    endloop
  endfacet
  facet normal -0.6086990132245004 -0.7934012297045325 -0.0000016896891720539662
    outer loop
      vertex 0.5 0.134002685546875 11.993760108947754
      vertex 0.292877197265625 0.29290771484375 11.993754386901855
      vertex 0.42488052868745474 0.19163874052726595 10
    endloop
  endfacet
  facet normal -0.7933579104621348 -0.6087554729997549 3.362512437110977e-18
    outer loop
      vertex 0.292877197265625 0.29290771484375 11.993754386901855
      vertex 0.13397216796875 0.5 11.993758201599121
      vertex 0.23524127770098088 0.3680214751982103 10
    endloop
  endfacet
  facet normal -0.9238807634876229 -0.3826804605032112 0.0000025645990068876126
    outer loop
      vertex 0.0340728759765625 0.741180419921875 11.993759155273438
      vertex 0.03406734150398588 0.741180419921875 10
      vertex 0.09773245258422701 0.5874778468796229 10
    endloop
  endfacet
  facet normal -0.99146066079017 -0.13040612753220054 0.0000027521939264456506
    outer loop
      vertex 0.0340728759765625 0.741180419921875 11.993759155273438
      vertex 0.027893634296099062 0.7881183050020456 10
      vertex 0.03406734150398588 0.741180419921875 10
    endloop
  endfacet
  facet normal -0.7933579104621348 -0.6087554729997547 0
    outer loop
      vertex 0.13397216796875 0.5 11.993758201599121
      vertex 0.13397216796875 0.5 10
      vertex 0.23524127770098088 0.3680214751982103 10
    endloop
  endfacet
  facet normal -0.9238600970979434 -0.3827303502339193 0
    outer loop
      vertex 0.13397216796875 0.5 11.993758201599121
      vertex 0.09773245258422701 0.5874778468796229 10
      vertex 0.13397216796875 0.5 10
    endloop
  endfacet
  facet normal -0.923880763487623 -0.38268046050321114 0.000002564599006875151
    outer loop
      vertex 0.13397216796875 0.5 11.993758201599121
      vertex 0.0340728759765625 0.741180419921875 11.993759155273438
      vertex 0.09773245258422701 0.5874778468796229 10
    endloop
  endfacet
  facet normal -0.382709683956771 -0.9238686583084091 -0.0000010623649901807304
    outer loop
      vertex 0.7411651611328125 0.034088134765625 11.993753433227539
      vertex 0.6536874551738447 0.07032779177051689 10
      vertex 0.7411706955991072 0.034088134765625 10
    endloop
  endfacet
  facet normal -0.3827510185099153 -0.9238515345165009 0.0000010624776110740205
    outer loop
      vertex 0.5 0.134002685546875 11.993760108947754
      vertex 0.49999446552621635 0.134002685546875 10
      vertex 0.6536874551738447 0.07032779177051689 10
    endloop
  endfacet
  facet normal -0.1305860625926058 -0.9914369774506238 -3.624942532669337e-7
    outer loop
      vertex 0.7411651611328125 0.034088134765625 11.993753433227539
      vertex 0.7411706955991072 0.034088134765625 10
      vertex 0.7881057354847436 0.027906136115491528 10
    endloop
  endfacet
  facet normal -0.1305709285236007 -0.9914389707009124 -7.118857159383979e-20
    outer loop
      vertex 1 0 10
      vertex 0.7411651611328125 0.034088134765625 11.993753433227539
      vertex 0.7881057354847436 0.027906136115491528 10
    endloop
  endfacet
  facet normal -0.3827510185099155 -0.9238515345165009 0.000001062477611061882
    outer loop
      vertex 0.7411651611328125 0.034088134765625 11.993753433227539
      vertex 0.5 0.134002685546875 11.993760108947754
      vertex 0.6536874551738447 0.07032779177051689 10
    endloop
  endfacet
  facet normal 0 -1 0
    outer loop
      vertex 1 0 10
      vertex 2.9999847412109375 0 10
      vertex 2.9999847412109375 0 11.000000953674316
    endloop
  endfacet
  facet normal 0.0064101247111511255 -0.9999794549395441 -9.693117082402672e-19
    outer loop
      vertex 3.0047454833984375 0.000030517578125 10.994181632995605
      vertex 2.9999847412109375 0 10
      vertex 3.003955877539627 0.00002545600210698553 10
    endloop
  endfacet
  facet normal 0.13057849439828945 -0.9914379693488712 -0.0000986613535264903
    outer loop
      vertex 3.0047454833984375 0.000030517578125 10.994181632995605
      vertex 3.003955877539627 0.00002545600210698553 10
      vertex 3.089810323190283 0.011333015927237837 10
    endloop
  endfacet
  facet normal 0.1416351831105112 -0.9899185457812478 0.0008646522951198693
    outer loop
      vertex 3.5522918701171875 0.077789306640625 10.32690143585205
      vertex 3.089810323190283 0.011333015927237837 10
      vertex 3.550164366196464 0.07719937377528345 10
    endloop
  endfacet
  facet normal 0.3826700004222231 -0.9238847293549356 -0.0008231899009758583
    outer loop
      vertex 3.5522918701171875 0.077789306640625 10.32690143585205
      vertex 3.550164366196464 0.07719937377528345 10
      vertex 3.579766830197006 0.08946061649491968 10
    endloop
  endfacet
  facet normal 0.14163518311051126 -0.9899185457812478 0.0008646522951197955
    outer loop
      vertex 3.0047454833984375 0.000030517578125 10.994181632995605
      vertex 3.089810323190283 0.011333015927237837 10
      vertex 3.5522918701171875 0.077789306640625 10.32690143585205
    endloop
  endfacet
  facet normal 0.34805023518883416 -0.9338369142858919 0.08252061137680151
    outer loop
      vertex 3.5522918701171875 0.077789306640625 10.32690143585205
      vertex 3.723297119140625 0.132415771484375 10.223821640014648
      vertex 3.3680877685546875 0.033538818359375 10.603069305419922
    endloop
  endfacet
  facet normal 0.1946061388502065 -0.977411285958437 -0.08243560397600493
    outer loop
      vertex 3.764129638671875 0.1397705078125 10.278453826904297
      vertex 3.389617919921875 0.035552978515625 10.630014419555664
      vertex 3.3680877685546875 0.033538818359375 10.603069305419922
    endloop
  endfacet
  facet normal 0.4142780783584714 -0.9101473911586832 0.002323824144644652
    outer loop
      vertex 3.5522918701171875 0.077789306640625 10.32690143585205
      vertex 3.579766830197006 0.08946061649491968 10
      vertex 3.8300933044333645 0.20340344786080025 10
    endloop
  endfacet
  facet normal 0.17277949479336596 -0.9596351360081916 -0.22191811984939153
    outer loop
      vertex 3.5522918701171875 0.077789306640625 10.32690143585205
      vertex 3.8300933044333645 0.20340344786080025 10
      vertex 3.723297119140625 0.132415771484375 10.223821640014648
    endloop
  endfacet
  facet normal 0.17277949479336585 -0.9596351360081917 -0.22191811984939142
    outer loop
      vertex 3.723297119140625 0.132415771484375 10.223821640014648
      vertex 3.8300933044333645 0.20340344786080025 10
      vertex 3.877321711805595 0.2119067842430142 10
    endloop
  endfacet
  facet normal 0.3882755546186808 -0.9196260821879715 -0.05941348874757342
    outer loop
      vertex 3.723297119140625 0.132415771484375 10.223821640014648
      vertex 3.877321711805595 0.2119067842430142 10
      vertex 3.9378817906391665 0.2374758700402673 10
    endloop
  endfacet
  facet normal 0.3390717235313344 -0.9320183231283171 -0.12795394348971884
    outer loop
      vertex 3.723297119140625 0.132415771484375 10.223821640014648
      vertex 4.052051922309299 0.28274577651854366 10
      vertex 3.764129638671875 0.1397705078125 10.278453826904297
    endloop
  endfacet
  facet normal 0.36733249068190177 -0.9264078963360641 -0.0826755761734911
    outer loop
      vertex 3.723297119140625 0.132415771484375 10.223821640014648
      vertex 3.9378817906391665 0.2374758700402673 10
      vertex 4.052051922309299 0.28274577651854366 10
    endloop
  endfacet
  facet normal 0.22836623519386348 -0.9727644483389642 -0.03972644800597643
    outer loop
      vertex 3.723297119140625 0.132415771484375 10.223821640014648
      vertex 3.764129638671875 0.1397705078125 10.278453826904297
      vertex 3.3680877685546875 0.033538818359375 10.603069305419922
    endloop
  endfacet
  facet normal 0.19352662461010758 -0.9775250659490234 -0.083619321979887
    outer loop
      vertex 3.764129638671875 0.1397705078125 10.278453826904297
      vertex 3.791412353515625 0.14215087890625 10.313769340515137
      vertex 3.389617919921875 0.035552978515625 10.630014419555664
    endloop
  endfacet
  facet normal 0.1587330605373652 -0.979198061469045 -0.1263921354661976
    outer loop
      vertex 3.791412353515625 0.14215087890625 10.313769340515137
      vertex 3.8321380615234375 0.14215087890625 10.36491584777832
      vertex 3.4037322998046875 0.036224365234375 10.64753532409668
    endloop
  endfacet
  facet normal 0.11885764594603068 -0.976786096372139 -0.17821835465026212
    outer loop
      vertex 3.8321380615234375 0.14215087890625 10.36491584777832
      vertex 3.87371826171875 0.138031005859375 10.415226936340332
      vertex 3.4244842529296875 0.03631591796875 10.673107147216797
    endloop
  endfacet
  facet normal 0.3051658083789144 -0.936521784267591 -0.17262901548897075
    outer loop
      vertex 3.764129638671875 0.1397705078125 10.278453826904297
      vertex 4.1570892333984375 0.317474365234375 10.00905704498291
      vertex 3.791412353515625 0.14215087890625 10.313769340515137
    endloop
  endfacet
  facet normal 0.27024373325145257 -0.9384372806086299 -0.21518316616826147
    outer loop
      vertex 3.791412353515625 0.14215087890625 10.313769340515137
      vertex 4.216766357421875 0.3167724609375 10.086418151855469
      vertex 3.8321380615234375 0.14215087890625 10.36491584777832
    endloop
  endfacet
  facet normal 0.22616370200193558 -0.9377155952611593 -0.26370332250616246
    outer loop
      vertex 3.8321380615234375 0.14215087890625 10.36491584777832
      vertex 4.2793121337890625 0.307373046875 10.160910606384277
      vertex 3.87371826171875 0.138031005859375 10.415226936340332
    endloop
  endfacet
  facet normal 0.3390717235313363 -0.9320183231283166 -0.12795394348971753
    outer loop
      vertex 3.764129638671875 0.1397705078125 10.278453826904297
      vertex 4.052051922309299 0.28274577651854366 10
      vertex 4.06892003206868 0.2888824574258798 10
    endloop
  endfacet
  facet normal 0.3189723712777962 -0.9355233282049714 -0.15183125088634786
    outer loop
      vertex 3.764129638671875 0.1397705078125 10.278453826904297
      vertex 4.06892003206868 0.2888824574258798 10
      vertex 4.1570892333984375 0.317474365234375 10.00905704498291
    endloop
  endfacet
  facet normal 0.006410124711150923 -0.9999794549395441 0
    outer loop
      vertex 2.9999847412109375 0 10
      vertex 3.0047454833984375 0.000030517578125 10.994181632995605
      vertex 2.9999847412109375 0 11.000000953674316
    endloop
  endfacet
  facet normal 0.0032388603902565568 -0.9999914165573831 -0.0025839107822545385
    outer loop
      vertex 2.9999847412109375 0 11.000000953674316
      vertex 3.0055389404296875 0.000030517578125 10.995152473449707
      vertex 3.0058135986328125 0.000030517578125 10.99549674987793
    endloop
  endfacet
  facet normal 0.0032023682326682403 -0.9999914109463229 -0.002631134980354446
    outer loop
      vertex 2.9999847412109375 0 11.000000953674316
      vertex 3.0058135986328125 0.000030517578125 10.99549674987793
      vertex 3.006103515625 0.000030517578125 10.995849609375
    endloop
  endfacet
  facet normal 0.0032359716460310267 -0.9999914318617903 -0.0025816061885233677
    outer loop
      vertex 2.9999847412109375 0 11.000000953674316
      vertex 3.006103515625 0.000030517578125 10.995849609375
      vertex 3.006378173828125 0.000030517578125 10.996193885803223
    endloop
  endfacet
  facet normal 0.003193661885886223 -0.9999913819247186 -0.0026526590527579555
    outer loop
      vertex 2.9999847412109375 0 11.000000953674316
      vertex 3.006378173828125 0.000030517578125 10.996193885803223
      vertex 3.0066680908203125 0.000030517578125 10.996542930603027
    endloop
  endfacet
  facet normal 0.003257715382511309 -0.9999913679238426 -0.002579024677821453
    outer loop
      vertex 3.0047454833984375 0.000030517578125 10.994181632995605
      vertex 3.005035400390625 0.000030517578125 10.994547843933105
      vertex 2.9999847412109375 0 11.000000953674316
    endloop
  endfacet
  facet normal 0.0031971501318047166 -0.999991388639127 -0.0026459173504590756
    outer loop
      vertex 2.9999847412109375 0 11.000000953674316
      vertex 3.0066680908203125 0.000030517578125 10.996542930603027
      vertex 3.00689697265625 0.000030517578125 10.996819496154785
    endloop
  endfacet
  facet normal 0.0031987790262830583 -0.9999914258765994 -0.002629826235046941
    outer loop
      vertex 2.9999847412109375 0 11.000000953674316
      vertex 3.005340576171875 0.000030517578125 10.994911193847656
      vertex 3.0055389404296875 0.000030517578125 10.995152473449707
    endloop
  endfacet
  facet normal 0.0031687541352836916 -0.9999914378816334 -0.002661420796038796
    outer loop
      vertex 2.9999847412109375 0 11.000000953674316
      vertex 3.005035400390625 0.000030517578125 10.994547843933105
      vertex 3.005340576171875 0.000030517578125 10.994911193847656
    endloop
  endfacet
  facet normal -0.259395692565278 -0.9115404277165939 -0.31907353904206576
    outer loop
      vertex 3.0047454833984375 0.000030517578125 10.994181632995605
      vertex 3.5522918701171875 0.077789306640625 10.32690143585205
      vertex 3.3680877685546875 0.033538818359375 10.603069305419922
    endloop
  endfacet
  facet normal 0.09247870474669942 -0.995714518151074 0.0005362010325469767
    outer loop
      vertex 3.005035400390625 0.000030517578125 10.994547843933105
      vertex 3.3680877685546875 0.033538818359375 10.603069305419922
      vertex 3.389617919921875 0.035552978515625 10.630014419555664
    endloop
  endfacet
  facet normal 0.07278277414976482 -0.9971387042019976 -0.020422349752793008
    outer loop
      vertex 3.005340576171875 0.000030517578125 10.994911193847656
      vertex 3.389617919921875 0.035552978515625 10.630014419555664
      vertex 3.4037322998046875 0.036224365234375 10.64753532409668
    endloop
  endfacet
  facet normal 0.054903645390619954 -0.9976502145541147 -0.040983400578156755
    outer loop
      vertex 3.0055389404296875 0.000030517578125 10.995152473449707
      vertex 3.4037322998046875 0.036224365234375 10.64753532409668
      vertex 3.4244842529296875 0.03631591796875 10.673107147216797
    endloop
  endfacet
  facet normal 0.033812436652137415 -0.9970907605064748 -0.06831350115654138
    outer loop
      vertex 3.0058135986328125 0.000030517578125 10.99549674987793
      vertex 3.4244842529296875 0.03631591796875 10.673107147216797
      vertex 3.445343017578125 0.0352783203125 10.698575973510742
    endloop
  endfacet
  facet normal 0.014803583921441413 -0.9952582331067236 -0.0961348185433529
    outer loop
      vertex 3.006103515625 0.000030517578125 10.995849609375
      vertex 3.445343017578125 0.0352783203125 10.698575973510742
      vertex 3.4662628173828125 0.03314208984375 10.723913192749023
    endloop
  endfacet
  facet normal 0.17694752148567108 -0.9785985315169002 -0.10504517482038071
    outer loop
      vertex 3.791412353515625 0.14215087890625 10.313769340515137
      vertex 3.4037322998046875 0.036224365234375 10.64753532409668
      vertex 3.389617919921875 0.035552978515625 10.630014419555664
    endloop
  endfacet
  facet normal 0.1592009462894767 -0.9792126889932637 -0.12568837820226972
    outer loop
      vertex 3.8321380615234375 0.14215087890625 10.36491584777832
      vertex 3.4244842529296875 0.03631591796875 10.673107147216797
      vertex 3.4037322998046875 0.036224365234375 10.64753532409668
    endloop
  endfacet
  facet normal 0.18600809932980147 -0.9370425723276519 0.29555406380101085
    outer loop
      vertex 3.00689697265625 0.000030517578125 10.996819496154785
      vertex 3.5036773681640625 0.02667236328125 10.768635749816895
      vertex 3.82318115234375 0.057586669921875 10.665567398071289
    endloop
  endfacet
  facet normal 0.04969135653449762 -0.9979895855694768 -0.039338990589810614
    outer loop
      vertex 3.0047454833984375 0.000030517578125 10.994181632995605
      vertex 3.3680877685546875 0.033538818359375 10.603069305419922
      vertex 3.005035400390625 0.000030517578125 10.994547843933105
    endloop
  endfacet
  facet normal 0.0513101777806985 -0.9977525107111189 -0.04309516244048168
    outer loop
      vertex 3.005035400390625 0.000030517578125 10.994547843933105
      vertex 3.389617919921875 0.035552978515625 10.630014419555664
      vertex 3.005340576171875 0.000030517578125 10.994911193847656
    endloop
  endfacet
  facet normal 0.052792695804605806 -0.9976618353512657 -0.04340269062196841
    outer loop
      vertex 3.0055389404296875 0.000030517578125 10.995152473449707
      vertex 3.005340576171875 0.000030517578125 10.994911193847656
      vertex 3.4037322998046875 0.036224365234375 10.64753532409668
    endloop
  endfacet
  facet normal 0.053560950114164556 -0.9976499216299379 -0.042730065465039865
    outer loop
      vertex 3.0055389404296875 0.000030517578125 10.995152473449707
      vertex 3.4244842529296875 0.03631591796875 10.673107147216797
      vertex 3.0058135986328125 0.000030517578125 10.99549674987793
    endloop
  endfacet
  facet normal 0.0388085797268046 -0.9987303759511665 -0.032117445291148634
    outer loop
      vertex 3.0066680908203125 0.000030517578125 10.996542930603027
      vertex 3.5036773681640625 0.02667236328125 10.768635749816895
      vertex 3.00689697265625 0.000030517578125 10.996819496154785
    endloop
  endfacet
  facet normal 0.05145614451895963 -0.9977799756458433 -0.042277480902064124
    outer loop
      vertex 3.0058135986328125 0.000030517578125 10.99549674987793
      vertex 3.445343017578125 0.0352783203125 10.698575973510742
      vertex 3.006103515625 0.000030517578125 10.995849609375
    endloop
  endfacet
  facet normal 0.04880621681575005 -0.9980490356633888 -0.0389368156314017
    outer loop
      vertex 3.006103515625 0.000030517578125 10.995849609375
      vertex 3.4662628173828125 0.03314208984375 10.723913192749023
      vertex 3.006378173828125 0.000030517578125 10.996193885803223
    endloop
  endfacet
  facet normal 0.04351968327958144 -0.998398415295429 -0.036147496494515735
    outer loop
      vertex 3.006378173828125 0.000030517578125 10.996193885803223
      vertex 3.48724365234375 0.029937744140625 10.749089241027832
      vertex 3.0066680908203125 0.000030517578125 10.996542930603027
    endloop
  endfacet
  facet normal 0.33707177010852873 -0.5986943294326577 0.7266001112724135
    outer loop
      vertex 2.9999847412109375 0 11.000000953674316
      vertex 3.00689697265625 0.000030517578125 10.996819496154785
      vertex 3.82318115234375 0.057586669921875 10.665567398071289
    endloop
  endfacet
  facet normal -0.002230140075689191 -0.9922259369802047 -0.12442956424820355
    outer loop
      vertex 3.006378173828125 0.000030517578125 10.996193885803223
      vertex 3.4662628173828125 0.03314208984375 10.723913192749023
      vertex 3.48724365234375 0.029937744140625 10.749089241027832
    endloop
  endfacet
  facet normal -0.016407335328811733 -0.9883492352139857 -0.15131618749934636
    outer loop
      vertex 3.0066680908203125 0.000030517578125 10.996542930603027
      vertex 3.48724365234375 0.029937744140625 10.749089241027832
      vertex 3.5036773681640625 0.02667236328125 10.768635749816895
    endloop
  endfacet
  facet normal 0.1352443334702242 -0.9792907951546456 -0.15066024289631536
    outer loop
      vertex 3.87371826171875 0.138031005859375 10.415226936340332
      vertex 3.445343017578125 0.0352783203125 10.698575973510742
      vertex 3.4244842529296875 0.03631591796875 10.673107147216797
    endloop
  endfacet
  facet normal 0.11031960799028714 -0.9786185674625875 -0.17359517133360186
    outer loop
      vertex 3.445343017578125 0.0352783203125 10.698575973510742
      vertex 3.915924072265625 0.129852294921875 10.464482307434082
      vertex 3.4662628173828125 0.03314208984375 10.723913192749023
    endloop
  endfacet
  facet normal 0.08409994291880897 -0.9772958388719626 -0.19447375896146035
    outer loop
      vertex 3.4662628173828125 0.03314208984375 10.723913192749023
      vertex 3.9586029052734375 0.117584228515625 10.51247501373291
      vertex 3.48724365234375 0.029937744140625 10.749089241027832
    endloop
  endfacet
  facet normal 0.08049236915855706 -0.9698529973616017 -0.23001335182106175
    outer loop
      vertex 3.87371826171875 0.138031005859375 10.415226936340332
      vertex 3.915924072265625 0.129852294921875 10.464482307434082
      vertex 3.445343017578125 0.0352783203125 10.698575973510742
    endloop
  endfacet
  facet normal 0.04280346452129918 -0.9581660961609552 -0.2829939850821021
    outer loop
      vertex 3.4662628173828125 0.03314208984375 10.723913192749023
      vertex 3.915924072265625 0.129852294921875 10.464482307434082
      vertex 3.9586029052734375 0.117584228515625 10.51247501373291
    endloop
  endfacet
  facet normal -0.05866644962541217 -0.8914773254559091 -0.4492509609186475
    outer loop
      vertex 3.5036773681640625 0.02667236328125 10.768635749816895
      vertex 3.9921722412109375 0.105224609375 10.548968315124512
      vertex 3.82318115234375 0.057586669921875 10.665567398071289
    endloop
  endfacet
  facet normal 0.06062011503608 -0.9749850155983545 -0.21384438503661674
    outer loop
      vertex 3.5036773681640625 0.02667236328125 10.768635749816895
      vertex 3.48724365234375 0.029937744140625 10.749089241027832
      vertex 3.9921722412109375 0.105224609375 10.548968315124512
    endloop
  endfacet
  facet normal 0.010290655601662577 -0.9441882541576847 -0.3292455665881492
    outer loop
      vertex 3.48724365234375 0.029937744140625 10.749089241027832
      vertex 3.9586029052734375 0.117584228515625 10.51247501373291
      vertex 3.9921722412109375 0.105224609375 10.548968315124512
    endloop
  endfacet
  facet normal -0.9914455395896884 -0.13052104055558159 -1.3111668400457566e-18
    outer loop
      vertex 0.0340728759765625 0.741180419921875 17.490642547607422
      vertex 0 1 10
      vertex 0.027893634296099062 0.7881183050020456 10
    endloop
  endfacet
  facet normal -0.6086990132547537 -0.7934012296831214 0
    outer loop
      vertex 0.5 0.134002685546875 11.993760108947754
      vertex 0.5 0.134002685546875 17.49064064025879
      vertex 0.292877197265625 0.29290771484375 11.993754386901855
    endloop
  endfacet
  facet normal -0.7933579104621349 -0.6087554729997549 0
    outer loop
      vertex 0.292877197265625 0.29290771484375 11.993754386901855
      vertex 0.292877197265625 0.29290771484375 17.490636825561523
      vertex 0.13397216796875 0.5 11.993758201599121
    endloop
  endfacet
  facet normal -0.9914455395896884 -0.1305210405555814 0
    outer loop
      vertex 0.0340728759765625 0.741180419921875 11.993759155273438
      vertex 0.0340728759765625 0.741180419921875 17.490642547607422
      vertex 0.027893634296099062 0.7881183050020456 10
    endloop
  endfacet
  facet normal -0.9238807634947935 -0.3826804604858994 -0.0000025646030113887818
    outer loop
      vertex 0.13397216796875 0.5 11.993758201599121
      vertex 0.1339569091796875 0.5 17.490633010864258
      vertex 0.0340728759765625 0.741180419921875 11.993759155273438
    endloop
  endfacet
  facet normal -0.7933296788719867 -0.6087922639258984 -0.0000022022059164463357
    outer loop
      vertex 0.13397216796875 0.5 11.993758201599121
      vertex 0.292877197265625 0.29290771484375 17.490636825561523
      vertex 0.1339569091796875 0.5 17.490633010864258
    endloop
  endfacet
  facet normal -0.6086990132547537 -0.7934012296831214 0
    outer loop
      vertex 0.292877197265625 0.29290771484375 11.993754386901855
      vertex 0.5 0.134002685546875 17.49064064025879
      vertex 0.292877197265625 0.29290771484375 17.490636825561523
    endloop
  endfacet
  facet normal -0.9239014281208126 -0.3826305674097709 0
    outer loop
      vertex 0.0340728759765625 0.741180419921875 11.993759155273438
      vertex 0.1339569091796875 0.5 17.490633010864258
      vertex 0.0340728759765625 0.741180419921875 17.490642547607422
    endloop
  endfacet
  facet normal -0.9914455395896883 -0.13052104055558153 0
    outer loop
      vertex 0.0340728759765625 0.741180419921875 17.490642547607422
      vertex 0 1 20.97884750366211
      vertex 0 1 10
    endloop
  endfacet
  facet normal -1 0 0
    outer loop
      vertex 0 3.9000244140625 20.97884750366211
      vertex 0 3.9000244140625 10
      vertex 0 1 10
    endloop
  endfacet
  facet normal -0.38275101850991544 -0.9238515345165009 0.0000010624778875689458
    outer loop
      vertex 0.7411651611328125 0.034088134765625 11.993753433227539
      vertex 0.741180419921875 0.034088134765625 17.490636825561523
      vertex 0.5 0.134002685546875 11.993760108947754
    endloop
  endfacet
  facet normal 0 -1 0
    outer loop
      vertex 1 0 10
      vertex 2.9999847412109375 0 11.000000953674316
      vertex 1 0 21.556198120117188
    endloop
  endfacet
  facet normal -0.1305709285236007 -0.9914389707009125 0
    outer loop
      vertex 1 0 10
      vertex 1 0 21.556198120117188
      vertex 0.7411651611328125 0.034088134765625 11.993753433227539
    endloop
  endfacet
  facet normal -0.3827303502339196 -0.9238600970979434 0
    outer loop
      vertex 0.5 0.134002685546875 11.993760108947754
      vertex 0.741180419921875 0.034088134765625 17.490636825561523
      vertex 0.5 0.134002685546875 17.49064064025879
    endloop
  endfacet
  facet normal -0.9914455395896883 0.13052104055558164 -1.3559731284482629e-17
    outer loop
      vertex 0.0340728759765625 4.158843994140625 11.993759155273438
      vertex 0.027893634296099062 4.111906109060454 10
      vertex 0 3.9000244140625 10
    endloop
  endfacet
  facet normal -0.9914606607901701 0.13040612753220027 0.000002752193926445651
    outer loop
      vertex 0.0340728759765625 4.158843994140625 11.993759155273438
      vertex 0.03406734150398588 4.158843994140625 10
      vertex 0.027893634296099062 4.111906109060454 10
    endloop
  endfacet
  facet normal -0.923860097098491 0.3827303502240053 0.000002564541639093913
    outer loop
      vertex 0.0340728759765625 4.158843994140625 11.993759155273438
      vertex 0.07030707422209094 4.2463218828635245 10
      vertex 0.03406734150398588 4.158843994140625 10
    endloop
  endfacet
  facet normal -0.9238807634942465 0.382680460495814 0
    outer loop
      vertex 0.13397216796875 4.4000244140625 11.993758201599121
      vertex 0.13397216796875 4.4000244140625 10
      vertex 0.07030707422209094 4.2463218828635245 10
    endloop
  endfacet
  facet normal -0.9238807634942465 0.3826804604958137 1.900834932376869e-17
    outer loop
      vertex 0.0340728759765625 4.158843994140625 11.993759155273438
      vertex 0.13397216796875 4.4000244140625 11.993758201599121
      vertex 0.07030707422209094 4.2463218828635245 10
    endloop
  endfacet
  facet normal -0.7933296788935014 0.6087922639018452 0
    outer loop
      vertex 0.13397216796875 4.4000244140625 11.993758201599121
      vertex 0.19161372228479454 4.475138305102092 10
      vertex 0.13397216796875 4.4000244140625 10
    endloop
  endfacet
  facet normal -0.7933579104798035 0.6087554729727445 -0.0000022022842846356074
    outer loop
      vertex 0.292877197265625 4.60711669921875 11.993754386901855
      vertex 0.29288273173360685 4.60711669921875 10
      vertex 0.19161372228479454 4.475138305102092 10
    endloop
  endfacet
  facet normal -0.6088290508975913 0.7933014476101011 -0.0000016900501439640095
    outer loop
      vertex 0.292877197265625 4.60711669921875 11.993754386901855
      vertex 0.36799647253609136 4.664763672711506 10
      vertex 0.29288273173360685 4.60711669921875 10
    endloop
  endfacet
  facet normal -0.6087725923718523 0.7933447742148423 0.0000016898903421567996
    outer loop
      vertex 0.5 4.76605224609375 11.993760108947754
      vertex 0.49999446552621635 4.76605224609375 10
      vertex 0.36799647253609136 4.664763672711506 10
    endloop
  endfacet
  facet normal -0.7933579104798031 0.6087554729727452 -0.0000022022842847106355
    outer loop
      vertex 0.13397216796875 4.4000244140625 11.993758201599121
      vertex 0.292877197265625 4.60711669921875 11.993754386901855
      vertex 0.19161372228479454 4.475138305102092 10
    endloop
  endfacet
  facet normal -0.6087725923718514 0.7933447742148427 0.0000016898903420699198
    outer loop
      vertex 0.292877197265625 4.60711669921875 11.993754386901855
      vertex 0.5 4.76605224609375 11.993760108947754
      vertex 0.36799647253609136 4.664763672711506 10
    endloop
  endfacet
  facet normal -0.38260990470433254 0.9239099852372057 0.000001062085893608111
    outer loop
      vertex 0.5 4.76605224609375 11.993760108947754
      vertex 0.5874779609199212 4.802280939765887 10
      vertex 0.49999446552621635 4.76605224609375 10
    endloop
  endfacet
  facet normal -0.382651232196467 0.9238928695998239 -0.0000010622027339752253
    outer loop
      vertex 0.5 4.76605224609375 11.993760108947754
      vertex 0.7411651611328125 4.865936279296875 11.993753433227539
      vertex 0.5874779609199212 4.802280939765887 10
    endloop
  endfacet
  facet normal -0.3826512321964694 0.923892869599823 -0.0000010622027337593176
    outer loop
      vertex 0.7411651611328125 4.865936279296875 11.993753433227539
      vertex 0.7411706955991072 4.865936279296875 10
      vertex 0.5874779609199212 4.802280939765887 10
    endloop
  endfacet
  facet normal -0.13058606259261493 0.9914369774506224 -3.624942532669591e-7
    outer loop
      vertex 0.7411651611328125 4.865936279296875 11.993753433227539
      vertex 0.7881057354847436 4.872118277947009 10
      vertex 0.7411706955991072 4.865936279296875 10
    endloop
  endfacet
  facet normal -0.13055579795787867 0.9914409632547216 3.6240961325167583e-7
    outer loop
      vertex 0.7411651611328125 4.865936279296875 11.993753433227539
      vertex 0.8587455648514517 4.8814203338760915 10
      vertex 0.7881057354847436 4.872118277947009 10
    endloop
  endfacet
  facet normal 0 1 0
    outer loop
      vertex 3.0045166015625 4.9000244140625 10.9944486618042
      vertex 3.0037647891303005 4.9000244140625 10
      vertex 1 4.9000244140625 10
    endloop
  endfacet
  facet normal 0.13052103983080066 0.9914455347747083 -0.00009867511936751709
    outer loop
      vertex 3.0045166015625 4.9000244140625 10.9944486618042
      vertex 3.0896384690592873 4.888719383573886 10
      vertex 3.0037647891303005 4.9000244140625 10
    endloop
  endfacet
  facet normal 0.41423599060412747 0.9101665431115245 0.0023254867522210596
    outer loop
      vertex 3.552215576171875 4.822265625 10.327013969421387
      vertex 3.830103223961701 4.696628620134642 10
      vertex 3.5797040972282432 4.810590544019744 10
    endloop
  endfacet
  facet normal 0.2417528975797362 0.9566982772702091 -0.16212323331347606
    outer loop
      vertex 3.552215576171875 4.822265625 10.327013969421387
      vertex 3.9310424307243603 4.671121784495822 10
      vertex 3.830103223961701 4.696628620134642 10
    endloop
  endfacet
  facet normal 0.18851937938062927 0.9562766950547137 -0.22359634633235126
    outer loop
      vertex 3.6824188232421875 4.782623291015625 10.26724910736084
      vertex 3.9310424307243603 4.671121784495822 10
      vertex 3.552215576171875 4.822265625 10.327013969421387
    endloop
  endfacet
  facet normal 0.34027332723397424 0.9368667593341637 -0.0805899375097335
    outer loop
      vertex 4.016815185546875 4.645263671875 10.046555519104004
      vertex 3.984597289046019 4.652960587569422 10
      vertex 3.944303525401357 4.667595425325746 10
    endloop
  endfacet
  facet normal 0.34027332723397524 0.9368667593341632 -0.0805899375097353
    outer loop
      vertex 4.016815185546875 4.645263671875 10.046555519104004
      vertex 3.944303525401357 4.667595425325746 10
      vertex 3.7212066650390625 4.776031494140625 10.318603515625
    endloop
  endfacet
  facet normal 0.2929797581768345 0.9458740502327417 -0.13958919154057817
    outer loop
      vertex 4.016815185546875 4.645263671875 10.046555519104004
      vertex 3.7469024658203125 4.773895263671875 10.351667404174805
      vertex 4.0523223876953125 4.641387939453125 10.094818115234375
    endloop
  endfacet
  facet normal 0.3047018570890388 0.9462265058158794 -0.1086838441442079
    outer loop
      vertex 3.6824188232421875 4.782623291015625 10.26724910736084
      vertex 3.944303525401357 4.667595425325746 10
      vertex 3.936999804211054 4.669947354168013 10
    endloop
  endfacet
  facet normal 0.18851937938058153 0.9562766950547128 -0.2235963463323948
    outer loop
      vertex 3.6824188232421875 4.782623291015625 10.26724910736084
      vertex 3.936999804211054 4.669947354168013 10
      vertex 3.9310424307243603 4.671121784495822 10
    endloop
  endfacet
  facet normal 0.30470185708899233 0.9462265058158887 -0.10868384414425662
    outer loop
      vertex 3.6824188232421875 4.782623291015625 10.26724910736084
      vertex 3.7212066650390625 4.776031494140625 10.318603515625
      vertex 3.944303525401357 4.667595425325746 10
    endloop
  endfacet
  facet normal 0.22401535206208134 0.9735814307994933 -0.044230302315416706
    outer loop
      vertex 3.6824188232421875 4.782623291015625 10.26724910736084
      vertex 3.41229248046875 4.86029052734375 10.608710289001465
      vertex 3.7212066650390625 4.776031494140625 10.318603515625
    endloop
  endfacet
  facet normal 0.18958474743827344 0.9782531854809058 -0.08413280356214627
    outer loop
      vertex 3.7469024658203125 4.773895263671875 10.351667404174805
      vertex 3.7212066650390625 4.776031494140625 10.318603515625
      vertex 3.427154541015625 4.85955810546875 10.627191543579102
    endloop
  endfacet
  facet normal 0.15550070537748623 0.9799965432624202 -0.1242026804091263
    outer loop
      vertex 3.7469024658203125 4.773895263671875 10.351667404174805
      vertex 3.4493255615234375 4.8594970703125 10.65452766418457
      vertex 3.7856903076171875 4.773895263671875 10.400229454040527
    endloop
  endfacet
  facet normal 0.24557137794607167 0.9490713082421743 -0.1973786974451788
    outer loop
      vertex 4.0523223876953125 4.641387939453125 10.094818115234375
      vertex 3.7856903076171875 4.773895263671875 10.400229454040527
      vertex 4.107086181640625 4.641815185546875 10.165007591247559
    endloop
  endfacet
  facet normal 0.27743784101171765 0.9482645119392008 -0.15434590947435567
    outer loop
      vertex 4.016815185546875 4.645263671875 10.046555519104004
      vertex 3.7212066650390625 4.776031494140625 10.318603515625
      vertex 3.7469024658203125 4.773895263671875 10.351667404174805
    endloop
  endfacet
  facet normal 0.24629614753767512 0.9490195338268039 -0.19672349153889993
    outer loop
      vertex 4.0523223876953125 4.641387939453125 10.094818115234375
      vertex 3.7469024658203125 4.773895263671875 10.351667404174805
      vertex 3.7856903076171875 4.773895263671875 10.400229454040527
    endloop
  endfacet
  facet normal 0.20887481450584053 0.9464797212036317 -0.24606391286705692
    outer loop
      vertex 4.107086181640625 4.641815185546875 10.165007591247559
      vertex 3.7856903076171875 4.773895263671875 10.400229454040527
      vertex 3.8251953125 4.777618408203125 10.448084831237793
    endloop
  endfacet
  facet normal 0.1692875660240346 0.9408244495416598 -0.2935831656180084
    outer loop
      vertex 4.1639556884765625 4.649566650390625 10.233064651489258
      vertex 3.8251953125 4.777618408203125 10.448084831237793
      vertex 3.8652496337890625 4.785064697265625 10.495043754577637
    endloop
  endfacet
  facet normal 0.1279874731855035 0.9321983727149462 -0.33856373198438755
    outer loop
      vertex 4.222503662109375 4.66461181640625 10.298442840576172
      vertex 3.8652496337890625 4.785064697265625 10.495043754577637
      vertex 3.9056854248046875 4.796173095703125 10.540915489196777
    endloop
  endfacet
  facet normal 0.14159943728303437 0.9899236575811206 0.0008669038843166779
    outer loop
      vertex 3.552215576171875 4.822265625 10.327013969421387
      vertex 3.5500920683513755 4.82285574847901 10
      vertex 3.0896384690592873 4.888719383573886 10
    endloop
  endfacet
  facet normal 0.3826700021344712 0.9238847335281525 -0.0008176918849136343
    outer loop
      vertex 3.552215576171875 4.822265625 10.327013969421387
      vertex 3.5797040972282432 4.810590544019744 10
      vertex 3.5500920683513755 4.82285574847901 10
    endloop
  endfacet
  facet normal 0.14159943728303487 0.9899236575811203 0.0008669038843159609
    outer loop
      vertex 3.0045166015625 4.9000244140625 10.9944486618042
      vertex 3.552215576171875 4.822265625 10.327013969421387
      vertex 3.0896384690592873 4.888719383573886 10
    endloop
  endfacet
  facet normal 0.31157294919077994 0.9489396683622098 0.049353856396222355
    outer loop
      vertex 3.6824188232421875 4.782623291015625 10.26724910736084
      vertex 3.552215576171875 4.822265625 10.327013969421387
      vertex 3.3895263671875 4.862518310546875 10.58012866973877
    endloop
  endfacet
  facet normal 0.18838629050892694 0.979324068993583 -0.07372227233433747
    outer loop
      vertex 3.6824188232421875 4.782623291015625 10.26724910736084
      vertex 3.3895263671875 4.862518310546875 10.58012866973877
      vertex 3.41229248046875 4.86029052734375 10.608710289001465
    endloop
  endfacet
  facet normal 0 1 0
    outer loop
      vertex 2.9999847412109375 4.9000244140625 11.000000953674316
      vertex 3.0045166015625 4.9000244140625 10.9944486618042
      vertex 1 4.9000244140625 10
    endloop
  endfacet
  facet normal 0.0033796471752717033 0.9999905407845071 -0.0027379420154099872
    outer loop
      vertex 2.9999847412109375 4.9000244140625 11.000000953674316
      vertex 3.0052642822265625 4.899993896484375 10.99537181854248
      vertex 3.0050811767578125 4.899993896484375 10.995145797729492
    endloop
  endfacet
  facet normal 0.0034062891855634403 0.9999905265673577 -0.002709975926636107
    outer loop
      vertex 2.9999847412109375 4.9000244140625 11.000000953674316
      vertex 3.0050811767578125 4.899993896484375 10.995145797729492
      vertex 3.0048065185546875 4.899993896484375 10.994800567626953
    endloop
  endfacet
  facet normal 0 1 0
    outer loop
      vertex 2.9999847412109375 4.9000244140625 11.000000953674316
      vertex 3.0067901611328125 4.9000244140625 10.99722671508789
      vertex 3.0065765380859375 4.9000244140625 10.99697494506836
    endloop
  endfacet
  facet normal 0.052753822708354395 0.9976788090372234 0.04305842760393337
    outer loop
      vertex 2.9999847412109375 4.9000244140625 11.000000953674316
      vertex 3.0048065185546875 4.899993896484375 10.994800567626953
      vertex 3.0045166015625 4.9000244140625 10.9944486618042
    endloop
  endfacet
  facet normal 0.003313341581822092 0.9999905527685239 -0.0028135638013237875
    outer loop
      vertex 2.9999847412109375 4.9000244140625 11.000000953674316
      vertex 3.00555419921875 4.899993896484375 10.995713233947754
      vertex 3.0052642822265625 4.899993896484375 10.99537181854248
    endloop
  endfacet
  facet normal 0.0034172224621137615 0.9999905737223307 -0.0026786297109364357
    outer loop
      vertex 2.9999847412109375 4.9000244140625 11.000000953674316
      vertex 3.0058135986328125 4.899993896484375 10.996044158935547
      vertex 3.00555419921875 4.899993896484375 10.995713233947754
    endloop
  endfacet
  facet normal 0.0033074679018012354 0.9999904965984049 -0.0028403114184959765
    outer loop
      vertex 2.9999847412109375 4.9000244140625 11.000000953674316
      vertex 3.006103515625 4.899993896484375 10.996381759643555
      vertex 3.0058135986328125 4.899993896484375 10.996044158935547
    endloop
  endfacet
  facet normal -0.032575242322432175 0.9974510790487171 -0.06348384433999572
    outer loop
      vertex 2.9999847412109375 4.9000244140625 11.000000953674316
      vertex 3.006378173828125 4.9000244140625 10.996720314025879
      vertex 3.006103515625 4.899993896484375 10.996381759643555
    endloop
  endfacet
  facet normal 0 1 0
    outer loop
      vertex 2.9999847412109375 4.9000244140625 11.000000953674316
      vertex 3.0065765380859375 4.9000244140625 10.99697494506836
      vertex 3.006378173828125 4.9000244140625 10.996720314025879
    endloop
  endfacet
  facet normal 0.1161620489688924 0.9782243583098003 -0.17199849763509084
    outer loop
      vertex 3.7856903076171875 4.773895263671875 10.400229454040527
      vertex 3.4716033935546875 4.860687255859375 10.681726455688477
      vertex 3.8251953125 4.777618408203125 10.448084831237793
    endloop
  endfacet
  facet normal 0.07754018208830049 0.9723400478072518 -0.22032328880965968
    outer loop
      vertex 3.8251953125 4.777618408203125 10.448084831237793
      vertex 3.493988037109375 4.86309814453125 10.708763122558594
      vertex 3.8652496337890625 4.785064697265625 10.495043754577637
    endloop
  endfacet
  facet normal -0.2224854778817517 0.9305005495140194 -0.29097927672917945
    outer loop
      vertex 3.0045166015625 4.9000244140625 10.9944486618042
      vertex 3.3895263671875 4.862518310546875 10.58012866973877
      vertex 3.552215576171875 4.822265625 10.327013969421387
    endloop
  endfacet
  facet normal 0.0971909786742115 0.9952657373975248 0.00016008407240043575
    outer loop
      vertex 3.0050811767578125 4.899993896484375 10.995145797729492
      vertex 3.41229248046875 4.86029052734375 10.608710289001465
      vertex 3.3895263671875 4.862518310546875 10.58012866973877
    endloop
  endfacet
  facet normal 0.07639998095976985 0.9968359790212231 -0.0219333954997035
    outer loop
      vertex 3.0052642822265625 4.899993896484375 10.99537181854248
      vertex 3.427154541015625 4.85955810546875 10.627191543579102
      vertex 3.41229248046875 4.86029052734375 10.608710289001465
    endloop
  endfacet
  facet normal 0.05711533188209942 0.9973932681884374 -0.04409656944009863
    outer loop
      vertex 3.00555419921875 4.899993896484375 10.995713233947754
      vertex 3.4493255615234375 4.8594970703125 10.65452766418457
      vertex 3.427154541015625 4.85955810546875 10.627191543579102
    endloop
  endfacet
  facet normal 0.035215760184280895 0.9967493546057337 -0.07246084686019486
    outer loop
      vertex 3.0058135986328125 4.899993896484375 10.996044158935547
      vertex 3.4716033935546875 4.860687255859375 10.681726455688477
      vertex 3.4493255615234375 4.8594970703125 10.65452766418457
    endloop
  endfacet
  facet normal -0.0027571097122721638 0.9912744777273115 -0.1317850831941162
    outer loop
      vertex 3.006378173828125 4.9000244140625 10.996720314025879
      vertex 3.5164337158203125 4.866729736328125 10.735610008239746
      vertex 3.493988037109375 4.86309814453125 10.708763122558594
    endloop
  endfacet
  facet normal 0.015411674614666197 0.99472022004654 -0.1014601602410264
    outer loop
      vertex 3.006103515625 4.899993896484375 10.996381759643555
      vertex 3.493988037109375 4.86309814453125 10.708763122558594
      vertex 3.4716033935546875 4.860687255859375 10.681726455688477
    endloop
  endfacet
  facet normal 0.17303505557231857 0.9797932488615357 -0.10031978383370417
    outer loop
      vertex 3.7212066650390625 4.776031494140625 10.318603515625
      vertex 3.41229248046875 4.86029052734375 10.608710289001465
      vertex 3.427154541015625 4.85955810546875 10.627191543579102
    endloop
  endfacet
  facet normal 0.15565133726018762 0.9799915552166449 -0.124053266434935
    outer loop
      vertex 3.7469024658203125 4.773895263671875 10.351667404174805
      vertex 3.427154541015625 4.85955810546875 10.627191543579102
      vertex 3.4493255615234375 4.8594970703125 10.65452766418457
    endloop
  endfacet
  facet normal 0.1745470229027443 0.9486196038944174 0.2639207909638562
    outer loop
      vertex 3.0067901611328125 4.9000244140625 10.99722671508789
      vertex 3.828338623046875 4.841705322265625 10.663504600524902
      vertex 3.533447265625 4.87030029296875 10.755754470825195
    endloop
  endfacet
  facet normal 0.10059026079494067 0.9949220951613768 0.003409397733068003
    outer loop
      vertex 3.0048065185546875 4.899993896484375 10.994800567626953
      vertex 3.3895263671875 4.862518310546875 10.58012866973877
      vertex 3.0045166015625 4.9000244140625 10.9944486618042
    endloop
  endfacet
  facet normal 0.052323589989469094 0.9977621882111926 -0.041627607505433976
    outer loop
      vertex 3.0050811767578125 4.899993896484375 10.995145797729492
      vertex 3.3895263671875 4.862518310546875 10.58012866973877
      vertex 3.0048065185546875 4.899993896484375 10.994800567626953
    endloop
  endfacet
  facet normal 0.05498448249229975 0.9974931097136452 -0.044544390879837775
    outer loop
      vertex 3.0052642822265625 4.899993896484375 10.99537181854248
      vertex 3.41229248046875 4.86029052734375 10.608710289001465
      vertex 3.0050811767578125 4.899993896484375 10.995145797729492
    endloop
  endfacet
  facet normal 0.05490651188505088 0.9974023404368498 -0.04662452405881415
    outer loop
      vertex 3.0052642822265625 4.899993896484375 10.99537181854248
      vertex 3.00555419921875 4.899993896484375 10.995713233947754
      vertex 3.427154541015625 4.85955810546875 10.627191543579102
    endloop
  endfacet
  facet normal 0.056792010113315916 0.9973930504961008 -0.04451707997355023
    outer loop
      vertex 3.00555419921875 4.899993896484375 10.995713233947754
      vertex 3.0058135986328125 4.899993896484375 10.996044158935547
      vertex 3.4493255615234375 4.8594970703125 10.65452766418457
    endloop
  endfacet
  facet normal 0.05329465092648584 0.9975294719677438 -0.04576715785777315
    outer loop
      vertex 3.0058135986328125 4.899993896484375 10.996044158935547
      vertex 3.006103515625 4.899993896484375 10.996381759643555
      vertex 3.4716033935546875 4.860687255859375 10.681726455688477
    endloop
  endfacet
  facet normal 0.015128755062920033 0.9946760762321608 -0.10193441097901441
    outer loop
      vertex 3.006103515625 4.899993896484375 10.996381759643555
      vertex 3.006378173828125 4.9000244140625 10.996720314025879
      vertex 3.493988037109375 4.86309814453125 10.708763122558594
    endloop
  endfacet
  facet normal 0.046584580460609606 0.9982549115960391 -0.03629060949740374
    outer loop
      vertex 3.0065765380859375 4.9000244140625 10.99697494506836
      vertex 3.5164337158203125 4.866729736328125 10.735610008239746
      vertex 3.006378173828125 4.9000244140625 10.996720314025879
    endloop
  endfacet
  facet normal 0.04057454405023962 0.9985832443542411 -0.03442688586080938
    outer loop
      vertex 3.0067901611328125 4.9000244140625 10.99722671508789
      vertex 3.533447265625 4.87030029296875 10.755754470825195
      vertex 3.0065765380859375 4.9000244140625 10.99697494506836
    endloop
  endfacet
  facet normal -0.01760408572680087 0.9869492716077793 -0.16006633449478758
    outer loop
      vertex 3.0065765380859375 4.9000244140625 10.99697494506836
      vertex 3.533447265625 4.87030029296875 10.755754470825195
      vertex 3.5164337158203125 4.866729736328125 10.735610008239746
    endloop
  endfacet
  facet normal 0.13389091037288425 0.9791897047299686 -0.1525147411575588
    outer loop
      vertex 3.7856903076171875 4.773895263671875 10.400229454040527
      vertex 3.4493255615234375 4.8594970703125 10.65452766418457
      vertex 3.4716033935546875 4.860687255859375 10.681726455688477
    endloop
  endfacet
  facet normal 0.1112082244321589 0.9775000971663032 -0.17923808428599816
    outer loop
      vertex 3.8251953125 4.777618408203125 10.448084831237793
      vertex 3.4716033935546875 4.860687255859375 10.681726455688477
      vertex 3.493988037109375 4.86309814453125 10.708763122558594
    endloop
  endfacet
  facet normal 0.08708648788145654 0.9749448798058102 -0.20469104760322854
    outer loop
      vertex 3.8652496337890625 4.785064697265625 10.495043754577637
      vertex 3.493988037109375 4.86309814453125 10.708763122558594
      vertex 3.5164337158203125 4.866729736328125 10.735610008239746
    endloop
  endfacet
  facet normal 0.040169321355637354 0.9624480196568964 -0.2684776249156456
    outer loop
      vertex 3.8652496337890625 4.785064697265625 10.495043754577637
      vertex 3.5164337158203125 4.866729736328125 10.735610008239746
      vertex 3.9056854248046875 4.796173095703125 10.540915489196777
    endloop
  endfacet
  facet normal 0.06328979451502723 0.9721249323733755 -0.22575986748823573
    outer loop
      vertex 3.9056854248046875 4.796173095703125 10.540915489196777
      vertex 3.5164337158203125 4.866729736328125 10.735610008239746
      vertex 3.533447265625 4.87030029296875 10.755754470825195
    endloop
  endfacet
  facet normal -0.03731732382688349 0.9145388137060511 -0.4027731068077022
    outer loop
      vertex 3.828338623046875 4.841705322265625 10.663504600524902
      vertex 3.9364166259765625 4.807037353515625 10.574773788452148
      vertex 3.533447265625 4.87030029296875 10.755754470825195
    endloop
  endfacet
  facet normal 0.008692048912533024 0.949824207089679 -0.31266343552159215
    outer loop
      vertex 3.9056854248046875 4.796173095703125 10.540915489196777
      vertex 3.533447265625 4.87030029296875 10.755754470825195
      vertex 3.9364166259765625 4.807037353515625 10.574773788452148
    endloop
  endfacet
  facet normal -0.9238807634942466 0.3826804604958138 0
    outer loop
      vertex 0.0340728759765625 4.158843994140625 11.993759155273438
      vertex 0.0340728759765625 4.158843994140625 17.490642547607422
      vertex 0.13397216796875 4.4000244140625 11.993758201599121
    endloop
  endfacet
  facet normal -0.7933579104798031 0.6087554729727452 -0.0000022022842846398117
    outer loop
      vertex 0.13397216796875 4.4000244140625 11.993758201599121
      vertex 0.1339569091796875 4.4000244140625 17.490633010864258
      vertex 0.292877197265625 4.60711669921875 11.993754386901855
    endloop
  endfacet
  facet normal -0.6087725923433369 0.793344774238523 0
    outer loop
      vertex 0.292877197265625 4.60711669921875 11.993754386901855
      vertex 0.292877197265625 4.60711669921875 17.490636825561523
      vertex 0.5 4.76605224609375 11.993760108947754
    endloop
  endfacet
  facet normal -0.9914455395896883 0.13052104055558153 0
    outer loop
      vertex 0.0340728759765625 4.158843994140625 11.993759155273438
      vertex 0 3.9000244140625 10
      vertex 0 3.9000244140625 20.97884750366211
    endloop
  endfacet
  facet normal -0.9239014281536244 0.38263056732194817 -0.0000025646603744689117
    outer loop
      vertex 0.13397216796875 4.4000244140625 11.993758201599121
      vertex 0.0340728759765625 4.158843994140625 17.490642547607422
      vertex 0.1339569091796875 4.4000244140625 17.490633010864258
    endloop
  endfacet
  facet normal -0.7933296788935023 0.6087922639018439 0
    outer loop
      vertex 0.292877197265625 4.60711669921875 11.993754386901855
      vertex 0.1339569091796875 4.4000244140625 17.490633010864258
      vertex 0.292877197265625 4.60711669921875 17.490636825561523
    endloop
  endfacet
  facet normal -0.608772592343337 0.793344774238523 0
    outer loop
      vertex 0.5 4.76605224609375 11.993760108947754
      vertex 0.292877197265625 4.60711669921875 17.490636825561523
      vertex 0.5 4.76605224609375 17.49064064025879
    endloop
  endfacet
  facet normal -0.13057849512315595 0.9914379741624647 -5.043990281538975e-17
    outer loop
      vertex 0.741180419921875 4.865936279296875 17.490636825561523
      vertex 1 4.9000244140625 10
      vertex 0.8587455648514517 4.8814203338760915 10
    endloop
  endfacet
  facet normal -0.38265123217158514 0.9238928696107399 0
    outer loop
      vertex 0.5 4.76605224609375 11.993760108947754
      vertex 0.5 4.76605224609375 17.49064064025879
      vertex 0.7411651611328125 4.865936279296875 11.993753433227539
    endloop
  endfacet
  facet normal -0.13055579795788588 0.9914409632547205 3.6240961281878143e-7
    outer loop
      vertex 0.7411651611328125 4.865936279296875 11.993753433227539
      vertex 0.741180419921875 4.865936279296875 17.490636825561523
      vertex 0.8587455648514517 4.8814203338760915 10
    endloop
  endfacet
  facet normal 0 1 0
    outer loop
      vertex 2.9999847412109375 4.9000244140625 11.000000953674316
      vertex 1 4.9000244140625 10
      vertex 1 4.9000244140625 21.556198120117188
    endloop
  endfacet
  facet normal -0.3826305673952149 0.9239014281262301 0.0000010621435275288325
    outer loop
      vertex 0.7411651611328125 4.865936279296875 11.993753433227539
      vertex 0.5 4.76605224609375 17.49064064025879
      vertex 0.741180419921875 4.865936279296875 17.490636825561523
    endloop
  endfacet
  facet normal -0.1305784951231545 0.9914379741624648 0
    outer loop
      vertex 0.741180419921875 4.865936279296875 17.490636825561523
      vertex 1 4.9000244140625 21.556198120117188
      vertex 1 4.9000244140625 10
    endloop
  endfacet
  facet normal 0.17995603063356413 -0.9337973223399381 -0.30925456800081946
    outer loop
      vertex 3.87371826171875 0.138031005859375 10.415226936340332
      vertex 4.3441162109375 0.2894287109375 10.231805801391602
      vertex 3.915924072265625 0.129852294921875 10.464482307434082
    endloop
  endfacet
  facet normal 0.13089338599146375 -0.9263471366582979 -0.3531966929469504
    outer loop
      vertex 3.915924072265625 0.129852294921875 10.464482307434082
      vertex 4.4105682373046875 0.2630615234375 10.298420906066895
      vertex 3.9586029052734375 0.117584228515625 10.51247501373291
    endloop
  endfacet
  facet normal 0.08813982816751831 -0.9160245953862233 -0.39131868258250396
    outer loop
      vertex 3.9921722412109375 0.105224609375 10.548968315124512
      vertex 3.9586029052734375 0.117584228515625 10.51247501373291
      vertex 4.463226318359375 0.236785888671875 10.347100257873535
    endloop
  endfacet
  facet normal 0.0377430293422299 -0.8617290062756247 -0.5059630258025738
    outer loop
      vertex 3.9586029052734375 0.117584228515625 10.51247501373291
      vertex 4.4105682373046875 0.2630615234375 10.298420906066895
      vertex 4.463226318359375 0.236785888671875 10.347100257873535
    endloop
  endfacet
  facet normal 0.021000754333898686 -0.8593098799270152 -0.5110239706483698
    outer loop
      vertex 3.9921722412109375 0.105224609375 10.548968315124512
      vertex 4.463226318359375 0.236785888671875 10.347100257873535
      vertex 4.6142730712890625 0.235687255859375 10.355154991149902
    endloop
  endfacet
  facet normal 0.3189723712777966 -0.9355233282049695 -0.1518312508863585
    outer loop
      vertex 4.1570892333984375 0.317474365234375 10.00905704498291
      vertex 4.06892003206868 0.2888824574258798 10
      vertex 4.150591534853641 0.31672885325988365 10
    endloop
  endfacet
  facet normal 0.44067965070376536 -0.8635637413120153 -0.2450696026576982
    outer loop
      vertex 4.1570892333984375 0.317474365234375 10.00905704498291
      vertex 4.150591534853641 0.31672885325988365 10
      vertex 4.168738409872922 0.32598926816881874 10
    endloop
  endfacet
  facet normal 0.38754735864374074 -0.8660796744227911 -0.3157737201857872
    outer loop
      vertex 4.1570892333984375 0.317474365234375 10.00905704498291
      vertex 4.168738409872922 0.32598926816881874 10
      vertex 4.181362038429106 0.33163800239954583 10
    endloop
  endfacet
  facet normal 0.3905973140423433 -0.8670887035143994 -0.3091778104919966
    outer loop
      vertex 4.1570892333984375 0.317474365234375 10.00905704498291
      vertex 4.181362038429106 0.33163800239954583 10
      vertex 4.216766357421875 0.3167724609375 10.086418151855469
    endloop
  endfacet
  facet normal 0.2695379128891346 -0.9383517042011289 -0.21643796510364424
    outer loop
      vertex 3.791412353515625 0.14215087890625 10.313769340515137
      vertex 4.1570892333984375 0.317474365234375 10.00905704498291
      vertex 4.216766357421875 0.3167724609375 10.086418151855469
    endloop
  endfacet
  facet normal 0.39059731404234355 -0.8670887035143993 -0.30917781049199666
    outer loop
      vertex 4.216766357421875 0.3167724609375 10.086418151855469
      vertex 4.181362038429106 0.33163800239954583 10
      vertex 4.347309317736706 0.40639224761974874 10
    endloop
  endfacet
  facet normal 0.31015661501591485 -0.8541941883743478 -0.41731901790999026
    outer loop
      vertex 4.216766357421875 0.3167724609375 10.086418151855469
      vertex 4.347309317736706 0.40639224761974874 10
      vertex 4.498926549228522 0.4614442345538689 10
    endloop
  endfacet
  facet normal 0.32598006564194576 -0.8644198417414559 -0.3827732148514954
    outer loop
      vertex 4.2793121337890625 0.307373046875 10.160910606384277
      vertex 4.216766357421875 0.3167724609375 10.086418151855469
      vertex 4.498926549228522 0.4614442345538689 10
    endloop
  endfacet
  facet normal 0.21026739615458684 -0.9323313142141842 -0.2941869178770906
    outer loop
      vertex 3.8321380615234375 0.14215087890625 10.36491584777832
      vertex 4.216766357421875 0.3167724609375 10.086418151855469
      vertex 4.2793121337890625 0.307373046875 10.160910606384277
    endloop
  endfacet
  facet normal 0.15082073292264195 -0.916747583795552 -0.36990130322248715
    outer loop
      vertex 3.87371826171875 0.138031005859375 10.415226936340332
      vertex 4.2793121337890625 0.307373046875 10.160910606384277
      vertex 4.3441162109375 0.2894287109375 10.231805801391602
    endloop
  endfacet
  facet normal 0.091108072926303 -0.8915047768264349 -0.4437550584988342
    outer loop
      vertex 3.915924072265625 0.129852294921875 10.464482307434082
      vertex 4.3441162109375 0.2894287109375 10.231805801391602
      vertex 4.4105682373046875 0.2630615234375 10.298420906066895
    endloop
  endfacet
  facet normal 0.2570979271682452 -0.8545340673113765 -0.4513005469197522
    outer loop
      vertex 4.2793121337890625 0.307373046875 10.160910606384277
      vertex 4.734466552734375 0.5062255859375 10.043678283691406
      vertex 4.3441162109375 0.2894287109375 10.231805801391602
    endloop
  endfacet
  facet normal 0.32598006564194304 -0.8644198417414555 -0.38277321485149873
    outer loop
      vertex 4.2793121337890625 0.307373046875 10.160910606384277
      vertex 4.498926549228522 0.4614442345538689 10
      vertex 4.565555766694404 0.4865706784812119 10
    endloop
  endfacet
  facet normal 0.22901765913952055 -0.8269464976572968 -0.5135274109671117
    outer loop
      vertex 4.2793121337890625 0.307373046875 10.160910606384277
      vertex 4.565555766694404 0.4865706784812119 10
      vertex 4.734466552734375 0.5062255859375 10.043678283691406
    endloop
  endfacet
  facet normal 0.1449105356708078 -0.7843311684984834 -0.6031795377608588
    outer loop
      vertex 4.3441162109375 0.2894287109375 10.231805801391602
      vertex 4.734466552734375 0.5062255859375 10.043678283691406
      vertex 4.827728271484375 0.463134765625 10.122116088867188
    endloop
  endfacet
  facet normal 0.06828588225715201 -0.7359455225493272 -0.6735883209527611
    outer loop
      vertex 4.4105682373046875 0.2630615234375 10.298420906066895
      vertex 4.827728271484375 0.463134765625 10.122116088867188
      vertex 4.9024200439453125 0.421112060546875 10.1756010055542
    endloop
  endfacet
  facet normal 0.11953984098601561 -0.8138725150097388 -0.5686138898486044
    outer loop
      vertex 4.463226318359375 0.236785888671875 10.347100257873535
      vertex 4.4105682373046875 0.2630615234375 10.298420906066895
      vertex 4.9024200439453125 0.421112060546875 10.1756010055542
    endloop
  endfacet
  facet normal 0.18394987578819763 -0.8372779737713989 -0.514905853370077
    outer loop
      vertex 4.3441162109375 0.2894287109375 10.231805801391602
      vertex 4.827728271484375 0.463134765625 10.122116088867188
      vertex 4.4105682373046875 0.2630615234375 10.298420906066895
    endloop
  endfacet
  facet normal 0.03171320131635886 -0.7202898959679058 -0.6929478614071998
    outer loop
      vertex 4.463226318359375 0.236785888671875 10.347100257873535
      vertex 4.9024200439453125 0.421112060546875 10.1756010055542
      vertex 4.6142730712890625 0.235687255859375 10.355154991149902
    endloop
  endfacet
  facet normal 0.22901765913952085 -0.8269464976572959 -0.5135274109671133
    outer loop
      vertex 4.734466552734375 0.5062255859375 10.043678283691406
      vertex 4.565555766694404 0.4865706784812119 10
      vertex 4.690469662433202 0.5211648004433237 10
    endloop
  endfacet
  facet normal 0.32000774915374064 -0.7500064802849559 -0.578865545711721
    outer loop
      vertex 4.734466552734375 0.5062255859375 10.043678283691406
      vertex 4.690469662433202 0.5211648004433237 10
      vertex 4.843667485983334 0.5865302232472754 10
    endloop
  endfacet
  facet normal 0.2222545160084841 -0.7185518065638533 -0.6590039691820205
    outer loop
      vertex 4.827728271484375 0.463134765625 10.122116088867188
      vertex 4.734466552734375 0.5062255859375 10.043678283691406
      vertex 5.054931640625 0.607635498046875 10.041184425354004
    endloop
  endfacet
  facet normal 0.14845958423687214 -0.797265934222846 -0.5850869866746207
    outer loop
      vertex 4.6142730712890625 0.235687255859375 10.355154991149902
      vertex 4.9024200439453125 0.421112060546875 10.1756010055542
      vertex 5.319305419921875 0.548583984375 10.107682228088379
    endloop
  endfacet
  facet normal -0.004112828258606056 -0.8628050333240732 -0.5055200877456403
    outer loop
      vertex 3.82318115234375 0.057586669921875 10.665567398071289
      vertex 4.6142730712890625 0.235687255859375 10.355154991149902
      vertex 8.142837524414062 0.134002685546875 10.499999046325684
    endloop
  endfacet
  facet normal 0.1356026131306556 -0.6782185757132871 -0.7222406073252721
    outer loop
      vertex 4.827728271484375 0.463134765625 10.122116088867188
      vertex 5.144622802734375 0.557373046875 10.093119621276855
      vertex 4.9024200439453125 0.421112060546875 10.1756010055542
    endloop
  endfacet
  facet normal 0.11038234860092742 -0.6121142148815125 -0.7830274101570983
    outer loop
      vertex 4.827728271484375 0.463134765625 10.122116088867188
      vertex 5.054931640625 0.607635498046875 10.041184425354004
      vertex 5.144622802734375 0.557373046875 10.093119621276855
    endloop
  endfacet
  facet normal 0.2060667241309399 -0.6687579455998691 -0.7143523748144088
    outer loop
      vertex 4.734466552734375 0.5062255859375 10.043678283691406
      vertex 4.843667485983334 0.5865302232472754 10
      vertex 5.054931640625 0.607635498046875 10.041184425354004
    endloop
  endfacet
  facet normal 0.20606672413093993 -0.6687579455998686 -0.7143523748144093
    outer loop
      vertex 5.054931640625 0.607635498046875 10.041184425354004
      vertex 4.843667485983334 0.5865302232472754 10
      vertex 4.998580113569761 0.634263992847003 10
    endloop
  endfacet
  facet normal 0.26355701658785247 -0.6046897016511196 -0.7515903563274283
    outer loop
      vertex 5.054931640625 0.607635498046875 10.041184425354004
      vertex 4.998580113569761 0.634263992847003 10
      vertex 5.201865890560791 0.7228671106977039 10
    endloop
  endfacet
  facet normal 0.039911402269147266 -0.5683884526883387 -0.8217917295881398
    outer loop
      vertex 4.9024200439453125 0.421112060546875 10.1756010055542
      vertex 5.144622802734375 0.557373046875 10.093119621276855
      vertex 5.319305419921875 0.548583984375 10.107682228088379
    endloop
  endfacet
  facet normal 0.16070669961840184 -0.5559202342010878 -0.8155526040075947
    outer loop
      vertex 5.054931640625 0.607635498046875 10.041184425354004
      vertex 5.361602783203125 0.71002197265625 10.03182315826416
      vertex 5.144622802734375 0.557373046875 10.093119621276855
    endloop
  endfacet
  facet normal 0.05295620098917349 -0.4360189931545218 -0.8983780264372628
    outer loop
      vertex 5.144622802734375 0.557373046875 10.093119621276855
      vertex 5.361602783203125 0.71002197265625 10.03182315826416
      vertex 5.319305419921875 0.548583984375 10.107682228088379
    endloop
  endfacet
  facet normal 0.13400476171277512 -0.4806121787195496 -0.8666340966663787
    outer loop
      vertex 5.054931640625 0.607635498046875 10.041184425354004
      vertex 5.201865890560791 0.7228671106977039 10
      vertex 5.361602783203125 0.71002197265625 10.03182315826416
    endloop
  endfacet
  facet normal 0.13400476171277528 -0.4806121787195486 -0.8666340966663792
    outer loop
      vertex 5.361602783203125 0.71002197265625 10.03182315826416
      vertex 5.201865890560791 0.7228671106977039 10
      vertex 5.290007137876644 0.7474427402106628 10
    endloop
  endfacet
  facet normal 0.07881399727491332 -0.4408013898267666 -0.8941378465093294
    outer loop
      vertex 5.319305419921875 0.548583984375 10.107682228088379
      vertex 5.361602783203125 0.71002197265625 10.03182315826416
      vertex 5.6081085205078125 0.758758544921875 10.029524803161621
    endloop
  endfacet
  facet normal 0.1875533677136777 -0.40295843061145903 -0.8957947518591565
    outer loop
      vertex 5.361602783203125 0.71002197265625 10.03182315826416
      vertex 5.290007137876644 0.7474427402106628 10
      vertex 5.525227956366745 0.8569241489933078 10
    endloop
  endfacet
  facet normal 0.04150386736077488 -0.2554750589076118 -0.9659243879674285
    outer loop
      vertex 5.361602783203125 0.71002197265625 10.03182315826416
      vertex 5.525227956366745 0.8569241489933078 10
      vertex 5.6081085205078125 0.758758544921875 10.029524803161621
    endloop
  endfacet
  facet normal 0.04150386736077553 -0.25547505890761135 -0.9659243879674286
    outer loop
      vertex 5.6081085205078125 0.758758544921875 10.029524803161621
      vertex 5.525227956366745 0.8569241489933078 10
      vertex 5.5532808216499205 0.8614815504272524 10
    endloop
  endfacet
  facet normal 0.06326930408848194 -0.24434580522281266 -0.9676218903219245
    outer loop
      vertex 5.6081085205078125 0.758758544921875 10.029524803161621
      vertex 5.5532808216499205 0.8614815504272524 10
      vertex 5.608473157372892 0.8757726927246452 10
    endloop
  endfacet
  facet normal 0.06326930408848222 -0.24434580522281266 -0.9676218903219245
    outer loop
      vertex 5.6081085205078125 0.758758544921875 10.029524803161621
      vertex 5.608473157372892 0.8757726927246452 10
      vertex 5.7284393310546875 0.876434326171875 10.00767707824707
    endloop
  endfacet
  facet normal 0.146042363730634 -0.9717580260002446 -0.18535902163120385
    outer loop
      vertex 3.82318115234375 0.057586669921875 10.665567398071289
      vertex 3.9921722412109375 0.105224609375 10.548968315124512
      vertex 4.6142730712890625 0.235687255859375 10.355154991149902
    endloop
  endfacet
  facet normal -0.0022895949494390858 -0.9845364772823947 -0.17516473005528346
    outer loop
      vertex 2.9999847412109375 0 11.000000953674316
      vertex 3.82318115234375 0.057586669921875 10.665567398071289
      vertex 8.142837524414062 0.034088134765625 10.741181373596191
    endloop
  endfacet
  facet normal 0.0640739141589701 -0.11342625579093357 -0.9914781984600562
    outer loop
      vertex 5.7284393310546875 0.876434326171875 10.00767707824707
      vertex 5.608473157372892 0.8757726927246452 10
      vertex 5.828280516271784 0.9999407501765012 10
    endloop
  endfacet
  facet normal -0.003944171372446127 -0.6148503274982627 -0.7886339570976284
    outer loop
      vertex 4.6142730712890625 0.235687255859375 10.355154991149902
      vertex 5.319305419921875 0.548583984375 10.107682228088379
      vertex 8.142852783203125 0.29290771484375 10.292896270751953
    endloop
  endfacet
  facet normal -0.0007272856367141296 -0.34767114407785893 -0.9376162576615208
    outer loop
      vertex 5.319305419921875 0.548583984375 10.107682228088379
      vertex 5.6081085205078125 0.758758544921875 10.029524803161621
      vertex 8.142852783203125 0.741180419921875 10.034076690673828
    endloop
  endfacet
  facet normal 0.0004961624003580284 -0.18303132342367268 -0.9831069567797042
    outer loop
      vertex 5.6081085205078125 0.758758544921875 10.029524803161621
      vertex 5.7284393310546875 0.876434326171875 10.00767707824707
      vertex 8.142852783203125 0.741180419921875 10.034076690673828
    endloop
  endfacet
  facet normal 0.0021249402465560513 -0.7933710872270037 -0.6087345912474423
    outer loop
      vertex 4.6142730712890625 0.235687255859375 10.355154991149902
      vertex 8.142852783203125 0.29290771484375 10.292896270751953
      vertex 8.142837524414062 0.134002685546875 10.499999046325684
    endloop
  endfacet
  facet normal -0.0030892085608474782 -0.6088009985275618 -0.7933169612344813
    outer loop
      vertex 5.319305419921875 0.548583984375 10.107682228088379
      vertex 8.142837524414062 0.5 10.133971214294434
      vertex 8.142852783203125 0.29290771484375 10.292896270751953
    endloop
  endfacet
  facet normal 0.0020175638542716382 -0.3826641993883761 -0.9238852958796061
    outer loop
      vertex 5.319305419921875 0.548583984375 10.107682228088379
      vertex 8.142852783203125 0.741180419921875 10.034076690673828
      vertex 8.142837524414062 0.5 10.133971214294434
    endloop
  endfacet
  facet normal 0.0016737844689498037 -0.92385987319974 -0.3827272307230202
    outer loop
      vertex 3.82318115234375 0.057586669921875 10.665567398071289
      vertex 8.142837524414062 0.134002685546875 10.499999046325684
      vertex 8.142837524414062 0.034088134765625 10.741181373596191
    endloop
  endfacet
  facet normal 0.0640739141589137 -0.11342625579088277 -0.9914781984600657
    outer loop
      vertex 5.7284393310546875 0.876434326171875 10.00767707824707
      vertex 5.828280516271784 0.9999407501765012 10
      vertex 5.8284149169921875 1 10.000001907348633
    endloop
  endfacet
  facet normal 0.08250027142305423 -0.15545221828640712 -0.9843923572666327
    outer loop
      vertex 5.8284149169921875 1 10.000001907348633
      vertex 5.828280516271784 0.9999407501765012 10
      vertex 5.8284012579630975 1.0000048291739916 10
    endloop
  endfacet
  facet normal 0.12552205913360756 -0.03654238915563009 -0.9914176044763666
    outer loop
      vertex 5.8284149169921875 1 10.000001907348633
      vertex 5.8284012579630975 1.0000048291739916 10
      vertex 5.8663787841796875 1.13045654296875 10
    endloop
  endfacet
  facet normal -7.28007494412869e-7 -0.19158303962923934 -0.9814764077276088
    outer loop
      vertex 5.7284393310546875 0.876434326171875 10.00767707824707
      vertex 13.28570556640625 0.741180419921875 10.034072875976562
      vertex 8.142852783203125 0.741180419921875 10.034076690673828
    endloop
  endfacet
  facet normal -1.2107214422268507e-7 -0.9914376627095861 -0.1305808598567886
    outer loop
      vertex 2.9999847412109375 0 11.000000953674316
      vertex 8.142837524414062 0.034088134765625 10.741181373596191
      vertex 13.28570556640625 0.034088134765625 10.74117660522461
    endloop
  endfacet
  facet normal 0.0000010297732775170694 -0.6088037602052098 -0.79332085662671
    outer loop
      vertex 8.142852783203125 0.29290771484375 10.292896270751953
      vertex 8.142837524414062 0.5 10.133971214294434
      vertex 13.28570556640625 0.5 10.133977890014648
    endloop
  endfacet
  facet normal -4.5152834375959113e-7 -0.7933728027877892 -0.6087360641496804
    outer loop
      vertex 8.142837524414062 0.134002685546875 10.499999046325684
      vertex 8.142852783203125 0.29290771484375 10.292896270751953
      vertex 13.28570556640625 0.29290771484375 10.292892456054688
    endloop
  endfacet
  facet normal -6.852908698287534e-7 -0.38266486922896314 -0.9238872213952908
    outer loop
      vertex 8.142837524414062 0.5 10.133971214294434
      vertex 8.142852783203125 0.741180419921875 10.034076690673828
      vertex 13.28570556640625 0.741180419921875 10.034072875976562
    endloop
  endfacet
  facet normal -7.097161319915663e-8 -0.9238611673243255 -0.3827277668397336
    outer loop
      vertex 8.142837524414062 0.134002685546875 10.499999046325684
      vertex 13.28570556640625 0.134002685546875 10.499998092651367
      vertex 8.142837524414062 0.034088134765625 10.741181373596191
    endloop
  endfacet
  facet normal 0.0000018175863916164325 -0.000015149498798515829 -0.9999999998835946
    outer loop
      vertex 5.8284149169921875 1 10.000001907348633
      vertex 5.8663787841796875 1.13045654296875 10
      vertex 20.369320678710938 2.8704711914062497 10
    endloop
  endfacet
  facet normal 0 -1 0
    outer loop
      vertex 2.9999847412109375 0 11.000000953674316
      vertex 8.386245727539062 0 14.000831604003906
      vertex 4.268280029296875 0 21.133441925048828
    endloop
  endfacet
  facet normal 0.33034861699177076 -0.9238617869221224 0.19325938506754922
    outer loop
      vertex 8.607192993164062 0.076141357421875 14.383511543273926
      vertex 6.760284423828125 0.134002685546875 17.8171329498291
      vertex 6.5514068603515625 0.034088134765625 17.696544647216797
    endloop
  endfacet
  facet normal 0.08278433686560967 -0.9952982390349808 0.0502809003856074
    outer loop
      vertex 8.386245727539062 0 14.000831604003906
      vertex 8.4989013671875 0.01922607421875 14.195926666259766
      vertex 6.5514068603515625 0.034088134765625 17.696544647216797
    endloop
  endfacet
  facet normal 0.252487026702264 -0.956745547037489 0.1445277121211908
    outer loop
      vertex 8.4989013671875 0.01922607421875 14.195926666259766
      vertex 8.607192993164062 0.076141357421875 14.383511543273926
      vertex 6.5514068603515625 0.034088134765625 17.696544647216797
    endloop
  endfacet
  facet normal 0.40924274718215153 -0.8816477390529351 0.23498433586444298
    outer loop
      vertex 8.607192993164062 0.076141357421875 14.383511543273926
      vertex 8.707000732421875 0.168548583984375 14.556395530700684
      vertex 6.760284423828125 0.134002685546875 17.8171329498291
    endloop
  endfacet
  facet normal 0.5493779747606209 -0.773033551085854 0.31717971206165296
    outer loop
      vertex 8.707000732421875 0.168548583984375 14.556395530700684
      vertex 8.79449462890625 0.29290771484375 14.707939147949219
      vertex 6.93963623046875 0.29290771484375 17.920686721801758
    endloop
  endfacet
  facet normal 0.6694638859081743 -0.6343719171037439 0.3865105124765014
    outer loop
      vertex 8.79449462890625 0.29290771484375 14.707939147949219
      vertex 8.866302490234375 0.4444580078125 14.83229923248291
      vertex 6.93963623046875 0.29290771484375 17.920686721801758
    endloop
  endfacet
  facet normal 0.764501151082915 -0.47108987621587584 0.4400139980952974
    outer loop
      vertex 8.866302490234375 0.4444580078125 14.83229923248291
      vertex 8.919647216796875 0.617340087890625 14.924707412719727
      vertex 7.0772552490234375 0.5 18.000139236450195
    endloop
  endfacet
  facet normal 0.8293939884984998 -0.2900782757236591 0.47745178373919545
    outer loop
      vertex 8.919647216796875 0.617340087890625 14.924707412719727
      vertex 8.952499389648438 0.804931640625 14.981611251831055
      vertex 7.163787841796875 0.741180419921875 18.05009651184082
    endloop
  endfacet
  facet normal -0.000868029420369752 -0.9567835873907182 0.2907996104273064
    outer loop
      vertex 8.4989013671875 0.01922607421875 14.195926666259766
      vertex 13.466934204101562 0.034088134765625 14.259654998779297
      vertex 8.607192993164062 0.076141357421875 14.383511543273926
    endloop
  endfacet
  facet normal -0.0008912165800777002 -0.8817094492598815 0.4717919592562422
    outer loop
      vertex 8.607192993164062 0.076141357421875 14.383511543273926
      vertex 13.466934204101562 0.134002685546875 14.500825881958008
      vertex 8.707000732421875 0.168548583984375 14.556395530700684
    endloop
  endfacet
  facet normal 3.884331662473227e-7 -0.7730343315491998 0.6343641873924876
    outer loop
      vertex 8.707000732421875 0.168548583984375 14.556395530700684
      vertex 13.466934204101562 0.29290771484375 14.70793628692627
      vertex 8.79449462890625 0.29290771484375 14.707939147949219
    endloop
  endfacet
  facet normal 4.7335030835883587e-7 -0.6343506635964548 0.7730454291919158
    outer loop
      vertex 8.79449462890625 0.29290771484375 14.707939147949219
      vertex 13.466934204101562 0.29290771484375 14.70793628692627
      vertex 8.866302490234375 0.4444580078125 14.83229923248291
    endloop
  endfacet
  facet normal -0.0009364845052496103 -0.4711748722131885 0.8820393204339912
    outer loop
      vertex 8.866302490234375 0.4444580078125 14.83229923248291
      vertex 13.466934204101562 0.5 14.866853713989258
      vertex 8.919647216796875 0.617340087890625 14.924707412719727
    endloop
  endfacet
  facet normal -0.0009479478980272955 -0.2901258116364351 0.9569880431944187
    outer loop
      vertex 8.919647216796875 0.617340087890625 14.924707412719727
      vertex 13.466934204101562 0.741180419921875 14.966755867004395
      vertex 8.952499389648438 0.804931640625 14.981611251831055
    endloop
  endfacet
  facet normal 0.0018885220468292032 -0.0981628641933364 0.9951685714379445
    outer loop
      vertex 8.952499389648438 0.804931640625 14.981611251831055
      vertex 13.466934204101562 0.741180419921875 14.966755867004395
      vertex 8.963607788085938 1 15.000831604003906
    endloop
  endfacet
  facet normal 0.2055614987540064 0.6331481246145165 -0.7462358357296489
    outer loop
      vertex 5.1502227783203125 4.2276611328125 10.016161918640137
      vertex 5.126311092645318 4.216375810088563 10
      vertex 4.999849942301853 4.257433411916864 10
    endloop
  endfacet
  facet normal 0.25929394142273904 0.6366163373818298 -0.7262825145354979
    outer loop
      vertex 4.965362548828125 4.357574462890625 10.075465202331543
      vertex 4.999849942301853 4.257433411916864 10
      vertex 4.86772255572778 4.3112489187189285 10
    endloop
  endfacet
  facet normal 0.15673989136565128 0.7382961939972252 -0.656011689212849
    outer loop
      vertex 4.965362548828125 4.357574462890625 10.075465202331543
      vertex 4.86772255572778 4.3112489187189285 10
      vertex 4.855161147170477 4.313915699109616 10
    endloop
  endfacet
  facet normal 0.20556149875400714 0.6331481246145234 -0.7462358357296427
    outer loop
      vertex 4.965362548828125 4.357574462890625 10.075465202331543
      vertex 5.1502227783203125 4.2276611328125 10.016161918640137
      vertex 4.999849942301853 4.257433411916864 10
    endloop
  endfacet
  facet normal 0.1630873320837055 0.592261736392395 -0.7890681578414406
    outer loop
      vertex 4.965362548828125 4.357574462890625 10.075465202331543
      vertex 5.046630859375 4.40374755859375 10.12691879272461
      vertex 5.1502227783203125 4.2276611328125 10.016161918640137
    endloop
  endfacet
  facet normal 0.23993634956012697 0.5225030934930798 -0.8181815601991543
    outer loop
      vertex 5.1502227783203125 4.2276611328125 10.016161918640137
      vertex 5.216067147178264 4.172117267765411 10
      vertex 5.153769893740909 4.200724515767434 10
    endloop
  endfacet
  facet normal 0.2962710172042086 0.5197810970059268 -0.8012809092697135
    outer loop
      vertex 5.1502227783203125 4.2276611328125 10.016161918640137
      vertex 5.153769893740909 4.200724515767434 10
      vertex 5.126311092645318 4.216375810088563 10
    endloop
  endfacet
  facet normal 0.1850310791916416 0.4704080589890287 -0.862832404219586
    outer loop
      vertex 5.2445526123046875 4.279632568359375 10.064724922180176
      vertex 5.294784675659822 4.141154385714572 10
      vertex 5.216067147178264 4.172117267765411 10
    endloop
  endfacet
  facet normal 0.18503107919164147 0.4704080589890288 -0.8628324042195858
    outer loop
      vertex 5.1502227783203125 4.2276611328125 10.016161918640137
      vertex 5.2445526123046875 4.279632568359375 10.064724922180176
      vertex 5.216067147178264 4.172117267765411 10
    endloop
  endfacet
  facet normal 0.10337095772580401 0.5724385152546583 -0.8134055515865949
    outer loop
      vertex 5.1502227783203125 4.2276611328125 10.016161918640137
      vertex 5.046630859375 4.40374755859375 10.12691879272461
      vertex 5.2445526123046875 4.279632568359375 10.064724922180176
    endloop
  endfacet
  facet normal 0.03222603588541965 0.48836890824989804 -0.8720420242545163
    outer loop
      vertex 5.2445526123046875 4.279632568359375 10.064724922180176
      vertex 5.046630859375 4.40374755859375 10.12691879272461
      vertex 5.3206024169921875 4.350616455078125 10.107288360595703
    endloop
  endfacet
  facet normal 0.1233854622950765 0.45657822170025003 -0.8810858954513274
    outer loop
      vertex 5.421142578125 4.144775390625 10.019571304321289
      vertex 5.372559339437474 4.120136600833562 10
      vertex 5.294784675659822 4.141154385714572 10
    endloop
  endfacet
  facet normal 0.2063194626929801 0.326006543160927 -0.9225790010239463
    outer loop
      vertex 5.421142578125 4.144775390625 10.019571304321289
      vertex 5.4305963544215095 4.0834067682611535 10
      vertex 5.372559339437474 4.120136600833562 10
    endloop
  endfacet
  facet normal 0.14525078974832714 0.3208549743015977 -0.9359242990452852
    outer loop
      vertex 5.421142578125 4.144775390625 10.019571304321289
      vertex 5.5360671903839425 4.035660205340301 10
      vertex 5.4305963544215095 4.0834067682611535 10
    endloop
  endfacet
  facet normal 0.055902913676256764 0.23301711232683023 -0.9708645063062972
    outer loop
      vertex 5.421142578125 4.144775390625 10.019571304321289
      vertex 5.60870361328125 4.140716552734375 10.029397010803223
      vertex 5.5360671903839425 4.035660205340301 10
    endloop
  endfacet
  facet normal 0.0707461080727864 0.11850467949262188 -0.9904300223291419
    outer loop
      vertex 5.728668212890625 4.02337646484375 10.007636070251465
      vertex 5.8283359524646725 3.900055613992025 10
      vertex 5.642301043713808 4.011116593323385 10
    endloop
  endfacet
  facet normal 0.05590291367625373 0.23301711232683228 -0.9708645063062971
    outer loop
      vertex 5.60870361328125 4.140716552734375 10.029397010803223
      vertex 5.578685694240841 4.025435640636308 10
      vertex 5.5360671903839425 4.035660205340301 10
    endloop
  endfacet
  facet normal 0.05263942962155405 0.23386162768040217 -0.9708438749602277
    outer loop
      vertex 5.60870361328125 4.140716552734375 10.029397010803223
      vertex 5.642301043713808 4.011116593323385 10
      vertex 5.578685694240841 4.025435640636308 10
    endloop
  endfacet
  facet normal 0.05263942962155066 0.2338616276804014 -0.9708438749602282
    outer loop
      vertex 5.728668212890625 4.02337646484375 10.007636070251465
      vertex 5.642301043713808 4.011116593323385 10
      vertex 5.60870361328125 4.140716552734375 10.029397010803223
    endloop
  endfacet
  facet normal 0.12338546229507662 0.4565782217002488 -0.8810858954513281
    outer loop
      vertex 5.421142578125 4.144775390625 10.019571304321289
      vertex 5.294784675659822 4.141154385714572 10
      vertex 5.2445526123046875 4.279632568359375 10.064724922180176
    endloop
  endfacet
  facet normal 0.056589424764602575 0.3828376688481604 -0.9220807753747595
    outer loop
      vertex 5.421142578125 4.144775390625 10.019571304321289
      vertex 5.2445526123046875 4.279632568359375 10.064724922180176
      vertex 5.60870361328125 4.140716552734375 10.029397010803223
    endloop
  endfacet
  facet normal 0.0833658661698138 0.4452553742530309 -0.8915143207243224
    outer loop
      vertex 5.2445526123046875 4.279632568359375 10.064724922180176
      vertex 5.3206024169921875 4.350616455078125 10.107288360595703
      vertex 5.60870361328125 4.140716552734375 10.029397010803223
    endloop
  endfacet
  facet normal 0.34342141366074275 0.8985017005683718 -0.27341621516472114
    outer loop
      vertex 4.107086181640625 4.641815185546875 10.165007591247559
      vertex 4.233785613542303 4.543176475091482 10
      vertex 4.170284514262012 4.567447589180697 10
    endloop
  endfacet
  facet normal 0.2667392695452518 0.8923299382374357 -0.3641393186784966
    outer loop
      vertex 4.4802398681640625 4.47882080078125 10.046333312988281
      vertex 4.440793755133145 4.471704650828973 10
      vertex 4.369555425560488 4.49299953199296 10
    endloop
  endfacet
  facet normal 0.3405414247551481 0.898856970960302 -0.27583996045135417
    outer loop
      vertex 4.107086181640625 4.641815185546875 10.165007591247559
      vertex 4.34624541159174 4.50056989685633 10
      vertex 4.233785613542303 4.543176475091482 10
    endloop
  endfacet
  facet normal 0.2900283056315642 0.8930301217469494 -0.3440650862629229
    outer loop
      vertex 4.1639556884765625 4.649566650390625 10.233064651489258
      vertex 4.369555425560488 4.49299953199296 10
      vertex 4.34624541159174 4.50056989685633 10
    endloop
  endfacet
  facet normal 0.2667392695452517 0.892329938237436 -0.3641393186784962
    outer loop
      vertex 4.4802398681640625 4.47882080078125 10.046333312988281
      vertex 4.369555425560488 4.49299953199296 10
      vertex 4.1639556884765625 4.649566650390625 10.233064651489258
    endloop
  endfacet
  facet normal 0.1908278662468842 0.8732129972271913 -0.44842366901978603
    outer loop
      vertex 4.4802398681640625 4.47882080078125 10.046333312988281
      vertex 4.222503662109375 4.66461181640625 10.298442840576172
      vertex 4.5584564208984375 4.5035400390625 10.127754211425781
    endloop
  endfacet
  facet normal 0.45778097239748433 0.8809027637076761 -0.1201952669741687
    outer loop
      vertex 4.016815185546875 4.645263671875 10.046555519104004
      vertex 4.069357411618889 4.611606626384289 10
      vertex 4.045596539215029 4.623954499182724 10
    endloop
  endfacet
  facet normal 0.42481687901871984 0.8933817870859403 -0.14628602737078486
    outer loop
      vertex 4.016815185546875 4.645263671875 10.046555519104004
      vertex 4.045596539215029 4.623954499182724 10
      vertex 3.984597289046019 4.652960587569422 10
    endloop
  endfacet
  facet normal 0.3866638153114494 0.8974272610159092 -0.21240387264425406
    outer loop
      vertex 4.0523223876953125 4.641387939453125 10.094818115234375
      vertex 4.130162837856581 4.585408115238005 10
      vertex 4.069357411618889 4.611606626384289 10
    endloop
  endfacet
  facet normal 0.4003798039073205 0.8944008032049232 -0.1993570060206659
    outer loop
      vertex 4.0523223876953125 4.641387939453125 10.094818115234375
      vertex 4.170284514262012 4.567447589180697 10
      vertex 4.130162837856581 4.585408115238005 10
    endloop
  endfacet
  facet normal 0.3866638153114593 0.8974272610159055 -0.2124038726442511
    outer loop
      vertex 4.016815185546875 4.645263671875 10.046555519104004
      vertex 4.0523223876953125 4.641387939453125 10.094818115234375
      vertex 4.069357411618889 4.611606626384289 10
    endloop
  endfacet
  facet normal 0.34342141366073403 0.8985017005683738 -0.2734162151647253
    outer loop
      vertex 4.0523223876953125 4.641387939453125 10.094818115234375
      vertex 4.107086181640625 4.641815185546875 10.165007591247559
      vertex 4.170284514262012 4.567447589180697 10
    endloop
  endfacet
  facet normal 0.29002830563156734 0.8930301217469493 -0.34406508626292087
    outer loop
      vertex 4.107086181640625 4.641815185546875 10.165007591247559
      vertex 4.1639556884765625 4.649566650390625 10.233064651489258
      vertex 4.34624541159174 4.50056989685633 10
    endloop
  endfacet
  facet normal 0.23287849733390548 0.8812293805449285 -0.41134217428304576
    outer loop
      vertex 4.4802398681640625 4.47882080078125 10.046333312988281
      vertex 4.1639556884765625 4.649566650390625 10.233064651489258
      vertex 4.222503662109375 4.66461181640625 10.298442840576172
    endloop
  endfacet
  facet normal 0.18885844857688083 0.945433810379925 -0.2654946262952032
    outer loop
      vertex 4.107086181640625 4.641815185546875 10.165007591247559
      vertex 3.8251953125 4.777618408203125 10.448084831237793
      vertex 4.1639556884765625 4.649566650390625 10.233064651489258
    endloop
  endfacet
  facet normal 0.1316816246491574 0.9337561632236899 -0.3328053145181609
    outer loop
      vertex 4.1639556884765625 4.649566650390625 10.233064651489258
      vertex 3.8652496337890625 4.785064697265625 10.495043754577637
      vertex 4.222503662109375 4.66461181640625 10.298442840576172
    endloop
  endfacet
  facet normal 0.08798087184116986 0.9224909633749782 -0.37585873500767847
    outer loop
      vertex 4.2822265625 4.686798095703125 10.360610961914062
      vertex 3.9056854248046875 4.796173095703125 10.540915489196777
      vertex 3.9364166259765625 4.807037353515625 10.574773788452148
    endloop
  endfacet
  facet normal 0.07488230651587496 0.9142348679703962 -0.39820503055337564
    outer loop
      vertex 4.222503662109375 4.66461181640625 10.298442840576172
      vertex 3.9056854248046875 4.796173095703125 10.540915489196777
      vertex 4.2822265625 4.686798095703125 10.360610961914062
    endloop
  endfacet
  facet normal 0.027251552682657762 0.8897886842332089 -0.45555839393750525
    outer loop
      vertex 4.2822265625 4.686798095703125 10.360610961914062
      vertex 3.9364166259765625 4.807037353515625 10.574773788452148
      vertex 4.327880859375 4.708221435546875 10.40518569946289
    endloop
  endfacet
  facet normal 0.17294700616980052 0.8632532277815782 -0.47421851269387344
    outer loop
      vertex 4.5584564208984375 4.5035400390625 10.127754211425781
      vertex 4.222503662109375 4.66461181640625 10.298442840576172
      vertex 4.2822265625 4.686798095703125 10.360610961914062
    endloop
  endfacet
  facet normal 0.11583272105474778 0.8437167454441797 -0.5241419981170504
    outer loop
      vertex 4.2822265625 4.686798095703125 10.360610961914062
      vertex 4.327880859375 4.708221435546875 10.40518569946289
      vertex 4.639434814453125 4.539276123046875 10.2020845413208
    endloop
  endfacet
  facet normal 0.08178768354595575 0.9316404744594489 -0.3540576240799789
    outer loop
      vertex 4.6174774169921875 4.663330078125 10.353959083557129
      vertex 4.327880859375 4.708221435546875 10.40518569946289
      vertex 3.9364166259765625 4.807037353515625 10.574773788452148
    endloop
  endfacet
  facet normal 0.3790589814539867 0.8101702790483684 -0.44714472771772107
    outer loop
      vertex 4.4802398681640625 4.47882080078125 10.046333312988281
      vertex 4.515283973071461 4.436852488425348 10
      vertex 4.440793755133145 4.471704650828973 10
    endloop
  endfacet
  facet normal 0.35232617385001824 0.8106003187617482 -0.46775355738204577
    outer loop
      vertex 4.4802398681640625 4.47882080078125 10.046333312988281
      vertex 4.569824224048295 4.413146652759207 10
      vertex 4.515283973071461 4.436852488425348 10
    endloop
  endfacet
  facet normal 0.3041189778731861 0.790207670075542 -0.5320559044415838
    outer loop
      vertex 4.5584564208984375 4.5035400390625 10.127754211425781
      vertex 4.672840649792152 4.373499796258338 10
      vertex 4.569824224048295 4.413146652759207 10
    endloop
  endfacet
  facet normal 0.3041189778731796 0.7902076700755435 -0.5320559044415853
    outer loop
      vertex 4.4802398681640625 4.47882080078125 10.046333312988281
      vertex 4.5584564208984375 4.5035400390625 10.127754211425781
      vertex 4.569824224048295 4.413146652759207 10
    endloop
  endfacet
  facet normal 0.25674618726949205 0.7827614332024215 -0.5668914658146389
    outer loop
      vertex 4.5584564208984375 4.5035400390625 10.127754211425781
      vertex 4.848752134791393 4.315800730930486 10
      vertex 4.672840649792152 4.373499796258338 10
    endloop
  endfacet
  facet normal 0.22371822146442566 0.7606305818914404 -0.6094188012166044
    outer loop
      vertex 4.5584564208984375 4.5035400390625 10.127754211425781
      vertex 4.639434814453125 4.539276123046875 10.2020845413208
      vertex 4.848752134791393 4.315800730930486 10
    endloop
  endfacet
  facet normal 0.22371822146444223 0.760630581891445 -0.6094188012165925
    outer loop
      vertex 4.639434814453125 4.539276123046875 10.2020845413208
      vertex 4.855161147170477 4.313915699109616 10
      vertex 4.848752134791393 4.315800730930486 10
    endloop
  endfacet
  facet normal 0.15673989136563338 0.7382961939972431 -0.656011689212833
    outer loop
      vertex 4.965362548828125 4.357574462890625 10.075465202331543
      vertex 4.855161147170477 4.313915699109616 10
      vertex 4.639434814453125 4.539276123046875 10.2020845413208
    endloop
  endfacet
  facet normal 0.14712348925613405 0.7294319701136988 -0.6680446690792079
    outer loop
      vertex 4.965362548828125 4.357574462890625 10.075465202331543
      vertex 4.639434814453125 4.539276123046875 10.2020845413208
      vertex 4.7018280029296875 4.57330322265625 10.252979278564453
    endloop
  endfacet
  facet normal 0.1132539617920411 0.8416438929230984 -0.5280237661731327
    outer loop
      vertex 4.5584564208984375 4.5035400390625 10.127754211425781
      vertex 4.2822265625 4.686798095703125 10.360610961914062
      vertex 4.639434814453125 4.539276123046875 10.2020845413208
    endloop
  endfacet
  facet normal 0.04746935387023369 0.8025163866105631 -0.5947386902368703
    outer loop
      vertex 4.639434814453125 4.539276123046875 10.2020845413208
      vertex 4.327880859375 4.708221435546875 10.40518569946289
      vertex 4.7018280029296875 4.57330322265625 10.252979278564453
    endloop
  endfacet
  facet normal -0.002352503927252556 0.7454494158957476 -0.6665580500346245
    outer loop
      vertex 4.6174774169921875 4.663330078125 10.353959083557129
      vertex 4.7018280029296875 4.57330322265625 10.252979278564453
      vertex 4.327880859375 4.708221435546875 10.40518569946289
    endloop
  endfacet
  facet normal 0.07097386209931589 0.6840641455724925 -0.7259607121882583
    outer loop
      vertex 4.965362548828125 4.357574462890625 10.075465202331543
      vertex 4.7018280029296875 4.57330322265625 10.252979278564453
      vertex 5.046630859375 4.40374755859375 10.12691879272461
    endloop
  endfacet
  facet normal 0.08492657492133861 0.6999330270407802 -0.7091411950589676
    outer loop
      vertex 5.3206024169921875 4.350616455078125 10.107288360595703
      vertex 5.046630859375 4.40374755859375 10.12691879272461
      vertex 4.7018280029296875 4.57330322265625 10.252979278564453
    endloop
  endfacet
  facet normal 0.1487127109744447 0.7965807425940477 -0.5859553311669303
    outer loop
      vertex 5.3206024169921875 4.350616455078125 10.107288360595703
      vertex 4.7018280029296875 4.57330322265625 10.252979278564453
      vertex 4.6174774169921875 4.663330078125 10.353959083557129
    endloop
  endfacet
  facet normal -0.0038520340192291446 0.8621523554557329 -0.5066344617335523
    outer loop
      vertex 4.6174774169921875 4.663330078125 10.353959083557129
      vertex 3.828338623046875 4.841705322265625 10.663504600524902
      vertex 8.399993896484375 4.76605224609375 10.500004768371582
    endloop
  endfacet
  facet normal 0.13484161583382093 0.967530704377329 -0.21378043578969927
    outer loop
      vertex 4.6174774169921875 4.663330078125 10.353959083557129
      vertex 3.9364166259765625 4.807037353515625 10.574773788452148
      vertex 3.828338623046875 4.841705322265625 10.663504600524902
    endloop
  endfacet
  facet normal -0.0022017718356249455 0.9841361077281086 -0.17740144775776912
    outer loop
      vertex 3.0067901611328125 4.9000244140625 10.99722671508789
      vertex 8.399993896484375 4.865936279296875 10.741186141967773
      vertex 3.828338623046875 4.841705322265625 10.663504600524902
    endloop
  endfacet
  facet normal 0.09021154276795504 0.026266815456779655 -0.9955761808908372
    outer loop
      vertex 5.8284149169921875 3.9000244140625 10.000001907348633
      vertex 5.8663787841796875 3.76956787109375 10
      vertex 5.828408549047437 3.8999739911724665 10
    endloop
  endfacet
  facet normal 0.13099942519910462 0.02094867320559544 -0.9911610886674421
    outer loop
      vertex 5.8284149169921875 3.9000244140625 10.000001907348633
      vertex 5.828408549047437 3.8999739911724665 10
      vertex 5.8284012579630975 3.9000195848885086 10
    endloop
  endfacet
  facet normal 0.0838121457883477 0.15191590743622357 -0.9848335297329095
    outer loop
      vertex 5.8284149169921875 3.9000244140625 10.000001907348633
      vertex 5.8284012579630975 3.9000195848885086 10
      vertex 5.8283359524646725 3.900055613992025 10
    endloop
  endfacet
  facet normal 0.07074610807326423 0.11850467949300311 -0.9904300223290622
    outer loop
      vertex 5.8284149169921875 3.9000244140625 10.000001907348633
      vertex 5.8283359524646725 3.900055613992025 10
      vertex 5.728668212890625 4.02337646484375 10.007636070251465
    endloop
  endfacet
  facet normal 0.00046046676911947794 0.18279786326942862 -0.9831504102396976
    outer loop
      vertex 5.728668212890625 4.02337646484375 10.007636070251465
      vertex 5.60870361328125 4.140716552734375 10.029397010803223
      vertex 8.399993896484375 4.158843994140625 10.034074783325195
    endloop
  endfacet
  facet normal -0.00068238773419679 0.3470825168074231 -0.9378343461793266
    outer loop
      vertex 5.3206024169921875 4.350616455078125 10.107288360595703
      vertex 8.399993896484375 4.158843994140625 10.034074783325195
      vertex 5.60870361328125 4.140716552734375 10.029397010803223
    endloop
  endfacet
  facet normal 0.006477758119255783 0.06698704908180467 -0.9977328168929096
    outer loop
      vertex 5.8284149169921875 3.9000244140625 10.000001907348633
      vertex 5.728668212890625 4.02337646484375 10.007636070251465
      vertex 8.399993896484375 4.158843994140625 10.034074783325195
    endloop
  endfacet
  facet normal 0.0018669356119499069 0.38268914815331406 -0.9238752786156319
    outer loop
      vertex 5.3206024169921875 4.350616455078125 10.107288360595703
      vertex 8.399993896484375 4.4000244140625 10.133976936340332
      vertex 8.399993896484375 4.158843994140625 10.034074783325195
    endloop
  endfacet
  facet normal -0.003035848554163186 0.6151022533983137 -0.7884415016270219
    outer loop
      vertex 5.3206024169921875 4.350616455078125 10.107288360595703
      vertex 4.6174774169921875 4.663330078125 10.353959083557129
      vertex 8.399993896484375 4.4000244140625 10.133976936340332
    endloop
  endfacet
  facet normal -0.0037601409419366896 0.6087810621870443 -0.7933293639230247
    outer loop
      vertex 4.6174774169921875 4.663330078125 10.353959083557129
      vertex 8.399993896484375 4.60711669921875 10.29289436340332
      vertex 8.399993896484375 4.4000244140625 10.133976936340332
    endloop
  endfacet
  facet normal 0.0019615666652168136 0.7933256479955003 -0.6087943564856177
    outer loop
      vertex 4.6174774169921875 4.663330078125 10.353959083557129
      vertex 8.399993896484375 4.76605224609375 10.500004768371582
      vertex 8.399993896484375 4.60711669921875 10.29289436340332
    endloop
  endfacet
  facet normal 0.0016047128019884014 0.9239007734094477 -0.3826287832746609
    outer loop
      vertex 3.828338623046875 4.841705322265625 10.663504600524902
      vertex 8.399993896484375 4.865936279296875 10.741186141967773
      vertex 8.399993896484375 4.76605224609375 10.500004768371582
    endloop
  endfacet
  facet normal 3.5019172048627826e-7 0.13051762039545944 -0.9914459898381677
    outer loop
      vertex 5.8284149169921875 3.9000244140625 10.000001907348633
      vertex 8.399993896484375 4.158843994140625 10.034074783325195
      vertex 13.79998779296875 4.158843994140625 10.034076690673828
    endloop
  endfacet
  facet normal 0 0.000014620567042509575 -0.9999999998931195
    outer loop
      vertex 5.8284149169921875 3.9000244140625 10.000001907348633
      vertex 20.369320678710938 3.76956787109375 10
      vertex 5.8663787841796875 3.76956787109375 10
    endloop
  endfacet
  facet normal -4.894881422895797e-7 0.38268981507668554 -0.9238768886796187
    outer loop
      vertex 8.399993896484375 4.158843994140625 10.034074783325195
      vertex 8.399993896484375 4.4000244140625 10.133976936340332
      vertex 13.79998779296875 4.4000244140625 10.133974075317383
    endloop
  endfacet
  facet normal 2.8021631204876974e-7 0.6087853659068541 -0.7933349722894986
    outer loop
      vertex 8.399993896484375 4.4000244140625 10.133976936340332
      vertex 8.399993896484375 4.60711669921875 10.29289436340332
      vertex 13.79998779296875 4.60711669921875 10.292896270751953
    endloop
  endfacet
  facet normal -6.451036833040624e-7 0.7933271742566543 -0.6087955277312209
    outer loop
      vertex 8.399993896484375 4.60711669921875 10.29289436340332
      vertex 8.399993896484375 4.76605224609375 10.500004768371582
      vertex 13.79998779296875 4.76605224609375 10.499999046325684
    endloop
  endfacet
  facet normal -4.054490284483616e-7 0.9239019629815776 -0.3826292759298786
    outer loop
      vertex 8.399993896484375 4.76605224609375 10.500004768371582
      vertex 8.399993896484375 4.865936279296875 10.741186141967773
      vertex 13.79998779296875 4.865936279296875 10.741180419921875
    endloop
  endfacet
  facet normal 0 1 0
    outer loop
      vertex 2.9999847412109375 4.9000244140625 11.000000953674316
      vertex 4.268280029296875 4.9000244140625 21.133441925048828
      vertex 8.386245727539062 4.9000244140625 14.000831604003906
    endloop
  endfacet
  facet normal 0.08492695334301105 0.9951800207823982 0.04903201843101665
    outer loop
      vertex 8.386245727539062 4.9000244140625 14.000831604003906
      vertex 4.268280029296875 4.9000244140625 21.133441925048828
      vertex 8.4989013671875 4.88079833984375 14.195926666259766
    endloop
  endfacet
  facet normal 0.3302640151822665 0.9239031233320368 0.19320636369694155
    outer loop
      vertex 8.607192993164062 4.823883056640625 14.383511543273926
      vertex 6.5514068603515625 4.865936279296875 17.696544647216797
      vertex 6.760284423828125 4.76605224609375 17.8171329498291
    endloop
  endfacet
  facet normal 0.0018629163641589856 0.9952820003054023 0.09700654313342753
    outer loop
      vertex 8.386245727539062 4.9000244140625 14.000831604003906
      vertex 8.4989013671875 4.88079833984375 14.195926666259766
      vertex 13.120819091796875 4.865936279296875 14.259651184082031
    endloop
  endfacet
  facet normal 0.8606381209536864 0.09824130739885659 0.49965054816528637
    outer loop
      vertex 8.963607788085938 3.9000244140625 15.000831604003906
      vertex 8.952499389648438 4.0950927734375 14.981611251831055
      vertex 7.163787841796875 4.158843994140625 18.05009651184082
    endloop
  endfacet
  facet normal 0.8293939884984998 0.2900782757236591 0.47745178373919545
    outer loop
      vertex 8.952499389648438 4.0950927734375 14.981611251831055
      vertex 8.919647216796875 4.282684326171875 14.924707412719727
      vertex 7.163787841796875 4.158843994140625 18.05009651184082
    endloop
  endfacet
  facet normal 0.252487026702264 0.956745547037489 0.1445277121211908
    outer loop
      vertex 8.4989013671875 4.88079833984375 14.195926666259766
      vertex 6.5514068603515625 4.865936279296875 17.696544647216797
      vertex 8.607192993164062 4.823883056640625 14.383511543273926
    endloop
  endfacet
  facet normal 0.7645294499052596 0.4710258292440131 0.440033394656077
    outer loop
      vertex 8.919647216796875 4.282684326171875 14.924707412719727
      vertex 8.866302490234375 4.455596923828125 14.83229923248291
      vertex 7.0772552490234375 4.4000244140625 18.000139236450195
    endloop
  endfacet
  facet normal 0.6694096250410199 0.6344482588925614 0.3864791853265046
    outer loop
      vertex 8.866302490234375 4.455596923828125 14.83229923248291
      vertex 8.79449462890625 4.60711669921875 14.707939147949219
      vertex 6.93963623046875 4.60711669921875 17.920686721801758
    endloop
  endfacet
  facet normal 0.5493779747606209 0.773033551085854 0.31717971206165296
    outer loop
      vertex 8.79449462890625 4.60711669921875 14.707939147949219
      vertex 8.707000732421875 4.731475830078125 14.556395530700684
      vertex 6.93963623046875 4.60711669921875 17.920686721801758
    endloop
  endfacet
  facet normal 0.409248986969238 0.8816460442011074 0.23497982766440093
    outer loop
      vertex 8.607192993164062 4.823883056640625 14.383511543273926
      vertex 6.760284423828125 4.76605224609375 17.8171329498291
      vertex 8.707000732421875 4.731475830078125 14.556395530700684
    endloop
  endfacet
  facet normal -0.0010262395748312906 0.29011323295851943 0.95699177577171
    outer loop
      vertex 8.952499389648438 4.0950927734375 14.981611251831055
      vertex 13.120803833007812 4.158843994140625 14.966754913330078
      vertex 8.919647216796875 4.282684326171875 14.924707412719727
    endloop
  endfacet
  facet normal -0.0009333016456840239 0.9567730448319275 0.29083409296552637
    outer loop
      vertex 8.4989013671875 4.88079833984375 14.195926666259766
      vertex 8.607192993164062 4.823883056640625 14.383511543273926
      vertex 13.120819091796875 4.865936279296875 14.259651184082031
    endloop
  endfacet
  facet normal 0.0000011927523880591059 0.634427209994187 0.7729826099063091
    outer loop
      vertex 8.866302490234375 4.455596923828125 14.83229923248291
      vertex 13.120803833007812 4.60711669921875 14.707932472229004
      vertex 8.79449462890625 4.60711669921875 14.707939147949219
    endloop
  endfacet
  facet normal -0.0009673387515934644 0.8816911008972557 0.47182609810641574
    outer loop
      vertex 8.607192993164062 4.823883056640625 14.383511543273926
      vertex 8.707000732421875 4.731475830078125 14.556395530700684
      vertex 13.120819091796875 4.76605224609375 14.500832557678223
    endloop
  endfacet
  facet normal 9.78856634994127e-7 0.7730344987122232 0.6343639836874282
    outer loop
      vertex 8.79449462890625 4.60711669921875 14.707939147949219
      vertex 13.120803833007812 4.60711669921875 14.707932472229004
      vertex 8.707000732421875 4.731475830078125 14.556395530700684
    endloop
  endfacet
  facet normal -0.0010099350642534335 0.4710925184465932 0.8820832268526662
    outer loop
      vertex 8.919647216796875 4.282684326171875 14.924707412719727
      vertex 13.120803833007812 4.4000244140625 14.866849899291992
      vertex 8.866302490234375 4.455596923828125 14.83229923248291
    endloop
  endfacet
  facet normal -0.6086990132474628 -0.7934012296884736 -6.188169221388473e-7
    outer loop
      vertex 0.5 0.134002685546875 17.49064064025879
      vertex 0.433746337890625 0.1848297119140625 21.229272842407227
      vertex 0.292877197265625 0.29290771484375 17.490636825561523
    endloop
  endfacet
  facet normal -0.7933296788935023 -0.6087922639018439 0
    outer loop
      vertex 0.292877197265625 0.29290771484375 17.490636825561523
      vertex 0.1339569091796875 0.5 21.056194305419922
      vertex 0.1339569091796875 0.5 17.490633010864258
    endloop
  endfacet
  facet normal -0.9239014281099691 -0.38263056743520507 7.567901080743827e-7
    outer loop
      vertex 0.1339569091796875 0.5 17.490633010864258
      vertex 0.0984954833984375 0.58563232421875 21.035717010498047
      vertex 0.0340728759765625 0.741180419921875 17.490642547607422
    endloop
  endfacet
  facet normal -0.6087643938266997 -0.7933510652937716 -0.000002459439226074488
    outer loop
      vertex 0.5 0.134002685546875 17.49064064025879
      vertex 0.4999847412109375 0.134002685546875 21.267520904541016
      vertex 0.433746337890625 0.1848297119140625 21.229272842407227
    endloop
  endfacet
  facet normal -0.793302155888084 -0.6088281280068816 0.0000033097610917971567
    outer loop
      vertex 0.292877197265625 0.29290771484375 17.490636825561523
      vertex 0.2928924560546875 0.29290771484375 21.14794921875
      vertex 0.1339569091796875 0.5 21.056194305419922
    endloop
  endfacet
  facet normal -0.6087517803884496 -0.7933607438406833 0.0000025397926153829608
    outer loop
      vertex 0.292877197265625 0.29290771484375 17.490636825561523
      vertex 0.433746337890625 0.1848297119140625 21.229272842407227
      vertex 0.2928924560546875 0.29290771484375 21.14794921875
    endloop
  endfacet
  facet normal -0.923895330679167 -0.3826452899869966 0
    outer loop
      vertex 0.0340728759765625 0.741180419921875 17.490642547607422
      vertex 0.0984954833984375 0.58563232421875 21.035717010498047
      vertex 0.0340728759765625 0.741180419921875 20.998519897460938
    endloop
  endfacet
  facet normal -0.9914492972998293 -0.13049249359129558 0
    outer loop
      vertex 0.0340728759765625 0.741180419921875 17.490642547607422
      vertex 0.0340728759765625 0.741180419921875 20.998519897460938
      vertex 0.023223876953125 0.8236083984375 20.99225616455078
    endloop
  endfacet
  facet normal -0.9914437931860466 -0.13053430565127677 0.0000010013091364254438
    outer loop
      vertex 0.0340728759765625 0.741180419921875 17.490642547607422
      vertex 0.023223876953125 0.8236083984375 20.99225616455078
      vertex 0 1 20.97884750366211
    endloop
  endfacet
  facet normal -0.9239125035141551 -0.38260382362204143 0
    outer loop
      vertex 0.1339569091796875 0.5 17.490633010864258
      vertex 0.1339569091796875 0.5 21.056194305419922
      vertex 0.0984954833984375 0.58563232421875 21.035717010498047
    endloop
  endfacet
  facet normal -0.5000382652063607 -0.000006080659209200234 0.8660033102087075
    outer loop
      vertex 0.0984954833984375 0.58563232421875 21.035717010498047
      vertex 0.023223876953125 0.8236083984375 20.99225616455078
      vertex 0.0340728759765625 0.741180419921875 20.998519897460938
    endloop
  endfacet
  facet normal -0.5000548568580523 -0.000007915403765382341 0.8659937298098752
    outer loop
      vertex 0.1339569091796875 0.5 21.056194305419922
      vertex 0 1 20.97884750366211
      vertex 0.023223876953125 0.8236083984375 20.99225616455078
    endloop
  endfacet
  facet normal -0.5002044219167715 -0.00007616166399788431 0.8659073452132793
    outer loop
      vertex 0.1339569091796875 0.5 21.056194305419922
      vertex 0.023223876953125 0.8236083984375 20.99225616455078
      vertex 0.0984954833984375 0.58563232421875 21.035717010498047
    endloop
  endfacet
  facet normal -0.5000078277546461 -8.050382538066172e-7 0.8660208843806435
    outer loop
      vertex 0.2928924560546875 0.29290771484375 21.14794921875
      vertex 0.433746337890625 0.1848297119140625 21.229272842407227
      vertex 0 3.9000244140625 20.97884750366211
    endloop
  endfacet
  facet normal -0.5000568430811707 -0.000008435224988598442 0.8659925828877175
    outer loop
      vertex 0.4999847412109375 0.134002685546875 21.267520904541016
      vertex 0 3.9000244140625 20.97884750366211
      vertex 0.433746337890625 0.1848297119140625 21.229272842407227
    endloop
  endfacet
  facet normal -0.4999893460590774 0.000003513091595842839 0.866031554745596
    outer loop
      vertex 0.4999847412109375 0.134002685546875 21.267520904541016
      vertex 0.670013427734375 0.063568115234375 21.365684509277344
      vertex 0 3.9000244140625 20.97884750366211
    endloop
  endfacet
  facet normal -0.4999603722743101 0.00001025978342992679 0.8660482815929319
    outer loop
      vertex 0.741180419921875 0.034088134765625 21.406768798828125
      vertex 0 3.9000244140625 20.97884750366211
      vertex 0.670013427734375 0.063568115234375 21.365684509277344
    endloop
  endfacet
  facet normal -0.49996993808529416 0.0000032970444326706622 0.8660427593370413
    outer loop
      vertex 0.2928924560546875 0.29290771484375 21.14794921875
      vertex 0 3.9000244140625 20.97884750366211
      vertex 0.1339569091796875 0.5 21.056194305419922
    endloop
  endfacet
  facet normal -1 0 0
    outer loop
      vertex 0 1 20.97884750366211
      vertex 0 3.9000244140625 20.97884750366211
      vertex 0 1 10
    endloop
  endfacet
  facet normal -0.5000326995614419 0 0.8660065238607021
    outer loop
      vertex 0.1339569091796875 0.5 21.056194305419922
      vertex 0 3.9000244140625 20.97884750366211
      vertex 0 1 20.97884750366211
    endloop
  endfacet
  facet normal -0.5000249982302124 -0.000008469316104597936 0.8660109705270175
    outer loop
      vertex 1 0 21.556198120117188
      vertex 0.0154876708984375 4.0176849365234375 20.987791061401367
      vertex 0 3.9000244140625 20.97884750366211
    endloop
  endfacet
  facet normal -0.499958370213024 0.000013299662973548809 0.8660494373169789
    outer loop
      vertex 1 0 21.556198120117188
      vertex 0.023223876953125 4.0764007568359375 20.99225616455078
      vertex 0.0154876708984375 4.0176849365234375 20.987791061401367
    endloop
  endfacet
  facet normal -0.5000079593958837 -0.0000025433800739535716 0.8660208083725791
    outer loop
      vertex 1 0 21.556198120117188
      vertex 0.0698394775390625 4.245208740234375 21.0191707611084
      vertex 0.023223876953125 4.0764007568359375 20.99225616455078
    endloop
  endfacet
  facet normal -0.5000350383999363 -0.00001045447687056993 0.866005173346602
    outer loop
      vertex 1 0 21.556198120117188
      vertex 0.1339569091796875 4.4000244140625 21.056194305419922
      vertex 0.0698394775390625 4.245208740234375 21.0191707611084
    endloop
  endfacet
  facet normal -0.49997765946228245 0.000004603834421617849 0.8660383017034655
    outer loop
      vertex 1 0 21.556198120117188
      vertex 0.2928924560546875 4.60711669921875 21.14794921875
      vertex 0.1339569091796875 4.4000244140625 21.056194305419922
    endloop
  endfacet
  facet normal -0.13061107932013175 -0.9914336820779789 3.6256306825623413e-7
    outer loop
      vertex 0.7411651611328125 0.034088134765625 11.993753433227539
      vertex 0.8902587890625 0.0144500732421875 21.492841720581055
      vertex 0.741180419921875 0.034088134765625 17.490636825561523
    endloop
  endfacet
  facet normal -0.13054685134819577 -0.9914421413287982 -6.630200554949899e-7
    outer loop
      vertex 0.7411651611328125 0.034088134765625 11.993753433227539
      vertex 1 0 21.556198120117188
      vertex 0.8902587890625 0.0144500732421875 21.492841720581055
    endloop
  endfacet
  facet normal -0.3827303502421738 -0.9238600970943177 -6.168252886279446e-7
    outer loop
      vertex 0.741180419921875 0.034088134765625 17.490636825561523
      vertex 0.670013427734375 0.063568115234375 21.365684509277344
      vertex 0.5 0.134002685546875 17.49064064025879
    endloop
  endfacet
  facet normal 0 -1 0
    outer loop
      vertex 2.9999847412109375 0 11.000000953674316
      vertex 4.268280029296875 0 21.133441925048828
      vertex 1 0 21.556198120117188
    endloop
  endfacet
  facet normal -0.38270168329787646 -0.9238719725161987 0
    outer loop
      vertex 0.741180419921875 0.034088134765625 17.490636825561523
      vertex 0.741180419921875 0.034088134765625 21.406768798828125
      vertex 0.670013427734375 0.063568115234375 21.365684509277344
    endloop
  endfacet
  facet normal -0.38271227078417913 -0.9238675867183709 -0.0000015461771099158675
    outer loop
      vertex 0.5 0.134002685546875 17.49064064025879
      vertex 0.670013427734375 0.063568115234375 21.365684509277344
      vertex 0.4999847412109375 0.134002685546875 21.267520904541016
    endloop
  endfacet
  facet normal -0.1306261837601964 -0.9914316921080583 0
    outer loop
      vertex 0.741180419921875 0.034088134765625 17.490636825561523
      vertex 0.8346405029296875 0.0217742919921875 21.460729598999023
      vertex 0.741180419921875 0.034088134765625 21.406768798828125
    endloop
  endfacet
  facet normal -0.1305591418270443 -0.9914405229174404 -0.0000016056264171822056
    outer loop
      vertex 0.741180419921875 0.034088134765625 17.490636825561523
      vertex 0.8902587890625 0.0144500732421875 21.492841720581055
      vertex 0.8346405029296875 0.0217742919921875 21.460729598999023
    endloop
  endfacet
  facet normal -0.5000106365171794 -0.000002566163033254829 0.8660192626974876
    outer loop
      vertex 0.8346405029296875 0.0217742919921875 21.460729598999023
      vertex 0.8902587890625 0.0144500732421875 21.492841720581055
      vertex 0 3.9000244140625 20.97884750366211
    endloop
  endfacet
  facet normal -0.49998334199543204 0.000005772087550725569 0.8660350210550158
    outer loop
      vertex 0.8902587890625 0.0144500732421875 21.492841720581055
      vertex 1 0 21.556198120117188
      vertex 0 3.9000244140625 20.97884750366211
    endloop
  endfacet
  facet normal -0.5000113664713103 -0.0000027756233667227326 0.8660188412452635
    outer loop
      vertex 0.741180419921875 0.034088134765625 21.406768798828125
      vertex 0.8346405029296875 0.0217742919921875 21.460729598999023
      vertex 0 3.9000244140625 20.97884750366211
    endloop
  endfacet
  facet normal -0.5000559713616751 -0.000011422264432139043 0.8659930862166646
    outer loop
      vertex 1 0 21.556198120117188
      vertex 0.3607177734375 4.6591644287109375 21.187114715576172
      vertex 0.2928924560546875 4.60711669921875 21.14794921875
    endloop
  endfacet
  facet normal -0.5000009354603345 -0.000001353503402229449 0.8660248636944313
    outer loop
      vertex 1 0 21.556198120117188
      vertex 0.4999847412109375 4.76605224609375 21.267520904541016
      vertex 0.3607177734375 4.6591644287109375 21.187114715576172
    endloop
  endfacet
  facet normal -0.49994960540241046 0.000005826508954376231 0.8660544971443922
    outer loop
      vertex 1 0 21.556198120117188
      vertex 0.5735931396484375 4.7965240478515625 21.310012817382812
      vertex 0.4999847412109375 4.76605224609375 21.267520904541016
    endloop
  endfacet
  facet normal -0.49999778819274276 1.1540335499530903e-7 0.8660266807681803
    outer loop
      vertex 1 0 21.556198120117188
      vertex 0.741180419921875 4.865936279296875 21.406768798828125
      vertex 0.5735931396484375 4.7965240478515625 21.310012817382812
    endloop
  endfacet
  facet normal -0.5000110110390654 -8.223648588132828e-7 0.866019046464346
    outer loop
      vertex 1 0 21.556198120117188
      vertex 0.8346405029296875 4.87823486328125 21.460729598999023
      vertex 0.741180419921875 4.865936279296875 21.406768798828125
    endloop
  endfacet
  facet normal -0.49999281566902926 0 0.8660295516201258
    outer loop
      vertex 1 0 21.556198120117188
      vertex 1 4.9000244140625 21.556198120117188
      vertex 0.8346405029296875 4.87823486328125 21.460729598999023
    endloop
  endfacet
  facet normal -0.5000004011972953 0 0.8660251721529484
    outer loop
      vertex 1 0 21.556198120117188
      vertex 7.470855712890625 1.7783050537109375 25.292152404785156
      vertex 1 4.9000244140625 21.556198120117188
    endloop
  endfacet
  facet normal -0.9914437137463565 0.13053490901989648 0
    outer loop
      vertex 0.0340728759765625 4.158843994140625 11.993759155273438
      vertex 0.0154876708984375 4.0176849365234375 20.987791061401367
      vertex 0.0340728759765625 4.158843994140625 17.490642547607422
    endloop
  endfacet
  facet normal -0.9914477250486657 0.13050443860493346 -4.865143889969704e-7
    outer loop
      vertex 0.0340728759765625 4.158843994140625 11.993759155273438
      vertex 0 3.9000244140625 20.97884750366211
      vertex 0.0154876708984375 4.0176849365234375 20.987791061401367
    endloop
  endfacet
  facet normal -0.9239014281208124 0.38263056740977086 0
    outer loop
      vertex 0.0340728759765625 4.158843994140625 17.490642547607422
      vertex 0.0340728759765625 4.158843994140625 20.998519897460938
      vertex 0.1339569091796875 4.4000244140625 17.490633010864258
    endloop
  endfacet
  facet normal -0.7933296788935023 0.6087922639018439 0
    outer loop
      vertex 0.1339569091796875 4.4000244140625 17.490633010864258
      vertex 0.1339569091796875 4.4000244140625 21.056194305419922
      vertex 0.292877197265625 4.60711669921875 17.490636825561523
    endloop
  endfacet
  facet normal -0.6087725923708156 0.7933447742133718 0.0000025398794457148423
    outer loop
      vertex 0.292877197265625 4.60711669921875 17.490636825561523
      vertex 0.2928924560546875 4.60711669921875 21.14794921875
      vertex 0.5 4.76605224609375 17.49064064025879
    endloop
  endfacet
  facet normal -0.9914315170893563 0.13062751206173034 0.0000038026510561153455
    outer loop
      vertex 0.0340728759765625 4.158843994140625 17.490642547607422
      vertex 0.0154876708984375 4.0176849365234375 20.987791061401367
      vertex 0.023223876953125 4.0764007568359375 20.99225616455078
    endloop
  endfacet
  facet normal -0.9914524217130231 0.13046875288505635 0
    outer loop
      vertex 0.0340728759765625 4.158843994140625 17.490642547607422
      vertex 0.023223876953125 4.0764007568359375 20.99225616455078
      vertex 0.0340728759765625 4.158843994140625 20.998519897460938
    endloop
  endfacet
  facet normal -0.9239053646893877 0.3826210620151265 -7.656220126098337e-7
    outer loop
      vertex 0.1339569091796875 4.4000244140625 17.490633010864258
      vertex 0.0340728759765625 4.158843994140625 20.998519897460938
      vertex 0.0698394775390625 4.245208740234375 21.0191707611084
    endloop
  endfacet
  facet normal -0.923899195953898 0.3826359571652158 0
    outer loop
      vertex 0.1339569091796875 4.4000244140625 17.490633010864258
      vertex 0.0698394775390625 4.245208740234375 21.0191707611084
      vertex 0.1339569091796875 4.4000244140625 21.056194305419922
    endloop
  endfacet
  facet normal -0.500025108879491 0.00000377109461994867 0.8660109066725615
    outer loop
      vertex 0.023223876953125 4.0764007568359375 20.99225616455078
      vertex 0.0698394775390625 4.245208740234375 21.0191707611084
      vertex 0.0340728759765625 4.158843994140625 20.998519897460938
    endloop
  endfacet
  facet normal -0.793302155888084 0.6088281280068816 0.0000033097610917971567
    outer loop
      vertex 0.292877197265625 4.60711669921875 17.490636825561523
      vertex 0.1339569091796875 4.4000244140625 21.056194305419922
      vertex 0.2928924560546875 4.60711669921875 21.14794921875
    endloop
  endfacet
  facet normal -0.6087878624236293 0.7933330565180735 0.0000011659452160314171
    outer loop
      vertex 0.5 4.76605224609375 17.49064064025879
      vertex 0.2928924560546875 4.60711669921875 21.14794921875
      vertex 0.3607177734375 4.6591644287109375 21.187114715576172
    endloop
  endfacet
  facet normal -0.608848421171154 0.7932865812752301 -0.0000024597787008353472
    outer loop
      vertex 0.5 4.76605224609375 17.49064064025879
      vertex 0.3607177734375 4.6591644287109375 21.187114715576172
      vertex 0.4999847412109375 4.76605224609375 21.267520904541016
    endloop
  endfacet
  facet normal -0.3826305674301843 0.923901428111065 -0.0000015458470241950954
    outer loop
      vertex 0.5 4.76605224609375 17.49064064025879
      vertex 0.4999847412109375 4.76605224609375 21.267520904541016
      vertex 0.741180419921875 4.865936279296875 17.490636825561523
    endloop
  endfacet
  facet normal 0 1 0
    outer loop
      vertex 2.9999847412109375 4.9000244140625 11.000000953674316
      vertex 1 4.9000244140625 21.556198120117188
      vertex 4.268280029296875 4.9000244140625 21.133441925048828
    endloop
  endfacet
  facet normal -0.38249692997661866 0.9239567622389208 0.000008451751892893834
    outer loop
      vertex 0.741180419921875 4.865936279296875 17.490636825561523
      vertex 0.4999847412109375 4.76605224609375 21.267520904541016
      vertex 0.5735931396484375 4.7965240478515625 21.310012817382812
    endloop
  endfacet
  facet normal -0.3826613495180991 0.9238886792168131 0
    outer loop
      vertex 0.741180419921875 4.865936279296875 17.490636825561523
      vertex 0.5735931396484375 4.7965240478515625 21.310012817382812
      vertex 0.741180419921875 4.865936279296875 21.406768798828125
    endloop
  endfacet
  facet normal -0.1304670742759532 0.9914526426057237 0
    outer loop
      vertex 0.741180419921875 4.865936279296875 17.490636825561523
      vertex 0.741180419921875 4.865936279296875 21.406768798828125
      vertex 0.8346405029296875 4.87823486328125 21.460729598999023
    endloop
  endfacet
  facet normal -0.13064387002843447 0.991429361682448 0.000004234074378547807
    outer loop
      vertex 0.741180419921875 4.865936279296875 17.490636825561523
      vertex 0.8346405029296875 4.87823486328125 21.460729598999023
      vertex 1 4.9000244140625 21.556198120117188
    endloop
  endfacet
  facet normal 0.08493725508993552 -0.9951788485397121 0.04903796607690749
    outer loop
      vertex 8.386245727539062 0 14.000831604003906
      vertex 4.5347747802734375 0.01922607421875 21.062028884887695
      vertex 4.268280029296875 0 21.133441925048828
    endloop
  endfacet
  facet normal 0.13125078656470446 -0.9885623514149994 0.07428127887289937
    outer loop
      vertex 8.386245727539062 0 14.000831604003906
      vertex 6.5514068603515625 0.034088134765625 17.696544647216797
      vertex 4.5347747802734375 0.01922607421875 21.062028884887695
    endloop
  endfacet
  facet normal 0.5263416821221678 -0.7933679042484955 0.3058296947144878
    outer loop
      vertex 8.707000732421875 0.168548583984375 14.556395530700684
      vertex 6.93963623046875 0.29290771484375 17.920686721801758
      vertex 6.760284423828125 0.134002685546875 17.8171329498291
    endloop
  endfacet
  facet normal 0.33259086369538177 -0.923861624243899 0.1893753327014497
    outer loop
      vertex 6.5514068603515625 0.034088134765625 17.696544647216797
      vertex 6.760284423828125 0.134002685546875 17.8171329498291
      vertex 4.7910308837890625 0.076141357421875 20.993364334106445
    endloop
  endfacet
  facet normal 0.5280855772174905 -0.7933677073868225 0.3028090223402321
    outer loop
      vertex 6.760284423828125 0.134002685546875 17.8171329498291
      vertex 6.93963623046875 0.29290771484375 17.920686721801758
      vertex 5.027191162109375 0.168548583984375 20.930082321166992
    endloop
  endfacet
  facet normal 0.6880387162315149 -0.6087610591494534 0.39498442732559036
    outer loop
      vertex 6.93963623046875 0.29290771484375 17.920686721801758
      vertex 7.0772552490234375 0.5 18.000139236450195
      vertex 5.404083251953125 0.4444580078125 20.829099655151367
    endloop
  endfacet
  facet normal 0.8014196776904902 -0.3827404716126427 0.45960442948279195
    outer loop
      vertex 7.0772552490234375 0.5 18.000139236450195
      vertex 7.163787841796875 0.741180419921875 18.05009651184082
      vertex 5.5303192138671875 0.617340087890625 20.795272827148438
    endloop
  endfacet
  facet normal 0.8557576435735174 -0.1479462415877927 0.4957728966629252
    outer loop
      vertex 8.952499389648438 0.804931640625 14.981611251831055
      vertex 5.6342926025390625 1 20.767406463623047
      vertex 7.163787841796875 0.741180419921875 18.05009651184082
    endloop
  endfacet
  facet normal 0.25175808128425636 -0.9566175107123698 0.14663153380681387
    outer loop
      vertex 6.5514068603515625 0.034088134765625 17.696544647216797
      vertex 4.7910308837890625 0.076141357421875 20.993364334106445
      vertex 4.5347747802734375 0.01922607421875 21.062028884887695
    endloop
  endfacet
  facet normal 0.4084494228827811 -0.8814275442972092 0.23718042309793333
    outer loop
      vertex 6.760284423828125 0.134002685546875 17.8171329498291
      vertex 5.027191162109375 0.168548583984375 20.930082321166992
      vertex 4.7910308837890625 0.076141357421875 20.993364334106445
    endloop
  endfacet
  facet normal 0.5493592913240505 -0.773051709615887 0.31716781566844293
    outer loop
      vertex 6.93963623046875 0.29290771484375 17.920686721801758
      vertex 5.2342071533203125 0.29290771484375 20.874622344970703
      vertex 5.027191162109375 0.168548583984375 20.930082321166992
    endloop
  endfacet
  facet normal 0.669487420548426 -0.634339624481676 0.3865227477650717
    outer loop
      vertex 6.93963623046875 0.29290771484375 17.920686721801758
      vertex 5.404083251953125 0.4444580078125 20.829099655151367
      vertex 5.2342071533203125 0.29290771484375 20.874622344970703
    endloop
  endfacet
  facet normal 0.7633571390372009 -0.4708619739019118 0.44223848748625993
    outer loop
      vertex 7.0772552490234375 0.5 18.000139236450195
      vertex 5.5303192138671875 0.617340087890625 20.795272827148438
      vertex 5.404083251953125 0.4444580078125 20.829099655151367
    endloop
  endfacet
  facet normal 0.8281625704420654 -0.2898764196901431 0.47970659597968324
    outer loop
      vertex 7.163787841796875 0.741180419921875 18.05009651184082
      vertex 5.6080474853515625 0.804931640625 20.77444076538086
      vertex 5.5303192138671875 0.617340087890625 20.795272827148438
    endloop
  endfacet
  facet normal 0.8574679005732189 -0.14698142225466632 0.49309761812297576
    outer loop
      vertex 7.163787841796875 0.741180419921875 18.05009651184082
      vertex 5.627716064453125 0.902008056640625 20.769174575805664
      vertex 5.6080474853515625 0.804931640625 20.77444076538086
    endloop
  endfacet
  facet normal 0.4402559191212348 -0.471033451515684 -0.7643966334514684
    outer loop
      vertex 5.404083251953125 0.4444580078125 20.829099655151367
      vertex 5.5303192138671875 0.617340087890625 20.795272827148438
      vertex 9.464401245117188 0.5 23.1334228515625
    endloop
  endfacet
  facet normal 0.47769130007216704 -0.29002182190897097 -0.82927580734757
    outer loop
      vertex 5.5303192138671875 0.617340087890625 20.795272827148438
      vertex 5.6080474853515625 0.804931640625 20.77444076538086
      vertex 9.514358520507812 0.741180419921875 23.046905517578125
    endloop
  endfacet
  facet normal 0.4956009799760301 -0.14685199920937406 -0.8560456523895257
    outer loop
      vertex 5.6080474853515625 0.804931640625 20.77444076538086
      vertex 5.627716064453125 0.902008056640625 20.769174575805664
      vertex 9.514358520507812 0.741180419921875 23.046905517578125
    endloop
  endfacet
  facet normal 0.8683569531825471 -0.04937407881514391 0.49347583750441093
    outer loop
      vertex 7.163787841796875 0.741180419921875 18.05009651184082
      vertex 5.6342926025390625 1 20.767406463623047
      vertex 5.627716064453125 0.902008056640625 20.769174575805664
    endloop
  endfacet
  facet normal 0.8660265978604816 0 0.4999979317939223
    outer loop
      vertex 8.963607788085938 1 15.000831604003906
      vertex 5.6342926025390625 3.9000244140625 20.767406463623047
      vertex 5.6342926025390625 1 20.767406463623047
    endloop
  endfacet
  facet normal 0.4999996502076604 0 -0.8660256057370459
    outer loop
      vertex 5.6342926025390625 1 20.767406463623047
      vertex 5.6342926025390625 3.9000244140625 20.767406463623047
      vertex 8.970993041992188 1.7783050537109375 22.693849563598633
    endloop
  endfacet
  facet normal 0.6861837995718117 -0.6087612614826599 0.3981978399278836
    outer loop
      vertex 8.866302490234375 0.4444580078125 14.83229923248291
      vertex 7.0772552490234375 0.5 18.000139236450195
      vertex 6.93963623046875 0.29290771484375 17.920686721801758
    endloop
  endfacet
  facet normal 0.798890548320381 -0.38274072768211537 0.4639864515023321
    outer loop
      vertex 8.919647216796875 0.617340087890625 14.924707412719727
      vertex 7.163787841796875 0.741180419921875 18.05009651184082
      vertex 7.0772552490234375 0.5 18.000139236450195
    endloop
  endfacet
  facet normal 0.8618487905143001 -0.09810681651142471 0.49758588690097694
    outer loop
      vertex 8.952499389648438 0.804931640625 14.981611251831055
      vertex 8.963607788085938 1 15.000831604003906
      vertex 5.6342926025390625 1 20.767406463623047
    endloop
  endfacet
  facet normal 0.8660265978604816 0 0.4999979317939223
    outer loop
      vertex 8.963607788085938 1 15.000831604003906
      vertex 8.963607788085938 3.9000244140625 15.000831604003906
      vertex 5.6342926025390625 3.9000244140625 20.767406463623047
    endloop
  endfacet
  facet normal 0.14483115824684967 -0.9566994837670814 -0.25248768952302675
    outer loop
      vertex 4.5347747802734375 0.01922607421875 21.062028884887695
      vertex 4.7910308837890625 0.076141357421875 20.993364334106445
      vertex 9.160797119140625 0.034088134765625 23.659278869628906
    endloop
  endfacet
  facet normal 0.049640894202614895 -0.995335629724649 -0.08272101198245527
    outer loop
      vertex 4.268280029296875 0 21.133441925048828
      vertex 4.5347747802734375 0.01922607421875 21.062028884887695
      vertex 9.160797119140625 0.034088134765625 23.659278869628906
    endloop
  endfacet
  facet normal 0.235288426151317 -0.8815681964207966 -0.4092393817542736
    outer loop
      vertex 4.7910308837890625 0.076141357421875 20.993364334106445
      vertex 5.027191162109375 0.168548583984375 20.930082321166992
      vertex 9.281387329101562 0.134002685546875 23.450410842895508
    endloop
  endfacet
  facet normal 0.3171892070060426 -0.7730219052471815 -0.5493888795442582
    outer loop
      vertex 5.027191162109375 0.168548583984375 20.930082321166992
      vertex 5.2342071533203125 0.29290771484375 20.874622344970703
      vertex 9.38494873046875 0.29290771484375 23.27104949951172
    endloop
  endfacet
  facet normal 0.3865201267606603 -0.6343556109735683 -0.6694737862196504
    outer loop
      vertex 5.2342071533203125 0.29290771484375 20.874622344970703
      vertex 5.404083251953125 0.4444580078125 20.829099655151367
      vertex 9.38494873046875 0.29290771484375 23.27104949951172
    endloop
  endfacet
  facet normal -0.49999997716436906 -0.000002057277413736852 0.8660254169661524
    outer loop
      vertex 1 0 21.556198120117188
      vertex 8.553390502929688 1.0566253662109375 25.917152404785156
      vertex 7.470855712890625 1.7783050537109375 25.292152404785156
    endloop
  endfacet
  facet normal -0.5000004011972953 0 0.8660251721529483
    outer loop
      vertex 7.470855712890625 1.7783050537109375 25.292152404785156
      vertex 7.470855712890625 3.2216796875 25.292152404785156
      vertex 1 4.9000244140625 21.556198120117188
    endloop
  endfacet
  facet normal 0.3054832839002261 -0.7933855030436103 -0.5265162930221358
    outer loop
      vertex 5.027191162109375 0.168548583984375 20.930082321166992
      vertex 9.38494873046875 0.29290771484375 23.27104949951172
      vertex 9.281387329101562 0.134002685546875 23.450410842895508
    endloop
  endfacet
  facet normal 0.1928131292331779 -0.9238586390354239 -0.33061807614666827
    outer loop
      vertex 4.7910308837890625 0.076141357421875 20.993364334106445
      vertex 9.281387329101562 0.134002685546875 23.450410842895508
      vertex 9.160797119140625 0.034088134765625 23.659278869628906
    endloop
  endfacet
  facet normal 0.3978566775481759 -0.6087775471912086 -0.6863672210749744
    outer loop
      vertex 5.404083251953125 0.4444580078125 20.829099655151367
      vertex 9.464401245117188 0.5 23.1334228515625
      vertex 9.38494873046875 0.29290771484375 23.27104949951172
    endloop
  endfacet
  facet normal 0.4635531344183101 -0.3826979923826562 -0.7991625230184687
    outer loop
      vertex 5.5303192138671875 0.617340087890625 20.795272827148438
      vertex 9.514358520507812 0.741180419921875 23.046905517578125
      vertex 9.464401245117188 0.5 23.1334228515625
    endloop
  endfacet
  facet normal 0.06529044313717604 -0.9914376307243137 -0.11308661467525988
    outer loop
      vertex 4.268280029296875 0 21.133441925048828
      vertex 9.160797119140625 0.034088134765625 23.659278869628906
      vertex 13.923904418945312 0.034088134765625 26.40925407409668
    endloop
  endfacet
  facet normal 0.49999917170650343 0.0000027351876543438738 -0.8660258819950644
    outer loop
      vertex 5.6342926025390625 1 20.767406463623047
      vertex 8.970993041992188 1.7783050537109375 22.693849563598633
      vertex 10.05352783203125 1.0566253662109375 23.31884765625
    endloop
  endfacet
  facet normal 0.4330081317441648 0.8660281385861989 0.24999844203584826
    outer loop
      vertex 10.05352783203125 1.0566253662109375 23.31884765625
      vertex 8.970993041992188 1.7783050537109375 22.693849563598633
      vertex 7.470855712890625 1.7783050537109375 25.292152404785156
    endloop
  endfacet
  facet normal 0.49193085073617615 -0.17893461117937265 -0.8520483806780392
    outer loop
      vertex 5.627716064453125 0.902008056640625 20.769174575805664
      vertex 14.277450561523438 0.741180419921875 25.7968807220459
      vertex 9.514358520507812 0.741180419921875 23.046905517578125
    endloop
  endfacet
  facet normal 0.4330079634381977 0.8660283037652016 0.24999816134658304
    outer loop
      vertex 10.05352783203125 1.0566253662109375 23.31884765625
      vertex 7.470855712890625 1.7783050537109375 25.292152404785156
      vertex 8.553390502929688 1.0566253662109375 25.917152404785156
    endloop
  endfacet
  facet normal 0 -1 0
    outer loop
      vertex 1 0 21.556198120117188
      vertex 4.268280029296875 0 21.133441925048828
      vertex 23.320724487304688 0 32.13336181640625
    endloop
  endfacet
  facet normal 0.19136496003850892 -0.9238599300250971 -0.33145479595788396
    outer loop
      vertex 9.281387329101562 0.134002685546875 23.450410842895508
      vertex 14.04449462890625 0.134002685546875 26.20038414001465
      vertex 9.160797119140625 0.034088134765625 23.659278869628906
    endloop
  endfacet
  facet normal 0.30435955896154604 -0.7933861529756016 -0.5271656960911898
    outer loop
      vertex 9.281387329101562 0.134002685546875 23.450410842895508
      vertex 9.38494873046875 0.29290771484375 23.27104949951172
      vertex 14.148040771484375 0.29290771484375 26.021024703979492
    endloop
  endfacet
  facet normal -0.43301139666354443 0.8660260149648097 -0.25000014352727407
    outer loop
      vertex 10.05352783203125 1.0566253662109375 23.31884765625
      vertex 8.553390502929688 1.0566253662109375 25.917152404785156
      vertex 11.13604736328125 1.7783050537109375 23.94384765625
    endloop
  endfacet
  facet normal -0.4330092328425658 0.8660281385883016 -0.24999653486873394
    outer loop
      vertex 8.553390502929688 1.0566253662109375 25.917152404785156
      vertex 9.63592529296875 1.7783050537109375 26.542150497436523
      vertex 11.13604736328125 1.7783050537109375 23.94384765625
    endloop
  endfacet
  facet normal 0.4999996502076604 0 -0.8660256057370459
    outer loop
      vertex 8.970993041992188 1.7783050537109375 22.693849563598633
      vertex 5.6342926025390625 3.9000244140625 20.767406463623047
      vertex 8.970993041992188 3.2216796875 22.693849563598633
    endloop
  endfacet
  facet normal 0.866024467936562 0 0.500001620932567
    outer loop
      vertex 8.970993041992188 1.7783050537109375 22.693849563598633
      vertex 8.970993041992188 3.2216796875 22.693849563598633
      vertex 7.470855712890625 3.2216796875 25.292152404785156
    endloop
  endfacet
  facet normal 0.866024467936562 0 0.500001620932567
    outer loop
      vertex 8.970993041992188 1.7783050537109375 22.693849563598633
      vertex 7.470855712890625 3.2216796875 25.292152404785156
      vertex 7.470855712890625 1.7783050537109375 25.292152404785156
    endloop
  endfacet
  facet normal 0.43301475042076243 -0.8660237261411385 0.2500022633470811
    outer loop
      vertex 8.970993041992188 3.2216796875 22.693849563598633
      vertex 8.553390502929688 3.9433746337890625 25.917152404785156
      vertex 7.470855712890625 3.2216796875 25.292152404785156
    endloop
  endfacet
  facet normal -0.8660266701605354 0 -0.49999780656584425
    outer loop
      vertex 11.13604736328125 1.7783050537109375 23.94384765625
      vertex 9.63592529296875 1.7783050537109375 26.542150497436523
      vertex 11.13604736328125 3.2216796875 23.94384765625
    endloop
  endfacet
  facet normal -0.4330180956008238 -0.8660222300854479 -0.25000165175467043
    outer loop
      vertex 11.13604736328125 3.2216796875 23.94384765625
      vertex 9.63592529296875 3.2216796875 26.542150497436523
      vertex 10.118545532226562 3.9000244140625 23.35639190673828
    endloop
  endfacet
  facet normal -0.8660266701605354 0 -0.49999780656584425
    outer loop
      vertex 9.63592529296875 1.7783050537109375 26.542150497436523
      vertex 9.63592529296875 3.2216796875 26.542150497436523
      vertex 11.13604736328125 3.2216796875 23.94384765625
    endloop
  endfacet
  facet normal 0.8014196776904902 0.3827404716126427 0.45960442948279195
    outer loop
      vertex 7.163787841796875 4.158843994140625 18.05009651184082
      vertex 7.0772552490234375 4.4000244140625 18.000139236450195
      vertex 5.5303192138671875 4.282684326171875 20.795272827148438
    endloop
  endfacet
  facet normal 0.8649845687698224 0.04904092193035487 0.49939631933596107
    outer loop
      vertex 8.963607788085938 3.9000244140625 15.000831604003906
      vertex 5.627716064453125 3.998016357421875 20.769174575805664
      vertex 5.6342926025390625 3.9000244140625 20.767406463623047
    endloop
  endfacet
  facet normal 0.8568911187025676 0.15066185098589255 0.49298946981265945
    outer loop
      vertex 8.963607788085938 3.9000244140625 15.000831604003906
      vertex 7.163787841796875 4.158843994140625 18.05009651184082
      vertex 5.627716064453125 3.998016357421875 20.769174575805664
    endloop
  endfacet
  facet normal 0.1296890168048177 0.9886110988496177 0.0763469328234683
    outer loop
      vertex 8.4989013671875 4.88079833984375 14.195926666259766
      vertex 4.268280029296875 4.9000244140625 21.133441925048828
      vertex 6.5514068603515625 4.865936279296875 17.696544647216797
    endloop
  endfacet
  facet normal 0.526407799848619 0.7933114497315654 0.30586234155799275
    outer loop
      vertex 8.707000732421875 4.731475830078125 14.556395530700684
      vertex 6.760284423828125 4.76605224609375 17.8171329498291
      vertex 6.93963623046875 4.60711669921875 17.920686721801758
    endloop
  endfacet
  facet normal 0.6880415349729019 0.6087610524475051 0.39497952753926224
    outer loop
      vertex 6.93963623046875 4.60711669921875 17.920686721801758
      vertex 5.404083251953125 4.455596923828125 20.829099655151367
      vertex 7.0772552490234375 4.4000244140625 18.000139236450195
    endloop
  endfacet
  facet normal 0.5281467521818377 0.7933112538718333 0.3028502313687018
    outer loop
      vertex 6.93963623046875 4.60711669921875 17.920686721801758
      vertex 6.760284423828125 4.76605224609375 17.8171329498291
      vertex 5.027191162109375 4.731475830078125 20.930082321166992
    endloop
  endfacet
  facet normal 0.33250256657921 0.923902961229723 0.1893287126908829
    outer loop
      vertex 6.760284423828125 4.76605224609375 17.8171329498291
      vertex 6.5514068603515625 4.865936279296875 17.696544647216797
      vertex 4.7910308837890625 4.823883056640625 20.993364334106445
    endloop
  endfacet
  facet normal 0.4084507064084396 0.8814244412691208 0.23718974422994138
    outer loop
      vertex 6.760284423828125 4.76605224609375 17.8171329498291
      vertex 4.7910308837890625 4.823883056640625 20.993364334106445
      vertex 5.027191162109375 4.731475830078125 20.930082321166992
    endloop
  endfacet
  facet normal 0.5493592913240505 0.773051709615887 0.31716781566844293
    outer loop
      vertex 6.93963623046875 4.60711669921875 17.920686721801758
      vertex 5.027191162109375 4.731475830078125 20.930082321166992
      vertex 5.2342071533203125 4.60711669921875 20.874622344970703
    endloop
  endfacet
  facet normal 0.25175808128425636 0.9566175107123698 0.14663153380681387
    outer loop
      vertex 6.5514068603515625 4.865936279296875 17.696544647216797
      vertex 4.5347747802734375 4.88079833984375 21.062028884887695
      vertex 4.7910308837890625 4.823883056640625 20.993364334106445
    endloop
  endfacet
  facet normal 0.08414507759338821 0.9953900307870133 0.0460249120219841
    outer loop
      vertex 6.5514068603515625 4.865936279296875 17.696544647216797
      vertex 4.268280029296875 4.9000244140625 21.133441925048828
      vertex 4.5347747802734375 4.88079833984375 21.062028884887695
    endloop
  endfacet
  facet normal 0.8574679005732189 0.14698142225466632 0.49309761812297576
    outer loop
      vertex 7.163787841796875 4.158843994140625 18.05009651184082
      vertex 5.6080474853515625 4.0950927734375 20.77444076538086
      vertex 5.627716064453125 3.998016357421875 20.769174575805664
    endloop
  endfacet
  facet normal 0.8281625704420654 0.2898764196901431 0.47970659597968324
    outer loop
      vertex 7.163787841796875 4.158843994140625 18.05009651184082
      vertex 5.5303192138671875 4.282684326171875 20.795272827148438
      vertex 5.6080474853515625 4.0950927734375 20.77444076538086
    endloop
  endfacet
  facet normal 0.5034757128941477 0.04935404044725855 -0.8625986234728525
    outer loop
      vertex 5.6342926025390625 3.9000244140625 20.767406463623047
      vertex 5.627716064453125 3.998016357421875 20.769174575805664
      vertex 9.514358520507812 4.158843994140625 23.046905517578125
    endloop
  endfacet
  facet normal 0.4956009799760301 0.14685199920937406 -0.8560456523895257
    outer loop
      vertex 5.627716064453125 3.998016357421875 20.769174575805664
      vertex 5.6080474853515625 4.0950927734375 20.77444076538086
      vertex 9.514358520507812 4.158843994140625 23.046905517578125
    endloop
  endfacet
  facet normal 0.47769130007216704 0.29002182190897097 -0.82927580734757
    outer loop
      vertex 5.6080474853515625 4.0950927734375 20.77444076538086
      vertex 5.5303192138671875 4.282684326171875 20.795272827148438
      vertex 9.514358520507812 4.158843994140625 23.046905517578125
    endloop
  endfacet
  facet normal 0.6694331632974274 0.6344159676190557 0.38649142281243104
    outer loop
      vertex 6.93963623046875 4.60711669921875 17.920686721801758
      vertex 5.2342071533203125 4.60711669921875 20.874622344970703
      vertex 5.404083251953125 4.455596923828125 20.829099655151367
    endloop
  endfacet
  facet normal 0.7633879333464332 0.4707985393094122 0.44225286726621166
    outer loop
      vertex 7.0772552490234375 4.4000244140625 18.000139236450195
      vertex 5.404083251953125 4.455596923828125 20.829099655151367
      vertex 5.5303192138671875 4.282684326171875 20.795272827148438
    endloop
  endfacet
  facet normal 0.44027474744334916 0.47096963490361893 -0.7644251106304966
    outer loop
      vertex 5.5303192138671875 4.282684326171875 20.795272827148438
      vertex 5.404083251953125 4.455596923828125 20.829099655151367
      vertex 9.464401245117188 4.4000244140625 23.1334228515625
    endloop
  endfacet
  facet normal 0.798890548320381 0.38274072768211537 0.4639864515023321
    outer loop
      vertex 8.919647216796875 4.282684326171875 14.924707412719727
      vertex 7.0772552490234375 4.4000244140625 18.000139236450195
      vertex 7.163787841796875 4.158843994140625 18.05009651184082
    endloop
  endfacet
  facet normal 0.6861812400736105 0.6087612559859017 0.3982022588854935
    outer loop
      vertex 8.866302490234375 4.455596923828125 14.83229923248291
      vertex 6.93963623046875 4.60711669921875 17.920686721801758
      vertex 7.0772552490234375 4.4000244140625 18.000139236450195
    endloop
  endfacet
  facet normal 0.23528585792061987 0.8815659532352117 -0.4092456904587397
    outer loop
      vertex 5.027191162109375 4.731475830078125 20.930082321166992
      vertex 4.7910308837890625 4.823883056640625 20.993364334106445
      vertex 9.281387329101562 4.76605224609375 23.450410842895508
    endloop
  endfacet
  facet normal 0.3171892070060426 0.7730219052471815 -0.5493888795442582
    outer loop
      vertex 5.2342071533203125 4.60711669921875 20.874622344970703
      vertex 5.027191162109375 4.731475830078125 20.930082321166992
      vertex 9.38494873046875 4.60711669921875 23.27104949951172
    endloop
  endfacet
  facet normal 0.14483115824684967 0.9566994837670814 -0.25248768952302675
    outer loop
      vertex 4.5347747802734375 4.88079833984375 21.062028884887695
      vertex 9.160797119140625 4.865936279296875 23.659278869628906
      vertex 4.7910308837890625 4.823883056640625 20.993364334106445
    endloop
  endfacet
  facet normal 0.3864888004417268 0.6344319534434408 -0.6694195273392126
    outer loop
      vertex 5.404083251953125 4.455596923828125 20.829099655151367
      vertex 5.2342071533203125 4.60711669921875 20.874622344970703
      vertex 9.38494873046875 4.60711669921875 23.27104949951172
    endloop
  endfacet
  facet normal -0.4999999943298043 0.000002091564592091178 0.8660254070556019
    outer loop
      vertex 1 4.9000244140625 21.556198120117188
      vertex 7.470855712890625 3.2216796875 25.292152404785156
      vertex 8.553390502929688 3.9433746337890625 25.917152404785156
    endloop
  endfacet
  facet normal 0.49999985030735766 0.0000013123591228318351 -0.8660254902085143
    outer loop
      vertex 5.6342926025390625 3.9000244140625 20.767406463623047
      vertex 9.988494873046875 3.9000244140625 23.28130531311035
      vertex 8.970993041992188 3.2216796875 22.693849563598633
    endloop
  endfacet
  facet normal 0.4635531344183101 0.3826979923826562 -0.7991625230184687
    outer loop
      vertex 5.5303192138671875 4.282684326171875 20.795272827148438
      vertex 9.464401245117188 4.4000244140625 23.1334228515625
      vertex 9.514358520507812 4.158843994140625 23.046905517578125
    endloop
  endfacet
  facet normal 0.4993978521518072 0.04905653612774445 -0.8649827984008174
    outer loop
      vertex 5.6342926025390625 3.9000244140625 20.767406463623047
      vertex 10.025146484375 3.92486572265625 23.303874969482422
      vertex 9.988494873046875 3.9000244140625 23.28130531311035
    endloop
  endfacet
  facet normal 0.49397615152454555 0.14920268113606086 -0.8565781468534032
    outer loop
      vertex 5.6342926025390625 3.9000244140625 20.767406463623047
      vertex 10.051528930664062 3.9433746337890625 23.32231330871582
      vertex 10.025146484375 3.92486572265625 23.303874969482422
    endloop
  endfacet
  facet normal 0.4330177141996538 -0.8660222300862257 0.2500023123608809
    outer loop
      vertex 8.970993041992188 3.2216796875 22.693849563598633
      vertex 9.988494873046875 3.9000244140625 23.28130531311035
      vertex 8.553390502929688 3.9433746337890625 25.917152404785156
    endloop
  endfacet
  facet normal 0.30551689194652604 0.7933290488024348 -0.5265818540944597
    outer loop
      vertex 5.027191162109375 4.731475830078125 20.930082321166992
      vertex 9.281387329101562 4.76605224609375 23.450410842895508
      vertex 9.38494873046875 4.60711669921875 23.27104949951172
    endloop
  endfacet
  facet normal 0.3978601217698731 0.6087775438007977 -0.6863652276078162
    outer loop
      vertex 5.404083251953125 4.455596923828125 20.829099655151367
      vertex 9.38494873046875 4.60711669921875 23.27104949951172
      vertex 9.464401245117188 4.4000244140625 23.1334228515625
    endloop
  endfacet
  facet normal 0.19276085288986622 0.9238999743316726 -0.33053304074344225
    outer loop
      vertex 4.7910308837890625 4.823883056640625 20.993364334106445
      vertex 9.160797119140625 4.865936279296875 23.659278869628906
      vertex 9.281387329101562 4.76605224609375 23.450410842895508
    endloop
  endfacet
  facet normal 0.4957240518642087 0.13050717470692513 -0.8586183912270615
    outer loop
      vertex 5.6342926025390625 3.9000244140625 20.767406463623047
      vertex 9.514358520507812 4.158843994140625 23.046905517578125
      vertex 14.277450561523438 4.158843994140625 25.7968807220459
    endloop
  endfacet
  facet normal 0.49397276676744495 0.14924350168182238 -0.8565729874901865
    outer loop
      vertex 5.6342926025390625 3.9000244140625 20.767406463623047
      vertex 14.277450561523438 4.158843994140625 25.7968807220459
      vertex 10.051528930664062 3.9433746337890625 23.32231330871582
    endloop
  endfacet
  facet normal 0.43301559279694646 -0.8660236176390385 0.25000118016941725
    outer loop
      vertex 9.988494873046875 3.9000244140625 23.28130531311035
      vertex 10.025146484375 3.92486572265625 23.303874969482422
      vertex 8.553390502929688 3.9433746337890625 25.917152404785156
    endloop
  endfacet
  facet normal 0.43292435686608877 -0.866083937251982 0.2499502247772311
    outer loop
      vertex 10.025146484375 3.92486572265625 23.303874969482422
      vertex 10.051528930664062 3.9433746337890625 23.32231330871582
      vertex 8.553390502929688 3.9433746337890625 25.917152404785156
    endloop
  endfacet
  facet normal -0.4331615616821599 -0.8659257855171304 -0.250087175716015
    outer loop
      vertex 10.051528930664062 3.9433746337890625 23.32231330871582
      vertex 10.0802001953125 3.9251708984375 23.335683822631836
      vertex 8.553390502929688 3.9433746337890625 25.917152404785156
    endloop
  endfacet
  facet normal -0.432960909619996 -0.8660606648665409 -0.24996754891775588
    outer loop
      vertex 10.118545532226562 3.9000244140625 23.35639190673828
      vertex 8.553390502929688 3.9433746337890625 25.917152404785156
      vertex 10.0802001953125 3.9251708984375 23.335683822631836
    endloop
  endfacet
  facet normal -0.4330154975144271 -0.8660235609594457 -0.2500015415461564
    outer loop
      vertex 9.63592529296875 3.2216796875 26.542150497436523
      vertex 8.553390502929688 3.9433746337890625 25.917152404785156
      vertex 10.118545532226562 3.9000244140625 23.35639190673828
    endloop
  endfacet
  facet normal 0.39667055366799125 0.608778141416233 -0.687052870153765
    outer loop
      vertex 9.464401245117188 4.4000244140625 23.1334228515625
      vertex 9.38494873046875 4.60711669921875 23.27104949951172
      vertex 14.148040771484375 4.60711669921875 26.021024703979492
    endloop
  endfacet
  facet normal 0.3043954586290299 0.7933296949441279 -0.5272299307568562
    outer loop
      vertex 9.281387329101562 4.76605224609375 23.450410842895508
      vertex 14.04449462890625 4.76605224609375 26.20038414001465
      vertex 9.38494873046875 4.60711669921875 23.27104949951172
    endloop
  endfacet
  facet normal 0.19131516822096045 0.9239012611276745 -0.331368323916572
    outer loop
      vertex 9.281387329101562 4.76605224609375 23.450410842895508
      vertex 9.160797119140625 4.865936279296875 23.659278869628906
      vertex 13.923904418945312 4.865936279296875 26.40925407409668
    endloop
  endfacet
  facet normal 0.049036595003193045 0.9951791954116824 -0.08493398242310907
    outer loop
      vertex 4.268280029296875 4.9000244140625 21.133441925048828
      vertex 23.320724487304688 4.9000244140625 32.13336181640625
      vertex 4.5347747802734375 4.88079833984375 21.062028884887695
    endloop
  endfacet
  facet normal -1.1288076947005347e-7 -0.7933768641044835 -0.6087307709519236
    outer loop
      vertex 8.142837524414062 0.134002685546875 10.499999046325684
      vertex 13.28570556640625 0.29290771484375 10.292892456054688
      vertex 13.28570556640625 0.134002685546875 10.499998092651367
    endloop
  endfacet
  facet normal -5.884580153927994e-7 -0.6087784677737277 -0.7933402656960796
    outer loop
      vertex 8.142852783203125 0.29290771484375 10.292896270751953
      vertex 13.28570556640625 0.5 10.133977890014648
      vertex 13.28570556640625 0.29290771484375 10.292892456054688
    endloop
  endfacet
  facet normal 0.0000011992370217999513 -0.3826991695396719 -0.9238730138023338
    outer loop
      vertex 8.142837524414062 0.5 10.133971214294434
      vertex 13.28570556640625 0.741180419921875 10.034072875976562
      vertex 13.28570556640625 0.5 10.133977890014648
    endloop
  endfacet
  facet normal -1.8200293729102896e-7 -0.19155365125544244 -0.9814821438470877
    outer loop
      vertex 5.7284393310546875 0.876434326171875 10.00767707824707
      vertex 18.428558349609375 0.741180419921875 10.034071922302246
      vertex 13.28570556640625 0.741180419921875 10.034072875976562
    endloop
  endfacet
  facet normal -3.5486285657538834e-7 -0.9238590268498285 -0.3827329336599636
    outer loop
      vertex 8.142837524414062 0.034088134765625 10.741181373596191
      vertex 13.28570556640625 0.134002685546875 10.499998092651367
      vertex 13.28570556640625 0.034088134765625 10.74117660522461
    endloop
  endfacet
  facet normal 1.93697190196408e-7 -0.9914392820821544 -0.1305685641507359
    outer loop
      vertex 2.9999847412109375 0 11.000000953674316
      vertex 13.28570556640625 0.034088134765625 10.74117660522461
      vertex 18.428573608398438 0.034088134765625 10.74118423461914
    endloop
  endfacet
  facet normal -1.4711450384822372e-7 -0.6087784677738265 -0.7933402656962083
    outer loop
      vertex 13.28570556640625 0.29290771484375 10.292892456054688
      vertex 13.28570556640625 0.5 10.133977890014648
      vertex 18.428558349609375 0.5 10.133976936340332
    endloop
  endfacet
  facet normal -1.128811043860861e-7 -0.7933768641044835 -0.6087307709519236
    outer loop
      vertex 13.28570556640625 0.134002685546875 10.499998092651367
      vertex 13.28570556640625 0.29290771484375 10.292892456054688
      vertex 18.428558349609375 0.29290771484375 10.292891502380371
    endloop
  endfacet
  facet normal -1.7132008284631155e-7 -0.38269916953994154 -0.9238730138029846
    outer loop
      vertex 13.28570556640625 0.5 10.133977890014648
      vertex 13.28570556640625 0.741180419921875 10.034072875976562
      vertex 18.428558349609375 0.741180419921875 10.034071922302246
    endloop
  endfacet
  facet normal 2.838902852603171e-7 -0.9238590268498494 -0.38273293365997224
    outer loop
      vertex 13.28570556640625 0.134002685546875 10.499998092651367
      vertex 18.428573608398438 0.134002685546875 10.500001907348633
      vertex 13.28570556640625 0.034088134765625 10.74117660522461
    endloop
  endfacet
  facet normal -2.421458839420077e-8 -0.9914376004155097 -0.13058133282493145
    outer loop
      vertex 2.9999847412109375 0 11.000000953674316
      vertex 18.428573608398438 0.034088134765625 10.74118423461914
      vertex 23.571426391601562 0.034088134765625 10.741183280944824
    endloop
  endfacet
  facet normal 4.5151653435592323e-7 -0.7933836326871693 -0.6087219491556937
    outer loop
      vertex 13.28570556640625 0.134002685546875 10.499998092651367
      vertex 18.428558349609375 0.29290771484375 10.292891502380371
      vertex 18.428573608398438 0.134002685546875 10.500001907348633
    endloop
  endfacet
  facet normal -1.4711450384822372e-7 -0.6087784677738265 -0.7933402656962083
    outer loop
      vertex 13.28570556640625 0.29290771484375 10.292892456054688
      vertex 18.428558349609375 0.5 10.133976936340332
      vertex 18.428558349609375 0.29290771484375 10.292891502380371
    endloop
  endfacet
  facet normal -1.7132008284631155e-7 -0.38269916953994154 -0.9238730138029846
    outer loop
      vertex 13.28570556640625 0.5 10.133977890014648
      vertex 18.428558349609375 0.741180419921875 10.034071922302246
      vertex 18.428558349609375 0.5 10.133976936340332
    endloop
  endfacet
  facet normal 5.677729055931629e-7 -0.923861167324179 -0.38272776683967286
    outer loop
      vertex 13.28570556640625 0.034088134765625 10.74117660522461
      vertex 18.428573608398438 0.134002685546875 10.500001907348633
      vertex 18.428573608398438 0.034088134765625 10.74118423461914
    endloop
  endfacet
  facet normal 1.1477774125831944e-7 -0.06199471724255966 -0.9980764775476886
    outer loop
      vertex 5.7284393310546875 0.876434326171875 10.00767707824707
      vertex 5.8284149169921875 1 10.000001907348633
      vertex 39 1 10.000005722045898
    endloop
  endfacet
  facet normal 0.0017602122459019032 -0.9238533144284592 0.38274267474688517
    outer loop
      vertex 8.607192993164062 0.076141357421875 14.383511543273926
      vertex 13.466934204101562 0.034088134765625 14.259654998779297
      vertex 13.466934204101562 0.134002685546875 14.500825881958008
    endloop
  endfacet
  facet normal 0.001348403018941303 -0.793382911441616 0.6087213957482712
    outer loop
      vertex 8.707000732421875 0.168548583984375 14.556395530700684
      vertex 13.466934204101562 0.134002685546875 14.500825881958008
      vertex 13.466934204101562 0.29290771484375 14.70793628692627
    endloop
  endfacet
  facet normal 0.0013910844454697012 -0.6087847768714618 0.7933342046915852
    outer loop
      vertex 8.866302490234375 0.4444580078125 14.83229923248291
      vertex 13.466934204101562 0.29290771484375 14.70793628692627
      vertex 13.466934204101562 0.5 14.866853713989258
    endloop
  endfacet
  facet normal 0.0018791036465410443 -0.3826891394314277 0.9238752575595469
    outer loop
      vertex 8.919647216796875 0.617340087890625 14.924707412719727
      vertex 13.466934204101562 0.5 14.866853713989258
      vertex 13.466934204101562 0.741180419921875 14.966755867004395
    endloop
  endfacet
  facet normal 2.9838698561649957e-7 -0.9738730071490224 0.22709329788972485
    outer loop
      vertex 8.4989013671875 0.01922607421875 14.195926666259766
      vertex 18.547622680664062 0.034088134765625 14.259648323059082
      vertex 13.466934204101562 0.034088134765625 14.259654998779297
    endloop
  endfacet
  facet normal 7.444024463730303e-7 -0.13051908184706054 0.9914457974459552
    outer loop
      vertex 8.963607788085938 1 15.000831604003906
      vertex 13.466934204101562 0.741180419921875 14.966755867004395
      vertex 18.547607421875 0.741180419921875 14.966752052307129
    endloop
  endfacet
  facet normal 0 -1 0
    outer loop
      vertex 2.9999847412109375 0 11.000000953674316
      vertex 33.7896728515625 0 14.000829696655273
      vertex 8.386245727539062 0 14.000831604003906
    endloop
  endfacet
  facet normal 7.36348535549937e-9 -0.9951793080674214 0.09807214076611372
    outer loop
      vertex 8.386245727539062 0 14.000831604003906
      vertex 33.7896728515625 0 14.000829696655273
      vertex 8.4989013671875 0.01922607421875 14.195926666259766
    endloop
  endfacet
  facet normal 5.029017191181599e-7 -0.9238547456408104 0.3827432676830525
    outer loop
      vertex 13.466934204101562 0.034088134765625 14.259654998779297
      vertex 18.547622680664062 0.034088134765625 14.259648323059082
      vertex 13.466934204101562 0.134002685546875 14.500825881958008
    endloop
  endfacet
  facet normal 4.57043752935541e-7 -0.7933836327032328 0.6087219491347531
    outer loop
      vertex 13.466934204101562 0.134002685546875 14.500825881958008
      vertex 18.547607421875 0.134002685546875 14.500822067260742
      vertex 13.466934204101562 0.29290771484375 14.70793628692627
    endloop
  endfacet
  facet normal 5.956558550016886e-7 -0.6087853659067699 0.7933349722893889
    outer loop
      vertex 13.466934204101562 0.29290771484375 14.70793628692627
      vertex 18.547607421875 0.29290771484375 14.707932472229004
      vertex 13.466934204101562 0.5 14.866853713989258
    endloop
  endfacet
  facet normal -1.7341698163932338e-7 -0.3826898150767256 0.9238768886797156
    outer loop
      vertex 13.466934204101562 0.5 14.866853713989258
      vertex 18.547622680664062 0.5 14.866854667663574
      vertex 13.466934204101562 0.741180419921875 14.966755867004395
    endloop
  endfacet
  facet normal 2.8737036431549675e-7 -0.9238563511284584 0.38273939238015203
    outer loop
      vertex 13.466934204101562 0.134002685546875 14.500825881958008
      vertex 18.547622680664062 0.034088134765625 14.259648323059082
      vertex 18.547607421875 0.134002685546875 14.500822067260742
    endloop
  endfacet
  facet normal 4.57043752935541e-7 -0.7933836327032328 0.6087219491347531
    outer loop
      vertex 18.547607421875 0.134002685546875 14.500822067260742
      vertex 18.547607421875 0.29290771484375 14.707932472229004
      vertex 13.466934204101562 0.29290771484375 14.70793628692627
    endloop
  endfacet
  facet normal -1.4891186051925994e-7 -0.6087968624815332 0.7933261499740311
    outer loop
      vertex 13.466934204101562 0.5 14.866853713989258
      vertex 18.547607421875 0.29290771484375 14.707932472229004
      vertex 18.547622680664062 0.5 14.866854667663574
    endloop
  endfacet
  facet normal 6.936748586831829e-7 -0.38267422400559375 0.9238833466846533
    outer loop
      vertex 13.466934204101562 0.741180419921875 14.966755867004395
      vertex 18.547622680664062 0.5 14.866854667663574
      vertex 18.547607421875 0.741180419921875 14.966752052307129
    endloop
  endfacet
  facet normal -7.443926176923698e-7 -0.13057327187908052 0.9914386620816428
    outer loop
      vertex 8.963607788085938 1 15.000831604003906
      vertex 18.547607421875 0.741180419921875 14.966752052307129
      vertex 23.628311157226562 0.741180419921875 14.966755867004395
    endloop
  endfacet
  facet normal 2.0647655846854082e-7 0 0.9999999999999788
    outer loop
      vertex 8.963607788085938 1 15.000831604003906
      vertex 32.0576171875 1 15.000826835632324
      vertex 8.963607788085938 3.9000244140625 15.000831604003906
    endloop
  endfacet
  facet normal 3.263277092396701e-7 0.3826742240431255 -0.9238833466693105
    outer loop
      vertex 8.399993896484375 4.158843994140625 10.034074783325195
      vertex 13.79998779296875 4.4000244140625 10.133974075317383
      vertex 13.79998779296875 4.158843994140625 10.034076690673828
    endloop
  endfacet
  facet normal -4.2031979383410213e-7 0.6087968624883916 -0.7933261499686706
    outer loop
      vertex 8.399993896484375 4.4000244140625 10.133976936340332
      vertex 13.79998779296875 4.60711669921875 10.292896270751953
      vertex 13.79998779296875 4.4000244140625 10.133974075317383
    endloop
  endfacet
  facet normal 2.1503954659528053e-7 0.7933163425100725 -0.6088096424223217
    outer loop
      vertex 8.399993896484375 4.60711669921875 10.29289436340332
      vertex 13.79998779296875 4.76605224609375 10.499999046325684
      vertex 13.79998779296875 4.60711669921875 10.292896270751953
    endloop
  endfacet
  facet normal 0 1 0
    outer loop
      vertex 2.9999847412109375 4.9000244140625 11.000000953674316
      vertex 28.999984741210938 4.9000244140625 11.00000286102295
      vertex 3.0067901611328125 4.9000244140625 10.99722671508789
    endloop
  endfacet
  facet normal -4.054490284483616e-7 0.9239019629815776 -0.3826292759298786
    outer loop
      vertex 8.399993896484375 4.76605224609375 10.500004768371582
      vertex 13.79998779296875 4.865936279296875 10.741180419921875
      vertex 13.79998779296875 4.76605224609375 10.499999046325684
    endloop
  endfacet
  facet normal -5.252857318796142e-7 0.13054412544395266 -0.9914425002549556
    outer loop
      vertex 5.8284149169921875 3.9000244140625 10.000001907348633
      vertex 13.79998779296875 4.158843994140625 10.034076690673828
      vertex 19.199981689453125 4.158843994140625 10.034073829650879
    endloop
  endfacet
  facet normal -0.0003243629605364278 0.9903369783786593 -0.13868152019824728
    outer loop
      vertex 3.0067901611328125 4.9000244140625 10.99722671508789
      vertex 29.004806518554688 4.89520263671875 10.901987075805664
      vertex 8.399993896484375 4.865936279296875 10.741186141967773
    endloop
  endfacet
  facet normal 8.158169678409664e-7 0.38267422404301854 -0.9238833466690523
    outer loop
      vertex 13.79998779296875 4.158843994140625 10.034076690673828
      vertex 13.79998779296875 4.4000244140625 10.133974075317383
      vertex 19.199996948242188 4.4000244140625 10.133978843688965
    endloop
  endfacet
  facet normal -4.2031979383410213e-7 0.6087968624883916 -0.7933261499686706
    outer loop
      vertex 13.79998779296875 4.4000244140625 10.133974075317383
      vertex 13.79998779296875 4.60711669921875 10.292896270751953
      vertex 19.199981689453125 4.60711669921875 10.292893409729004
    endloop
  endfacet
  facet normal 5.375973473966924e-7 0.7933163425099763 -0.6088096424222478
    outer loop
      vertex 13.79998779296875 4.60711669921875 10.292896270751953
      vertex 13.79998779296875 4.76605224609375 10.499999046325684
      vertex 19.199996948242188 4.76605224609375 10.500003814697266
    endloop
  endfacet
  facet normal 3.378732356435951e-7 0.9239019629816009 -0.38262927592988827
    outer loop
      vertex 13.79998779296875 4.76605224609375 10.499999046325684
      vertex 13.79998779296875 4.865936279296875 10.741180419921875
      vertex 19.199996948242188 4.865936279296875 10.741185188293457
    endloop
  endfacet
  facet normal 3.5019156575701203e-7 0.130499665599184 -0.9914483533086222
    outer loop
      vertex 5.8284149169921875 3.9000244140625 10.000001907348633
      vertex 19.199981689453125 4.158843994140625 10.034073829650879
      vertex 24.599990844726562 4.158843994140625 10.034075736999512
    endloop
  endfacet
  facet normal -4.894860892978926e-7 0.3826991695663341 -0.9238730137919381
    outer loop
      vertex 13.79998779296875 4.158843994140625 10.034076690673828
      vertex 19.199996948242188 4.4000244140625 10.133978843688965
      vertex 19.199981689453125 4.158843994140625 10.034073829650879
    endloop
  endfacet
  facet normal 7.005434748222397e-7 0.6087784678061707 -0.793340265671093
    outer loop
      vertex 13.79998779296875 4.4000244140625 10.133974075317383
      vertex 19.199981689453125 4.60711669921875 10.292893409729004
      vertex 19.199996948242188 4.4000244140625 10.133978843688965
    endloop
  endfacet
  facet normal -3.2255184164415743e-7 0.7933271742682555 -0.6087955277163597
    outer loop
      vertex 13.79998779296875 4.60711669921875 10.292896270751953
      vertex 19.199996948242188 4.76605224609375 10.500003814697266
      vertex 19.199981689453125 4.60711669921875 10.292893409729004
    endloop
  endfacet
  facet normal -1.8971627748683748e-7 0.9838420611972748 -0.17903853947980497
    outer loop
      vertex 8.399993896484375 4.865936279296875 10.741186141967773
      vertex 29.004806518554688 4.89520263671875 10.901987075805664
      vertex 13.79998779296875 4.865936279296875 10.741180419921875
    endloop
  endfacet
  facet normal 3.378732356435951e-7 0.9239019629816009 -0.38262927592988827
    outer loop
      vertex 13.79998779296875 4.76605224609375 10.499999046325684
      vertex 19.199996948242188 4.865936279296875 10.741185188293457
      vertex 19.199996948242188 4.76605224609375 10.500003814697266
    endloop
  endfacet
  facet normal 0 1 0
    outer loop
      vertex 2.9999847412109375 4.9000244140625 11.000000953674316
      vertex 8.386245727539062 4.9000244140625 14.000831604003906
      vertex 28.999984741210938 4.9000244140625 11.00000286102295
    endloop
  endfacet
  facet normal 0 0.9914379741624649 0.1305784951231545
    outer loop
      vertex 8.386245727539062 4.9000244140625 14.000831604003906
      vertex 13.120819091796875 4.865936279296875 14.259651184082031
      vertex 17.855377197265625 4.865936279296875 14.259651184082031
    endloop
  endfacet
  facet normal 0.002034445321838131 0.3826983775493639 0.923871101860707
    outer loop
      vertex 8.919647216796875 4.282684326171875 14.924707412719727
      vertex 13.120803833007812 4.158843994140625 14.966754913330078
      vertex 13.120803833007812 4.4000244140625 14.866849899291992
    endloop
  endfacet
  facet normal 0.001509335775154376 0.6087846724711915 0.7933340686430036
    outer loop
      vertex 8.866302490234375 4.455596923828125 14.83229923248291
      vertex 13.120803833007812 4.4000244140625 14.866849899291992
      vertex 13.120803833007812 4.60711669921875 14.707932472229004
    endloop
  endfacet
  facet normal 0.0014494640871524163 0.7933113954777101 0.6088143632167924
    outer loop
      vertex 8.707000732421875 4.731475830078125 14.556395530700684
      vertex 13.120803833007812 4.60711669921875 14.707932472229004
      vertex 13.120819091796875 4.76605224609375 14.500832557678223
    endloop
  endfacet
  facet normal 0.0018919443308167412 0.9239003094481852 0.3826285911274753
    outer loop
      vertex 8.607192993164062 4.823883056640625 14.383511543273926
      vertex 13.120819091796875 4.76605224609375 14.500832557678223
      vertex 13.120819091796875 4.865936279296875 14.259651184082031
    endloop
  endfacet
  facet normal 0 0.22695511465238596 0.9739052191733661
    outer loop
      vertex 8.952499389648438 4.0950927734375 14.981611251831055
      vertex 17.855361938476562 4.158843994140625 14.966754913330078
      vertex 13.120803833007812 4.158843994140625 14.966754913330078
    endloop
  endfacet
  facet normal 0 0.9914379741624649 0.1305784951231545
    outer loop
      vertex 8.386245727539062 4.9000244140625 14.000831604003906
      vertex 17.855377197265625 4.865936279296875 14.259651184082031
      vertex 22.589935302734375 4.865936279296875 14.259651184082031
    endloop
  endfacet
  facet normal 0 0.38269916953994715 0.923873013802998
    outer loop
      vertex 13.120803833007812 4.158843994140625 14.966754913330078
      vertex 17.855361938476562 4.158843994140625 14.966754913330078
      vertex 13.120803833007812 4.4000244140625 14.866849899291992
    endloop
  endfacet
  facet normal -0.0001516953692693396 0.09804797299481763 0.995181677876016
    outer loop
      vertex 8.963607788085938 3.9000244140625 15.000831604003906
      vertex 29.992767333984375 3.94122314453125 14.999978065490723
      vertex 8.952499389648438 4.0950927734375 14.981611251831055
    endloop
  endfacet
  facet normal 0 0.6087853659068779 0.7933349722895296
    outer loop
      vertex 13.120803833007812 4.4000244140625 14.866849899291992
      vertex 17.855361938476562 4.4000244140625 14.866849899291992
      vertex 13.120803833007812 4.60711669921875 14.707932472229004
    endloop
  endfacet
  facet normal 0 0.9239019629816536 0.3826292759299101
    outer loop
      vertex 13.120819091796875 4.76605224609375 14.500832557678223
      vertex 17.855377197265625 4.76605224609375 14.500832557678223
      vertex 13.120819091796875 4.865936279296875 14.259651184082031
    endloop
  endfacet
  facet normal -4.905303975774502e-7 0.7933122804281922 0.6088149355276862
    outer loop
      vertex 13.120819091796875 4.76605224609375 14.500832557678223
      vertex 13.120803833007812 4.60711669921875 14.707932472229004
      vertex 17.855361938476562 4.60711669921875 14.70793628692627
    endloop
  endfacet
  facet normal 0 0.38269916953994715 0.923873013802998
    outer loop
      vertex 13.120803833007812 4.4000244140625 14.866849899291992
      vertex 17.855361938476562 4.158843994140625 14.966754913330078
      vertex 17.855361938476562 4.4000244140625 14.866849899291992
    endloop
  endfacet
  facet normal -6.392063643044107e-7 0.6087761683653427 0.7933420301673191
    outer loop
      vertex 13.120803833007812 4.60711669921875 14.707932472229004
      vertex 17.855361938476562 4.4000244140625 14.866849899291992
      vertex 17.855361938476562 4.60711669921875 14.70793628692627
    endloop
  endfacet
  facet normal 0 0.7933176965196328 0.6088078780607096
    outer loop
      vertex 13.120819091796875 4.76605224609375 14.500832557678223
      vertex 17.855361938476562 4.60711669921875 14.70793628692627
      vertex 17.855377197265625 4.76605224609375 14.500832557678223
    endloop
  endfacet
  facet normal 0 0.9239019629816536 0.3826292759299101
    outer loop
      vertex 13.120819091796875 4.865936279296875 14.259651184082031
      vertex 17.855377197265625 4.76605224609375 14.500832557678223
      vertex 17.855377197265625 4.865936279296875 14.259651184082031
    endloop
  endfacet
  facet normal 0.0000011769125388981042 -0.6087784677734116 -0.7933402656956675
    outer loop
      vertex 18.428558349609375 0.29290771484375 10.292891502380371
      vertex 18.428558349609375 0.5 10.133976936340332
      vertex 23.571426391601562 0.5 10.133984565734863
    endloop
  endfacet
  facet normal 7.901539351430846e-7 -0.7933836326749533 -0.60872194917127
    outer loop
      vertex 18.428573608398438 0.134002685546875 10.500001907348633
      vertex 18.428558349609375 0.29290771484375 10.292891502380371
      vertex 23.571426391601562 0.29290771484375 10.292898178100586
    endloop
  endfacet
  facet normal 0.0000013705565963424998 -0.3826991695395877 -0.9238730138021304
    outer loop
      vertex 18.428558349609375 0.5 10.133976936340332
      vertex 18.428558349609375 0.741180419921875 10.034071922302246
      vertex 23.571426391601562 0.741180419921875 10.034079551696777
    endloop
  endfacet
  facet normal 0.0003617699235604646 -0.15870731556249593 -0.9873256084542064
    outer loop
      vertex 5.7284393310546875 0.876434326171875 10.00767707824707
      vertex 39 1 10.000005722045898
      vertex 18.428558349609375 0.741180419921875 10.034071922302246
    endloop
  endfacet
  facet normal -2.838872950846772e-7 -0.9238611673242906 -0.3827277668397191
    outer loop
      vertex 18.428573608398438 0.134002685546875 10.500001907348633
      vertex 23.571426391601562 0.134002685546875 10.499998092651367
      vertex 18.428573608398438 0.034088134765625 10.74118423461914
    endloop
  endfacet
  facet normal 0.0000018175863916164387 -0.000015149498798515877 -0.9999999998835946
    outer loop
      vertex 5.8284149169921875 1 10.000001907348633
      vertex 20.369320678710938 2.8704711914062497 10
      vertex 29.999984741210938 3.9000244140625 10.000001907348633
    endloop
  endfacet
  facet normal -4.1875500483721547e-7 0.0000057697234860112815 -0.9999999999832675
    outer loop
      vertex 29.999984741210938 3.9000244140625 10.000001907348633
      vertex 20.369320678710938 2.8704711914062497 10
      vertex 13.987167358398438 2.4072672526041665 10
    endloop
  endfacet
  facet normal 6.46868183271892e-7 -0.000005661224527937956 -0.9999999999837661
    outer loop
      vertex 29.999984741210938 3.9000244140625 10.000001907348633
      vertex 13.987167358398438 2.4072672526041665 10
      vertex 20.399984741210936 3.1400146484375 10
    endloop
  endfacet
  facet normal -4.515322699919983e-7 -0.7933687413973587 -0.6087413573705723
    outer loop
      vertex 18.428573608398438 0.134002685546875 10.500001907348633
      vertex 23.571426391601562 0.29290771484375 10.292898178100586
      vertex 23.571426391601562 0.134002685546875 10.499998092651367
    endloop
  endfacet
  facet normal 0.0000010298007619149156 -0.6087761683651441 -0.7933420301670604
    outer loop
      vertex 18.428558349609375 0.29290771484375 10.292891502380371
      vertex 23.571426391601562 0.5 10.133984565734863
      vertex 23.571426391601562 0.29290771484375 10.292898178100586
    endloop
  endfacet
  facet normal 0.0000013705565963424998 -0.3826991695395877 -0.9238730138021304
    outer loop
      vertex 18.428558349609375 0.5 10.133976936340332
      vertex 23.571426391601562 0.741180419921875 10.034079551696777
      vertex 23.571426391601562 0.5 10.133984565734863
    endloop
  endfacet
  facet normal -7.09711051976155e-8 -0.9238627726232684 -0.3827238918082356
    outer loop
      vertex 18.428573608398438 0.034088134765625 10.74118423461914
      vertex 23.571426391601562 0.134002685546875 10.499998092651367
      vertex 23.571426391601562 0.034088134765625 10.741183280944824
    endloop
  endfacet
  facet normal 1.3836575047297208e-8 -0.9914379919593436 -0.13057835999745265
    outer loop
      vertex 2.9999847412109375 0 11.000000953674316
      vertex 23.571426391601562 0.034088134765625 10.741183280944824
      vertex 39 0 11.000004768371582
    endloop
  endfacet
  facet normal 1.1499894430963765e-7 -9.585109003264905e-7 -0.999999999999534
    outer loop
      vertex 5.8284149169921875 1 10.000001907348633
      vertex 29.999984741210938 3.9000244140625 10.000001907348633
      vertex 39 1 10.000005722045898
    endloop
  endfacet
  facet normal 0.0004629204968844541 -0.9875462644562114 0.15732819602091733
    outer loop
      vertex 8.4989013671875 0.01922607421875 14.195926666259766
      vertex 33.7896728515625 0 14.000829696655273
      vertex 18.547622680664062 0.034088134765625 14.259648323059082
    endloop
  endfacet
  facet normal -2.8736950123519056e-7 -0.9238563511413164 0.3827393923491157
    outer loop
      vertex 18.547622680664062 0.034088134765625 14.259648323059082
      vertex 23.628311157226562 0.034088134765625 14.259652137756348
      vertex 18.547607421875 0.134002685546875 14.500822067260742
    endloop
  endfacet
  facet normal -0.0000013711230230162068 -0.7933836327025698 0.6087219491342445
    outer loop
      vertex 18.547607421875 0.134002685546875 14.500822067260742
      vertex 23.628311157226562 0.134002685546875 14.500833511352539
      vertex 18.547607421875 0.29290771484375 14.707932472229004
    endloop
  endfacet
  facet normal -5.956474420888769e-7 -0.6087968624607157 0.7933261499897968
    outer loop
      vertex 18.547607421875 0.29290771484375 14.707932472229004
      vertex 23.6282958984375 0.29290771484375 14.70793628692627
      vertex 18.547622680664062 0.5 14.866854667663574
    endloop
  endfacet
  facet normal -6.936727753520019e-7 -0.3826742240805137 0.9238833466536214
    outer loop
      vertex 18.547622680664062 0.5 14.866854667663574
      vertex 23.628311157226562 0.5 14.86685848236084
      vertex 18.547607421875 0.741180419921875 14.966752052307129
    endloop
  endfacet
  facet normal -8.620826380219319e-7 -0.9238606322135013 0.3827290585326995
    outer loop
      vertex 18.547607421875 0.134002685546875 14.500822067260742
      vertex 23.628311157226562 0.034088134765625 14.259652137756348
      vertex 23.628311157226562 0.134002685546875 14.500833511352539
    endloop
  endfacet
  facet normal -4.570529781447038e-7 -0.7933728028201171 0.6087360641075429
    outer loop
      vertex 18.547607421875 0.29290771484375 14.707932472229004
      vertex 23.628311157226562 0.134002685546875 14.500833511352539
      vertex 23.6282958984375 0.29290771484375 14.70793628692627
    endloop
  endfacet
  facet normal -5.956474420888769e-7 -0.6087968624607157 0.7933261499897968
    outer loop
      vertex 18.547622680664062 0.5 14.866854667663574
      vertex 23.6282958984375 0.29290771484375 14.70793628692627
      vertex 23.628311157226562 0.5 14.86685848236084
    endloop
  endfacet
  facet normal -6.936706920682837e-7 -0.38267422404305385 0.9238833466691374
    outer loop
      vertex 18.547607421875 0.741180419921875 14.966752052307129
      vertex 23.628311157226562 0.5 14.86685848236084
      vertex 23.628311157226562 0.741180419921875 14.966755867004395
    endloop
  endfacet
  facet normal -0.0004551277005960743 -0.15583725976736507 0.987782638704981
    outer loop
      vertex 8.963607788085938 1 15.000831604003906
      vertex 23.628311157226562 0.741180419921875 14.966755867004395
      vertex 32.06596374511719 0.902008056640625 14.996016502380371
    endloop
  endfacet
  facet normal 2.0622823029252934e-7 -0.04903001211789091 0.9987973057190719
    outer loop
      vertex 8.963607788085938 1 15.000831604003906
      vertex 32.06596374511719 0.902008056640625 14.996016502380371
      vertex 32.0576171875 1 15.000826835632324
    endloop
  endfacet
  facet normal 2.0647655846854082e-7 0 0.9999999999999788
    outer loop
      vertex 8.963607788085938 3.9000244140625 15.000831604003906
      vertex 32.0576171875 1 15.000826835632324
      vertex 32.0576171875 3.9000244140625 15.000826835632324
    endloop
  endfacet
  facet normal 0 0.000014620567042509575 -0.9999999998931195
    outer loop
      vertex 5.8284149169921875 3.9000244140625 10.000001907348633
      vertex 29.999984741210938 3.9000244140625 10.000001907348633
      vertex 20.369320678710938 3.76956787109375 10
    endloop
  endfacet
  facet normal -0.0006476635515572511 0.17655622124117246 -0.984290343990513
    outer loop
      vertex 5.8284149169921875 3.9000244140625 10.000001907348633
      vertex 24.599990844726562 4.158843994140625 10.034075736999512
      vertex 29.804901123046875 4.0950927734375 10.01921558380127
    endloop
  endfacet
  facet normal -3.5590027533942175e-8 0.000005622532242770491 -0.999999999984193
    outer loop
      vertex 29.999984741210938 3.9000244140625 10.000001907348633
      vertex 20.399984741210936 3.5000244140625 10
      vertex 13.987167358398438 3.4594319661458335 10
    endloop
  endfacet
  facet normal 2.7459451888371223e-7 -0.0000056507624318042425 -0.9999999999839967
    outer loop
      vertex 29.999984741210938 3.9000244140625 10.000001907348633
      vertex 13.987167358398438 3.4594319661458335 10
      vertex 20.369320678710938 3.76956787109375 10
    endloop
  endfacet
  facet normal -0.0000011421342083430933 0.38269916960137407 -0.9238730137768472
    outer loop
      vertex 19.199981689453125 4.158843994140625 10.034073829650879
      vertex 19.199996948242188 4.4000244140625 10.133978843688965
      vertex 24.599990844726562 4.4000244140625 10.13397216796875
    endloop
  endfacet
  facet normal 1.4010869496800307e-7 0.6087784677803245 -0.7933402656912232
    outer loop
      vertex 19.199996948242188 4.4000244140625 10.133978843688965
      vertex 19.199981689453125 4.60711669921875 10.292893409729004
      vertex 24.599990844726562 4.60711669921875 10.29289436340332
    endloop
  endfacet
  facet normal -3.2255184164415743e-7 0.7933271742682555 -0.6087955277163597
    outer loop
      vertex 19.199981689453125 4.60711669921875 10.292893409729004
      vertex 19.199996948242188 4.76605224609375 10.500003814697266
      vertex 24.599990844726562 4.76605224609375 10.500000953674316
    endloop
  endfacet
  facet normal 0.000005247671210097908 0.9987921852554245 -0.049134210537627954
    outer loop
      vertex 3.0067901611328125 4.9000244140625 10.99722671508789
      vertex 28.999984741210938 4.9000244140625 11.00000286102295
      vertex 29.004806518554688 4.89520263671875 10.901987075805664
    endloop
  endfacet
  facet normal 1.5812456250803593e-7 0.9838362673515918 -0.1790703745561004
    outer loop
      vertex 13.79998779296875 4.865936279296875 10.741180419921875
      vertex 29.004806518554688 4.89520263671875 10.901987075805664
      vertex 19.199996948242188 4.865936279296875 10.741185188293457
    endloop
  endfacet
  facet normal -4.054490284483616e-7 0.9239019629815776 -0.3826292759298786
    outer loop
      vertex 19.199996948242188 4.76605224609375 10.500003814697266
      vertex 19.199996948242188 4.865936279296875 10.741185188293457
      vertex 24.599990844726562 4.865936279296875 10.741179466247559
    endloop
  endfacet
  facet normal 0 0.09802279929412931 -0.9951841692965894
    outer loop
      vertex 5.8284149169921875 3.9000244140625 10.000001907348633
      vertex 29.804901123046875 4.0950927734375 10.01921558380127
      vertex 29.999984741210938 3.9000244140625 10.000001907348633
    endloop
  endfacet
  facet normal 3.2632724333718236e-7 0.3826711057971749 -0.9238846382464972
    outer loop
      vertex 19.199981689453125 4.158843994140625 10.034073829650879
      vertex 24.599990844726562 4.4000244140625 10.13397216796875
      vertex 24.599990844726562 4.158843994140625 10.034075736999512
    endloop
  endfacet
  facet normal -9.8074618561252e-7 0.6087968624881526 -0.7933261499683592
    outer loop
      vertex 19.199996948242188 4.4000244140625 10.133978843688965
      vertex 24.599990844726562 4.60711669921875 10.29289436340332
      vertex 24.599990844726562 4.4000244140625 10.13397216796875
    endloop
  endfacet
  facet normal 1.0751822309920984e-7 0.7933217584776232 -0.6088025850191179
    outer loop
      vertex 19.199981689453125 4.60711669921875 10.292893409729004
      vertex 24.599990844726562 4.76605224609375 10.500000953674316
      vertex 24.599990844726562 4.60711669921875 10.29289436340332
    endloop
  endfacet
  facet normal -2.0272656699113808e-7 0.9239003583828633 -0.38263315039339635
    outer loop
      vertex 19.199996948242188 4.76605224609375 10.500003814697266
      vertex 24.599990844726562 4.865936279296875 10.741179466247559
      vertex 24.599990844726562 4.76605224609375 10.500000953674316
    endloop
  endfacet
  facet normal 1.9868214925129817e-7 0 -0.9999999999999803
    outer loop
      vertex 29.999984741210938 3.9000244140625 10.000001907348633
      vertex 20.399984741210936 3.1400146484375 10
      vertex 20.399984741210936 3.5000244140625 10
    endloop
  endfacet
  facet normal -1.8972825669862726e-7 0.9838400038600648 -0.17904984446961064
    outer loop
      vertex 19.199996948242188 4.865936279296875 10.741185188293457
      vertex 29.004806518554688 4.89520263671875 10.901987075805664
      vertex 24.599990844726562 4.865936279296875 10.741179466247559
    endloop
  endfacet
  facet normal -0.0006108868352688273 0.9865498735243032 0.16345939516117128
    outer loop
      vertex 8.386245727539062 4.9000244140625 14.000831604003906
      vertex 22.589935302734375 4.865936279296875 14.259651184082031
      vertex 29.007766723632812 4.892333984375 14.124314308166504
    endloop
  endfacet
  facet normal 0.00040506749679185023 0.1729564401632063 0.9849293912389834
    outer loop
      vertex 8.952499389648438 4.0950927734375 14.981611251831055
      vertex 29.992767333984375 3.94122314453125 14.999978065490723
      vertex 17.855361938476562 4.158843994140625 14.966754913330078
    endloop
  endfacet
  facet normal -1.8609423419411372e-7 0.38269916953994054 0.9238730138029821
    outer loop
      vertex 17.855361938476562 4.158843994140625 14.966754913330078
      vertex 22.589920043945312 4.158843994140625 14.966755867004395
      vertex 17.855361938476562 4.4000244140625 14.866849899291992
    endloop
  endfacet
  facet normal -1.5980159107613327e-7 0.6087761683654592 0.7933420301674711
    outer loop
      vertex 17.855361938476562 4.4000244140625 14.866849899291992
      vertex 22.589920043945312 4.4000244140625 14.866850852966309
      vertex 17.855361938476562 4.60711669921875 14.70793628692627
    endloop
  endfacet
  facet normal -7.707239092450564e-8 0.9239019629816508 0.3826292759299089
    outer loop
      vertex 17.855377197265625 4.76605224609375 14.500832557678223
      vertex 22.589935302734375 4.76605224609375 14.500833511352539
      vertex 17.855377197265625 4.865936279296875 14.259651184082031
    endloop
  endfacet
  facet normal 0 0.7933176965196328 0.6088078780607096
    outer loop
      vertex 17.855377197265625 4.76605224609375 14.500832557678223
      vertex 17.855361938476562 4.60711669921875 14.70793628692627
      vertex 22.589920043945312 4.60711669921875 14.70793628692627
    endloop
  endfacet
  facet normal -1.8609423419411372e-7 0.38269916953994054 0.9238730138029821
    outer loop
      vertex 17.855361938476562 4.4000244140625 14.866849899291992
      vertex 22.589920043945312 4.158843994140625 14.966755867004395
      vertex 22.589920043945312 4.4000244140625 14.866850852966309
    endloop
  endfacet
  facet normal 0 0.6087784677738332 0.793340265696217
    outer loop
      vertex 17.855361938476562 4.60711669921875 14.70793628692627
      vertex 22.589920043945312 4.4000244140625 14.866850852966309
      vertex 22.589920043945312 4.60711669921875 14.70793628692627
    endloop
  endfacet
  facet normal -1.2263153321163934e-7 0.7933163425144487 0.6088096424166449
    outer loop
      vertex 17.855377197265625 4.76605224609375 14.500832557678223
      vertex 22.589920043945312 4.60711669921875 14.70793628692627
      vertex 22.589935302734375 4.76605224609375 14.500833511352539
    endloop
  endfacet
  facet normal 0 0.9239024978370788 0.38262798445801977
    outer loop
      vertex 17.855377197265625 4.865936279296875 14.259651184082031
      vertex 22.589935302734375 4.76605224609375 14.500833511352539
      vertex 22.589935302734375 4.865936279296875 14.259651184082031
    endloop
  endfacet
  facet normal 0 1 0
    outer loop
      vertex 8.386245727539062 4.9000244140625 14.000831604003906
      vertex 28.999984741210938 4.9000244140625 14.000001907348633
      vertex 28.999984741210938 4.9000244140625 11.00000286102295
    endloop
  endfacet
  facet normal 0 1 0
    outer loop
      vertex 8.386245727539062 4.9000244140625 14.000831604003906
      vertex 28.999984741210938 4.9000244140625 14.000825881958008
      vertex 28.999984741210938 4.9000244140625 14.000001907348633
    endloop
  endfacet
  facet normal 1.7253545716193023e-8 0.9980664399482233 0.06215610548513395
    outer loop
      vertex 8.386245727539062 4.9000244140625 14.000831604003906
      vertex 29.007766723632812 4.892333984375 14.124314308166504
      vertex 28.999984741210938 4.9000244140625 14.000825881958008
    endloop
  endfacet
  facet normal -0.00003898217392222445 0.040598269627942156 0.9991755496325994
    outer loop
      vertex 8.963607788085938 3.9000244140625 15.000831604003906
      vertex 30 3.940643310546875 15.000001907348633
      vertex 29.992767333984375 3.94122314453125 14.999978065490723
    endloop
  endfacet
  facet normal 2.0643394668944884e-7 0.020315244180859435 0.9997936241314153
    outer loop
      vertex 8.963607788085938 3.9000244140625 15.000831604003906
      vertex 32.0576171875 3.9000244140625 15.000826835632324
      vertex 30 3.940643310546875 15.000001907348633
    endloop
  endfacet
  facet normal -1.9912163803769332e-7 0.15090589110670025 0.9885481333902022
    outer loop
      vertex 17.855361938476562 4.158843994140625 14.966754913330078
      vertex 29.992767333984375 3.94122314453125 14.999978065490723
      vertex 22.589920043945312 4.158843994140625 14.966755867004395
    endloop
  endfacet
  facet normal 0 0.38269916953994715 0.9238730138029981
    outer loop
      vertex 22.589920043945312 4.158843994140625 14.966755867004395
      vertex 27.324493408203125 4.158843994140625 14.966755867004395
      vertex 22.589920043945312 4.4000244140625 14.866850852966309
    endloop
  endfacet
  facet normal 0 0.6087784677738332 0.793340265696217
    outer loop
      vertex 22.589920043945312 4.4000244140625 14.866850852966309
      vertex 27.324478149414062 4.4000244140625 14.866850852966309
      vertex 22.589920043945312 4.60711669921875 14.70793628692627
    endloop
  endfacet
  facet normal 0 0.9239024978370788 0.38262798445801977
    outer loop
      vertex 22.589935302734375 4.76605224609375 14.500833511352539
      vertex 27.324493408203125 4.76605224609375 14.500833511352539
      vertex 22.589935302734375 4.865936279296875 14.259651184082031
    endloop
  endfacet
  facet normal 0 0.7933163425100909 0.6088096424223357
    outer loop
      vertex 22.589935302734375 4.76605224609375 14.500833511352539
      vertex 22.589920043945312 4.60711669921875 14.70793628692627
      vertex 27.324493408203125 4.60711669921875 14.70793628692627
    endloop
  endfacet
  facet normal 0.39666939425332887 -0.6087781414380503 -0.6870535395221615
    outer loop
      vertex 9.38494873046875 0.29290771484375 23.27104949951172
      vertex 9.464401245117188 0.5 23.1334228515625
      vertex 14.227508544921875 0.5 25.88339614868164
    endloop
  endfacet
  facet normal 0.4619369643961164 -0.38269862272442867 -0.8000974972397591
    outer loop
      vertex 9.464401245117188 0.5 23.1334228515625
      vertex 9.514358520507812 0.741180419921875 23.046905517578125
      vertex 14.277450561523438 0.741180419921875 25.7968807220459
    endloop
  endfacet
  facet normal 0.4993959694588722 -0.049123206495935455 -0.8649801016623393
    outer loop
      vertex 5.627716064453125 0.902008056640625 20.769174575805664
      vertex 5.6342926025390625 1 20.767406463623047
      vertex 22.954696655273438 1 30.767335891723633
    endloop
  endfacet
  facet normal 0.3043672547976188 -0.7933729784552848 -0.5271810801460457
    outer loop
      vertex 9.281387329101562 0.134002685546875 23.450410842895508
      vertex 14.148040771484375 0.29290771484375 26.021024703979492
      vertex 14.04449462890625 0.134002685546875 26.20038414001465
    endloop
  endfacet
  facet normal 0.3966619677248257 -0.6088005186079882 -0.6870379988787476
    outer loop
      vertex 9.38494873046875 0.29290771484375 23.27104949951172
      vertex 14.227508544921875 0.5 25.88339614868164
      vertex 14.148040771484375 0.29290771484375 26.021024703979492
    endloop
  endfacet
  facet normal 0.46194189917233375 -0.3826682762558613 -0.8001091626374648
    outer loop
      vertex 9.464401245117188 0.5 23.1334228515625
      vertex 14.277450561523438 0.741180419921875 25.7968807220459
      vertex 14.227508544921875 0.5 25.88339614868164
    endloop
  endfacet
  facet normal 0.06528857341820052 -0.9914381445373778 -0.11308318945492217
    outer loop
      vertex 4.268280029296875 0 21.133441925048828
      vertex 13.923904418945312 0.034088134765625 26.40925407409668
      vertex 18.687026977539062 0.034088134765625 29.159242630004883
    endloop
  endfacet
  facet normal 0.19136394094053621 -0.9238608568731073 -0.33145280093158846
    outer loop
      vertex 9.160797119140625 0.034088134765625 23.659278869628906
      vertex 14.04449462890625 0.134002685546875 26.20038414001465
      vertex 13.923904418945312 0.034088134765625 26.40925407409668
    endloop
  endfacet
  facet normal 0.4999996052642743 -0.00004242648907617573 -0.8660256306458619
    outer loop
      vertex 5.6342926025390625 1 20.767406463623047
      vertex 10.05352783203125 1.0566253662109375 23.31884765625
      vertex 22.954696655273438 1 30.767335891723633
    endloop
  endfacet
  facet normal 0.4948273840469403 -0.149232475721453 -0.8560814962299488
    outer loop
      vertex 5.627716064453125 0.902008056640625 20.769174575805664
      vertex 22.954696655273438 1 30.767335891723633
      vertex 14.277450561523438 0.741180419921875 25.7968807220459
    endloop
  endfacet
  facet normal 0.4999997747183162 0.000008919296196040685 -0.8660255338049099
    outer loop
      vertex 10.05352783203125 1.0566253662109375 23.31884765625
      vertex 11.13604736328125 1.7783050537109375 23.94384765625
      vertex 22.954696655273438 1 30.767335891723633
    endloop
  endfacet
  facet normal 0.4999993342095361 0 -0.8660257881784009
    outer loop
      vertex 11.13604736328125 1.7783050537109375 23.94384765625
      vertex 11.13604736328125 3.2216796875 23.94384765625
      vertex 22.954696655273438 1 30.767335891723633
    endloop
  endfacet
  facet normal 0.46193561423271395 0.3826986226932886 -0.8000982767711136
    outer loop
      vertex 9.514358520507812 4.158843994140625 23.046905517578125
      vertex 9.464401245117188 4.4000244140625 23.1334228515625
      vertex 14.227508544921875 4.4000244140625 25.88339614868164
    endloop
  endfacet
  facet normal 0.49401148164276143 0.14890478138742314 -0.8566096089147537
    outer loop
      vertex 10.051528930664062 3.9433746337890625 23.32231330871582
      vertex 14.277450561523438 4.158843994140625 25.7968807220459
      vertex 10.0802001953125 3.9251708984375 23.335683822631836
    endloop
  endfacet
  facet normal 0.4619432493681171 0.3826682762193512 -0.8001083831197721
    outer loop
      vertex 9.514358520507812 4.158843994140625 23.046905517578125
      vertex 14.227508544921875 4.4000244140625 25.88339614868164
      vertex 14.277450561523438 4.158843994140625 25.7968807220459
    endloop
  endfacet
  facet normal 0.3966608083543989 0.6088005185799212 -0.6870386682658073
    outer loop
      vertex 9.464401245117188 4.4000244140625 23.1334228515625
      vertex 14.148040771484375 4.60711669921875 26.021024703979492
      vertex 14.227508544921875 4.4000244140625 25.88339614868164
    endloop
  endfacet
  facet normal 0.304404933604406 0.7933165181769234 -0.5272442871999093
    outer loop
      vertex 9.38494873046875 4.60711669921875 23.27104949951172
      vertex 14.04449462890625 4.76605224609375 26.20038414001465
      vertex 14.148040771484375 4.60711669921875 26.021024703979492
    endloop
  endfacet
  facet normal 0.19131395024817344 0.9239021875339201 -0.33136644415280897
    outer loop
      vertex 9.281387329101562 4.76605224609375 23.450410842895508
      vertex 13.923904418945312 4.865936279296875 26.40925407409668
      vertex 14.04449462890625 4.76605224609375 26.20038414001465
    endloop
  endfacet
  facet normal 0.0871301758817282 0.9849071113493443 -0.1495537176545918
    outer loop
      vertex 4.5347747802734375 4.88079833984375 21.062028884887695
      vertex 23.320724487304688 4.9000244140625 32.13336181640625
      vertex 9.160797119140625 4.865936279296875 23.659278869628906
    endloop
  endfacet
  facet normal 0.4993930175922176 0.04920671196758982 -0.8649770595093708
    outer loop
      vertex 10.118545532226562 3.9000244140625 23.35639190673828
      vertex 10.0802001953125 3.9251708984375 23.335683822631836
      vertex 22.956466674804688 3.998016357421875 30.77391815185547
    endloop
  endfacet
  facet normal 0.49999942713387546 -0.0000021586920085058222 -0.8660257345259068
    outer loop
      vertex 11.13604736328125 3.2216796875 23.94384765625
      vertex 10.118545532226562 3.9000244140625 23.35639190673828
      vertex 22.954696655273438 3.9000244140625 30.767335891723633
    endloop
  endfacet
  facet normal -0.49999130848453915 -0.00008466519281488301 0.8660304176365422
    outer loop
      vertex 1 0 21.556198120117188
      vertex 30.204025268554688 3.9433746337890625 38.417144775390625
      vertex 8.553390502929688 1.0566253662109375 25.917152404785156
    endloop
  endfacet
  facet normal 0.19136427752485063 -0.9238608568727235 -0.331452606605815
    outer loop
      vertex 13.923904418945312 0.034088134765625 26.40925407409668
      vertex 14.04449462890625 0.134002685546875 26.20038414001465
      vertex 18.8076171875 0.134002685546875 28.950374603271484
    endloop
  endfacet
  facet normal 0.3966617123598503 -0.6088005186018998 -0.6870381463192632
    outer loop
      vertex 14.227508544921875 0.5 25.88339614868164
      vertex 18.990631103515625 0.5 28.633386611938477
      vertex 14.148040771484375 0.29290771484375 26.021024703979492
    endloop
  endfacet
  facet normal 0.304367058851969 -0.7933729784583605 -0.5271811932703139
    outer loop
      vertex 14.04449462890625 0.134002685546875 26.20038414001465
      vertex 14.148040771484375 0.29290771484375 26.021024703979492
      vertex 18.911178588867188 0.29290771484375 28.771013259887695
    endloop
  endfacet
  facet normal 0.08595241372812044 -0.9849069835066542 -0.15023453802016737
    outer loop
      vertex 4.268280029296875 0 21.133441925048828
      vertex 18.687026977539062 0.034088134765625 29.159242630004883
      vertex 23.249313354492188 0.01922607421875 31.866857528686523
    endloop
  endfacet
  facet normal 0.4619416017846308 -0.3826682762637779 -0.8001093343299769
    outer loop
      vertex 14.227508544921875 0.5 25.88339614868164
      vertex 14.277450561523438 0.741180419921875 25.7968807220459
      vertex 19.04058837890625 0.741180419921875 28.5468692779541
    endloop
  endfacet
  facet normal 0.3966691388862024 -0.6087781414427091 -0.6870536869538214
    outer loop
      vertex 14.148040771484375 0.29290771484375 26.021024703979492
      vertex 18.990631103515625 0.5 28.633386611938477
      vertex 18.911178588867188 0.29290771484375 28.771013259887695
    endloop
  endfacet
  facet normal 0.461936667006769 -0.38269862271764954 -0.8000976689409184
    outer loop
      vertex 14.227508544921875 0.5 25.88339614868164
      vertex 19.04058837890625 0.741180419921875 28.5468692779541
      vertex 18.990631103515625 0.5 28.633386611938477
    endloop
  endfacet
  facet normal 0.04903628377123975 -0.9951792567543457 -0.08493344335286471
    outer loop
      vertex 4.268280029296875 0 21.133441925048828
      vertex 23.249313354492188 0.01922607421875 31.866857528686523
      vertex 23.320724487304688 0 32.13336181640625
    endloop
  endfacet
  facet normal 0.304359363019764 -0.7933861529723927 -0.5271658092231236
    outer loop
      vertex 14.04449462890625 0.134002685546875 26.20038414001465
      vertex 18.911178588867188 0.29290771484375 28.771013259887695
      vertex 18.8076171875 0.134002685546875 28.950374603271484
    endloop
  endfacet
  facet normal 0.1913652966245792 -0.923859930025298 -0.3314546016296019
    outer loop
      vertex 13.923904418945312 0.034088134765625 26.40925407409668
      vertex 18.8076171875 0.134002685546875 28.950374603271484
      vertex 18.687026977539062 0.034088134765625 29.159242630004883
    endloop
  endfacet
  facet normal 0 -1 0
    outer loop
      vertex 1 0 21.556198120117188
      vertex 23.320724487304688 0 32.13336181640625
      vertex 26.78472900390625 0 34.13372802734375
    endloop
  endfacet
  facet normal -0.5000002699887413 0.000004931787888134404 0.8660252478922675
    outer loop
      vertex 8.553390502929688 1.0566253662109375 25.917152404785156
      vertex 30.204025268554688 3.9433746337890625 38.417144775390625
      vertex 9.63592529296875 1.7783050537109375 26.542150497436523
    endloop
  endfacet
  facet normal -0.49999988064197964 0 0.8660254726958129
    outer loop
      vertex 9.63592529296875 1.7783050537109375 26.542150497436523
      vertex 30.204025268554688 3.9433746337890625 38.417144775390625
      vertex 9.63592529296875 3.2216796875 26.542150497436523
    endloop
  endfacet
  facet normal -0.4999997768115157 0.000004381462393958746 0.8660255326312484
    outer loop
      vertex 1 4.9000244140625 21.556198120117188
      vertex 8.553390502929688 3.9433746337890625 25.917152404785156
      vertex 30.204025268554688 3.9433746337890625 38.417144775390625
    endloop
  endfacet
  facet normal 0.4939741931877495 0.14922116390290757 -0.8565760565810683
    outer loop
      vertex 10.0802001953125 3.9251708984375 23.335683822631836
      vertex 14.277450561523438 4.158843994140625 25.7968807220459
      vertex 22.956466674804688 3.998016357421875 30.77391815185547
    endloop
  endfacet
  facet normal 0.4619429519716374 0.38266827622747285 -0.8001085548179222
    outer loop
      vertex 14.277450561523438 4.158843994140625 25.7968807220459
      vertex 14.227508544921875 4.4000244140625 25.88339614868164
      vertex 18.990631103515625 4.4000244140625 28.633386611938477
    endloop
  endfacet
  facet normal 0.39666055299701547 0.6088005185735926 -0.6870388157015777
    outer loop
      vertex 14.227508544921875 4.4000244140625 25.88339614868164
      vertex 14.148040771484375 4.60711669921875 26.021024703979492
      vertex 18.911178588867188 4.60711669921875 28.771013259887695
    endloop
  endfacet
  facet normal 0.3044047376291966 0.793316518180184 -0.527244400341407
    outer loop
      vertex 14.04449462890625 4.76605224609375 26.20038414001465
      vertex 18.8076171875 4.76605224609375 28.950374603271484
      vertex 14.148040771484375 4.60711669921875 26.021024703979492
    endloop
  endfacet
  facet normal 0.19131428674517986 0.9239021875335777 -0.3313662498774623
    outer loop
      vertex 14.04449462890625 4.76605224609375 26.20038414001465
      vertex 13.923904418945312 4.865936279296875 26.40925407409668
      vertex 18.687026977539062 4.865936279296875 29.159242630004883
    endloop
  endfacet
  facet normal 0.06528823910306095 0.9914382112968704 -0.1130827971677545
    outer loop
      vertex 9.160797119140625 4.865936279296875 23.659278869628906
      vertex 23.320724487304688 4.9000244140625 32.13336181640625
      vertex 13.923904418945312 4.865936279296875 26.40925407409668
    endloop
  endfacet
  facet normal 0.4619353168521429 0.3826986226863047 -0.8000984484666344
    outer loop
      vertex 14.277450561523438 4.158843994140625 25.7968807220459
      vertex 18.990631103515625 4.4000244140625 28.633386611938477
      vertex 19.04058837890625 4.158843994140625 28.5468692779541
    endloop
  endfacet
  facet normal 0.39667029829327255 0.6087781414211323 -0.6870530175901699
    outer loop
      vertex 14.227508544921875 4.4000244140625 25.88339614868164
      vertex 18.911178588867188 4.60711669921875 28.771013259887695
      vertex 18.990631103515625 4.4000244140625 28.633386611938477
    endloop
  endfacet
  facet normal 0.30439526266943867 0.7933296949407342 -0.5272300438989085
    outer loop
      vertex 14.148040771484375 4.60711669921875 26.021024703979492
      vertex 18.8076171875 4.76605224609375 28.950374603271484
      vertex 18.911178588867188 4.60711669921875 28.771013259887695
    endloop
  endfacet
  facet normal 0.19131550471883432 0.9239012611278341 -0.3313681296391905
    outer loop
      vertex 14.04449462890625 4.76605224609375 26.20038414001465
      vertex 18.687026977539062 4.865936279296875 29.159242630004883
      vertex 18.8076171875 4.76605224609375 28.950374603271484
    endloop
  endfacet
  facet normal -0.4999997768124235 -0.000003945334981621811 0.8660255326328209
    outer loop
      vertex 9.63592529296875 3.2216796875 26.542150497436523
      vertex 30.204025268554688 3.9433746337890625 38.417144775390625
      vertex 8.553390502929688 3.9433746337890625 25.917152404785156
    endloop
  endfacet
  facet normal 0 1 0
    outer loop
      vertex 1 4.9000244140625 21.556198120117188
      vertex 43.10530090332031 4.9000244140625 45.865692138671875
      vertex 4.268280029296875 4.9000244140625 21.133441925048828
    endloop
  endfacet
  facet normal 0.49572299783208323 -0.1304963254880155 -0.8586206487468715
    outer loop
      vertex 14.277450561523438 0.741180419921875 25.7968807220459
      vertex 22.954696655273438 1 30.767335891723633
      vertex 19.04058837890625 0.741180419921875 28.5468692779541
    endloop
  endfacet
  facet normal 0.3954820673973472 -0.6087775914347298 -0.6877381613187167
    outer loop
      vertex 18.911178588867188 0.29290771484375 28.771013259887695
      vertex 18.990631103515625 0.5 28.633386611938477
      vertex 23.016387939453125 0.4444580078125 30.9975528717041
    endloop
  endfacet
  facet normal 0.18991684682988094 -0.9238586377601923 -0.33229024771437005
    outer loop
      vertex 18.687026977539062 0.034088134765625 29.159242630004883
      vertex 18.8076171875 0.134002685546875 28.950374603271484
      vertex 23.180648803710938 0.076141357421875 31.61060333251953
    endloop
  endfacet
  facet normal 0.303234007363454 -0.7933854648785764 -0.5278149684289999
    outer loop
      vertex 18.8076171875 0.134002685546875 28.950374603271484
      vertex 18.911178588867188 0.29290771484375 28.771013259887695
      vertex 23.11737060546875 0.168548583984375 31.374435424804688
    endloop
  endfacet
  facet normal 0.4603184968086748 -0.3826979183267388 -0.8010300773405347
    outer loop
      vertex 18.990631103515625 0.5 28.633386611938477
      vertex 19.04058837890625 0.741180419921875 28.5468692779541
      vertex 22.982559204101562 0.617340087890625 30.871320724487305
    endloop
  endfacet
  facet normal 0.49999933420953613 0 -0.866025788178401
    outer loop
      vertex 11.13604736328125 3.2216796875 23.94384765625
      vertex 22.954696655273438 3.9000244140625 30.767335891723633
      vertex 22.954696655273438 1 30.767335891723633
    endloop
  endfacet
  facet normal -0.6863070225611889 -0.6088026108051502 -0.3979221680932452
    outer loop
      vertex 23.016387939453125 0.4444580078125 30.9975528717041
      vertex 25.187957763671875 0.5 27.167211532592773
      vertex 25.325592041015625 0.29290771484375 27.246671676635742
    endloop
  endfacet
  facet normal -0.5264954352642807 -0.7933696367294513 -0.3055604296397916
    outer loop
      vertex 23.11737060546875 0.168548583984375 31.374435424804688
      vertex 25.325592041015625 0.29290771484375 27.246671676635742
      vertex 25.50494384765625 0.134002685546875 27.35022735595703
    endloop
  endfacet
  facet normal -0.3305614917592596 -0.9238631119240531 -0.19288870001090666
    outer loop
      vertex 23.180648803710938 0.076141357421875 31.61060333251953
      vertex 25.50494384765625 0.134002685546875 27.35022735595703
      vertex 25.713821411132812 0.034088134765625 27.47081756591797
    endloop
  endfacet
  facet normal -0.7991058573953093 -0.3826885171645376 -0.4636586325163322
    outer loop
      vertex 22.982559204101562 0.617340087890625 30.871320724487305
      vertex 25.1014404296875 0.741180419921875 27.117259979248047
      vertex 25.187957763671875 0.5 27.167211532592773
    endloop
  endfacet
  facet normal 0.44186550312560596 -0.47100604045474476 -0.7634842414894354
    outer loop
      vertex 18.990631103515625 0.5 28.633386611938477
      vertex 22.982559204101562 0.617340087890625 30.871320724487305
      vertex 23.016387939453125 0.4444580078125 30.9975528717041
    endloop
  endfacet
  facet normal 0.4793253087868483 -0.2900385652005915 -0.8283265533910975
    outer loop
      vertex 19.04058837890625 0.741180419921875 28.5468692779541
      vertex 22.96173095703125 0.804931640625 30.793582916259766
      vertex 22.982559204101562 0.617340087890625 30.871320724487305
    endloop
  endfacet
  facet normal 0.493554217327189 -0.14688285535327852 -0.8572220607064506
    outer loop
      vertex 19.04058837890625 0.741180419921875 28.5468692779541
      vertex 22.956466674804688 0.902008056640625 30.77391815185547
      vertex 22.96173095703125 0.804931640625 30.793582916259766
    endloop
  endfacet
  facet normal 0.146246844235019 -0.9566983042446348 -0.2516748203669536
    outer loop
      vertex 18.687026977539062 0.034088134765625 29.159242630004883
      vertex 23.180648803710938 0.076141357421875 31.61060333251953
      vertex 23.249313354492188 0.01922607421875 31.866857528686523
    endloop
  endfacet
  facet normal 0.23676211779223752 -0.8815733757447245 -0.4083773778707453
    outer loop
      vertex 18.8076171875 0.134002685546875 28.950374603271484
      vertex 23.11737060546875 0.168548583984375 31.374435424804688
      vertex 23.180648803710938 0.076141357421875 31.61060333251953
    endloop
  endfacet
  facet normal 0.31719268060670397 -0.7730167070574759 -0.5493941881559633
    outer loop
      vertex 18.911178588867188 0.29290771484375 28.771013259887695
      vertex 23.061904907226562 0.29290771484375 31.167434692382812
      vertex 23.11737060546875 0.168548583984375 31.374435424804688
    endloop
  endfacet
  facet normal 0.3865182850163028 -0.6343610100441541 -0.6694697336577785
    outer loop
      vertex 18.911178588867188 0.29290771484375 28.771013259887695
      vertex 23.016387939453125 0.4444580078125 30.9975528717041
      vertex 23.061904907226562 0.29290771484375 31.167434692382812
    endloop
  endfacet
  facet normal 0.4952929008900576 -0.04931306009072139 -0.8673252933198712
    outer loop
      vertex 19.04058837890625 0.741180419921875 28.5468692779541
      vertex 22.954696655273438 1 30.767335891723633
      vertex 22.956466674804688 0.902008056640625 30.77391815185547
    endloop
  endfacet
  facet normal -0.40929177098280994 -0.8815498058240444 -0.23526620253947345
    outer loop
      vertex 23.11737060546875 0.168548583984375 31.374435424804688
      vertex 25.50494384765625 0.134002685546875 27.35022735595703
      vertex 23.180648803710938 0.076141357421875 31.61060333251953
    endloop
  endfacet
  facet normal -0.5493899918228073 -0.7730186716628887 -0.31719516097424727
    outer loop
      vertex 23.11737060546875 0.168548583984375 31.374435424804688
      vertex 23.061904907226562 0.29290771484375 31.167434692382812
      vertex 25.325592041015625 0.29290771484375 27.246671676635742
    endloop
  endfacet
  facet normal -0.6694735669192708 -0.634351975551426 -0.3865264729748686
    outer loop
      vertex 23.061904907226562 0.29290771484375 31.167434692382812
      vertex 23.016387939453125 0.4444580078125 30.9975528717041
      vertex 25.325592041015625 0.29290771484375 27.246671676635742
    endloop
  endfacet
  facet normal -0.8293045386410796 -0.29001378481604284 -0.47764629885091775
    outer loop
      vertex 22.982559204101562 0.617340087890625 30.871320724487305
      vertex 22.96173095703125 0.804931640625 30.793582916259766
      vertex 25.1014404296875 0.741180419921875 27.117259979248047
    endloop
  endfacet
  facet normal -0.8560087598403036 -0.14682804878967895 -0.49567179379633963
    outer loop
      vertex 22.96173095703125 0.804931640625 30.793582916259766
      vertex 22.956466674804688 0.902008056640625 30.77391815185547
      vertex 25.1014404296875 0.741180419921875 27.117259979248047
    endloop
  endfacet
  facet normal -0.7644331134011793 -0.4710107741589311 -0.4402168394802544
    outer loop
      vertex 23.016387939453125 0.4444580078125 30.9975528717041
      vertex 22.982559204101562 0.617340087890625 30.871320724487305
      vertex 25.187957763671875 0.5 27.167211532592773
    endloop
  endfacet
  facet normal -0.2525426667435105 -0.9566874443850202 -0.14481483083626193
    outer loop
      vertex 23.180648803710938 0.076141357421875 31.61060333251953
      vertex 25.713821411132812 0.034088134765625 27.47081756591797
      vertex 23.249313354492188 0.01922607421875 31.866857528686523
    endloop
  endfacet
  facet normal -0.08260058599670783 -0.9953440497591455 -0.04967258602150972
    outer loop
      vertex 23.249313354492188 0.01922607421875 31.866857528686523
      vertex 25.713821411132812 0.034088134765625 27.47081756591797
      vertex 23.320724487304688 0 32.13336181640625
    endloop
  endfacet
  facet normal -0.49999992048868463 0 0.8660254496903131
    outer loop
      vertex 1 0 21.556198120117188
      vertex 29.121490478515625 1.7783050537109375 37.792144775390625
      vertex 29.121490478515625 3.2216796875 37.792144775390625
    endloop
  endfacet
  facet normal -0.4999998362803227 -0.0000017755050243739502 0.8660254983061977
    outer loop
      vertex 1 0 21.556198120117188
      vertex 30.204025268554688 1.0566253662109375 38.417144775390625
      vertex 29.121490478515625 1.7783050537109375 37.792144775390625
    endloop
  endfacet
  facet normal -0.5000001221671023 0.0000023472377844599554 0.8660253332480367
    outer loop
      vertex 1 0 21.556198120117188
      vertex 29.121490478515625 3.2216796875 37.792144775390625
      vertex 30.204025268554688 3.9433746337890625 38.417144775390625
    endloop
  endfacet
  facet normal 0 -1 0
    outer loop
      vertex 1 0 21.556198120117188
      vertex 26.78472900390625 0 34.13372802734375
      vertex 41.507476806640625 0 42.63532257080078
    endloop
  endfacet
  facet normal 0.4993968155945918 0.04908152766076562 -0.8649819791281588
    outer loop
      vertex 10.118545532226562 3.9000244140625 23.35639190673828
      vertex 22.956466674804688 3.998016357421875 30.77391815185547
      vertex 22.954696655273438 3.9000244140625 30.767335891723633
    endloop
  endfacet
  facet normal 0.49192844069356184 0.1789418196573306 -0.8520482582662346
    outer loop
      vertex 14.277450561523438 4.158843994140625 25.7968807220459
      vertex 19.04058837890625 4.158843994140625 28.5468692779541
      vertex 22.956466674804688 3.998016357421875 30.77391815185547
    endloop
  endfacet
  facet normal 0.06529027055498135 0.9914376974890254 -0.11308612898369527
    outer loop
      vertex 13.923904418945312 4.865936279296875 26.40925407409668
      vertex 23.320724487304688 4.9000244140625 32.13336181640625
      vertex 18.687026977539062 4.865936279296875 29.159242630004883
    endloop
  endfacet
  facet normal 0.4603184968086748 0.3826979183267388 -0.8010300773405347
    outer loop
      vertex 19.04058837890625 4.158843994140625 28.5468692779541
      vertex 18.990631103515625 4.4000244140625 28.633386611938477
      vertex 22.982559204101562 4.282684326171875 30.871320724487305
    endloop
  endfacet
  facet normal 0.3954786188319375 0.6087775881727361 -0.6877401472833833
    outer loop
      vertex 18.990631103515625 4.4000244140625 28.633386611938477
      vertex 18.911178588867188 4.60711669921875 28.771013259887695
      vertex 23.016387939453125 4.455596923828125 30.9975528717041
    endloop
  endfacet
  facet normal 0.30327398073482986 0.7933290107435323 -0.5278768543154156
    outer loop
      vertex 18.911178588867188 4.60711669921875 28.771013259887695
      vertex 18.8076171875 4.76605224609375 28.950374603271484
      vertex 23.11737060546875 4.731475830078125 31.374435424804688
    endloop
  endfacet
  facet normal 0.18986934224980456 0.9238999730588274 -0.3322024573291482
    outer loop
      vertex 18.687026977539062 4.865936279296875 29.159242630004883
      vertex 23.180648803710938 4.823883056640625 31.61060333251953
      vertex 18.8076171875 4.76605224609375 28.950374603271484
    endloop
  endfacet
  facet normal -0.7990346563877522 0.3826852732397095 -0.4637840009495321
    outer loop
      vertex 24.957229614257812 4.158843994140625 27.367055892944336
      vertex 22.982559204101562 4.282684326171875 30.871320724487305
      vertex 25.043746948242188 4.4000244140625 27.41700553894043
    endloop
  endfacet
  facet normal -0.6862743923361424 0.6087706869192754 -0.3980272718941405
    outer loop
      vertex 23.016387939453125 4.455596923828125 30.9975528717041
      vertex 25.181365966796875 4.60711669921875 27.4964656829834
      vertex 25.043746948242188 4.4000244140625 27.41700553894043
    endloop
  endfacet
  facet normal -0.526496180769168 0.7933304552196608 -0.30566085856132275
    outer loop
      vertex 23.11737060546875 4.731475830078125 31.374435424804688
      vertex 25.360733032226562 4.76605224609375 27.600019454956055
      vertex 25.181365966796875 4.60711669921875 27.4964656829834
    endloop
  endfacet
  facet normal -0.33043509400177373 0.9238974068093854 -0.192941002233668
    outer loop
      vertex 23.180648803710938 4.823883056640625 31.61060333251953
      vertex 25.569595336914062 4.865936279296875 27.720611572265625
      vertex 25.360733032226562 4.76605224609375 27.600019454956055
    endloop
  endfacet
  facet normal 0.493554217327189 0.14688285535327852 -0.8572220607064506
    outer loop
      vertex 19.04058837890625 4.158843994140625 28.5468692779541
      vertex 22.96173095703125 4.0950927734375 30.793582916259766
      vertex 22.956466674804688 3.998016357421875 30.77391815185547
    endloop
  endfacet
  facet normal 0.4793253087868483 0.2900385652005915 -0.8283265533910975
    outer loop
      vertex 19.04058837890625 4.158843994140625 28.5468692779541
      vertex 22.982559204101562 4.282684326171875 30.871320724487305
      vertex 22.96173095703125 4.0950927734375 30.793582916259766
    endloop
  endfacet
  facet normal 0.44188074928618415 0.47094222546362097 -0.763514782886129
    outer loop
      vertex 18.990631103515625 4.4000244140625 28.633386611938477
      vertex 23.016387939453125 4.455596923828125 30.9975528717041
      vertex 22.982559204101562 4.282684326171875 30.871320724487305
    endloop
  endfacet
  facet normal 0.38648695831345886 0.6344373522885473 -0.6694154741822962
    outer loop
      vertex 18.911178588867188 4.60711669921875 28.771013259887695
      vertex 23.061904907226562 4.60711669921875 31.167434692382812
      vertex 23.016387939453125 4.455596923828125 30.9975528717041
    endloop
  endfacet
  facet normal 0.31719268060670397 0.7730167070574759 -0.5493941881559633
    outer loop
      vertex 18.911178588867188 4.60711669921875 28.771013259887695
      vertex 23.11737060546875 4.731475830078125 31.374435424804688
      vertex 23.061904907226562 4.60711669921875 31.167434692382812
    endloop
  endfacet
  facet normal 0.23676886549237908 0.881571132571803 -0.4083783081280397
    outer loop
      vertex 18.8076171875 4.76605224609375 28.950374603271484
      vertex 23.180648803710938 4.823883056640625 31.61060333251953
      vertex 23.11737060546875 4.731475830078125 31.374435424804688
    endloop
  endfacet
  facet normal 0.146246844235019 0.9566983042446348 -0.2516748203669536
    outer loop
      vertex 18.687026977539062 4.865936279296875 29.159242630004883
      vertex 23.249313354492188 4.88079833984375 31.866857528686523
      vertex 23.180648803710938 4.823883056640625 31.61060333251953
    endloop
  endfacet
  facet normal 0.046817568818657736 0.9953357004873109 -0.08435021390218386
    outer loop
      vertex 18.687026977539062 4.865936279296875 29.159242630004883
      vertex 23.320724487304688 4.9000244140625 32.13336181640625
      vertex 23.249313354492188 4.88079833984375 31.866857528686523
    endloop
  endfacet
  facet normal -0.8622591631812433 0.04943261720413736 -0.5040491562003961
    outer loop
      vertex 24.957229614257812 4.158843994140625 27.367055892944336
      vertex 22.954696655273438 3.9000244140625 30.767335891723633
      vertex 22.956466674804688 3.998016357421875 30.77391815185547
    endloop
  endfacet
  facet normal -0.855960236038522 0.14684157889083893 -0.4957515759225817
    outer loop
      vertex 24.957229614257812 4.158843994140625 27.367055892944336
      vertex 22.956466674804688 3.998016357421875 30.77391815185547
      vertex 22.96173095703125 4.0950927734375 30.793582916259766
    endloop
  endfacet
  facet normal -0.8293448260980876 0.2899941974561152 -0.47758823778032544
    outer loop
      vertex 24.957229614257812 4.158843994140625 27.367055892944336
      vertex 22.96173095703125 4.0950927734375 30.793582916259766
      vertex 22.982559204101562 4.282684326171875 30.871320724487305
    endloop
  endfacet
  facet normal -0.7645081245786187 0.47091894436070453 -0.44018481947414173
    outer loop
      vertex 22.982559204101562 4.282684326171875 30.871320724487305
      vertex 23.016387939453125 4.455596923828125 30.9975528717041
      vertex 25.043746948242188 4.4000244140625 27.41700553894043
    endloop
  endfacet
  facet normal -0.6694200189186259 0.6344279077141722 -0.386494590110139
    outer loop
      vertex 23.016387939453125 4.455596923828125 30.9975528717041
      vertex 23.061904907226562 4.60711669921875 31.167434692382812
      vertex 25.181365966796875 4.60711669921875 27.4964656829834
    endloop
  endfacet
  facet normal -0.5493906907402313 0.7730183348185877 -0.3171947713350103
    outer loop
      vertex 23.061904907226562 4.60711669921875 31.167434692382812
      vertex 23.11737060546875 4.731475830078125 31.374435424804688
      vertex 25.181365966796875 4.60711669921875 27.4964656829834
    endloop
  endfacet
  facet normal -0.4093665452580899 0.8815232091928251 -0.2352357610522662
    outer loop
      vertex 23.11737060546875 4.731475830078125 31.374435424804688
      vertex 23.180648803710938 4.823883056640625 31.61060333251953
      vertex 25.360733032226562 4.76605224609375 27.600019454956055
    endloop
  endfacet
  facet normal -0.25261141484522265 0.9566725818415831 -0.14479310840801204
    outer loop
      vertex 23.180648803710938 4.823883056640625 31.61060333251953
      vertex 23.249313354492188 4.88079833984375 31.866857528686523
      vertex 25.569595336914062 4.865936279296875 27.720611572265625
    endloop
  endfacet
  facet normal 0 1 0
    outer loop
      vertex 4.268280029296875 4.9000244140625 21.133441925048828
      vertex 43.10530090332031 4.9000244140625 45.865692138671875
      vertex 23.320724487304688 4.9000244140625 32.13336181640625
    endloop
  endfacet
  facet normal -0.4999998026625487 0.0000033293256003262726 0.8660255177108398
    outer loop
      vertex 1 4.9000244140625 21.556198120117188
      vertex 30.204025268554688 3.9433746337890625 38.417144775390625
      vertex 43.10530090332031 4.9000244140625 45.865692138671875
    endloop
  endfacet
  facet normal -0.0000019124928035968797 -0.6087761683643537 -0.7933420301660302
    outer loop
      vertex 23.571426391601562 0.29290771484375 10.292898178100586
      vertex 23.571426391601562 0.5 10.133984565734863
      vertex 28.714279174804688 0.5 10.13397216796875
    endloop
  endfacet
  facet normal 0 -0.7933687413974396 -0.6087413573706345
    outer loop
      vertex 23.571426391601562 0.134002685546875 10.499998092651367
      vertex 23.571426391601562 0.29290771484375 10.292898178100586
      vertex 28.714279174804688 0.29290771484375 10.292898178100586
    endloop
  endfacet
  facet normal -1.7132008284631155e-7 -0.38269916953994154 -0.9238730138029846
    outer loop
      vertex 23.571426391601562 0.5 10.133984565734863
      vertex 23.571426391601562 0.741180419921875 10.034079551696777
      vertex 28.714279174804688 0.741180419921875 10.034078598022461
    endloop
  endfacet
  facet normal 7.806798409048176e-7 -0.9238627726229891 -0.3827238918081199
    outer loop
      vertex 23.571426391601562 0.134002685546875 10.499998092651367
      vertex 28.71429443359375 0.134002685546875 10.500008583068848
      vertex 23.571426391601562 0.034088134765625 10.741183280944824
    endloop
  endfacet
  facet normal 0.0000012416704695527036 -0.793383632658524 -0.60872194919193
    outer loop
      vertex 23.571426391601562 0.134002685546875 10.499998092651367
      vertex 28.714279174804688 0.29290771484375 10.292898178100586
      vertex 28.71429443359375 0.134002685546875 10.500008583068848
    endloop
  endfacet
  facet normal 0 -0.6088060594775485 -0.7933190921334363
    outer loop
      vertex 23.571426391601562 0.29290771484375 10.292898178100586
      vertex 28.714279174804688 0.5 10.13397216796875
      vertex 28.714279174804688 0.29290771484375 10.292898178100586
    endloop
  endfacet
  facet normal -0.000002227198440429224 -0.3826617509799276 -0.9238885129343343
    outer loop
      vertex 23.571426391601562 0.5 10.133984565734863
      vertex 28.714279174804688 0.741180419921875 10.034078598022461
      vertex 28.714279174804688 0.5 10.13397216796875
    endloop
  endfacet
  facet normal 0.000001470782240275931 -0.13061081256873103 -0.9914337172186413
    outer loop
      vertex 18.428558349609375 0.741180419921875 10.034071922302246
      vertex 39 1 10.000005722045898
      vertex 23.571426391601562 0.741180419921875 10.034079551696777
    endloop
  endfacet
  facet normal -7.097397957236808e-8 -0.9238563511333354 -0.3827393923684813
    outer loop
      vertex 23.571426391601562 0.034088134765625 10.741183280944824
      vertex 28.71429443359375 0.134002685546875 10.500008583068848
      vertex 28.714279174804688 0.034088134765625 10.741182327270508
    endloop
  endfacet
  facet normal 0.0000011768811281244334 -0.608806059477127 -0.7933190921328869
    outer loop
      vertex 28.714279174804688 0.29290771484375 10.292898178100586
      vertex 28.714279174804688 0.5 10.13397216796875
      vertex 33.857147216796875 0.5 10.133979797363281
    endloop
  endfacet
  facet normal -9.030357479078129e-7 -0.7933836327351232 -0.6087219490926902
    outer loop
      vertex 28.71429443359375 0.134002685546875 10.500008583068848
      vertex 28.714279174804688 0.29290771484375 10.292898178100586
      vertex 33.85713195800781 0.29290771484375 10.292890548706055
    endloop
  endfacet
  facet normal -0.0000013705836556508654 -0.3826617509805173 -0.9238885129357579
    outer loop
      vertex 28.714279174804688 0.5 10.13397216796875
      vertex 28.714279174804688 0.741180419921875 10.034078598022461
      vertex 33.85713195800781 0.741180419921875 10.03407096862793
    endloop
  endfacet
  facet normal -1.8385069313384626e-7 -0.13051385863150694 -0.991446485043485
    outer loop
      vertex 23.571426391601562 0.741180419921875 10.034079551696777
      vertex 39 1 10.000005722045898
      vertex 28.714279174804688 0.741180419921875 10.034078598022461
    endloop
  endfacet
  facet normal -7.097397957236808e-8 -0.9238563511333354 -0.3827393923684813
    outer loop
      vertex 28.71429443359375 0.134002685546875 10.500008583068848
      vertex 33.857147216796875 0.134002685546875 10.500007629394531
      vertex 28.714279174804688 0.034088134765625 10.741182327270508
    endloop
  endfacet
  facet normal -2.421362368525355e-8 -0.9914382855995245 -0.13057613046600364
    outer loop
      vertex 23.571426391601562 0.034088134765625 10.741183280944824
      vertex 28.714279174804688 0.034088134765625 10.741182327270508
      vertex 39 0 11.000004768371582
    endloop
  endfacet
  facet normal 0 -1 0
    outer loop
      vertex 2.9999847412109375 0 11.000000953674316
      vertex 39 0 11.000004768371582
      vertex 33.7896728515625 0 14.000829696655273
    endloop
  endfacet
  facet normal -9.803741875965302e-8 -0.9914386593005046 0.1305732929982566
    outer loop
      vertex 18.547622680664062 0.034088134765625 14.259648323059082
      vertex 33.7896728515625 0 14.000829696655273
      vertex 23.628311157226562 0.034088134765625 14.259652137756348
    endloop
  endfacet
  facet normal 0 -0.9238606322138447 0.3827290585328417
    outer loop
      vertex 23.628311157226562 0.034088134765625 14.259652137756348
      vertex 28.708984375 0.034088134765625 14.259652137756348
      vertex 23.628311157226562 0.134002685546875 14.500833511352539
    endloop
  endfacet
  facet normal 7.998451139977663e-7 -0.7933728027752223 0.6087360641657011
    outer loop
      vertex 23.628311157226562 0.134002685546875 14.500833511352539
      vertex 28.708984375 0.134002685546875 14.500826835632324
      vertex 23.6282958984375 0.29290771484375 14.70793628692627
    endloop
  endfacet
  facet normal -1.4891141329486211e-7 -0.6087968624815332 0.7933261499740311
    outer loop
      vertex 23.6282958984375 0.29290771484375 14.70793628692627
      vertex 28.708999633789062 0.29290771484375 14.707937240600586
      vertex 23.628311157226562 0.5 14.86685848236084
    endloop
  endfacet
  facet normal 5.202561440037046e-7 -0.3826742240430941 0.9238833466692346
    outer loop
      vertex 23.628311157226562 0.5 14.86685848236084
      vertex 28.708984375 0.5 14.86685562133789
      vertex 23.628311157226562 0.741180419921875 14.966755867004395
    endloop
  endfacet
  facet normal 5.0289644023546e-7 -0.9238568862886376 0.3827381006077266
    outer loop
      vertex 23.628311157226562 0.134002685546875 14.500833511352539
      vertex 28.708984375 0.034088134765625 14.259652137756348
      vertex 28.708984375 0.134002685546875 14.500826835632324
    endloop
  endfacet
  facet normal -1.142602519191185e-7 -0.793383632699245 0.6087219491401115
    outer loop
      vertex 23.6282958984375 0.29290771484375 14.70793628692627
      vertex 28.708984375 0.134002685546875 14.500826835632324
      vertex 28.708999633789062 0.29290771484375 14.707937240600586
    endloop
  endfacet
  facet normal 4.467408976558607e-7 -0.6087876652330977 0.7933332078388211
    outer loop
      vertex 23.628311157226562 0.5 14.86685848236084
      vertex 28.708999633789062 0.29290771484375 14.707937240600586
      vertex 28.708984375 0.5 14.86685562133789
    endloop
  endfacet
  facet normal -1.734172240829724e-7 -0.3826866968867995 0.9238781802953464
    outer loop
      vertex 23.628311157226562 0.741180419921875 14.966755867004395
      vertex 28.708984375 0.5 14.86685562133789
      vertex 28.708999633789062 0.741180419921875 14.966756820678711
    endloop
  endfacet
  facet normal -1.8467444455702461e-7 -0.17899003209684858 0.9838508872842139
    outer loop
      vertex 23.628311157226562 0.741180419921875 14.966755867004395
      vertex 28.708999633789062 0.741180419921875 14.966756820678711
      vertex 32.06596374511719 0.902008056640625 14.996016502380371
    endloop
  endfacet
  facet normal 0 -0.9914381610266202 0.13057707631951773
    outer loop
      vertex 23.628311157226562 0.034088134765625 14.259652137756348
      vertex 33.7896728515625 0 14.000829696655273
      vertex 28.708984375 0.034088134765625 14.259652137756348
    endloop
  endfacet
  facet normal 0.0036811803597417017 -0.9795288456571439 0.2012701901344113
    outer loop
      vertex 28.708984375 0.034088134765625 14.259652137756348
      vertex 33.7896728515625 0 14.000829696655273
      vertex 33.12684631347656 0.076141357421875 14.383512496948242
    endloop
  endfacet
  facet normal -0.001936435170604052 -0.9238551541565527 0.38273738301504096
    outer loop
      vertex 28.708984375 0.034088134765625 14.259652137756348
      vertex 33.12684631347656 0.076141357421875 14.383512496948242
      vertex 28.708984375 0.134002685546875 14.500826835632324
    endloop
  endfacet
  facet normal -6.022132285880543e-7 -0.7933836326817443 0.608721949162634
    outer loop
      vertex 28.708984375 0.134002685546875 14.500826835632324
      vertex 32.56492614746094 0.29290771484375 14.707941055297852
      vertex 28.708999633789062 0.29290771484375 14.707937240600586
    endloop
  endfacet
  facet normal -0.0017569611948676192 -0.6087868070919561 0.7933319208239017
    outer loop
      vertex 28.708999633789062 0.29290771484375 14.707937240600586
      vertex 32.349517822265625 0.4444580078125 14.832296371459961
      vertex 28.708984375 0.5 14.86685562133789
    endloop
  endfacet
  facet normal -0.0024544370831379343 -0.3826854116483044 0.9238754523474323
    outer loop
      vertex 28.708984375 0.5 14.86685562133789
      vertex 32.18946838378906 0.617340087890625 14.92470645904541
      vertex 28.708999633789062 0.741180419921875 14.966756820678711
    endloop
  endfacet
  facet normal 0.0011974188160316422 -0.47054465636478277 0.8823753694175328
    outer loop
      vertex 28.708984375 0.5 14.86685562133789
      vertex 32.349517822265625 0.4444580078125 14.832296371459961
      vertex 32.18946838378906 0.617340087890625 14.92470645904541
    endloop
  endfacet
  facet normal -0.000628197650079332 -0.3373083701297819 0.9413940029594954
    outer loop
      vertex 28.708999633789062 0.741180419921875 14.966756820678711
      vertex 32.18946838378906 0.617340087890625 14.92470645904541
      vertex 32.13218688964844 0.709716796875 14.957767486572266
    endloop
  endfacet
  facet normal 0.00031514720144806103 -0.24286420389655872 0.9700602451126076
    outer loop
      vertex 28.708999633789062 0.741180419921875 14.966756820678711
      vertex 32.13218688964844 0.709716796875 14.957767486572266
      vertex 32.09089660644531 0.804931640625 14.981618881225586
    endloop
  endfacet
  facet normal -0.0015737845235811803 -0.14710280765655775 0.9891199559112287
    outer loop
      vertex 28.708999633789062 0.741180419921875 14.966756820678711
      vertex 32.09089660644531 0.804931640625 14.981618881225586
      vertex 32.06596374511719 0.902008056640625 14.996016502380371
    endloop
  endfacet
  facet normal 0.004032829853865195 -0.8282339318702938 0.5603679955012092
    outer loop
      vertex 28.708984375 0.134002685546875 14.500826835632324
      vertex 33.12684631347656 0.076141357421875 14.383512496948242
      vertex 32.56492614746094 0.29290771484375 14.707941055297852
    endloop
  endfacet
  facet normal -7.647910718466926e-7 -0.6343366434146697 0.7730569337512117
    outer loop
      vertex 28.708999633789062 0.29290771484375 14.707937240600586
      vertex 32.56492614746094 0.29290771484375 14.707941055297852
      vertex 32.349517822265625 0.4444580078125 14.832296371459961
    endloop
  endfacet
  facet normal -0.6694529163612257 -0.6343817755422728 -0.38651333176914265
    outer loop
      vertex 30.560073852539062 0.29290771484375 18.18040657043457
      vertex 32.349517822265625 0.4444580078125 14.832296371459961
      vertex 32.56492614746094 0.29290771484375 14.707941055297852
    endloop
  endfacet
  facet normal -0.8155320239417644 -0.33743458102102913 -0.47015467822474316
    outer loop
      vertex 30.335922241210938 0.741180419921875 18.050992965698242
      vertex 32.13218688964844 0.709716796875 14.957767486572266
      vertex 32.18946838378906 0.617340087890625 14.92470645904541
    endloop
  endfacet
  facet normal -0.8399819417855705 -0.24268917715031732 -0.48531670151380973
    outer loop
      vertex 30.335922241210938 0.741180419921875 18.050992965698242
      vertex 32.09089660644531 0.804931640625 14.981618881225586
      vertex 32.13218688964844 0.709716796875 14.957767486572266
    endloop
  endfacet
  facet normal -0.8573599732218248 -0.1470447239706742 -0.4932663838834549
    outer loop
      vertex 30.335922241210938 0.741180419921875 18.050992965698242
      vertex 32.06596374511719 0.902008056640625 14.996016502380371
      vertex 32.09089660644531 0.804931640625 14.981618881225586
    endloop
  endfacet
  facet normal -0.7635835181346945 -0.47054441273236935 -0.4421856696902244
    outer loop
      vertex 30.422439575195312 0.5 18.1009464263916
      vertex 32.18946838378906 0.617340087890625 14.92470645904541
      vertex 32.349517822265625 0.4444580078125 14.832296371459961
    endloop
  endfacet
  facet normal -0.8679603080802648 -0.04967231778813407 -0.494143263075362
    outer loop
      vertex 30.335922241210938 0.741180419921875 18.050992965698242
      vertex 32.0576171875 1 15.000826835632324
      vertex 32.06596374511719 0.902008056640625 14.996016502380371
    endloop
  endfacet
  facet normal -0.0017021883100015321 0.3826705514125444 -0.9238832997930942
    outer loop
      vertex 24.599990844726562 4.158843994140625 10.034075736999512
      vertex 24.599990844726562 4.4000244140625 10.13397216796875
      vertex 29.6173095703125 4.282684326171875 10.076126098632812
    endloop
  endfacet
  facet normal -0.001324953608944454 0.6087963281161359 -0.7933254536255875
    outer loop
      vertex 24.599990844726562 4.4000244140625 10.13397216796875
      vertex 24.599990844726562 4.60711669921875 10.29289436340332
      vertex 29.444412231445312 4.455596923828125 10.168527603149414
    endloop
  endfacet
  facet normal -0.001401554252762109 0.7933209792947321 -0.6088019870668328
    outer loop
      vertex 24.599990844726562 4.60711669921875 10.29289436340332
      vertex 24.599990844726562 4.76605224609375 10.500000953674316
      vertex 29.16851806640625 4.731475830078125 10.444427490234375
    endloop
  endfacet
  facet normal -0.0019077564091270756 0.9238986770977305 -0.38263245408949165
    outer loop
      vertex 24.599990844726562 4.76605224609375 10.500000953674316
      vertex 24.599990844726562 4.865936279296875 10.741179466247559
      vertex 29.07611083984375 4.823883056640625 10.617321014404297
    endloop
  endfacet
  facet normal 0.0008337327338960473 0.2910724250934587 -0.9567006575935554
    outer loop
      vertex 24.599990844726562 4.158843994140625 10.034075736999512
      vertex 29.6173095703125 4.282684326171875 10.076126098632812
      vertex 29.804901123046875 4.0950927734375 10.01921558380127
    endloop
  endfacet
  facet normal 0.0008741300495509861 0.47198822231481863 -0.8816044203001445
    outer loop
      vertex 24.599990844726562 4.4000244140625 10.13397216796875
      vertex 29.444412231445312 4.455596923828125 10.168527603149414
      vertex 29.6173095703125 4.282684326171875 10.076126098632812
    endloop
  endfacet
  facet normal 3.1415774683298637e-7 0.6344532215964392 -0.7729612600938036
    outer loop
      vertex 24.599990844726562 4.60711669921875 10.29289436340332
      vertex 29.292877197265625 4.60711669921875 10.292896270751953
      vertex 29.444412231445312 4.455596923828125 10.168527603149414
    endloop
  endfacet
  facet normal 2.5783979055719444e-7 0.7730088738160659 -0.6343952088418945
    outer loop
      vertex 24.599990844726562 4.60711669921875 10.29289436340332
      vertex 29.16851806640625 4.731475830078125 10.444427490234375
      vertex 29.292877197265625 4.60711669921875 10.292896270751953
    endloop
  endfacet
  facet normal 0.0009472491994108925 0.8821445846167947 -0.47097774315801477
    outer loop
      vertex 24.599990844726562 4.76605224609375 10.500000953674316
      vertex 29.07611083984375 4.823883056640625 10.617321014404297
      vertex 29.16851806640625 4.731475830078125 10.444427490234375
    endloop
  endfacet
  facet normal 0.0009647718069342104 0.9570069715889294 -0.290063312994847
    outer loop
      vertex 24.599990844726562 4.865936279296875 10.741179466247559
      vertex 29.019210815429688 4.88079833984375 10.804912567138672
      vertex 29.07611083984375 4.823883056640625 10.617321014404297
    endloop
  endfacet
  facet normal -0.0012072248793840064 0.989142881966902 -0.1469520386462944
    outer loop
      vertex 24.599990844726562 4.865936279296875 10.741179466247559
      vertex 29.004806518554688 4.89520263671875 10.901987075805664
      vertex 29.019210815429688 4.88079833984375 10.804912567138672
    endloop
  endfacet
  facet normal -0.7730087700465595 0 -0.6343953352847932
    outer loop
      vertex 29.292877197265625 4.60711669921875 10.292896270751953
      vertex 29.16851806640625 4.731475830078125 10.444427490234375
      vertex 29.292877197265625 9 10.292896270751953
    endloop
  endfacet
  facet normal -0.6344148615601665 0 -0.7729927447470608
    outer loop
      vertex 29.444412231445312 4.455596923828125 10.168527603149414
      vertex 29.292877197265625 4.60711669921875 10.292896270751953
      vertex 29.292877197265625 9 10.292896270751953
    endloop
  endfacet
  facet normal -0.09801520593787699 0 -0.9951849171912502
    outer loop
      vertex 29.999984741210938 3.9000244140625 10.000001907348633
      vertex 29.804901123046875 4.0950927734375 10.01921558380127
      vertex 29.999984741210938 9 10.000001907348633
    endloop
  endfacet
  facet normal -0.29111868762756377 -0.0008842794643872776 -0.9566865357910259
    outer loop
      vertex 29.6173095703125 4.282684326171875 10.076126098632812
      vertex 29.741165161132812 9 10.034076690673828
      vertex 29.804901123046875 4.0950927734375 10.01921558380127
    endloop
  endfacet
  facet normal -0.4720638415790477 -0.0009296814539820542 -0.8815638746942991
    outer loop
      vertex 29.6173095703125 4.282684326171875 10.076126098632812
      vertex 29.444412231445312 4.455596923828125 10.168527603149414
      vertex 29.499984741210938 9 10.133976936340332
    endloop
  endfacet
  facet normal -0.882157938687994 -0.0010076372111028637 -0.4709526047034885
    outer loop
      vertex 29.16851806640625 4.731475830078125 10.444427490234375
      vertex 29.07611083984375 4.823883056640625 10.617321014404297
      vertex 29.13397216796875 9 10.500003814697266
    endloop
  endfacet
  facet normal -0.9570345881002961 -0.0010367360868112304 -0.28997193374184144
    outer loop
      vertex 29.07611083984375 4.823883056640625 10.617321014404297
      vertex 29.019210815429688 4.88079833984375 10.804912567138672
      vertex 29.0340576171875 9 10.74118423461914
    endloop
  endfacet
  facet normal -0.9891409608614742 0.001291462134928713 -0.14696425303996138
    outer loop
      vertex 29.019210815429688 4.88079833984375 10.804912567138672
      vertex 29.004806518554688 4.89520263671875 10.901987075805664
      vertex 29.0340576171875 9 10.74118423461914
    endloop
  endfacet
  facet normal -0.9987921726003034 0 -0.049134468068411555
    outer loop
      vertex 29.004806518554688 4.89520263671875 10.901987075805664
      vertex 28.999984741210938 4.9000244140625 11.00000286102295
      vertex 28.999984741210938 9 11.00000286102295
    endloop
  endfacet
  facet normal -3.8561909350580404e-8 0.9815038703026285 0.19144229569496785
    outer loop
      vertex 22.589935302734375 4.865936279296875 14.259651184082031
      vertex 27.324493408203125 4.865936279296875 14.259652137756348
      vertex 29.007766723632812 4.892333984375 14.124314308166504
    endloop
  endfacet
  facet normal -0.0005830012008617987 0.9828412534273435 0.18445251603317378
    outer loop
      vertex 27.324493408203125 4.865936279296875 14.259652137756348
      vertex 29.030654907226562 4.86956787109375 14.245694160461426
      vertex 29.007766723632812 4.892333984375 14.124314308166504
    endloop
  endfacet
  facet normal 0 0.38269916953994715 0.923873013802998
    outer loop
      vertex 22.589920043945312 4.4000244140625 14.866850852966309
      vertex 27.324493408203125 4.158843994140625 14.966755867004395
      vertex 27.324478149414062 4.4000244140625 14.866850852966309
    endloop
  endfacet
  facet normal 0 0.1539679033599679 0.9880758496871258
    outer loop
      vertex 22.589920043945312 4.158843994140625 14.966755867004395
      vertex 29.975509643554688 3.947418212890625 14.999701499938965
      vertex 27.324493408203125 4.158843994140625 14.966755867004395
    endloop
  endfacet
  facet normal 0 0.6087784677738332 0.7933402656962169
    outer loop
      vertex 22.589920043945312 4.60711669921875 14.70793628692627
      vertex 27.324478149414062 4.4000244140625 14.866850852966309
      vertex 27.324493408203125 4.60711669921875 14.70793628692627
    endloop
  endfacet
  facet normal 0 0.7933163425100908 0.6088096424223357
    outer loop
      vertex 22.589935302734375 4.76605224609375 14.500833511352539
      vertex 27.324493408203125 4.60711669921875 14.70793628692627
      vertex 27.324493408203125 4.76605224609375 14.500833511352539
    endloop
  endfacet
  facet normal -7.707239092450564e-8 0.9239019629816508 0.3826292759299089
    outer loop
      vertex 22.589935302734375 4.865936279296875 14.259651184082031
      vertex 27.324493408203125 4.76605224609375 14.500833511352539
      vertex 27.324493408203125 4.865936279296875 14.259652137756348
    endloop
  endfacet
  facet normal -0.0033706093974514807 0.037969592138927706 0.9992732104210005
    outer loop
      vertex 22.589920043945312 4.158843994140625 14.966755867004395
      vertex 29.986404418945312 3.94268798828125 14.999917984008789
      vertex 29.975509643554688 3.947418212890625 14.999701499938965
    endloop
  endfacet
  facet normal -0.003761295640853053 0.0246647290373029 0.9996887034455368
    outer loop
      vertex 22.589920043945312 4.158843994140625 14.966755867004395
      vertex 29.992767333984375 3.94122314453125 14.999978065490723
      vertex 29.986404418945312 3.94268798828125 14.999917984008789
    endloop
  endfacet
  facet normal -0.002451357431436424 0.3826978873132439 0.9238702927861264
    outer loop
      vertex 27.324493408203125 4.158843994140625 14.966755867004395
      vertex 29.550888061523438 4.350738525390625 14.893174171447754
      vertex 27.324478149414062 4.4000244140625 14.866850852966309
    endloop
  endfacet
  facet normal -0.004029066812091238 0.6087737133320473 0.7933336829963378
    outer loop
      vertex 27.324478149414062 4.4000244140625 14.866850852966309
      vertex 29.391265869140625 4.509796142578125 14.793112754821777
      vertex 27.324493408203125 4.60711669921875 14.70793628692627
    endloop
  endfacet
  facet normal -0.0034968682909710873 0.7933114921243007 0.6088059201220625
    outer loop
      vertex 27.324493408203125 4.76605224609375 14.500833511352539
      vertex 27.324493408203125 4.60711669921875 14.70793628692627
      vertex 29.244476318359375 4.65625 14.654940605163574
    endloop
  endfacet
  facet normal -0.00474891589496631 0.9238915449109849 0.38262496133918916
    outer loop
      vertex 27.324493408203125 4.76605224609375 14.500833511352539
      vertex 29.067764282226562 4.83258056640625 14.36182975769043
      vertex 27.324493408203125 4.865936279296875 14.259652137756348
    endloop
  endfacet
  facet normal 0.0004533177295132374 0.9528843881128997 0.3033333766563463
    outer loop
      vertex 27.324493408203125 4.865936279296875 14.259652137756348
      vertex 29.067764282226562 4.83258056640625 14.36182975769043
      vertex 29.030654907226562 4.86956787109375 14.245694160461426
    endloop
  endfacet
  facet normal 0 0 0
    outer loop
      vertex 28.999984741210938 4.9000244140625 14.000001907348633
      vertex 28.999984741210938 4.9000244140625 14.0005521774292
      vertex 28.999984741210938 4.9000244140625 14.000279426574707
    endloop
  endfacet
  facet normal 0 0 0
    outer loop
      vertex 28.999984741210938 4.9000244140625 14.000825881958008
      vertex 28.999984741210938 4.9000244140625 14.0005521774292
      vertex 28.999984741210938 4.9000244140625 14.000001907348633
    endloop
  endfacet
  facet normal -0.0015219617532998434 0.3733753572602897 0.9276791073551094
    outer loop
      vertex 27.324493408203125 4.158843994140625 14.966755867004395
      vertex 29.709884643554688 4.19287109375 14.956974029541016
      vertex 29.550888061523438 4.350738525390625 14.893174171447754
    endloop
  endfacet
  facet normal -0.009382155382888063 0.03806564125917431 0.9992311955277914
    outer loop
      vertex 27.324493408203125 4.158843994140625 14.966755867004395
      vertex 29.975509643554688 3.947418212890625 14.999701499938965
      vertex 29.95709228515625 3.959075927734375 14.99908447265625
    endloop
  endfacet
  facet normal -0.007433881299526226 0.06353352609693712 0.9979520171183153
    outer loop
      vertex 27.324493408203125 4.158843994140625 14.966755867004395
      vertex 29.95709228515625 3.959075927734375 14.99908447265625
      vertex 29.924057006835938 3.986083984375 14.997118949890137
    endloop
  endfacet
  facet normal -0.004098369624064127 0.11295741924222545 0.9935913771790497
    outer loop
      vertex 27.324493408203125 4.158843994140625 14.966755867004395
      vertex 29.924057006835938 3.986083984375 14.997118949890137
      vertex 29.857376098632812 4.04815673828125 14.989787101745605
    endloop
  endfacet
  facet normal 0.0008325668222037589 0.22193740843374843 0.9750605589245205
    outer loop
      vertex 27.324493408203125 4.158843994140625 14.966755867004395
      vertex 29.857376098632812 4.04815673828125 14.989787101745605
      vertex 29.709884643554688 4.19287109375 14.956974029541016
    endloop
  endfacet
  facet normal 0.002448761301448976 0.6875371893243444 0.7261450384489792
    outer loop
      vertex 27.324493408203125 4.60711669921875 14.70793628692627
      vertex 29.391265869140625 4.509796142578125 14.793112754821777
      vertex 29.244476318359375 4.65625 14.654940605163574
    endloop
  endfacet
  facet normal -0.0014436052917037125 0.9089410995672539 0.4169220472956945
    outer loop
      vertex 27.324493408203125 4.76605224609375 14.500833511352539
      vertex 29.117385864257812 4.783050537109375 14.469983100891113
      vertex 29.067764282226562 4.83258056640625 14.36182975769043
    endloop
  endfacet
  facet normal 0.00188897096709401 0.8253893666441979 0.5645607365194426
    outer loop
      vertex 27.324493408203125 4.76605224609375 14.500833511352539
      vertex 29.244476318359375 4.65625 14.654940605163574
      vertex 29.117385864257812 4.783050537109375 14.469983100891113
    endloop
  endfacet
  facet normal 0.0018186363153302762 0.5337916915794304 0.8456140505944321
    outer loop
      vertex 27.324478149414062 4.4000244140625 14.866850852966309
      vertex 29.550888061523438 4.350738525390625 14.893174171447754
      vertex 29.391265869140625 4.509796142578125 14.793112754821777
    endloop
  endfacet
  facet normal 9.261389079019441e-7 0.020351686970321237 0.9997928829695699
    outer loop
      vertex 30 3.940643310546875 15.000001907348633
      vertex 32.0576171875 3.9000244140625 15.000826835632324
      vertex 32.05903625488281 3.940643310546875 15
    endloop
  endfacet
  facet normal 9.263307666753023e-7 0.00001497432360354148 0.9999999998874558
    outer loop
      vertex 30 3.940643310546875 15.000001907348633
      vertex 32.05903625488281 3.940643310546875 15
      vertex 32.0889892578125 4.129852294921875 14.99999713897705
    endloop
  endfacet
  facet normal 0.000007815296155545819 -0.00006108429882833893 0.9999999981038148
    outer loop
      vertex 30 3.940643310546875 15.000001907348633
      vertex 32.0889892578125 4.129852294921875 14.99999713897705
      vertex 32.15995788574219 4.3106689453125 15.000007629394531
    endloop
  endfacet
  facet normal -0.000002986422683942792 0.0000019687861042441624 0.9999999999936026
    outer loop
      vertex 30 3.940643310546875 15.000001907348633
      vertex 32.15995788574219 4.3106689453125 15.000007629394531
      vertex 32.26930236816406 4.476531982421875 15.000007629394531
    endloop
  endfacet
  facet normal -0.000007356809006704308 0.000020475853997005433 0.9999999997633084
    outer loop
      vertex 30 3.940643310546875 15.000001907348633
      vertex 32.26930236816406 4.476531982421875 15.000007629394531
      vertex 32.41307067871094 4.621337890625 15.000005722045898
    endloop
  endfacet
  facet normal -0.8583694468534291 0.1358779407936289 -0.49471110550928726
    outer loop
      vertex 29.903274536132812 4.158843994140625 18.800376892089844
      vertex 32.0889892578125 4.129852294921875 14.99999713897705
      vertex 32.05903625488281 3.940643310546875 15
    endloop
  endfacet
  facet normal -0.8196988854534135 0.32175065945518794 -0.47388843658247587
    outer loop
      vertex 29.903274536132812 4.158843994140625 18.800376892089844
      vertex 32.15995788574219 4.3106689453125 15.000007629394531
      vertex 32.0889892578125 4.129852294921875 14.99999713897705
    endloop
  endfacet
  facet normal -0.000021969665662289574 0.0000722786110187137 0.9999999971465681
    outer loop
      vertex 30 3.940643310546875 15.000001907348633
      vertex 32.41307067871094 4.621337890625 15.000005722045898
      vertex 32.58598327636719 4.7398681640625 15.000000953674316
    endloop
  endfacet
  facet normal -0.751694493076004 0.49555130978681183 -0.43518305165503024
    outer loop
      vertex 29.989776611328125 4.4000244140625 18.850326538085938
      vertex 32.26930236816406 4.476531982421875 15.000007629394531
      vertex 32.15995788574219 4.3106689453125 15.000007629394531
    endloop
  endfacet
  facet normal -0.6565566762257719 0.651847161698909 -0.37951101260496184
    outer loop
      vertex 30.127410888671875 4.60711669921875 18.929786682128906
      vertex 32.41307067871094 4.621337890625 15.000005722045898
      vertex 32.26930236816406 4.476531982421875 15.000007629394531
    endloop
  endfacet
  facet normal -0.5375862154856705 0.7842211856605675 -0.30983575145700687
    outer loop
      vertex 30.127410888671875 4.60711669921875 18.929786682128906
      vertex 32.58598327636719 4.7398681640625 15.000000953674316
      vertex 32.41307067871094 4.621337890625 15.000005722045898
    endloop
  endfacet
  facet normal -0.39832878036204145 0.8877162794479372 -0.2308549110120909
    outer loop
      vertex 30.306777954101562 4.76605224609375 19.033344268798828
      vertex 32.78178405761719 4.827728271484375 15.000008583068848
      vertex 32.58598327636719 4.7398681640625 15.000000953674316
    endloop
  endfacet
  facet normal -1 0 0
    outer loop
      vertex 28.999984741210938 4.9000244140625 11.00000286102295
      vertex 28.999984741210938 4.9000244140625 14.000001907348633
      vertex 28.999984741210938 9 11.00000286102295
    endloop
  endfacet
  facet normal -1 0 0
    outer loop
      vertex 28.999984741210938 4.9000244140625 14.000825881958008
      vertex 28.999984741210938 9 14.000001907348633
      vertex 28.999984741210938 4.9000244140625 14.0005521774292
    endloop
  endfacet
  facet normal -1 0 0
    outer loop
      vertex 28.999984741210938 4.9000244140625 14.000001907348633
      vertex 28.999984741210938 4.9000244140625 14.000279426574707
      vertex 28.999984741210938 9 14.000001907348633
    endloop
  endfacet
  facet normal -1 0 0
    outer loop
      vertex 28.999984741210938 4.9000244140625 14.0005521774292
      vertex 28.999984741210938 9 14.000001907348633
      vertex 28.999984741210938 4.9000244140625 14.000279426574707
    endloop
  endfacet
  facet normal -0.998020216651161 0.00001263983260835224 0.06289393449136692
    outer loop
      vertex 28.999984741210938 4.9000244140625 14.000825881958008
      vertex 29.007766723632812 4.892333984375 14.124314308166504
      vertex 28.999984741210938 9 14.000001907348633
    endloop
  endfacet
  facet normal -0.9826742655997925 0.00022044873063649425 0.1853408727999998
    outer loop
      vertex 29.030654907226562 4.86956787109375 14.245694160461426
      vertex 29.0340576171875 9 14.258822441101074
      vertex 29.007766723632812 4.892333984375 14.124314308166504
    endloop
  endfacet
  facet normal -0.6859889149974889 -0.001095264774540796 0.7276111660053339
    outer loop
      vertex 29.391265869140625 4.509796142578125 14.793112754821777
      vertex 29.292877197265625 9 14.707111358642578
      vertex 29.244476318359375 4.65625 14.654940605163574
    endloop
  endfacet
  facet normal -0.01985056693017526 0.00003677312925888036 0.9998029574072521
    outer loop
      vertex 29.986404418945312 3.94268798828125 14.999917984008789
      vertex 30 9 15.000001907348633
      vertex 29.975509643554688 3.947418212890625 14.999701499938965
    endloop
  endfacet
  facet normal -0.009440003124074356 0.000008783861293837997 0.9999554421392292
    outer loop
      vertex 29.992767333984375 3.94122314453125 14.999978065490723
      vertex 30 9 15.000001907348633
      vertex 29.986404418945312 3.94268798828125 14.999917984008789
    endloop
  endfacet
  facet normal -0.00329639559227746 0 0.9999945668732901
    outer loop
      vertex 29.992767333984375 3.94122314453125 14.999978065490723
      vertex 30 3.940643310546875 15.000001907348633
      vertex 30 9 15.000001907348633
    endloop
  endfacet
  facet normal -0.05913062935121501 0.00032163365144142987 0.9982502017151428
    outer loop
      vertex 29.95709228515625 3.959075927734375 14.99908447265625
      vertex 30 9 15.000001907348633
      vertex 29.924057006835938 3.986083984375 14.997118949890137
    endloop
  endfacet
  facet normal -0.10831223580125003 0.0010689369788112713 0.9941163498049259
    outer loop
      vertex 29.857376098632812 4.04815673828125 14.989787101745605
      vertex 29.924057006835938 3.986083984375 14.997118949890137
      vertex 30 9 15.000001907348633
    endloop
  endfacet
  facet normal -0.0334188532283702 0.00010256143069638394 0.9994414288641699
    outer loop
      vertex 29.975509643554688 3.947418212890625 14.999701499938965
      vertex 30 9 15.000001907348633
      vertex 29.95709228515625 3.959075927734375 14.99908447265625
    endloop
  endfacet
  facet normal -0.21754181202742423 -0.0004030636589676461 0.9760509195526182
    outer loop
      vertex 29.857376098632812 4.04815673828125 14.989787101745605
      vertex 29.741165161132812 9 14.965930938720703
      vertex 29.709884643554688 4.19287109375 14.956974029541016
    endloop
  endfacet
  facet normal -0.37181296814812953 0.0006897541172240307 0.9283074064964342
    outer loop
      vertex 29.550888061523438 4.350738525390625 14.893174171447754
      vertex 29.709884643554688 4.19287109375 14.956974029541016
      vertex 29.741165161132812 9 14.965930938720703
    endloop
  endfacet
  facet normal -0.5317615036026643 -0.0008773802228143921 0.8468936966881843
    outer loop
      vertex 29.550888061523438 4.350738525390625 14.893174171447754
      vertex 29.499984741210938 9 14.866028785705566
      vertex 29.391265869140625 4.509796142578125 14.793112754821777
    endloop
  endfacet
  facet normal -0.9525695038817168 -0.00018252195035237077 0.3043210590154372
    outer loop
      vertex 29.067764282226562 4.83258056640625 14.36182975769043
      vertex 29.0340576171875 9 14.258822441101074
      vertex 29.030654907226562 4.86956787109375 14.245694160461426
    endloop
  endfacet
  facet normal -0.9087963644655908 0.0006043564558224868 0.4172395027887451
    outer loop
      vertex 29.067764282226562 4.83258056640625 14.36182975769043
      vertex 29.117385864257812 4.783050537109375 14.469983100891113
      vertex 29.13397216796875 9 14.500001907348633
    endloop
  endfacet
  facet normal -0.8244342209845668 -0.0007861238307305409 0.5659572397972248
    outer loop
      vertex 29.117385864257812 4.783050537109375 14.469983100891113
      vertex 29.244476318359375 4.65625 14.654940605163574
      vertex 29.13397216796875 9 14.500001907348633
    endloop
  endfacet
  facet normal 3.687859566307464e-7 0 0.9999999999999319
    outer loop
      vertex 30 3.940643310546875 15.000001907348633
      vertex 32.58598327636719 4.7398681640625 15.000000953674316
      vertex 30 9 15.000001907348633
    endloop
  endfacet
  facet normal -0.00003054476250540571 -0.00001876512803219101 0.9999999993574438
    outer loop
      vertex 32.58598327636719 4.7398681640625 15.000000953674316
      vertex 32.78178405761719 4.827728271484375 15.000008583068848
      vertex 30 9 15.000001907348633
    endloop
  endfacet
  facet normal 0.00001120863186632475 0.000009073165917949399 0.9999999998960221
    outer loop
      vertex 32.78178405761719 4.827728271484375 15.000008583068848
      vertex 32.9932861328125 4.88177490234375 15.000005722045898
      vertex 30 9 15.000001907348633
    endloop
  endfacet
  facet normal -1.1287717830581034e-7 -0.7933931082513153 -0.6087095988887509
    outer loop
      vertex 28.71429443359375 0.134002685546875 10.500008583068848
      vertex 33.85713195800781 0.29290771484375 10.292890548706055
      vertex 33.857147216796875 0.134002685546875 10.500007629394531
    endloop
  endfacet
  facet normal -0.0000011769265011922998 -0.6087692699933125 -0.7933473236297103
    outer loop
      vertex 28.714279174804688 0.29290771484375 10.292898178100586
      vertex 33.857147216796875 0.5 10.133979797363281
      vertex 33.85713195800781 0.29290771484375 10.292890548706055
    endloop
  endfacet
  facet normal 0.0000013705489317886868 -0.38271164190010526 -0.9238678472337087
    outer loop
      vertex 28.714279174804688 0.5 10.13397216796875
      vertex 33.85713195800781 0.741180419921875 10.03407096862793
      vertex 33.857147216796875 0.5 10.133979797363281
    endloop
  endfacet
  facet normal 2.838902852603171e-7 -0.9238590268498494 -0.38273293365997224
    outer loop
      vertex 28.714279174804688 0.034088134765625 10.741182327270508
      vertex 33.857147216796875 0.134002685546875 10.500007629394531
      vertex 33.857147216796875 0.034088134765625 10.741186141967773
    endloop
  endfacet
  facet normal -0.0000014708153610126927 -0.130463584587639 -0.9914531018128799
    outer loop
      vertex 28.714279174804688 0.741180419921875 10.034078598022461
      vertex 39 1 10.000005722045898
      vertex 33.85713195800781 0.741180419921875 10.03407096862793
    endloop
  endfacet
  facet normal 9.685771537918917e-8 -0.991437662709404 -0.13058085985819223
    outer loop
      vertex 28.714279174804688 0.034088134765625 10.741182327270508
      vertex 33.857147216796875 0.034088134765625 10.741186141967773
      vertex 39 0 11.000004768371582
    endloop
  endfacet
  facet normal -1.4711581264234223e-7 -0.608769270041485 -0.7933473235936049
    outer loop
      vertex 33.85713195800781 0.29290771484375 10.292890548706055
      vertex 33.857147216796875 0.5 10.133979797363281
      vertex 39 0.5 10.133978843688965
    endloop
  endfacet
  facet normal 3.3863153492906207e-7 -0.7933931082352103 -0.6087095989096584
    outer loop
      vertex 33.857147216796875 0.134002685546875 10.500007629394531
      vertex 33.85713195800781 0.29290771484375 10.292890548706055
      vertex 38.99998474121094 0.29290771484375 10.292893409729004
    endloop
  endfacet
  facet normal 5.139573743120067e-7 -0.38271164194667046 -0.9238678472152927
    outer loop
      vertex 33.857147216796875 0.5 10.133979797363281
      vertex 33.85713195800781 0.741180419921875 10.03407096862793
      vertex 38.99998474121094 0.741180419921875 10.034073829650879
    endloop
  endfacet
  facet normal -2.838911275597494e-7 -0.9238590268498493 -0.38273293365997224
    outer loop
      vertex 33.857147216796875 0.134002685546875 10.500007629394531
      vertex 39 0.134002685546875 10.500003814697266
      vertex 33.857147216796875 0.034088134765625 10.741186141967773
    endloop
  endfacet
  facet normal -4.515178739695761e-7 -0.7933836327193003 -0.6087219491138155
    outer loop
      vertex 33.857147216796875 0.134002685546875 10.500007629394531
      vertex 38.99998474121094 0.29290771484375 10.292893409729004
      vertex 39 0.134002685546875 10.500003814697266
    endloop
  endfacet
  facet normal 4.413435115358958e-7 -0.6087784677942407 -0.7933402656804341
    outer loop
      vertex 33.85713195800781 0.29290771484375 10.292890548706055
      vertex 39 0.5 10.133978843688965
      vertex 38.99998474121094 0.29290771484375 10.292893409729004
    endloop
  endfacet
  facet normal -1.7132008284560091e-7 -0.3826991695491931 -0.9238730137991524
    outer loop
      vertex 33.857147216796875 0.5 10.133979797363281
      vertex 38.99998474121094 0.741180419921875 10.034073829650879
      vertex 39 0.5 10.133978843688965
    endloop
  endfacet
  facet normal 5.515528682935979e-7 -0.1305030857654569 -0.9914479031221911
    outer loop
      vertex 33.85713195800781 0.741180419921875 10.03407096862793
      vertex 39 1 10.000005722045898
      vertex 38.99998474121094 0.741180419921875 10.034073829650879
    endloop
  endfacet
  facet normal -7.097206329864689e-8 -0.9238606322138422 -0.3827290585328407
    outer loop
      vertex 33.857147216796875 0.034088134765625 10.741186141967773
      vertex 39 0.134002685546875 10.500003814697266
      vertex 39 0.034088134765625 10.741185188293457
    endloop
  endfacet
  facet normal -2.4214062179779237e-8 -0.9914379741624646 -0.13057849512315445
    outer loop
      vertex 33.857147216796875 0.034088134765625 10.741186141967773
      vertex 39 0.034088134765625 10.741185188293457
      vertex 39 0 11.000004768371582
    endloop
  endfacet
  facet normal 3.57627186532588e-7 -2.0553176276147553e-7 -0.9999999999999148
    outer loop
      vertex 29.999984741210938 3.9000244140625 10.000001907348633
      vertex 38 3.9000244140625 10.000004768371582
      vertex 39 1 10.000005722045898
    endloop
  endfacet
  facet normal 9.536743164058162e-7 0 -0.9999999999995451
    outer loop
      vertex 39 1 10.000005722045898
      vertex 38 3.9000244140625 10.000004768371582
      vertex 39 3.9000244140625 10.000005722045898
    endloop
  endfacet
  facet normal -0.4832093725576492 -0.8283407186139305 -0.28347902243129053
    outer loop
      vertex 30.739425659179688 0.134002685546875 18.283960342407227
      vertex 32.56492614746094 0.29290771484375 14.707941055297852
      vertex 33.12684631347656 0.076141357421875 14.383512496948242
    endloop
  endfacet
  facet normal -0.17235429261866017 -0.9795692869100536 -0.10362436952015837
    outer loop
      vertex 30.948287963867188 0.034088134765625 18.40455436706543
      vertex 33.12684631347656 0.076141357421875 14.383512496948242
      vertex 33.7896728515625 0 14.000829696655273
    endloop
  endfacet
  facet normal 0 -1 0
    outer loop
      vertex 33.7896728515625 0 14.000829696655273
      vertex 39 0 11.000004768371582
      vertex 38.40895080566406 0 14.000018119812012
    endloop
  endfacet
  facet normal 0.08305056547450065 -0.9952831481343548 0.050140389050482556
    outer loop
      vertex 36.308258056640625 0.034088134765625 18.156169891357422
      vertex 38.40895080566406 0 14.000018119812012
      vertex 38.521575927734375 0.01922607421875 14.195106506347656
    endloop
  endfacet
  facet normal 0.2523468781005663 -0.9567726026136144 0.144593360846439
    outer loop
      vertex 36.308258056640625 0.034088134765625 18.156169891357422
      vertex 38.521575927734375 0.01922607421875 14.195106506347656
      vertex 38.6298828125 0.076141357421875 14.382695198059082
    endloop
  endfacet
  facet normal 0.4090850926044975 -0.8817022949090226 0.23505414304141192
    outer loop
      vertex 36.517120361328125 0.134002685546875 18.27676010131836
      vertex 38.6298828125 0.076141357421875 14.382695198059082
      vertex 38.729705810546875 0.168548583984375 14.55558967590332
    endloop
  endfacet
  facet normal 0.5493872791450424 -0.7730235133140856 0.317188059953642
    outer loop
      vertex 36.69648742675781 0.29290771484375 18.380313873291016
      vertex 38.729705810546875 0.168548583984375 14.55558967590332
      vertex 38.81719970703125 0.29290771484375 14.707122802734375
    endloop
  endfacet
  facet normal 0.6694903099300183 -0.6343325246280768 0.38652939488320753
    outer loop
      vertex 36.69648742675781 0.29290771484375 18.380313873291016
      vertex 38.81719970703125 0.29290771484375 14.707122802734375
      vertex 38.88899230957031 0.4444580078125 14.831482887268066
    endloop
  endfacet
  facet normal 0.7643789687919428 -0.4711855952677503 0.4401237631402579
    outer loop
      vertex 36.83409118652344 0.5 18.459766387939453
      vertex 38.88899230957031 0.4444580078125 14.831482887268066
      vertex 38.942352294921875 0.617340087890625 14.923893928527832
    endloop
  endfacet
  facet normal 0.8293020400489901 -0.2901158333116738 0.4775886615409291
    outer loop
      vertex 36.920623779296875 0.741180419921875 18.509723663330078
      vertex 38.942352294921875 0.617340087890625 14.923893928527832
      vertex 38.97520446777344 0.804931640625 14.980802536010742
    endloop
  endfacet
  facet normal 0.00013935339886988785 0 0.999999990290315
    outer loop
      vertex 38.986297607421875 1 15.000015258789062
      vertex 38.99998474121094 3.9000244140625 15.00001335144043
      vertex 38.986297607421875 3.9000244140625 15.000015258789062
    endloop
  endfacet
  facet normal 3.576271865325956e-7 0 -0.999999999999936
    outer loop
      vertex 29.999984741210938 3.9000244140625 10.000001907348633
      vertex 38 9 10.000004768371582
      vertex 38 3.9000244140625 10.000004768371582
    endloop
  endfacet
  facet normal 9.490821232719499e-7 0.09801704062269663 -0.9951847364920081
    outer loop
      vertex 38 3.9000244140625 10.000004768371582
      vertex 38.19508361816406 4.0950927734375 10.019217491149902
      vertex 39 3.9000244140625 10.000005722045898
    endloop
  endfacet
  facet normal -0.005778993342395347 0.2955829288595367 -0.9552996050469018
    outer loop
      vertex 38.19508361816406 4.0950927734375 10.019217491149902
      vertex 38.38267517089844 4.282684326171875 10.076126098632812
      vertex 38.99998474121094 4.158843994140625 10.034073829650879
    endloop
  endfacet
  facet normal 0.007962867636901606 0.13049940970436136 -0.9914164093890168
    outer loop
      vertex 39 3.9000244140625 10.000005722045898
      vertex 38.19508361816406 4.0950927734375 10.019217491149902
      vertex 38.99998474121094 4.158843994140625 10.034073829650879
    endloop
  endfacet
  facet normal 0.01383699972479894 0.3826617842912452 -0.9237848755428162
    outer loop
      vertex 38.99998474121094 4.158843994140625 10.034073829650879
      vertex 38.38267517089844 4.282684326171875 10.076126098632812
      vertex 39 4.4000244140625 10.133978843688965
    endloop
  endfacet
  facet normal -0.008527647395029203 0.4779254083800095 -0.8783590286748962
    outer loop
      vertex 38.38267517089844 4.282684326171875 10.076126098632812
      vertex 38.55555725097656 4.455596923828125 10.16853141784668
      vertex 39 4.4000244140625 10.133978843688965
    endloop
  endfacet
  facet normal 0.014442320092676202 0.6087156445196689 -0.7932570097435917
    outer loop
      vertex 38.55555725097656 4.455596923828125 10.16853141784668
      vertex 38.99998474121094 4.60711669921875 10.292893409729004
      vertex 39 4.4000244140625 10.133978843688965
    endloop
  endfacet
  facet normal -0.000007550867985137779 0.634445919158822 -0.7729672539025841
    outer loop
      vertex 38.55555725097656 4.455596923828125 10.16853141784668
      vertex 38.70710754394531 4.60711669921875 10.292896270751953
      vertex 38.99998474121094 4.60711669921875 10.292893409729004
    endloop
  endfacet
  facet normal -0.00000619701074840038 0.7730249690601522 -0.6343755962922502
    outer loop
      vertex 38.70710754394531 4.60711669921875 10.292896270751953
      vertex 38.83146667480469 4.731475830078125 10.44443416595459
      vertex 38.99998474121094 4.60711669921875 10.292893409729004
    endloop
  endfacet
  facet normal 0.03794903770921603 0.7927543711818493 -0.6083587572386996
    outer loop
      vertex 38.99998474121094 4.60711669921875 10.292893409729004
      vertex 38.83146667480469 4.731475830078125 10.44443416595459
      vertex 39 4.76605224609375 10.500003814697266
    endloop
  endfacet
  facet normal -0.031191410291691094 0.8883334089548265 -0.4581384621036664
    outer loop
      vertex 38.83146667480469 4.731475830078125 10.44443416595459
      vertex 38.92387390136719 4.823883056640625 10.617321014404297
      vertex 39 4.76605224609375 10.500003814697266
    endloop
  endfacet
  facet normal 0.11149592930279666 0.9181413331488435 -0.38024354052708126
    outer loop
      vertex 39 4.76605224609375 10.500003814697266
      vertex 38.92387390136719 4.823883056640625 10.617321014404297
      vertex 39 4.865936279296875 10.741185188293457
    endloop
  endfacet
  facet normal -0.11139409657699817 0.9598574667373078 -0.25741988811362726
    outer loop
      vertex 38.92387390136719 4.823883056640625 10.617321014404297
      vertex 38.98078918457031 4.88079833984375 10.804915428161621
      vertex 39 4.865936279296875 10.741185188293457
    endloop
  endfacet
  facet normal 0.18263175748739352 0.9682417532772023 -0.17074410199990822
    outer loop
      vertex 39 4.865936279296875 10.741185188293457
      vertex 38.98078918457031 4.88079833984375 10.804915428161621
      vertex 38.99517822265625 4.89520263671875 10.901988983154297
    endloop
  endfacet
  facet normal 0.8569822675986869 0.5109334916016078 -0.06729309163058554
    outer loop
      vertex 39 4.865936279296875 10.741185188293457
      vertex 38.99517822265625 4.89520263671875 10.901988983154297
      vertex 39 4.9000244140625 11.000004768371582
    endloop
  endfacet
  facet normal 0.09801038766988728 0 -0.9951853917279928
    outer loop
      vertex 38 3.9000244140625 10.000004768371582
      vertex 38 9 10.000004768371582
      vertex 38.19508361816406 4.0950927734375 10.019217491149902
    endloop
  endfacet
  facet normal 0.29111001250421914 -0.0008845307628699878 -0.9566891753464773
    outer loop
      vertex 38.19508361816406 4.0950927734375 10.019217491149902
      vertex 38.258819580078125 9 10.034076690673828
      vertex 38.38267517089844 4.282684326171875 10.076126098632812
    endloop
  endfacet
  facet normal 0.47211240579461533 -0.0009310300395075313 -0.8815378661622462
    outer loop
      vertex 38.38267517089844 4.282684326171875 10.076126098632812
      vertex 38.5 9 10.133977890014648
      vertex 38.55555725097656 4.455596923828125 10.16853141784668
    endloop
  endfacet
  facet normal 0.6343650646804349 0 -0.7730336116321125
    outer loop
      vertex 38.55555725097656 4.455596923828125 10.16853141784668
      vertex 38.70710754394531 9 10.292896270751953
      vertex 38.70710754394531 4.60711669921875 10.292896270751953
    endloop
  endfacet
  facet normal 0.7730224751791841 0 -0.6343786352548827
    outer loop
      vertex 38.70710754394531 4.60711669921875 10.292896270751953
      vertex 38.70710754394531 9 10.292896270751953
      vertex 38.83146667480469 4.731475830078125 10.44443416595459
    endloop
  endfacet
  facet normal 0.8821504714775189 -0.0010080260201175508 -0.4709665906999496
    outer loop
      vertex 38.83146667480469 4.731475830078125 10.44443416595459
      vertex 38.86601257324219 9 10.500004768371582
      vertex 38.92387390136719 4.823883056640625 10.617321014404297
    endloop
  endfacet
  facet normal 0.9570140277009724 -0.0010345163952765817 -0.2900397913379998
    outer loop
      vertex 38.92387390136719 4.823883056640625 10.617321014404297
      vertex 38.96592712402344 9 10.74118423461914
      vertex 38.98078918457031 4.88079833984375 10.804915428161621
    endloop
  endfacet
  facet normal 0.9891632066014754 0.0012974229250072025 -0.14681439779408748
    outer loop
      vertex 38.98078918457031 4.88079833984375 10.804915428161621
      vertex 38.96592712402344 9 10.74118423461914
      vertex 38.99517822265625 4.89520263671875 10.901988983154297
    endloop
  endfacet
  facet normal 0.9987921726003034 0 -0.049134468068411555
    outer loop
      vertex 38.99517822265625 4.89520263671875 10.901988983154297
      vertex 39 9 11.000004768371582
      vertex 39 4.9000244140625 11.000004768371582
    endloop
  endfacet
  facet normal -0.24505635510362803 0.9589778141092843 -0.14250942028337485
    outer loop
      vertex 32.78178405761719 4.827728271484375 15.000008583068848
      vertex 30.515640258789062 4.865936279296875 19.153934478759766
      vertex 32.9932861328125 4.88177490234375 15.000005722045898
    endloop
  endfacet
  facet normal -0.08276409753404647 0.9955267586196821 -0.045569474778232956
    outer loop
      vertex 32.9932861328125 4.88177490234375 15.000005722045898
      vertex 30.515640258789062 4.865936279296875 19.153934478759766
      vertex 33.212799072265625 4.9000244140625 15.000007629394531
    endloop
  endfacet
  facet normal -0.000008266494679729044 -0.000005082113320679596 0.9999999999529186
    outer loop
      vertex 32.9932861328125 4.88177490234375 15.000005722045898
      vertex 33.212799072265625 4.9000244140625 15.000007629394531
      vertex 30 9 15.000001907348633
    endloop
  endfacet
  facet normal 0 1 0
    outer loop
      vertex 33.212799072265625 4.9000244140625 15.000007629394531
      vertex 37.83160400390625 4.9000244140625 15.000021934509277
      vertex 38.986297607421875 4.9000244140625 15.000015258789062
    endloop
  endfacet
  facet normal 0.0001393533988615173 0.000010960563403884202 0.9999999902302481
    outer loop
      vertex 38.986297607421875 3.9000244140625 15.000015258789062
      vertex 38.99998474121094 3.9000244140625 15.00001335144043
      vertex 38.964111328125 4.0950927734375 15.000016212463379
    endloop
  endfacet
  facet normal 0.9999999447767142 -0.000015256571983242784 0.0003319846466632478
    outer loop
      vertex 38.99998474121094 3.9000244140625 15.00001335144043
      vertex 39 4.158843994140625 14.96594524383545
      vertex 39 4.9000244140625 15.000006675720215
    endloop
  endfacet
  facet normal 0.00011604413817258899 0.000006673949476720329 0.9999999932446082
    outer loop
      vertex 38.99998474121094 3.9000244140625 15.00001335144043
      vertex 39 4.9000244140625 15.000006675720215
      vertex 38.964111328125 4.0950927734375 15.000016212463379
    endloop
  endfacet
  facet normal 0.8611061584241728 0.09793626195884415 0.4989034701397575
    outer loop
      vertex 36.12290954589844 4.158843994140625 19.891408920288086
      vertex 38.986297607421875 3.9000244140625 15.000015258789062
      vertex 38.964111328125 4.0950927734375 15.000016212463379
    endloop
  endfacet
  facet normal 0.8290690178419189 0.29045793432413197 0.47778525724722215
    outer loop
      vertex 36.12290954589844 4.158843994140625 19.891408920288086
      vertex 38.964111328125 4.0950927734375 15.000016212463379
      vertex 38.89839172363281 4.282684326171875 15.00001335144043
    endloop
  endfacet
  facet normal 0.9999999982623443 0.00004168329647522234 -0.00004168709687215537
    outer loop
      vertex 38.99998474121094 4.76605224609375 14.500015258789062
      vertex 39 4.9000244140625 15.000006675720215
      vertex 39 4.60711669921875 14.707125663757324
    endloop
  endfacet
  facet normal -0.000008618086062621949 0.000012232137897128435 0.9999999998880518
    outer loop
      vertex 38.964111328125 4.0950927734375 15.000016212463379
      vertex 39 4.9000244140625 15.000006675720215
      vertex 38.89839172363281 4.282684326171875 15.00001335144043
    endloop
  endfacet
  facet normal 0.00002089169678014923 0.000007375109768985409 0.9999999997545723
    outer loop
      vertex 38.89839172363281 4.282684326171875 15.00001335144043
      vertex 39 4.9000244140625 15.000006675720215
      vertex 38.79170227050781 4.455596923828125 15.000014305114746
    endloop
  endfacet
  facet normal 0.000008077448126807198 0.0000036971994013117816 0.9999999999605428
    outer loop
      vertex 38.648101806640625 4.60711669921875 15.000019073486328
      vertex 38.986297607421875 4.9000244140625 15.000015258789062
      vertex 38.473114013671875 4.731475830078125 15.000020027160645
    endloop
  endfacet
  facet normal 0.00003433799226842926 0.0000010729955108360198 0.9999999994098755
    outer loop
      vertex 38.79170227050781 4.455596923828125 15.000014305114746
      vertex 39 4.9000244140625 15.000006675720215
      vertex 38.648101806640625 4.60711669921875 15.000019073486328
    endloop
  endfacet
  facet normal 0.000626391701315839 -0.000710218054806278 0.999999551611775
    outer loop
      vertex 38.648101806640625 4.60711669921875 15.000019073486328
      vertex 39 4.9000244140625 15.000006675720215
      vertex 38.986297607421875 4.9000244140625 15.000015258789062
    endloop
  endfacet
  facet normal 0.9999999988274131 -0.0000447417948469556 -0.000018529585661715015
    outer loop
      vertex 38.99998474121094 4.76605224609375 14.500015258789062
      vertex 38.99998474121094 4.865936279296875 14.258833885192871
      vertex 39 4.9000244140625 15.000006675720215
    endloop
  endfacet
  facet normal 0.000005781377966770196 -0.00013067421820470209 0.9999999914454122
    outer loop
      vertex 37.83160400390625 4.9000244140625 15.000021934509277
      vertex 38.05686950683594 4.88079833984375 15.000018119812012
      vertex 38.986297607421875 4.9000244140625 15.000015258789062
    endloop
  endfacet
  facet normal 0.00000413887035129327 -0.000051272009694985815 0.9999999986770254
    outer loop
      vertex 38.27348327636719 4.823883056640625 15.000014305114746
      vertex 38.986297607421875 4.9000244140625 15.000015258789062
      vertex 38.05686950683594 4.88079833984375 15.000018119812012
    endloop
  endfacet
  facet normal -0.00000646126724058457 0.00004796354693729529 0.9999999988288751
    outer loop
      vertex 38.27348327636719 4.823883056640625 15.000014305114746
      vertex 38.473114013671875 4.731475830078125 15.000020027160645
      vertex 38.986297607421875 4.9000244140625 15.000015258789062
    endloop
  endfacet
  facet normal 0.5493761315179674 0.7730338223751941 0.3171822434852712
    outer loop
      vertex 35.898773193359375 4.60711669921875 19.761999130249023
      vertex 38.648101806640625 4.60711669921875 15.000019073486328
      vertex 38.473114013671875 4.731475830078125 15.000020027160645
    endloop
  endfacet
  facet normal 0.40831850188943913 0.8821200491330713 0.23481954759395976
    outer loop
      vertex 35.71940612792969 4.76605224609375 19.658445358276367
      vertex 38.473114013671875 4.731475830078125 15.000020027160645
      vertex 38.27348327636719 4.823883056640625 15.000014305114746
    endloop
  endfacet
  facet normal 0.6694246588689733 0.6344244396564886 0.3864922463190031
    outer loop
      vertex 35.898773193359375 4.60711669921875 19.761999130249023
      vertex 38.79170227050781 4.455596923828125 15.000014305114746
      vertex 38.648101806640625 4.60711669921875 15.000019073486328
    endloop
  endfacet
  facet normal 0.7641153746260505 0.4714672769059241 0.44027979861333966
    outer loop
      vertex 36.036376953125 4.4000244140625 19.84145164489746
      vertex 38.89839172363281 4.282684326171875 15.00001335144043
      vertex 38.79170227050781 4.455596923828125 15.000014305114746
    endloop
  endfacet
  facet normal 0.2514692488108621 0.957056674432342 0.14424194544932775
    outer loop
      vertex 35.51054382324219 4.865936279296875 19.53785514831543
      vertex 38.27348327636719 4.823883056640625 15.000014305114746
      vertex 38.05686950683594 4.88079833984375 15.000018119812012
    endloop
  endfacet
  facet normal 0.999999999987065 0 0.000005086246852024244
    outer loop
      vertex 39 4.9000244140625 11.000004768371582
      vertex 39 9 11.000004768371582
      vertex 38.99998474121094 4.9000244140625 14.000014305114746
    endloop
  endfacet
  facet normal -0.0000013214508473102217 0.0000020978602690741794 0.9999999999969263
    outer loop
      vertex 33.212799072265625 4.9000244140625 15.000007629394531
      vertex 38.986297607421875 4.9000244140625 15.000015258789062
      vertex 39 9 15.000006675720215
    endloop
  endfacet
  facet normal 0.9999999999933862 -0.000003605845991629323 -4.7491215336044734e-7
    outer loop
      vertex 38.99998474121094 4.865936279296875 14.258833885192871
      vertex 38.99998474121094 4.9000244140625 14.000014305114746
      vertex 39 9 15.000006675720215
    endloop
  endfacet
  facet normal 0.9999999997880803 0 -0.00002058735729951682
    outer loop
      vertex 38.99998474121094 4.865936279296875 14.258833885192871
      vertex 39 9 15.000006675720215
      vertex 39 4.9000244140625 15.000006675720215
    endloop
  endfacet
  facet normal 0.0006263918592949193 0 0.9999998038166001
    outer loop
      vertex 39 4.9000244140625 15.000006675720215
      vertex 39 9 15.000006675720215
      vertex 38.986297607421875 4.9000244140625 15.000015258789062
    endloop
  endfacet
  facet normal -0.8586173086943782 -0.13049920571914836 -0.49572802474451066
    outer loop
      vertex 30.335922241210938 0.741180419921875 18.050992965698242
      vertex 27.71868896484375 0.741180419921875 22.58412742614746
      vertex 32.0576171875 1 15.000826835632324
    endloop
  endfacet
  facet normal -0.6878769037868678 -0.6088024200220249 -0.3952024526896541
    outer loop
      vertex 30.560073852539062 0.29290771484375 18.18040657043457
      vertex 30.422439575195312 0.5 18.1009464263916
      vertex 32.349517822265625 0.4444580078125 14.832296371459961
    endloop
  endfacet
  facet normal -0.8012700487529565 -0.3826913154658626 -0.4599061491635466
    outer loop
      vertex 30.422439575195312 0.5 18.1009464263916
      vertex 30.335922241210938 0.741180419921875 18.050992965698242
      vertex 32.18946838378906 0.617340087890625 14.92470645904541
    endloop
  endfacet
  facet normal -0.5271836338539655 -0.7933690142694622 -0.30437316470679554
    outer loop
      vertex 30.739425659179688 0.134002685546875 18.283960342407227
      vertex 30.560073852539062 0.29290771484375 18.18040657043457
      vertex 32.56492614746094 0.29290771484375 14.707941055297852
    endloop
  endfacet
  facet normal -0.3323920950478577 -0.9238565886902802 -0.18974851431105919
    outer loop
      vertex 30.739425659179688 0.134002685546875 18.283960342407227
      vertex 33.12684631347656 0.076141357421875 14.383512496948242
      vertex 30.948287963867188 0.034088134765625 18.40455436706543
    endloop
  endfacet
  facet normal -0.11308248906700279 -0.9914381990749732 -0.06528895834201125
    outer loop
      vertex 30.948287963867188 0.034088134765625 18.40455436706543
      vertex 33.7896728515625 0 14.000829696655273
      vertex 28.3310546875 0.034088134765625 22.93768310546875
    endloop
  endfacet
  facet normal -0.5271837629969672 -0.7933690142674797 -0.30437294103222307
    outer loop
      vertex 30.739425659179688 0.134002685546875 18.283960342407227
      vertex 28.1221923828125 0.134002685546875 22.817092895507812
      vertex 30.560073852539062 0.29290771484375 18.18040657043457
    endloop
  endfacet
  facet normal -0.687033504374938 -0.6088032687924303 -0.3966655313660917
    outer loop
      vertex 30.560073852539062 0.29290771484375 18.18040657043457
      vertex 27.942825317382812 0.29290771484375 22.713539123535156
      vertex 30.422439575195312 0.5 18.1009464263916
    endloop
  endfacet
  facet normal -0.33145717523189944 -0.9238582196876686 -0.191369095997294
    outer loop
      vertex 30.739425659179688 0.134002685546875 18.283960342407227
      vertex 30.948287963867188 0.034088134765625 18.40455436706543
      vertex 28.3310546875 0.034088134765625 22.93768310546875
    endloop
  endfacet
  facet normal -0.8000977108142111 -0.3826923864486404 -0.4619417609440651
    outer loop
      vertex 30.422439575195312 0.5 18.1009464263916
      vertex 27.805206298828125 0.5 22.634077072143555
      vertex 30.335922241210938 0.741180419921875 18.050992965698242
    endloop
  endfacet
  facet normal -0.5271618222803897 -0.7933877721158393 -0.30436204787569
    outer loop
      vertex 30.560073852539062 0.29290771484375 18.18040657043457
      vertex 28.1221923828125 0.134002685546875 22.817092895507812
      vertex 27.942825317382812 0.29290771484375 22.713539123535156
    endloop
  endfacet
  facet normal -0.6870540788701607 -0.608773707749987 -0.39667526449251705
    outer loop
      vertex 30.422439575195312 0.5 18.1009464263916
      vertex 27.942825317382812 0.29290771484375 22.713539123535156
      vertex 27.805206298828125 0.5 22.634077072143555
    endloop
  endfacet
  facet normal -0.33145948233982275 -0.9238571493919548 -0.19137026698102316
    outer loop
      vertex 30.739425659179688 0.134002685546875 18.283960342407227
      vertex 28.3310546875 0.034088134765625 22.93768310546875
      vertex 28.1221923828125 0.134002685546875 22.817092895507812
    endloop
  endfacet
  facet normal -0.8001001162937414 -0.3826861500457915 -0.4619427610320042
    outer loop
      vertex 30.335922241210938 0.741180419921875 18.050992965698242
      vertex 27.805206298828125 0.5 22.634077072143555
      vertex 27.71868896484375 0.741180419921875 22.58412742614746
    endloop
  endfacet
  facet normal -0.8660224952922241 0 -0.5000050376224522
    outer loop
      vertex 22.954696655273438 1 30.767335891723633
      vertex 32.0576171875 3.9000244140625 15.000826835632324
      vertex 32.0576171875 1 15.000826835632324
    endloop
  endfacet
  facet normal -0.11308346911904478 -0.9914380478320856 -0.06528955753338443
    outer loop
      vertex 23.320724487304688 0 32.13336181640625
      vertex 28.3310546875 0.034088134765625 22.93768310546875
      vertex 33.7896728515625 0 14.000829696655273
    endloop
  endfacet
  facet normal -0.856176688474809 -0.14831166174840907 -0.49493952065048863
    outer loop
      vertex 22.956466674804688 0.902008056640625 30.77391815185547
      vertex 32.0576171875 1 15.000826835632324
      vertex 27.71868896484375 0.741180419921875 22.58412742614746
    endloop
  endfacet
  facet normal -0.5271822349565114 -0.7933703680898981 -0.30437205880822416
    outer loop
      vertex 27.942825317382812 0.29290771484375 22.713539123535156
      vertex 25.50494384765625 0.134002685546875 27.35022735595703
      vertex 25.325592041015625 0.29290771484375 27.246671676635742
    endloop
  endfacet
  facet normal -0.6870335766441891 -0.608803268794081 -0.39666540619158547
    outer loop
      vertex 27.805206298828125 0.5 22.634077072143555
      vertex 25.325592041015625 0.29290771484375 27.246671676635742
      vertex 25.187957763671875 0.5 27.167211532592773
    endloop
  endfacet
  facet normal -0.3314435338815412 -0.9238645640786453 -0.19136209417721775
    outer loop
      vertex 28.1221923828125 0.134002685546875 22.817092895507812
      vertex 25.713821411132812 0.034088134765625 27.47081756591797
      vertex 25.50494384765625 0.134002685546875 27.35022735595703
    endloop
  endfacet
  facet normal -0.8000977473689695 -0.3826892682532605 -0.4619442808595908
    outer loop
      vertex 27.71868896484375 0.741180419921875 22.58412742614746
      vertex 25.187957763671875 0.5 27.167211532592773
      vertex 25.1014404296875 0.741180419921875 27.117259979248047
    endloop
  endfacet
  facet normal -0.8649750008596849 -0.04916939995737574 -0.49940025830551965
    outer loop
      vertex 22.956466674804688 0.902008056640625 30.77391815185547
      vertex 22.954696655273438 1 30.767335891723633
      vertex 32.0576171875 1 15.000826835632324
    endloop
  endfacet
  facet normal -0.687054151143838 -0.608773707747397 -0.39667513931617526
    outer loop
      vertex 27.942825317382812 0.29290771484375 22.713539123535156
      vertex 25.325592041015625 0.29290771484375 27.246671676635742
      vertex 27.805206298828125 0.5 22.634077072143555
    endloop
  endfacet
  facet normal -0.3314595172067792 -0.9238571493917567 -0.19137020659127277
    outer loop
      vertex 28.1221923828125 0.134002685546875 22.817092895507812
      vertex 28.3310546875 0.034088134765625 22.93768310546875
      vertex 25.713821411132812 0.034088134765625 27.47081756591797
    endloop
  endfacet
  facet normal -0.5271618777321337 -0.7933877721170802 -0.30436195182878384
    outer loop
      vertex 28.1221923828125 0.134002685546875 22.817092895507812
      vertex 25.50494384765625 0.134002685546875 27.35022735595703
      vertex 27.942825317382812 0.29290771484375 22.713539123535156
    endloop
  endfacet
  facet normal -0.8000989501092884 -0.3826861500327912 -0.4619447809068682
    outer loop
      vertex 27.805206298828125 0.5 22.634077072143555
      vertex 25.187957763671875 0.5 27.167211532592773
      vertex 27.71868896484375 0.741180419921875 22.58412742614746
    endloop
  endfacet
  facet normal -0.8660224952922241 0 -0.5000050376224522
    outer loop
      vertex 22.954696655273438 1 30.767335891723633
      vertex 22.954696655273438 3.9000244140625 30.767335891723633
      vertex 32.0576171875 3.9000244140625 15.000826835632324
    endloop
  endfacet
  facet normal -0.8561169011351125 0.15080139661037134 -0.4942901884229277
    outer loop
      vertex 29.903274536132812 4.158843994140625 18.800376892089844
      vertex 32.05903625488281 3.940643310546875 15
      vertex 27.43023681640625 4.158843994140625 23.083709716796875
    endloop
  endfacet
  facet normal -0.8010277652151899 0.3826422634708096 -0.4603687843026437
    outer loop
      vertex 29.903274536132812 4.158843994140625 18.800376892089844
      vertex 29.989776611328125 4.4000244140625 18.850326538085938
      vertex 32.15995788574219 4.3106689453125 15.000007629394531
    endloop
  endfacet
  facet normal -0.6878992402455976 0.6088023738872316 -0.3951636430882796
    outer loop
      vertex 29.989776611328125 4.4000244140625 18.850326538085938
      vertex 30.127410888671875 4.60711669921875 18.929786682128906
      vertex 32.26930236816406 4.476531982421875 15.000007629394531
    endloop
  endfacet
  facet normal -0.5277959993019166 0.7933335036980839 -0.30340292521828743
    outer loop
      vertex 30.127410888671875 4.60711669921875 18.929786682128906
      vertex 30.306777954101562 4.76605224609375 19.033344268798828
      vertex 32.58598327636719 4.7398681640625 15.000000953674316
    endloop
  endfacet
  facet normal -0.33227006140383986 0.923896988328975 -0.18976554284521205
    outer loop
      vertex 30.306777954101562 4.76605224609375 19.033344268798828
      vertex 30.515640258789062 4.865936279296875 19.153934478759766
      vertex 32.78178405761719 4.827728271484375 15.000008583068848
    endloop
  endfacet
  facet normal -0.8658480001512482 0.02007336597332305 -0.4999042914524591
    outer loop
      vertex 22.954696655273438 3.9000244140625 30.767335891723633
      vertex 32.05903625488281 3.940643310546875 15
      vertex 32.0576171875 3.9000244140625 15.000826835632324
    endloop
  endfacet
  facet normal -0.8001132719407327 0.382642942099888 -0.46195576728236315
    outer loop
      vertex 29.903274536132812 4.158843994140625 18.800376892089844
      vertex 27.43023681640625 4.158843994140625 23.083709716796875
      vertex 29.989776611328125 4.4000244140625 18.850326538085938
    endloop
  endfacet
  facet normal -0.6870349917165766 0.6088032688238377 -0.39666295519800393
    outer loop
      vertex 29.989776611328125 4.4000244140625 18.850326538085938
      vertex 27.516769409179688 4.4000244140625 23.1336669921875
      vertex 30.127410888671875 4.60711669921875 18.929786682128906
    endloop
  endfacet
  facet normal -0.5272228153203479 0.7933340221581403 -0.30439650505890153
    outer loop
      vertex 30.127410888671875 4.60711669921875 18.929786682128906
      vertex 27.654388427734375 4.60711669921875 23.21312713623047
      vertex 30.306777954101562 4.76605224609375 19.033344268798828
    endloop
  endfacet
  facet normal -0.3313727165052465 0.9238984818215663 -0.19132098171329345
    outer loop
      vertex 30.306777954101562 4.76605224609375 19.033344268798828
      vertex 27.833755493164062 4.76605224609375 23.316680908203125
      vertex 30.515640258789062 4.865936279296875 19.153934478759766
    endloop
  endfacet
  facet normal -0.11308604576898255 0.9914376474183741 -0.06529117500746506
    outer loop
      vertex 33.212799072265625 4.9000244140625 15.000007629394531
      vertex 30.515640258789062 4.865936279296875 19.153934478759766
      vertex 28.042617797851562 4.865936279296875 23.437274932861328
    endloop
  endfacet
  facet normal -0.8000806236231448 0.38274182761142583 -0.46193039421482684
    outer loop
      vertex 29.989776611328125 4.4000244140625 18.850326538085938
      vertex 27.43023681640625 4.158843994140625 23.083709716796875
      vertex 27.516769409179688 4.4000244140625 23.1336669921875
    endloop
  endfacet
  facet normal -0.8576874114863462 0.13950478824756038 -0.49488455040934
    outer loop
      vertex 22.954696655273438 3.9000244140625 30.767335891723633
      vertex 27.43023681640625 4.158843994140625 23.083709716796875
      vertex 32.05903625488281 3.940643310546875 15
    endloop
  endfacet
  facet normal -0.6870551053877454 0.6087714083032882 -0.3966770154585027
    outer loop
      vertex 30.127410888671875 4.60711669921875 18.929786682128906
      vertex 27.516769409179688 4.4000244140625 23.1336669921875
      vertex 27.654388427734375 4.60711669921875 23.21312713623047
    endloop
  endfacet
  facet normal -0.8000808908280295 0.38274182761584746 -0.46192993140205574
    outer loop
      vertex 24.957229614257812 4.158843994140625 27.367055892944336
      vertex 27.516769409179688 4.4000244140625 23.1336669921875
      vertex 27.43023681640625 4.158843994140625 23.083709716796875
    endloop
  endfacet
  facet normal -0.8000992748126731 0.38268615003662 -0.46194421850953415
    outer loop
      vertex 24.957229614257812 4.158843994140625 27.367055892944336
      vertex 25.043746948242188 4.4000244140625 27.41700553894043
      vertex 27.516769409179688 4.4000244140625 23.1336669921875
    endloop
  endfacet
  facet normal -0.687055028899365 0.6087714083051541 -0.396677147935512
    outer loop
      vertex 27.516769409179688 4.4000244140625 23.1336669921875
      vertex 25.043746948242188 4.4000244140625 27.41700553894043
      vertex 27.654388427734375 4.60711669921875 23.21312713623047
    endloop
  endfacet
  facet normal -0.687055028899365 0.6087714083051541 -0.396677147935512
    outer loop
      vertex 27.654388427734375 4.60711669921875 23.21312713623047
      vertex 25.043746948242188 4.4000244140625 27.41700553894043
      vertex 25.181365966796875 4.60711669921875 27.4964656829834
    endloop
  endfacet
  facet normal -0.5272258124687715 0.7933313143814045 -0.30439837103459805
    outer loop
      vertex 27.833755493164062 4.76605224609375 23.316680908203125
      vertex 25.181365966796875 4.60711669921875 27.4964656829834
      vertex 25.360733032226562 4.76605224609375 27.600019454956055
    endloop
  endfacet
  facet normal -0.3313715980045111 0.9238990167182269 -0.19132033593695733
    outer loop
      vertex 28.042617797851562 4.865936279296875 23.437274932861328
      vertex 25.360733032226562 4.76605224609375 27.600019454956055
      vertex 25.569595336914062 4.865936279296875 27.720611572265625
    endloop
  endfacet
  facet normal -0.08493181941966574 0.9951794072119649 -0.049036042981745
    outer loop
      vertex 23.249313354492188 4.88079833984375 31.866857528686523
      vertex 23.320724487304688 4.9000244140625 32.13336181640625
      vertex 33.212799072265625 4.9000244140625 15.000007629394531
    endloop
  endfacet
  facet normal -0.5272258124687715 0.7933313143814045 -0.30439837103459805
    outer loop
      vertex 27.654388427734375 4.60711669921875 23.21312713623047
      vertex 25.181365966796875 4.60711669921875 27.4964656829834
      vertex 27.833755493164062 4.76605224609375 23.316680908203125
    endloop
  endfacet
  facet normal -0.3313705164019808 0.9238995516089518 -0.19131962627044388
    outer loop
      vertex 27.833755493164062 4.76605224609375 23.316680908203125
      vertex 25.360733032226562 4.76605224609375 27.600019454956055
      vertex 28.042617797851562 4.865936279296875 23.437274932861328
    endloop
  endfacet
  facet normal -0.14959453763908015 0.9848907519165359 -0.08724494883848811
    outer loop
      vertex 23.249313354492188 4.88079833984375 31.866857528686523
      vertex 33.212799072265625 4.9000244140625 15.000007629394531
      vertex 25.569595336914062 4.865936279296875 27.720611572265625
    endloop
  endfacet
  facet normal -0.5272257537761695 0.7933313143801307 -0.3043984726949928
    outer loop
      vertex 30.306777954101562 4.76605224609375 19.033344268798828
      vertex 27.654388427734375 4.60711669921875 23.21312713623047
      vertex 27.833755493164062 4.76605224609375 23.316680908203125
    endloop
  endfacet
  facet normal -0.3313705532932565 0.9238995516084275 -0.19131956237632267
    outer loop
      vertex 27.833755493164062 4.76605224609375 23.316680908203125
      vertex 28.042617797851562 4.865936279296875 23.437274932861328
      vertex 30.515640258789062 4.865936279296875 19.153934478759766
    endloop
  endfacet
  facet normal -0.11308765899761848 0.991437398239844 -0.06529216456702455
    outer loop
      vertex 33.212799072265625 4.9000244140625 15.000007629394531
      vertex 28.042617797851562 4.865936279296875 23.437274932861328
      vertex 25.569595336914062 4.865936279296875 27.720611572265625
    endloop
  endfacet
  facet normal 0.11308552965156914 0.991437772000648 0.06529017716176955
    outer loop
      vertex 35.51054382324219 4.865936279296875 19.53785514831543
      vertex 26.78472900390625 4.9000244140625 34.13372802734375
      vertex 32.67665100097656 4.865936279296875 24.446285247802734
    endloop
  endfacet
  facet normal 0.3313586267074217 0.9239058929958519 0.19130959566657607
    outer loop
      vertex 32.67665100097656 4.865936279296875 24.446285247802734
      vertex 29.8427734375 4.865936279296875 29.35471534729004
      vertex 32.885528564453125 4.76605224609375 24.566875457763672
    endloop
  endfacet
  facet normal 0 -1 0
    outer loop
      vertex 33.7896728515625 0 14.000829696655273
      vertex 38.40895080566406 0 14.000018119812012
      vertex 26.78472900390625 0 34.13372802734375
    endloop
  endfacet
  facet normal 0.11308093258299091 -0.9914384793608904 0.06528739793196324
    outer loop
      vertex 33.98341369628906 0.034088134765625 22.18291664123535
      vertex 31.6585693359375 0.034088134765625 26.209659576416016
      vertex 38.40895080566406 0 14.000018119812012
    endloop
  endfacet
  facet normal 0.3314603310569089 -0.9238571493858542 0.19136879699754572
    outer loop
      vertex 36.308258056640625 0.034088134765625 18.156169891357422
      vertex 34.19227600097656 0.134002685546875 22.30350685119629
      vertex 33.98341369628906 0.034088134765625 22.18291664123535
    endloop
  endfacet
  facet normal 0.5271639404066537 -0.7933877721563042 0.3043583790990256
    outer loop
      vertex 36.517120361328125 0.134002685546875 18.27676010131836
      vertex 34.37164306640625 0.29290771484375 22.407060623168945
      vertex 34.19227600097656 0.134002685546875 22.30350685119629
    endloop
  endfacet
  facet normal 0.6870635508025937 -0.6087622103225093 0.39667650351613293
    outer loop
      vertex 36.69648742675781 0.29290771484375 18.380313873291016
      vertex 34.50926208496094 0.5 22.486513137817383
      vertex 34.37164306640625 0.29290771484375 22.407060623168945
    endloop
  endfacet
  facet normal 0.8000989193298821 -0.3826986226669207 0.46193450130510577
    outer loop
      vertex 36.83409118652344 0.5 18.459766387939453
      vertex 34.59577941894531 0.741180419921875 22.536470413208008
      vertex 34.50926208496094 0.5 22.486513137817383
    endloop
  endfacet
  facet normal 0.8618548149816658 -0.09802092117505111 0.497592380272159
    outer loop
      vertex 38.97520446777344 0.804931640625 14.980802536010742
      vertex 38.986297607421875 1 15.000015258789062
      vertex 28.150726318359375 1 33.767765045166016
    endloop
  endfacet
  facet normal 0.8660252859397045 0 0.5000002041130115
    outer loop
      vertex 38.986297607421875 1 15.000015258789062
      vertex 38.986297607421875 3.9000244140625 15.000015258789062
      vertex 28.150726318359375 3.9000244140625 33.767765045166016
    endloop
  endfacet
  facet normal 0.330494408004489 -0.9238554361739554 0.19304035673815195
    outer loop
      vertex 36.308258056640625 0.034088134765625 18.156169891357422
      vertex 38.6298828125 0.076141357421875 14.382695198059082
      vertex 36.517120361328125 0.134002685546875 18.27676010131836
    endloop
  endfacet
  facet normal 0.11308259760378303 -0.9914382302211154 0.06528829738324861
    outer loop
      vertex 36.308258056640625 0.034088134765625 18.156169891357422
      vertex 33.98341369628906 0.034088134765625 22.18291664123535
      vertex 38.40895080566406 0 14.000018119812012
    endloop
  endfacet
  facet normal 0.8434225396449607 -0.22697506604367712 0.4869504482114305
    outer loop
      vertex 36.920623779296875 0.741180419921875 18.509723663330078
      vertex 38.97520446777344 0.804931640625 14.980802536010742
      vertex 34.59577941894531 0.741180419921875 22.536470413208008
    endloop
  endfacet
  facet normal 0.5264221309108669 -0.7933868886464631 0.3056419228625988
    outer loop
      vertex 36.517120361328125 0.134002685546875 18.27676010131836
      vertex 38.729705810546875 0.168548583984375 14.55558967590332
      vertex 36.69648742675781 0.29290771484375 18.380313873291016
    endloop
  endfacet
  facet normal 0.6863161916043722 -0.6087296563169877 0.39801795268790663
    outer loop
      vertex 36.69648742675781 0.29290771484375 18.380313873291016
      vertex 38.88899230957031 0.4444580078125 14.831482887268066
      vertex 36.83409118652344 0.5 18.459766387939453
    endloop
  endfacet
  facet normal 0.7990414459265318 -0.3827409863301858 0.4637263256217331
    outer loop
      vertex 36.83409118652344 0.5 18.459766387939453
      vertex 38.942352294921875 0.617340087890625 14.923893928527832
      vertex 36.920623779296875 0.741180419921875 18.509723663330078
    endloop
  endfacet
  facet normal 0.3314603310569089 -0.9238571493858542 0.19136879699754572
    outer loop
      vertex 36.308258056640625 0.034088134765625 18.156169891357422
      vertex 36.517120361328125 0.134002685546875 18.27676010131836
      vertex 34.19227600097656 0.134002685546875 22.30350685119629
    endloop
  endfacet
  facet normal 0.5271639404066537 -0.7933877721563042 0.3043583790990256
    outer loop
      vertex 36.517120361328125 0.134002685546875 18.27676010131836
      vertex 36.69648742675781 0.29290771484375 18.380313873291016
      vertex 34.37164306640625 0.29290771484375 22.407060623168945
    endloop
  endfacet
  facet normal 0.6870858520688518 -0.6087303458768496 0.3966867755490104
    outer loop
      vertex 36.69648742675781 0.29290771484375 18.380313873291016
      vertex 36.83409118652344 0.5 18.459766387939453
      vertex 34.50926208496094 0.5 22.486513137817383
    endloop
  endfacet
  facet normal 0.8000821062909865 -0.382741827634581 0.46192782615027556
    outer loop
      vertex 36.83409118652344 0.5 18.459766387939453
      vertex 36.920623779296875 0.741180419921875 18.509723663330078
      vertex 34.59577941894531 0.741180419921875 22.536470413208008
    endloop
  endfacet
  facet normal 0.33146079643862253 -0.9238571493813791 0.1913679909524744
    outer loop
      vertex 33.98341369628906 0.034088134765625 22.18291664123535
      vertex 34.19227600097656 0.134002685546875 22.30350685119629
      vertex 31.867446899414062 0.134002685546875 26.330249786376953
    endloop
  endfacet
  facet normal 0.5271638155578443 -0.793387772154314 0.3043585953484957
    outer loop
      vertex 34.19227600097656 0.134002685546875 22.30350685119629
      vertex 34.37164306640625 0.29290771484375 22.407060623168945
      vertex 32.04679870605469 0.29290771484375 26.43380355834961
    endloop
  endfacet
  facet normal 0.6870633880827597 -0.608762210320851 0.39667678535743817
    outer loop
      vertex 34.37164306640625 0.29290771484375 22.407060623168945
      vertex 34.50926208496094 0.5 22.486513137817383
      vertex 32.184417724609375 0.5 26.513256072998047
    endloop
  endfacet
  facet normal 0.8550443208461188 -0.1568047624181027 0.49427874309118514
    outer loop
      vertex 34.59577941894531 0.741180419921875 22.536470413208008
      vertex 38.97520446777344 0.804931640625 14.980802536010742
      vertex 28.150726318359375 1 33.767765045166016
    endloop
  endfacet
  facet normal 0.8000986350907563 -0.3826986226786626 0.46193499361464674
    outer loop
      vertex 34.50926208496094 0.5 22.486513137817383
      vertex 34.59577941894531 0.741180419921875 22.536470413208008
      vertex 32.27095031738281 0.741180419921875 26.56321144104004
    endloop
  endfacet
  facet normal 0.13667076687254082 -0.9875157182616571 0.07831862912893141
    outer loop
      vertex 31.6585693359375 0.034088134765625 26.209659576416016
      vertex 27.051239013671875 0.01922607421875 34.06233596801758
      vertex 38.40895080566406 0 14.000018119812012
    endloop
  endfacet
  facet normal 0.3314447522398228 -0.9238645640983286 0.19135998384220199
    outer loop
      vertex 33.98341369628906 0.034088134765625 22.18291664123535
      vertex 31.867446899414062 0.134002685546875 26.330249786376953
      vertex 31.6585693359375 0.034088134765625 26.209659576416016
    endloop
  endfacet
  facet normal 0.52718585307038 -0.7933690142280367 0.3043693210316847
    outer loop
      vertex 34.19227600097656 0.134002685546875 22.30350685119629
      vertex 32.04679870605469 0.29290771484375 26.43380355834961
      vertex 31.867446899414062 0.134002685546875 26.330249786376953
    endloop
  endfacet
  facet normal 0.6870633880827597 -0.608762210320851 0.39667678535743817
    outer loop
      vertex 34.37164306640625 0.29290771484375 22.407060623168945
      vertex 32.184417724609375 0.5 26.513256072998047
      vertex 32.04679870605469 0.29290771484375 26.43380355834961
    endloop
  endfacet
  facet normal 0.8000830354734737 -0.3827387096661448 0.4619288002177896
    outer loop
      vertex 34.50926208496094 0.5 22.486513137817383
      vertex 32.27095031738281 0.741180419921875 26.56321144104004
      vertex 32.184417724609375 0.5 26.513256072998047
    endloop
  endfacet
  facet normal 0 1 0
    outer loop
      vertex 33.212799072265625 4.9000244140625 15.000007629394531
      vertex 26.78472900390625 4.9000244140625 34.13372802734375
      vertex 37.83160400390625 4.9000244140625 15.000021934509277
    endloop
  endfacet
  facet normal 0.8000826105178142 0.38274182764168874 0.4619269527971924
    outer loop
      vertex 36.12290954589844 4.158843994140625 19.891408920288086
      vertex 36.036376953125 4.4000244140625 19.84145164489746
      vertex 33.20249938964844 4.4000244140625 24.749881744384766
    endloop
  endfacet
  facet normal 0.08493785008009518 0.9951787468114695 0.049038999974758773
    outer loop
      vertex 37.83160400390625 4.9000244140625 15.000021934509277
      vertex 26.78472900390625 4.9000244140625 34.13372802734375
      vertex 38.05686950683594 4.88079833984375 15.000018119812012
    endloop
  endfacet
  facet normal 0.6870842327623462 0.6087303459370191 0.39668958018175254
    outer loop
      vertex 35.898773193359375 4.60711669921875 19.761999130249023
      vertex 33.06488037109375 4.60711669921875 24.670429229736328
      vertex 36.036376953125 4.4000244140625 19.84145164489746
    endloop
  endfacet
  facet normal 0.5272279936983503 0.7933313144209946 0.30439459295439064
    outer loop
      vertex 35.898773193359375 4.60711669921875 19.761999130249023
      vertex 35.71940612792969 4.76605224609375 19.658445358276367
      vertex 32.885528564453125 4.76605224609375 24.566875457763672
    endloop
  endfacet
  facet normal 0.33137367832239056 0.9238984818156988 0.19131931584065326
    outer loop
      vertex 35.71940612792969 4.76605224609375 19.658445358276367
      vertex 35.51054382324219 4.865936279296875 19.53785514831543
      vertex 32.67665100097656 4.865936279296875 24.446285247802734
    endloop
  endfacet
  facet normal 0.7993218478040004 0.3827413752622077 0.4632425102315116
    outer loop
      vertex 36.12290954589844 4.158843994140625 19.891408920288086
      vertex 38.89839172363281 4.282684326171875 15.00001335144043
      vertex 36.036376953125 4.4000244140625 19.84145164489746
    endloop
  endfacet
  facet normal 0.5266360955486246 0.7933307505274548 0.30541896328297174
    outer loop
      vertex 35.898773193359375 4.60711669921875 19.761999130249023
      vertex 38.473114013671875 4.731475830078125 15.000020027160645
      vertex 35.71940612792969 4.76605224609375 19.658445358276367
    endloop
  endfacet
  facet normal 0.6865073731540444 0.6087299617494628 0.3976876415902701
    outer loop
      vertex 35.898773193359375 4.60711669921875 19.761999130249023
      vertex 36.036376953125 4.4000244140625 19.84145164489746
      vertex 38.79170227050781 4.455596923828125 15.000014305114746
    endloop
  endfacet
  facet normal 0.33056968486558835 0.923897295035395 0.19271084991288395
    outer loop
      vertex 35.71940612792969 4.76605224609375 19.658445358276367
      vertex 38.27348327636719 4.823883056640625 15.000014305114746
      vertex 35.51054382324219 4.865936279296875 19.53785514831543
    endloop
  endfacet
  facet normal 0.8586165312135734 0.1305292641655068 0.49572145759809705
    outer loop
      vertex 36.12290954589844 4.158843994140625 19.891408920288086
      vertex 33.289031982421875 4.158843994140625 24.79983901977539
      vertex 38.986297607421875 3.9000244140625 15.000015258789062
    endloop
  endfacet
  facet normal 0.1505573567093328 0.9847029297546789 0.08770759643982207
    outer loop
      vertex 35.51054382324219 4.865936279296875 19.53785514831543
      vertex 38.05686950683594 4.88079833984375 15.000018119812012
      vertex 26.78472900390625 4.9000244140625 34.13372802734375
    endloop
  endfacet
  facet normal 0.8000826105178142 0.38274182764168874 0.4619269527971924
    outer loop
      vertex 36.12290954589844 4.158843994140625 19.891408920288086
      vertex 33.20249938964844 4.4000244140625 24.749881744384766
      vertex 33.289031982421875 4.158843994140625 24.79983901977539
    endloop
  endfacet
  facet normal 0.6870639838024629 0.608762210326608 0.3966757535314597
    outer loop
      vertex 36.036376953125 4.4000244140625 19.84145164489746
      vertex 33.06488037109375 4.60711669921875 24.670429229736328
      vertex 33.20249938964844 4.4000244140625 24.749881744384766
    endloop
  endfacet
  facet normal 0.5272484559986131 0.7933125533107852 0.3044080458966242
    outer loop
      vertex 35.898773193359375 4.60711669921875 19.761999130249023
      vertex 32.885528564453125 4.76605224609375 24.566875457763672
      vertex 33.06488037109375 4.60711669921875 24.670429229736328
    endloop
  endfacet
  facet normal 0.3313586267074217 0.9239058929958519 0.19130959566657607
    outer loop
      vertex 35.71940612792969 4.76605224609375 19.658445358276367
      vertex 32.67665100097656 4.865936279296875 24.446285247802734
      vertex 32.885528564453125 4.76605224609375 24.566875457763672
    endloop
  endfacet
  facet normal 0.8564243276437129 0.15024732115813608 0.49392622273454817
    outer loop
      vertex 33.289031982421875 4.158843994140625 24.79983901977539
      vertex 28.144149780273438 3.998016357421875 33.76953125
      vertex 38.986297607421875 3.9000244140625 15.000015258789062
    endloop
  endfacet
  facet normal 0.8000826105178142 0.38274182764168874 0.4619269527971924
    outer loop
      vertex 33.289031982421875 4.158843994140625 24.79983901977539
      vertex 33.20249938964844 4.4000244140625 24.749881744384766
      vertex 30.368621826171875 4.4000244140625 29.65831184387207
    endloop
  endfacet
  facet normal 0.6870639838024629 0.608762210326608 0.3966757535314597
    outer loop
      vertex 33.20249938964844 4.4000244140625 24.749881744384766
      vertex 33.06488037109375 4.60711669921875 24.670429229736328
      vertex 30.231002807617188 4.60711669921875 29.578859329223633
    endloop
  endfacet
  facet normal 0.5272484559986131 0.7933125533107852 0.3044080458966242
    outer loop
      vertex 33.06488037109375 4.60711669921875 24.670429229736328
      vertex 32.885528564453125 4.76605224609375 24.566875457763672
      vertex 30.0516357421875 4.76605224609375 29.475305557250977
    endloop
  endfacet
  facet normal -0.7933786734367347 0.001504689933412364 -0.6087265530958635
    outer loop
      vertex 29.16851806640625 4.731475830078125 10.444427490234375
      vertex 29.13397216796875 9 10.500003814697266
      vertex 29.292877197265625 9 10.292896270751953
    endloop
  endfacet
  facet normal -0.38268295029558913 0.0018122386695338158 -0.9238779547884386
    outer loop
      vertex 29.6173095703125 4.282684326171875 10.076126098632812
      vertex 29.499984741210938 9 10.133976936340332
      vertex 29.741165161132812 9 10.034076690673828
    endloop
  endfacet
  facet normal -0.13052811082525767 0.001307795738921057 -0.9914437462381284
    outer loop
      vertex 29.804901123046875 4.0950927734375 10.01921558380127
      vertex 29.741165161132812 9 10.034076690673828
      vertex 29.999984741210938 9 10.000001907348633
    endloop
  endfacet
  facet normal -0.6087611266790318 0.00141262385059115 -0.7933523146360214
    outer loop
      vertex 29.444412231445312 4.455596923828125 10.168527603149414
      vertex 29.292877197265625 9 10.292896270751953
      vertex 29.499984741210938 9 10.133976936340332
    endloop
  endfacet
  facet normal -0.9238581586177104 0.0020485301185765798 -0.38272954717378005
    outer loop
      vertex 29.07611083984375 4.823883056640625 10.617321014404297
      vertex 29.0340576171875 9 10.74118423461914
      vertex 29.13397216796875 9 10.500003814697266
    endloop
  endfacet
  facet normal -0.9914435884703987 0.001952014508517796 -0.1305212646287843
    outer loop
      vertex 29.004806518554688 4.89520263671875 10.901987075805664
      vertex 28.999984741210938 9 11.00000286102295
      vertex 29.0340576171875 9 10.74118423461914
    endloop
  endfacet
  facet normal -0.7867062571356155 0.12942856013621942 -0.603607084786731
    outer loop
      vertex 29.292877197265625 9 10.292896270751953
      vertex 29.13397216796875 9 10.500003814697266
      vertex 29.321380615234375 9.25 10.30935287475586
    endloop
  endfacet
  facet normal -0.7866854305493248 0.1293851516760428 -0.6036435337905897
    outer loop
      vertex 29.13397216796875 9 10.500003814697266
      vertex 29.163467407226562 9.258819580078125 10.517040252685547
      vertex 29.321380615234375 9.25 10.30935287475586
    endloop
  endfacet
  facet normal -0.7286595007680475 0.3794620718164137 -0.570143725733481
    outer loop
      vertex 29.163467407226562 9.258819580078125 10.517040252685547
      vertex 29.404953002929688 9.48297119140625 10.357600212097168
      vertex 29.321380615234375 9.25 10.30935287475586
    endloop
  endfacet
  facet normal -0.7286608171170281 0.3794670374195233 -0.5701387384754653
    outer loop
      vertex 29.163467407226562 9.258819580078125 10.517040252685547
      vertex 29.249984741210938 9.5 10.56698989868164
      vertex 29.404953002929688 9.48297119140625 10.357600212097168
    endloop
  endfacet
  facet normal -0.6043076100826783 0.12074707513039806 -0.78754838343026
    outer loop
      vertex 29.292877197265625 9 10.292896270751953
      vertex 29.525543212890625 9.224151611328125 10.14873218536377
      vertex 29.499984741210938 9 10.133976936340332
    endloop
  endfacet
  facet normal -0.38061254313536336 0.10389639530589409 -0.9188795519819084
    outer loop
      vertex 29.499984741210938 9 10.133976936340332
      vertex 29.762039184570312 9.183013916015625 10.046123504638672
      vertex 29.741165161132812 9 10.034076690673828
    endloop
  endfacet
  facet normal -0.3806061287635559 0.10388533498297549 -0.9188834593805106
    outer loop
      vertex 29.499984741210938 9 10.133976936340332
      vertex 29.525543212890625 9.224151611328125 10.14873218536377
      vertex 29.762039184570312 9.183013916015625 10.046123504638672
    endloop
  endfacet
  facet normal -0.6043038234555385 0.12074064155257568 -0.787552275366207
    outer loop
      vertex 29.292877197265625 9 10.292896270751953
      vertex 29.321380615234375 9.25 10.30935287475586
      vertex 29.525543212890625 9.224151611328125 10.14873218536377
    endloop
  endfacet
  facet normal -0.1301109830586896 0.07989288396713314 -0.9882753964249619
    outer loop
      vertex 29.741165161132812 9 10.034076690673828
      vertex 29.762039184570312 9.183013916015625 10.046123504638672
      vertex 29.999984741210938 9 10.000001907348633
    endloop
  endfacet
  facet normal -0.09140665765611825 0.12996748178029874 -0.9872959417600302
    outer loop
      vertex 29.999984741210938 9 10.000001907348633
      vertex 29.762039184570312 9.183013916015625 10.046123504638672
      vertex 29.999984741210938 9.258819580078125 10.034072875976562
    endloop
  endfacet
  facet normal -0.33403344664173623 0.30456698176719516 -0.8919980998532808
    outer loop
      vertex 29.525543212890625 9.224151611328125 10.14873218536377
      vertex 29.823226928710938 9.35357666015625 10.08144760131836
      vertex 29.762039184570312 9.183013916015625 10.046123504638672
    endloop
  endfacet
  facet normal -0.33403359415156025 0.3045674291838732 -0.8919978918464534
    outer loop
      vertex 29.525543212890625 9.224151611328125 10.14873218536377
      vertex 29.6004638671875 9.433013916015625 10.191990852355957
      vertex 29.823226928710938 9.35357666015625 10.08144760131836
    endloop
  endfacet
  facet normal -0.5501828213177067 0.3539962275870316 -0.7562972523955372
    outer loop
      vertex 29.525543212890625 9.224151611328125 10.14873218536377
      vertex 29.321380615234375 9.25 10.30935287475586
      vertex 29.6004638671875 9.433013916015625 10.191990852355957
    endloop
  endfacet
  facet normal -0.5501806080368289 0.35398992962567427 -0.7563018103005145
    outer loop
      vertex 29.321380615234375 9.25 10.30935287475586
      vertex 29.404953002929688 9.48297119140625 10.357600212097168
      vertex 29.6004638671875 9.433013916015625 10.191990852355957
    endloop
  endfacet
  facet normal -0.2440764287670484 0.4845241340745475 -0.8400375351254453
    outer loop
      vertex 29.823226928710938 9.35357666015625 10.08144760131836
      vertex 29.6004638671875 9.433013916015625 10.191990852355957
      vertex 29.9205322265625 9.5 10.137630462646484
    endloop
  endfacet
  facet normal -0.24406528440157618 0.4844191013379922 -0.8401013457963687
    outer loop
      vertex 29.6004638671875 9.433013916015625 10.191990852355957
      vertex 29.719650268554688 9.612396240234375 10.2608003616333
      vertex 29.9205322265625 9.5 10.137630462646484
    endloop
  endfacet
  facet normal -0.44564507211586213 0.5630628259009025 -0.6959602889442313
    outer loop
      vertex 29.6004638671875 9.433013916015625 10.191990852355957
      vertex 29.404953002929688 9.48297119140625 10.357600212097168
      vertex 29.719650268554688 9.612396240234375 10.2608003616333
    endloop
  endfacet
  facet normal -0.4456565160796905 0.5631471862219695 -0.6958847004540272
    outer loop
      vertex 29.404953002929688 9.48297119140625 10.357600212097168
      vertex 29.537887573242188 9.683013916015625 10.434351921081543
      vertex 29.719650268554688 9.612396240234375 10.2608003616333
    endloop
  endfacet
  facet normal -0.6165739740652993 0.6036485818068594 -0.5054155955131292
    outer loop
      vertex 29.249984741210938 9.5 10.56698989868164
      vertex 29.537887573242188 9.683013916015625 10.434351921081543
      vertex 29.404953002929688 9.48297119140625 10.357600212097168
    endloop
  endfacet
  facet normal -0.12658374785926083 0.24450918412883393 -0.9613489551950193
    outer loop
      vertex 29.762039184570312 9.183013916015625 10.046123504638672
      vertex 29.823226928710938 9.35357666015625 10.08144760131836
      vertex 29.999984741210938 9.258819580078125 10.034072875976562
    endloop
  endfacet
  facet normal -0.042416619790668346 0.38235956382834657 -0.9230395410352313
    outer loop
      vertex 29.999984741210938 9.258819580078125 10.034072875976562
      vertex 29.823226928710938 9.35357666015625 10.08144760131836
      vertex 29.9205322265625 9.5 10.137630462646484
    endloop
  endfacet
  facet normal -0.04243382110718639 0.38235446465389106 -0.9230408626845724
    outer loop
      vertex 29.999984741210938 9.258819580078125 10.034072875976562
      vertex 29.9205322265625 9.5 10.137630462646484
      vertex 29.999984741210938 9.5 10.133977890014648
    endloop
  endfacet
  facet normal -0.03226838523273215 0.7115270126850582 -0.7019174178875668
    outer loop
      vertex 29.9205322265625 9.5 10.137630462646484
      vertex 29.719650268554688 9.612396240234375 10.2608003616333
      vertex 29.999984741210938 9.5 10.133977890014648
    endloop
  endfacet
  facet normal -0.1021714874136965 0.6215443563740427 -0.7766875821198957
    outer loop
      vertex 29.999984741210938 9.5 10.133977890014648
      vertex 29.719650268554688 9.612396240234375 10.2608003616333
      vertex 29.874984741210938 9.75 10.350483894348145
    endloop
  endfacet
  facet normal -0.9160951664955876 0.1293797213725646 -0.3795135486658932
    outer loop
      vertex 29.13397216796875 9 10.500003814697266
      vertex 29.0340576171875 9 10.74118423461914
      vertex 29.163467407226562 9.258819580078125 10.517040252685547
    endloop
  endfacet
  facet normal -0.9161082247536454 0.12942772667650618 -0.3794656560297334
    outer loop
      vertex 29.0340576171875 9 10.74118423461914
      vertex 29.06256103515625 9.25 10.757640838623047
      vertex 29.163467407226562 9.258819580078125 10.517040252685547
    endloop
  endfacet
  facet normal -0.9841921933851385 0.12074027302695672 -0.12956663516942063
    outer loop
      vertex 29.0340576171875 9 10.74118423461914
      vertex 28.999984741210938 9 11.00000286102295
      vertex 29.06256103515625 9.25 10.757640838623047
    endloop
  endfacet
  facet normal -0.9842252114209019 0.1295709483692753 -0.12046618837735297
    outer loop
      vertex 28.999984741210938 9 11.00000286102295
      vertex 29.0340576171875 9.258819580078125 11.000003814697266
      vertex 29.06256103515625 9.25 10.757640838623047
    endloop
  endfacet
  facet normal -0.8580861068018689 0.3794677813426558 -0.34596594664286556
    outer loop
      vertex 29.163467407226562 9.258819580078125 10.517040252685547
      vertex 29.06256103515625 9.25 10.757640838623047
      vertex 29.249984741210938 9.5 10.56698989868164
    endloop
  endfacet
  facet normal -0.9259576284259655 0.35740976368550165 -0.12190459869108972
    outer loop
      vertex 29.06256103515625 9.25 10.757640838623047
      vertex 29.0340576171875 9.258819580078125 11.000003814697266
      vertex 29.146133422851562 9.48297119140625 10.805889129638672
    endloop
  endfacet
  facet normal -0.8580860013494147 0.37946607844197194 -0.3459680759839604
    outer loop
      vertex 29.06256103515625 9.25 10.757640838623047
      vertex 29.146133422851562 9.48297119140625 10.805889129638672
      vertex 29.249984741210938 9.5 10.56698989868164
    endloop
  endfacet
  facet normal -0.7460038766705456 0.6036283813113476 -0.28126676531001626
    outer loop
      vertex 29.249984741210938 9.5 10.56698989868164
      vertex 29.146133422851562 9.48297119140625 10.805889129638672
      vertex 29.387619018554688 9.707122802734375 10.64645004272461
    endloop
  endfacet
  facet normal -0.7460008784525861 0.6036452562203253 -0.28123850019275043
    outer loop
      vertex 29.146133422851562 9.48297119140625 10.805889129638672
      vertex 29.279067993164062 9.683013916015625 10.882640838623047
      vertex 29.387619018554688 9.707122802734375 10.64645004272461
    endloop
  endfacet
  facet normal -0.9200204914895717 0.38114006519192595 -0.09107439785571764
    outer loop
      vertex 29.0340576171875 9.258819580078125 11.000003814697266
      vertex 29.13397216796875 9.5 11.000004768371582
      vertex 29.146133422851562 9.48297119140625 10.805889129638672
    endloop
  endfacet
  facet normal -0.8102031446784024 0.5773111735835286 -0.10140351674787626
    outer loop
      vertex 29.146133422851562 9.48297119140625 10.805889129638672
      vertex 29.13397216796875 9.5 11.000004768371582
      vertex 29.279067993164062 9.683013916015625 10.882640838623047
    endloop
  endfacet
  facet normal -0.2977276978915906 0.7339595676899073 -0.6104601304791479
    outer loop
      vertex 29.537887573242188 9.683013916015625 10.434351921081543
      vertex 29.874984741210938 9.75 10.350483894348145
      vertex 29.719650268554688 9.612396240234375 10.2608003616333
    endloop
  endfacet
  facet normal -0.2977356890065068 0.7338702905963838 -0.6105635561281071
    outer loop
      vertex 29.537887573242188 9.683013916015625 10.434351921081543
      vertex 29.711135864257812 9.836517333984375 10.53437328338623
      vertex 29.874984741210938 9.75 10.350483894348145
    endloop
  endfacet
  facet normal -0.1548514603437275 0.6013771880788515 -0.7838153499950027
    outer loop
      vertex 29.999984741210938 9.5 10.133977890014648
      vertex 29.874984741210938 9.75 10.350483894348145
      vertex 29.999984741210938 9.707122802734375 10.292891502380371
    endloop
  endfacet
  facet normal -0.1481525338715055 0.8374668660498386 -0.5260228844604712
    outer loop
      vertex 29.874984741210938 9.75 10.350483894348145
      vertex 29.711135864257812 9.836517333984375 10.53437328338623
      vertex 29.999984741210938 9.86602783203125 10.50000286102295
    endloop
  endfacet
  facet normal -0.008315927741436361 0.7933575527812788 -0.6086991365122014
    outer loop
      vertex 29.874984741210938 9.75 10.350483894348145
      vertex 29.999984741210938 9.86602783203125 10.50000286102295
      vertex 29.999984741210938 9.707122802734375 10.292891502380371
    endloop
  endfacet
  facet normal -0.7929771416497636 0.6084325070767291 -0.03157747857724785
    outer loop
      vertex 29.13397216796875 9.5 11.000004768371582
      vertex 29.292892456054688 9.707122802734375 11.000007629394531
      vertex 29.279067993164062 9.683013916015625 10.882640838623047
    endloop
  endfacet
  facet normal -0.6334489307759652 0.7692760252845372 -0.08340772758690079
    outer loop
      vertex 29.279067993164062 9.683013916015625 10.882640838623047
      vertex 29.292892456054688 9.707122802734375 11.000007629394531
      vertex 29.452316284179688 9.836517333984375 10.982662200927734
    endloop
  endfacet
  facet normal -0.6165726460773162 0.603624309376036 -0.5054462041004166
    outer loop
      vertex 29.249984741210938 9.5 10.56698989868164
      vertex 29.387619018554688 9.707122802734375 10.64645004272461
      vertex 29.537887573242188 9.683013916015625 10.434351921081543
    endloop
  endfacet
  facet normal -0.4580406820234575 0.7866740834467024 -0.4139355264347048
    outer loop
      vertex 29.537887573242188 9.683013916015625 10.434351921081543
      vertex 29.387619018554688 9.707122802734375 10.64645004272461
      vertex 29.711135864257812 9.836517333984375 10.53437328338623
    endloop
  endfacet
  facet normal -0.4580363436681395 0.7866973032739891 -0.41389619580343484
    outer loop
      vertex 29.387619018554688 9.707122802734375 10.64645004272461
      vertex 29.566970825195312 9.86602783203125 10.750003814697266
      vertex 29.711135864257812 9.836517333984375 10.53437328338623
    endloop
  endfacet
  facet normal -0.5874780941638748 0.7866917383347676 -0.18969870245577053
    outer loop
      vertex 29.279067993164062 9.683013916015625 10.882640838623047
      vertex 29.566970825195312 9.86602783203125 10.750003814697266
      vertex 29.387619018554688 9.707122802734375 10.64645004272461
    endloop
  endfacet
  facet normal -0.5874848350835277 0.786678905677628 -0.18973104097308377
    outer loop
      vertex 29.279067993164062 9.683013916015625 10.882640838623047
      vertex 29.452316284179688 9.836517333984375 10.982662200927734
      vertex 29.566970825195312 9.86602783203125 10.750003814697266
    endloop
  endfacet
  facet normal -0.5792365680564443 0.7548967568378618 0.3075969517759731
    outer loop
      vertex 29.292892456054688 9.707122802734375 11.000007629394531
      vertex 29.499984741210938 9.86602783203125 11.00000286102295
      vertex 29.452316284179688 9.836517333984375 10.982662200927734
    endloop
  endfacet
  facet normal -0.2639085879476634 0.9161102089328018 -0.3018183929063444
    outer loop
      vertex 29.566970825195312 9.86602783203125 10.750003814697266
      vertex 29.912887573242188 9.933013916015625 10.650858879089355
      vertex 29.711135864257812 9.836517333984375 10.53437328338623
    endloop
  endfacet
  facet normal -0.2639208292333017 0.9160875700190728 -0.3018763984702293
    outer loop
      vertex 29.566970825195312 9.86602783203125 10.750003814697266
      vertex 29.775848388671875 9.9659423828125 10.870594024658203
      vertex 29.912887573242188 9.933013916015625 10.650858879089355
    endloop
  endfacet
  facet normal -0.4871130482704593 0.8635308282286362 -0.13051968013838652
    outer loop
      vertex 29.452316284179688 9.836517333984375 10.982662200927734
      vertex 29.499984741210938 9.86602783203125 11.00000286102295
      vertex 29.566970825195312 9.86602783203125 10.750003814697266
    endloop
  endfacet
  facet normal -0.38072192097445634 0.919045283843638 -0.10201267143980886
    outer loop
      vertex 29.566970825195312 9.86602783203125 10.750003814697266
      vertex 29.499984741210938 9.86602783203125 11.00000286102295
      vertex 29.775848388671875 9.9659423828125 10.870594024658203
    endloop
  endfacet
  facet normal -0.38073349860982564 0.9190370412080331 -0.10204371574921246
    outer loop
      vertex 29.499984741210938 9.86602783203125 11.00000286102295
      vertex 29.741165161132812 9.9659423828125 11
      vertex 29.775848388671875 9.9659423828125 10.870594024658203
    endloop
  endfacet
  facet normal -0.14489513928837458 0.8705714903377575 -0.47022407299254515
    outer loop
      vertex 29.711135864257812 9.836517333984375 10.53437328338623
      vertex 29.912887573242188 9.933013916015625 10.650858879089355
      vertex 29.999984741210938 9.86602783203125 10.50000286102295
    endloop
  endfacet
  facet normal 0.047580481665663386 0.9228142745901492 -0.38229558247136486
    outer loop
      vertex 29.999984741210938 9.86602783203125 10.50000286102295
      vertex 29.912887573242188 9.933013916015625 10.650858879089355
      vertex 29.999984741210938 9.9659423828125 10.74118423461914
    endloop
  endfacet
  facet normal -0.1305201163114113 0.9653298065098105 -0.22605942559819842
    outer loop
      vertex 29.912887573242188 9.933013916015625 10.650858879089355
      vertex 29.775848388671875 9.9659423828125 10.870594024658203
      vertex 29.999984741210938 9.9659423828125 10.74118423461914
    endloop
  endfacet
  facet normal -0.13038339516757766 0.9908476187863111 -0.03494519437737276
    outer loop
      vertex 29.775848388671875 9.9659423828125 10.870594024658203
      vertex 29.741165161132812 9.9659423828125 11
      vertex 29.999984741210938 10 11.000003814697266
    endloop
  endfacet
  facet normal -0.0751130732329696 0.9886522694615506 -0.13009502802960624
    outer loop
      vertex 29.999984741210938 9.9659423828125 10.74118423461914
      vertex 29.775848388671875 9.9659423828125 10.870594024658203
      vertex 29.999984741210938 10 11.000003814697266
    endloop
  endfacet
  facet normal 9.455170488754805e-7 0.13051385864210516 -0.9914464850416559
    outer loop
      vertex 29.999984741210938 9 10.000001907348633
      vertex 29.999984741210938 9.258819580078125 10.034072875976562
      vertex 33.99998474121094 9.258819580078125 10.034076690673828
    endloop
  endfacet
  facet normal 8.810706038667907e-7 0.38269916953979854 -0.9238730138026394
    outer loop
      vertex 29.999984741210938 9.258819580078125 10.034072875976562
      vertex 29.999984741210938 9.5 10.133977890014648
      vertex 34 9.5 10.133981704711914
    endloop
  endfacet
  facet normal 9.45789040883327e-7 0.6087197089607769 -0.7933853514666204
    outer loop
      vertex 29.999984741210938 9.5 10.133977890014648
      vertex 29.999984741210938 9.707122802734375 10.292891502380371
      vertex 33.99998474121094 9.707122802734375 10.292896270751953
    endloop
  endfacet
  facet normal -5.805208061150969e-7 0.7933849863876345 -0.6087201847929439
    outer loop
      vertex 29.999984741210938 9.707122802734375 10.292891502380371
      vertex 29.999984741210938 9.86602783203125 10.50000286102295
      vertex 33.99998474121094 9.86602783203125 10.499999046325684
    endloop
  endfacet
  facet normal -3.649988732650912e-7 0.923860632213783 -0.38272905853281625
    outer loop
      vertex 29.999984741210938 9.86602783203125 10.50000286102295
      vertex 29.999984741210938 9.9659423828125 10.74118423461914
      vertex 33.99998474121094 9.9659423828125 10.741180419921875
    endloop
  endfacet
  facet normal -1.2441976992894702e-7 0.9914531018027284 -0.13046358467301555
    outer loop
      vertex 29.999984741210938 9.9659423828125 10.74118423461914
      vertex 29.999984741210938 10 11.000003814697266
      vertex 33.99998474121094 9.9659423828125 10.741180419921875
    endloop
  endfacet
  facet normal -1 0 0
    outer loop
      vertex 28.999984741210938 4.9000244140625 14.000001907348633
      vertex 28.999984741210938 9 14.000001907348633
      vertex 28.999984741210938 9 11.00000286102295
    endloop
  endfacet
  facet normal -0.9914434741873714 0.0020717104558636043 0.13052028772210927
    outer loop
      vertex 29.007766723632812 4.892333984375 14.124314308166504
      vertex 29.0340576171875 9 14.258822441101074
      vertex 28.999984741210938 9 14.000001907348633
    endloop
  endfacet
  facet normal -0.9238577367635348 0.0019877812583153523 0.3827308858033651
    outer loop
      vertex 29.067764282226562 4.83258056640625 14.36182975769043
      vertex 29.13397216796875 9 14.500001907348633
      vertex 29.0340576171875 9 14.258822441101074
    endloop
  endfacet
  facet normal -0.7933813512640758 0.0015292816234360272 0.6087230016716184
    outer loop
      vertex 29.244476318359375 4.65625 14.654940605163574
      vertex 29.292877197265625 9 14.707111358642578
      vertex 29.13397216796875 9 14.500001907348633
    endloop
  endfacet
  facet normal -0.1305061040298537 0.0017136772815880066 0.9914460248148276
    outer loop
      vertex 29.857376098632812 4.04815673828125 14.989787101745605
      vertex 30 9 15.000001907348633
      vertex 29.741165161132812 9 14.965930938720703
    endloop
  endfacet
  facet normal -0.6087560865652232 0.0018562537766137902 0.7933552680808967
    outer loop
      vertex 29.391265869140625 4.509796142578125 14.793112754821777
      vertex 29.499984741210938 9 14.866028785705566
      vertex 29.292877197265625 9 14.707111358642578
    endloop
  endfacet
  facet normal -0.3826895375912234 0.0012042360394743628 0.9238762187835429
    outer loop
      vertex 29.550888061523438 4.350738525390625 14.893174171447754
      vertex 29.741165161132812 9 14.965930938720703
      vertex 29.499984741210938 9 14.866028785705566
    endloop
  endfacet
  facet normal -0.9914455395896883 0.13052104055558153 0
    outer loop
      vertex 28.999984741210938 9 11.00000286102295
      vertex 28.999984741210938 9 14.000001907348633
      vertex 29.0340576171875 9.258819580078125 11.000003814697266
    endloop
  endfacet
  facet normal -0.9238600970979434 0.3827303502339196 0
    outer loop
      vertex 29.0340576171875 9.258819580078125 11.000003814697266
      vertex 29.0340576171875 9.258819580078125 14.000003814697266
      vertex 29.13397216796875 9.5 11.000004768371582
    endloop
  endfacet
  facet normal -0.7933730018094823 0.6087358047624692 0
    outer loop
      vertex 29.13397216796875 9.5 11.000004768371582
      vertex 29.13397216796875 9.5 14.000004768371582
      vertex 29.292892456054688 9.707122802734375 11.000007629394531
    endloop
  endfacet
  facet normal -0.9914455395896884 0.13052104055558156 0
    outer loop
      vertex 29.0340576171875 9.258819580078125 11.000003814697266
      vertex 28.999984741210938 9 14.000001907348633
      vertex 29.0340576171875 9.258819580078125 14.000003814697266
    endloop
  endfacet
  facet normal -0.9913991802287362 0.009676883211585946 0.13051445656745858
    outer loop
      vertex 28.999984741210938 9 14.000001907348633
      vertex 29.0340576171875 9 14.258822441101074
      vertex 29.034027099609375 9.039306640625 14.25567626953125
    endloop
  endfacet
  facet normal -0.9878730177008785 0.10365423158388239 0.1155971503684874
    outer loop
      vertex 28.999984741210938 9 14.000001907348633
      vertex 29.034027099609375 9.039306640625 14.25567626953125
      vertex 29.047592163085938 9.22796630859375 14.202432632446289
    endloop
  endfacet
  facet normal -0.987784093670255 0.13003838864424458 0.08586385602127022
    outer loop
      vertex 28.999984741210938 9 14.000001907348633
      vertex 29.047592163085938 9.22796630859375 14.202432632446289
      vertex 29.0340576171875 9.258819580078125 14.000003814697266
    endloop
  endfacet
  facet normal -0.9238600970979434 0.3827303502339196 0
    outer loop
      vertex 29.0340576171875 9.258819580078125 14.000003814697266
      vertex 29.13397216796875 9.5 14.000004768371582
      vertex 29.13397216796875 9.5 11.000004768371582
    endloop
  endfacet
  facet normal -0.9499821800332752 0.2929728390371526 0.10817011234965375
    outer loop
      vertex 29.047592163085938 9.22796630859375 14.202432632446289
      vertex 29.090805053710938 9.39959716796875 14.117088317871094
      vertex 29.0340576171875 9.258819580078125 14.000003814697266
    endloop
  endfacet
  facet normal -0.9237889321609617 0.3827009175905422 -0.012410338120578063
    outer loop
      vertex 29.0340576171875 9.258819580078125 14.000003814697266
      vertex 29.090805053710938 9.39959716796875 14.117088317871094
      vertex 29.13397216796875 9.5 14.000004768371582
    endloop
  endfacet
  facet normal -0.8265773303878651 0.5400776488327302 0.15838576362849138
    outer loop
      vertex 29.090805053710938 9.39959716796875 14.117088317871094
      vertex 29.279205322265625 9.66217041015625 14.20495891571045
      vertex 29.13397216796875 9.5 14.000004768371582
    endloop
  endfacet
  facet normal -0.7908131676790261 0.6067709671009998 0.08027158469086
    outer loop
      vertex 29.13397216796875 9.5 14.000004768371582
      vertex 29.279205322265625 9.66217041015625 14.20495891571045
      vertex 29.292892456054688 9.707122802734375 14.000006675720215
    endloop
  endfacet
  facet normal -0.6087554729997547 0.7933579104621348 0
    outer loop
      vertex 29.292892456054688 9.707122802734375 11.000007629394531
      vertex 29.292892456054688 9.707122802734375 14.000006675720215
      vertex 29.499984741210938 9.86602783203125 11.00000286102295
    endloop
  endfacet
  facet normal -0.3827303502339196 0.9238600970979434 0
    outer loop
      vertex 29.499984741210938 9.86602783203125 11.00000286102295
      vertex 29.499984741210938 9.86602783203125 14.00000286102295
      vertex 29.741165161132812 9.9659423828125 11
    endloop
  endfacet
  facet normal -0.13046358468260164 0.9914531018012528 6.635704187896333e-7
    outer loop
      vertex 29.741165161132812 9.9659423828125 11
      vertex 29.741180419921875 9.9659423828125 14.000007629394531
      vertex 29.999984741210938 10 11.000003814697266
    endloop
  endfacet
  facet normal -0.7933730018094823 0.6087358047624694 0
    outer loop
      vertex 29.292892456054688 9.707122802734375 11.000007629394531
      vertex 29.13397216796875 9.5 14.000004768371582
      vertex 29.292892456054688 9.707122802734375 14.000006675720215
    endloop
  endfacet
  facet normal -0.6848681776066852 0.7199804596238677 0.11217716818275486
    outer loop
      vertex 29.279205322265625 9.66217041015625 14.20495891571045
      vertex 29.386245727539062 9.78778076171875 14.052268028259277
      vertex 29.292892456054688 9.707122802734375 14.000006675720215
    endloop
  endfacet
  facet normal -0.5893335542423579 0.7758854295136501 0.22513942816061433
    outer loop
      vertex 29.279205322265625 9.66217041015625 14.20495891571045
      vertex 29.446212768554688 9.734893798828125 14.391501426696777
      vertex 29.386245727539062 9.78778076171875 14.052268028259277
    endloop
  endfacet
  facet normal -0.6087554729997547 0.7933579104621348 0
    outer loop
      vertex 29.499984741210938 9.86602783203125 11.00000286102295
      vertex 29.292892456054688 9.707122802734375 14.000006675720215
      vertex 29.499984741210938 9.86602783203125 14.00000286102295
    endloop
  endfacet
  facet normal -0.3827096840052418 0.9238686582868904 0.000001946557163119813
    outer loop
      vertex 29.741165161132812 9.9659423828125 11
      vertex 29.499984741210938 9.86602783203125 14.00000286102295
      vertex 29.741180419921875 9.9659423828125 14.000007629394531
    endloop
  endfacet
  facet normal -0.13047114571328364 0.9914521068293027 0
    outer loop
      vertex 29.999984741210938 10 11.000003814697266
      vertex 29.741180419921875 9.9659423828125 14.000007629394531
      vertex 29.999984741210938 10 14.00000286102295
    endloop
  endfacet
  facet normal -0.6031214021614378 0.7860120732882672 -0.13575564408119808
    outer loop
      vertex 29.292892456054688 9.707122802734375 14.000006675720215
      vertex 29.386245727539062 9.78778076171875 14.052268028259277
      vertex 29.499984741210938 9.86602783203125 14.00000286102295
    endloop
  endfacet
  facet normal -0.5214055281244832 0.8436082509747049 0.12830196463276836
    outer loop
      vertex 29.386245727539062 9.78778076171875 14.052268028259277
      vertex 29.559478759765625 9.867828369140625 14.229941368103027
      vertex 29.499984741210938 9.86602783203125 14.00000286102295
    endloop
  endfacet
  facet normal -0.42028494732053806 0.9016767943643424 0.10168343798581785
    outer loop
      vertex 29.499984741210938 9.86602783203125 14.00000286102295
      vertex 29.559478759765625 9.867828369140625 14.229941368103027
      vertex 29.6943359375 9.950714111328125 14.052353858947754
    endloop
  endfacet
  facet normal -0.38167278065868876 0.9213690620555437 -0.0735182969821252
    outer loop
      vertex 29.499984741210938 9.86602783203125 14.00000286102295
      vertex 29.6943359375 9.950714111328125 14.052353858947754
      vertex 29.741180419921875 9.9659423828125 14.000007629394531
    endloop
  endfacet
  facet normal -0.18964973671190682 0.975212829016452 0.11398647063065173
    outer loop
      vertex 29.6943359375 9.950714111328125 14.052353858947754
      vertex 29.895751953125 9.970672607421875 14.216712951660156
      vertex 29.741180419921875 9.9659423828125 14.000007629394531
    endloop
  endfacet
  facet normal -0.13013836676823792 0.9889332889143546 0.07123872241929308
    outer loop
      vertex 29.741180419921875 9.9659423828125 14.000007629394531
      vertex 29.895751953125 9.970672607421875 14.216712951660156
      vertex 29.999984741210938 10 14.00000286102295
    endloop
  endfacet
  facet normal -0.0077128817261223025 0.9914236113131495 0.13045970407092028
    outer loop
      vertex 29.999984741210938 10 14.00000286102295
      vertex 29.895751953125 9.970672607421875 14.216712951660156
      vertex 29.999984741210938 9.9659423828125 14.258822441101074
    endloop
  endfacet
  facet normal 8.294651328596503e-8 0.9914531018027327 0.1304635846730161
    outer loop
      vertex 29.999984741210938 10 14.00000286102295
      vertex 29.999984741210938 9.9659423828125 14.258822441101074
      vertex 34.49998474121094 9.9659423828125 14.258819580078125
    endloop
  endfacet
  facet normal -0.9234463936245193 0.029903841425576397 0.3825604767482696
    outer loop
      vertex 29.0340576171875 9 14.258822441101074
      vertex 29.13397216796875 9 14.500001907348633
      vertex 29.034027099609375 9.039306640625 14.25567626953125
    endloop
  endfacet
  facet normal -0.9233001457298894 0.0316145311239571 0.3827758643344396
    outer loop
      vertex 29.034027099609375 9.039306640625 14.25567626953125
      vertex 29.13397216796875 9 14.500001907348633
      vertex 29.133697509765625 9.08416748046875 14.492387771606445
    endloop
  endfacet
  facet normal -0.9196571611664163 0.1665050770267785 0.3556778953486356
    outer loop
      vertex 29.034027099609375 9.039306640625 14.25567626953125
      vertex 29.133697509765625 9.08416748046875 14.492387771606445
      vertex 29.047592163085938 9.22796630859375 14.202432632446289
    endloop
  endfacet
  facet normal -0.7922593316761807 0.052410471259506534 0.6079295139030246
    outer loop
      vertex 29.13397216796875 9 14.500001907348633
      vertex 29.292236328125 9.123321533203125 14.695621490478516
      vertex 29.133697509765625 9.08416748046875 14.492387771606445
    endloop
  endfacet
  facet normal -0.7922873429821158 0.05251921543241743 0.6078836222178572
    outer loop
      vertex 29.13397216796875 9 14.500001907348633
      vertex 29.292877197265625 9 14.707111358642578
      vertex 29.292236328125 9.123321533203125 14.695621490478516
    endloop
  endfacet
  facet normal -0.7893782514964186 0.2186220996595226 0.573660486354881
    outer loop
      vertex 29.133697509765625 9.08416748046875 14.492387771606445
      vertex 29.292236328125 9.123321533203125 14.695621490478516
      vertex 29.149215698242188 9.300048828125 14.431468963623047
    endloop
  endfacet
  facet normal -0.6075401520302747 0.07055415367184885 0.7911492116349985
    outer loop
      vertex 29.292877197265625 9 14.707111358642578
      vertex 29.4989013671875 9.154083251953125 14.851580619812012
      vertex 29.292236328125 9.123321533203125 14.695621490478516
    endloop
  endfacet
  facet normal -0.9196681221459413 0.16647230125384976 0.3556648956866637
    outer loop
      vertex 29.133697509765625 9.08416748046875 14.492387771606445
      vertex 29.149215698242188 9.300048828125 14.431468963623047
      vertex 29.047592163085938 9.22796630859375 14.202432632446289
    endloop
  endfacet
  facet normal -0.8886962557174617 0.36301825967315077 0.28006554271748774
    outer loop
      vertex 29.047592163085938 9.22796630859375 14.202432632446289
      vertex 29.149215698242188 9.300048828125 14.431468963623047
      vertex 29.090805053710938 9.39959716796875 14.117088317871094
    endloop
  endfacet
  facet normal -0.8886687092379046 0.3630756244777346 0.2800785892058505
    outer loop
      vertex 29.149215698242188 9.300048828125 14.431468963623047
      vertex 29.19866943359375 9.496429443359375 14.333806991577148
      vertex 29.090805053710938 9.39959716796875 14.117088317871094
    endloop
  endfacet
  facet normal -0.7553864777530883 0.4342651574504381 0.49071890350008845
    outer loop
      vertex 29.149215698242188 9.300048828125 14.431468963623047
      vertex 29.308670043945312 9.35174560546875 14.63117504119873
      vertex 29.19866943359375 9.496429443359375 14.333806991577148
    endloop
  endfacet
  facet normal -0.7893673475561287 0.21864200897630412 0.5736679026431649
    outer loop
      vertex 29.149215698242188 9.300048828125 14.431468963623047
      vertex 29.292236328125 9.123321533203125 14.695621490478516
      vertex 29.308670043945312 9.35174560546875 14.63117504119873
    endloop
  endfacet
  facet normal -0.606286050922995 0.25603866066318837 0.752902004713761
    outer loop
      vertex 29.292236328125 9.123321533203125 14.695621490478516
      vertex 29.4989013671875 9.154083251953125 14.851580619812012
      vertex 29.308670043945312 9.35174560546875 14.63117504119873
    endloop
  endfacet
  facet normal -0.7553967663345907 0.4342508345647194 0.4907157406188316
    outer loop
      vertex 29.19866943359375 9.496429443359375 14.333806991577148
      vertex 29.308670043945312 9.35174560546875 14.63117504119873
      vertex 29.360992431640625 9.559539794921875 14.52783489227295
    endloop
  endfacet
  facet normal -0.826744593450286 0.5355812040829703 0.17218057681909768
    outer loop
      vertex 29.090805053710938 9.39959716796875 14.117088317871094
      vertex 29.19866943359375 9.496429443359375 14.333806991577148
      vertex 29.279205322265625 9.66217041015625 14.20495891571045
    endloop
  endfacet
  facet normal -0.687469048833324 0.6235031670149184 0.3723306428680982
    outer loop
      vertex 29.19866943359375 9.496429443359375 14.333806991577148
      vertex 29.360992431640625 9.559539794921875 14.52783489227295
      vertex 29.279205322265625 9.66217041015625 14.20495891571045
    endloop
  endfacet
  facet normal -0.6072664109571796 0.06993999669356805 0.7914138632761557
    outer loop
      vertex 29.292877197265625 9 14.707111358642578
      vertex 29.499984741210938 9 14.866028785705566
      vertex 29.4989013671875 9.154083251953125 14.851580619812012
    endloop
  endfacet
  facet normal -0.3819610434189498 0.08361784739054336 0.9203878622124908
    outer loop
      vertex 29.499984741210938 9 14.866028785705566
      vertex 29.739639282226562 9.17437744140625 14.9496431350708
      vertex 29.4989013671875 9.154083251953125 14.851580619812012
    endloop
  endfacet
  facet normal -0.38138009527216116 0.08266255827064707 0.9207150071495247
    outer loop
      vertex 29.499984741210938 9 14.866028785705566
      vertex 29.741165161132812 9 14.965930938720703
      vertex 29.739639282226562 9.17437744140625 14.9496431350708
    endloop
  endfacet
  facet normal -0.12996380389458584 0.09108441006101983 0.9873262074517649
    outer loop
      vertex 29.741165161132812 9 14.965930938720703
      vertex 30 9 15.000001907348633
      vertex 29.739639282226562 9.17437744140625 14.9496431350708
    endloop
  endfacet
  facet normal -0.1037965359221062 0.1297981800686303 0.9860926485789467
    outer loop
      vertex 30 9 15.000001907348633
      vertex 30 9.258819580078125 14.965933799743652
      vertex 29.739639282226562 9.17437744140625 14.9496431350708
    endloop
  endfacet
  facet normal -0.6062593828100894 0.25607463072430775 0.7529112459341665
    outer loop
      vertex 29.4989013671875 9.154083251953125 14.851580619812012
      vertex 29.515121459960938 9.3795166015625 14.787968635559082
      vertex 29.308670043945312 9.35174560546875 14.63117504119873
    endloop
  endfacet
  facet normal -0.5715562333530146 0.4762375521477624 0.6682224674759308
    outer loop
      vertex 29.360992431640625 9.559539794921875 14.52783489227295
      vertex 29.308670043945312 9.35174560546875 14.63117504119873
      vertex 29.515121459960938 9.3795166015625 14.787968635559082
    endloop
  endfacet
  facet normal -0.5715564711492603 0.476237307054824 0.6682224387556691
    outer loop
      vertex 29.360992431640625 9.559539794921875 14.52783489227295
      vertex 29.515121459960938 9.3795166015625 14.787968635559082
      vertex 29.566757202148438 9.5845947265625 14.6859769821167
    endloop
  endfacet
  facet normal -0.3493618604668897 0.48628619790645705 0.800919486700627
    outer loop
      vertex 29.515121459960938 9.3795166015625 14.787968635559082
      vertex 29.754531860351562 9.381500244140625 14.891195297241211
      vertex 29.566757202148438 9.5845947265625 14.6859769821167
    endloop
  endfacet
  facet normal -0.34936537902317283 0.4862832205415901 0.8009197596262027
    outer loop
      vertex 29.566757202148438 9.5845947265625 14.6859769821167
      vertex 29.754531860351562 9.381500244140625 14.891195297241211
      vertex 29.801971435546875 9.569915771484375 14.797491073608398
    endloop
  endfacet
  facet normal -0.05957080731371075 0.60763867298738 0.7919763645501858
    outer loop
      vertex 30 9.5 14.866028785705566
      vertex 30 9.707122802734375 14.707115173339844
      vertex 29.801971435546875 9.569915771484375 14.797491073608398
    endloop
  endfacet
  facet normal -0.38244441500145643 0.27631110457571795 0.8816963439429363
    outer loop
      vertex 29.4989013671875 9.154083251953125 14.851580619812012
      vertex 29.739639282226562 9.17437744140625 14.9496431350708
      vertex 29.515121459960938 9.3795166015625 14.787968635559082
    endloop
  endfacet
  facet normal -0.3824504426582994 0.2763041616835575 0.8816959051435009
    outer loop
      vertex 29.739639282226562 9.17437744140625 14.9496431350708
      vertex 29.754531860351562 9.381500244140625 14.891195297241211
      vertex 29.515121459960938 9.3795166015625 14.787968635559082
    endloop
  endfacet
  facet normal -0.14967815334250284 0.2784774126520007 0.948707953510787
    outer loop
      vertex 29.739639282226562 9.17437744140625 14.9496431350708
      vertex 30 9.258819580078125 14.965933799743652
      vertex 29.754531860351562 9.381500244140625 14.891195297241211
    endloop
  endfacet
  facet normal -0.08966573136806452 0.3811576249764496 0.9201515753073197
    outer loop
      vertex 30 9.258819580078125 14.965933799743652
      vertex 30 9.5 14.866028785705566
      vertex 29.754531860351562 9.381500244140625 14.891195297241211
    endloop
  endfacet
  facet normal -0.1366797545149667 0.46849539339422885 0.8728291419711621
    outer loop
      vertex 29.754531860351562 9.381500244140625 14.891195297241211
      vertex 30 9.5 14.866028785705566
      vertex 29.801971435546875 9.569915771484375 14.797491073608398
    endloop
  endfacet
  facet normal -0.6874161492831247 0.6235589098563056 0.37233496161867013
    outer loop
      vertex 29.279205322265625 9.66217041015625 14.20495891571045
      vertex 29.360992431640625 9.559539794921875 14.52783489227295
      vertex 29.446212768554688 9.734893798828125 14.391501426696777
    endloop
  endfacet
  facet normal -0.5894090037830785 0.7758268929362451 0.22514363960887565
    outer loop
      vertex 29.446212768554688 9.734893798828125 14.391501426696777
      vertex 29.559478759765625 9.867828369140625 14.229941368103027
      vertex 29.386245727539062 9.78778076171875 14.052268028259277
    endloop
  endfacet
  facet normal -0.4020430242926027 0.8250683798471069 0.39701835624329485
    outer loop
      vertex 29.446212768554688 9.734893798828125 14.391501426696777
      vertex 29.650863647460938 9.757659912109375 14.551430702209473
      vertex 29.559478759765625 9.867828369140625 14.229941368103027
    endloop
  endfacet
  facet normal -0.4020278790378285 0.8250764934122329 0.3970168315007802
    outer loop
      vertex 29.559478759765625 9.867828369140625 14.229941368103027
      vertex 29.650863647460938 9.757659912109375 14.551430702209473
      vertex 29.762649536132812 9.88885498046875 14.391979217529297
    endloop
  endfacet
  facet normal -0.5021578856421396 0.6695542845936026 0.5472974674432224
    outer loop
      vertex 29.360992431640625 9.559539794921875 14.52783489227295
      vertex 29.566757202148438 9.5845947265625 14.6859769821167
      vertex 29.446212768554688 9.734893798828125 14.391501426696777
    endloop
  endfacet
  facet normal -0.5021806332119673 0.6695368752490137 0.5472978935722431
    outer loop
      vertex 29.446212768554688 9.734893798828125 14.391501426696777
      vertex 29.566757202148438 9.5845947265625 14.6859769821167
      vertex 29.650863647460938 9.757659912109375 14.551430702209473
    endloop
  endfacet
  facet normal -0.2831897844071153 0.6706347506270227 0.6856038048748583
    outer loop
      vertex 29.566757202148438 9.5845947265625 14.6859769821167
      vertex 29.801971435546875 9.569915771484375 14.797491073608398
      vertex 29.650863647460938 9.757659912109375 14.551430702209473
    endloop
  endfacet
  facet normal -0.2832449376791469 0.6706022125069434 0.6856128483772227
    outer loop
      vertex 29.650863647460938 9.757659912109375 14.551430702209473
      vertex 29.801971435546875 9.569915771484375 14.797491073608398
      vertex 29.879241943359375 9.72894287109375 14.673868179321289
    endloop
  endfacet
  facet normal -0.18772429424053086 0.8189821814343948 0.5422432810509086
    outer loop
      vertex 29.762649536132812 9.88885498046875 14.391979217529297
      vertex 29.650863647460938 9.757659912109375 14.551430702209473
      vertex 29.879241943359375 9.72894287109375 14.673868179321289
    endloop
  endfacet
  facet normal -0.2767443872748672 0.934040155025395 0.22579090529070156
    outer loop
      vertex 29.559478759765625 9.867828369140625 14.229941368103027
      vertex 29.762649536132812 9.88885498046875 14.391979217529297
      vertex 29.6943359375 9.950714111328125 14.052353858947754
    endloop
  endfacet
  facet normal -0.2768097042454069 0.9340185740945084 0.22580011267054692
    outer loop
      vertex 29.762649536132812 9.88885498046875 14.391979217529297
      vertex 29.895751953125 9.970672607421875 14.216712951660156
      vertex 29.6943359375 9.950714111328125 14.052353858947754
    endloop
  endfacet
  facet normal -0.09461001093672748 0.6392353346017237 0.7631691377585801
    outer loop
      vertex 29.801971435546875 9.569915771484375 14.797491073608398
      vertex 30 9.707122802734375 14.707115173339844
      vertex 29.879241943359375 9.72894287109375 14.673868179321289
    endloop
  endfacet
  facet normal -0.18761557988628666 0.8190219328909559 0.5422208660937856
    outer loop
      vertex 29.762649536132812 9.88885498046875 14.391979217529297
      vertex 29.879241943359375 9.72894287109375 14.673868179321289
      vertex 29.981948852539062 9.849456787109375 14.52737045288086
    endloop
  endfacet
  facet normal -0.03002273210577842 0.7821462389671631 0.6223711886217308
    outer loop
      vertex 29.981948852539062 9.849456787109375 14.52737045288086
      vertex 29.879241943359375 9.72894287109375 14.673868179321289
      vertex 30 9.707122802734375 14.707115173339844
    endloop
  endfacet
  facet normal 0.1910561808446579 0.7787755926050217 0.5974998846223742
    outer loop
      vertex 29.981948852539062 9.849456787109375 14.52737045288086
      vertex 30 9.707122802734375 14.707115173339844
      vertex 29.999984741210938 9.86602783203125 14.500004768371582
    endloop
  endfacet
  facet normal -0.10178761346139209 0.9288153931234302 0.35628815198207503
    outer loop
      vertex 29.762649536132812 9.88885498046875 14.391979217529297
      vertex 29.999984741210938 9.9659423828125 14.258822441101074
      vertex 29.895751953125 9.970672607421875 14.216712951660156
    endloop
  endfacet
  facet normal -0.12182054137626014 0.882562677033668 0.4541397106683806
    outer loop
      vertex 29.762649536132812 9.88885498046875 14.391979217529297
      vertex 29.981948852539062 9.849456787109375 14.52737045288086
      vertex 29.999984741210938 9.86602783203125 14.500004768371582
    endloop
  endfacet
  facet normal -0.085035407416415 0.9205148775497805 0.3813415000954353
    outer loop
      vertex 29.762649536132812 9.88885498046875 14.391979217529297
      vertex 29.999984741210938 9.86602783203125 14.500004768371582
      vertex 29.999984741210938 9.9659423828125 14.258822441101074
    endloop
  endfacet
  facet normal 6.303456008442894e-7 0.13050308573348765 0.9914479031263523
    outer loop
      vertex 30 9 15.000001907348633
      vertex 34.5 9.258819580078125 14.965930938720703
      vertex 30 9.258819580078125 14.965933799743652
    endloop
  endfacet
  facet normal 5.044225322217175e-7 0.6087197089609716 0.7933853514668743
    outer loop
      vertex 30 9.5 14.866028785705566
      vertex 34.49998474121094 9.5 14.866025924682617
      vertex 30 9.707122802734375 14.707115173339844
    endloop
  endfacet
  facet normal 5.873826432564028e-7 0.3826991695398812 0.9238730138028388
    outer loop
      vertex 30 9.258819580078125 14.965933799743652
      vertex 34.5 9.258819580078125 14.965930938720703
      vertex 30 9.5 14.866028785705566
    endloop
  endfacet
  facet normal 5.16019989955313e-7 0.7933836327215705 0.6087219491108051
    outer loop
      vertex 29.999984741210938 9.86602783203125 14.500004768371582
      vertex 30 9.707122802734375 14.707115173339844
      vertex 34.5 9.707122802734375 14.707111358642578
    endloop
  endfacet
  facet normal 3.244423479204936e-7 0.9238611673242794 0.38272776683971443
    outer loop
      vertex 29.999984741210938 9.86602783203125 14.500004768371582
      vertex 34.49998474121094 9.86602783203125 14.500000953674316
      vertex 29.999984741210938 9.9659423828125 14.258822441101074
    endloop
  endfacet
  facet normal 3.576271865325956e-7 0 -0.999999999999936
    outer loop
      vertex 29.999984741210938 3.9000244140625 10.000001907348633
      vertex 29.999984741210938 9 10.000001907348633
      vertex 38 9 10.000004768371582
    endloop
  endfacet
  facet normal 8.810739649032099e-7 0.3826991694922196 -0.9238730138223482
    outer loop
      vertex 29.999984741210938 9.258819580078125 10.034072875976562
      vertex 34 9.5 10.133981704711914
      vertex 33.99998474121094 9.258819580078125 10.034076690673828
    endloop
  endfacet
  facet normal 7.566266638687533e-7 0.6087220084421829 -0.7933835871994973
    outer loop
      vertex 29.999984741210938 9.5 10.133977890014648
      vertex 33.99998474121094 9.707122802734375 10.292896270751953
      vertex 34 9.5 10.133981704711914
    endloop
  endfacet
  facet normal 7.256699372871426e-7 0.7933728028037278 -0.6087360641286422
    outer loop
      vertex 29.999984741210938 9.707122802734375 10.292891502380371
      vertex 33.99998474121094 9.86602783203125 10.499999046325684
      vertex 33.99998474121094 9.707122802734375 10.292896270751953
    endloop
  endfacet
  facet normal -3.649988732650912e-7 0.923860632213783 -0.38272905853281625
    outer loop
      vertex 29.999984741210938 9.86602783203125 10.50000286102295
      vertex 33.99998474121094 9.9659423828125 10.741180419921875
      vertex 33.99998474121094 9.86602783203125 10.499999046325684
    endloop
  endfacet
  facet normal 3.545677943905903e-7 0.13052283604099124 -0.9914453032173237
    outer loop
      vertex 29.999984741210938 9 10.000001907348633
      vertex 33.99998474121094 9.258819580078125 10.034076690673828
      vertex 38 9 10.000004768371582
    endloop
  endfacet
  facet normal -8.810739648656185e-7 0.3826991695873776 -0.9238730137829307
    outer loop
      vertex 33.99998474121094 9.258819580078125 10.034076690673828
      vertex 34 9.5 10.133981704711914
      vertex 38 9.5 10.133977890014648
    endloop
  endfacet
  facet normal 7.566266638687533e-7 0.6087220084421829 -0.7933835871994973
    outer loop
      vertex 34 9.5 10.133981704711914
      vertex 33.99998474121094 9.707122802734375 10.292896270751953
      vertex 38 9.707122802734375 10.292900085449219
    endloop
  endfacet
  facet normal 5.805337352693166e-7 0.7933728028038031 -0.6087360641287001
    outer loop
      vertex 33.99998474121094 9.707122802734375 10.292896270751953
      vertex 33.99998474121094 9.86602783203125 10.499999046325684
      vertex 38 9.86602783203125 10.50000286102295
    endloop
  endfacet
  facet normal 0 0.9914533505190668 -0.13046169454869236
    outer loop
      vertex 29.999984741210938 10 11.000003814697266
      vertex 38 10 11.000003814697266
      vertex 33.99998474121094 9.9659423828125 10.741180419921875
    endloop
  endfacet
  facet normal 3.649974809101988e-7 0.9238606322137831 -0.38272905853281625
    outer loop
      vertex 33.99998474121094 9.86602783203125 10.499999046325684
      vertex 33.99998474121094 9.9659423828125 10.741180419921875
      vertex 38 9.9659423828125 10.74118423461914
    endloop
  endfacet
  facet normal 0.13051733802863436 0.0013075544834200504 -0.9914451647848165
    outer loop
      vertex 38.19508361816406 4.0950927734375 10.019217491149902
      vertex 38 9 10.000004768371582
      vertex 38.258819580078125 9 10.034076690673828
    endloop
  endfacet
  facet normal 0.38268606841934355 0.0018123320520408391 -0.9238766630293669
    outer loop
      vertex 38.38267517089844 4.282684326171875 10.076126098632812
      vertex 38.258819580078125 9 10.034076690673828
      vertex 38.5 9 10.133977890014648
    endloop
  endfacet
  facet normal 0.6087588295516916 0.0014100388150763846 -0.7933540818785737
    outer loop
      vertex 38.55555725097656 4.455596923828125 10.16853141784668
      vertex 38.5 9 10.133977890014648
      vertex 38.70710754394531 9 10.292896270751953
    endloop
  endfacet
  facet normal 0.7933800281693273 0.0015038399991107816 -0.6087247895127113
    outer loop
      vertex 38.83146667480469 4.731475830078125 10.44443416595459
      vertex 38.70710754394531 9 10.292896270751953
      vertex 38.86601257324219 9 10.500004768371582
    endloop
  endfacet
  facet normal 0.9238576234148076 0.002048573818902027 -0.38273083884585524
    outer loop
      vertex 38.92387390136719 4.823883056640625 10.617321014404297
      vertex 38.86601257324219 9 10.500004768371582
      vertex 38.96592712402344 9 10.74118423461914
    endloop
  endfacet
  facet normal 0.9914437129836158 0.0019519917859947432 -0.13052031915885312
    outer loop
      vertex 38.99517822265625 4.89520263671875 10.901988983154297
      vertex 38.96592712402344 9 10.74118423461914
      vertex 39 9 11.000004768371582
    endloop
  endfacet
  facet normal 9.455111878125309e-7 0.13053181338712475 -0.9914441213164636
    outer loop
      vertex 33.99998474121094 9.258819580078125 10.034076690673828
      vertex 38 9.258819580078125 10.034080505371094
      vertex 38 9 10.000004768371582
    endloop
  endfacet
  facet normal 8.81080458018464e-7 0.38267422404299734 -0.9238833466690011
    outer loop
      vertex 33.99998474121094 9.258819580078125 10.034076690673828
      vertex 38 9.5 10.133977890014648
      vertex 38 9.258819580078125 10.034080505371094
    endloop
  endfacet
  facet normal -7.566160901511437e-7 0.6087404034246464 -0.7933694733463257
    outer loop
      vertex 34 9.5 10.133981704711914
      vertex 38 9.707122802734375 10.292900085449219
      vertex 38 9.5 10.133977890014648
    endloop
  endfacet
  facet normal 5.805337352693166e-7 0.7933728028038031 -0.6087360641287001
    outer loop
      vertex 33.99998474121094 9.707122802734375 10.292896270751953
      vertex 38 9.86602783203125 10.50000286102295
      vertex 38 9.707122802734375 10.292900085449219
    endloop
  endfacet
  facet normal 3.649974809101988e-7 0.9238606322137831 -0.38272905853281625
    outer loop
      vertex 33.99998474121094 9.86602783203125 10.499999046325684
      vertex 38 9.9659423828125 10.74118423461914
      vertex 38 9.86602783203125 10.50000286102295
    endloop
  endfacet
  facet normal 1.2441929530700144e-7 0.9914531018027284 -0.13046358467301555
    outer loop
      vertex 33.99998474121094 9.9659423828125 10.741180419921875
      vertex 38 10 11.000003814697266
      vertex 38 9.9659423828125 10.74118423461914
    endloop
  endfacet
  facet normal 0.10379475103037382 0.12982677686553856 -0.9860890718729463
    outer loop
      vertex 38 9 10.000004768371582
      vertex 38 9.258819580078125 10.034080505371094
      vertex 38.26036071777344 9.17437744140625 10.050368309020996
    endloop
  endfacet
  facet normal 0.08965831576373386 0.3811330354305389 -0.9201624833245018
    outer loop
      vertex 38 9.258819580078125 10.034080505371094
      vertex 38 9.5 10.133977890014648
      vertex 38.245452880859375 9.381500244140625 10.108811378479004
    endloop
  endfacet
  facet normal 0.05956264682470779 0.6076596271306838 -0.7919609009658455
    outer loop
      vertex 38 9.5 10.133977890014648
      vertex 38 9.707122802734375 10.292900085449219
      vertex 38.19801330566406 9.569915771484375 10.202515602111816
    endloop
  endfacet
  facet normal 0.1299747931782745 0.0910943188167847 -0.9873238466772546
    outer loop
      vertex 38 9 10.000004768371582
      vertex 38.26036071777344 9.17437744140625 10.050368309020996
      vertex 38.258819580078125 9 10.034076690673828
    endloop
  endfacet
  facet normal 0.3813774001824738 0.08264956459111764 -0.9207172899989203
    outer loop
      vertex 38.258819580078125 9 10.034076690673828
      vertex 38.26036071777344 9.17437744140625 10.050368309020996
      vertex 38.5 9 10.133977890014648
    endloop
  endfacet
  facet normal 0.3819694906147068 0.08362311101016393 -0.9203838783597434
    outer loop
      vertex 38.5 9 10.133977890014648
      vertex 38.26036071777344 9.17437744140625 10.050368309020996
      vertex 38.50108337402344 9.154083251953125 10.14842700958252
    endloop
  endfacet
  facet normal 0.6072685043368437 0.06994469077585097 -0.7914118421357893
    outer loop
      vertex 38.5 9 10.133977890014648
      vertex 38.50108337402344 9.154083251953125 10.14842700958252
      vertex 38.70710754394531 9 10.292896270751953
    endloop
  endfacet
  facet normal 0.7922853971201046 0.052533449988810016 -0.6078849283725593
    outer loop
      vertex 38.70710754394531 9 10.292896270751953
      vertex 38.70774841308594 9.123321533203125 10.304388999938965
      vertex 38.86601257324219 9 10.500004768371582
    endloop
  endfacet
  facet normal 0.6075479949328983 0.0705717597161249 -0.7911416185384159
    outer loop
      vertex 38.70710754394531 9 10.292896270751953
      vertex 38.50108337402344 9.154083251953125 10.14842700958252
      vertex 38.70774841308594 9.123321533203125 10.304388999938965
    endloop
  endfacet
  facet normal 0.7922555958028978 0.05241775537032022 -0.6079337544839344
    outer loop
      vertex 38.86601257324219 9 10.500004768371582
      vertex 38.70774841308594 9.123321533203125 10.304388999938965
      vertex 38.86628723144531 9.08416748046875 10.507619857788086
    endloop
  endfacet
  facet normal 0.7893744100468677 0.2186231971240336 -0.5736653540544571
    outer loop
      vertex 38.86628723144531 9.08416748046875 10.507619857788086
      vertex 38.70774841308594 9.123321533203125 10.304388999938965
      vertex 38.85076904296875 9.300048828125 10.568538665771484
    endloop
  endfacet
  facet normal 0.14966470096608434 0.2784670843833489 -0.9487131074248787
    outer loop
      vertex 38.26036071777344 9.17437744140625 10.050368309020996
      vertex 38 9.258819580078125 10.034080505371094
      vertex 38.245452880859375 9.381500244140625 10.108811378479004
    endloop
  endfacet
  facet normal 0.38244966553506715 0.27631143460764757 -0.8816939630263887
    outer loop
      vertex 38.26036071777344 9.17437744140625 10.050368309020996
      vertex 38.245452880859375 9.381500244140625 10.108811378479004
      vertex 38.48486328125 9.3795166015625 10.212038040161133
    endloop
  endfacet
  facet normal 0.3824532842800952 0.2763072666098076 -0.881693699513604
    outer loop
      vertex 38.26036071777344 9.17437744140625 10.050368309020996
      vertex 38.48486328125 9.3795166015625 10.212038040161133
      vertex 38.50108337402344 9.154083251953125 10.14842700958252
    endloop
  endfacet
  facet normal 0.6062836086696641 0.2560682924124026 -0.7528938939050348
    outer loop
      vertex 38.50108337402344 9.154083251953125 10.14842700958252
      vertex 38.48486328125 9.3795166015625 10.212038040161133
      vertex 38.691314697265625 9.35174560546875 10.368842124938965
    endloop
  endfacet
  facet normal 0.13668909040707752 0.4684966748368828 -0.8728269921527804
    outer loop
      vertex 38.245452880859375 9.381500244140625 10.108811378479004
      vertex 38 9.5 10.133977890014648
      vertex 38.19801330566406 9.569915771484375 10.202515602111816
    endloop
  endfacet
  facet normal 0.34934674451087355 0.4862827217179974 -0.8009281907001345
    outer loop
      vertex 38.245452880859375 9.381500244140625 10.108811378479004
      vertex 38.19801330566406 9.569915771484375 10.202515602111816
      vertex 38.43324279785156 9.5845947265625 10.314029693603516
    endloop
  endfacet
  facet normal 0.3493660963250363 0.48626634548547865 -0.8009296922869089
    outer loop
      vertex 38.245452880859375 9.381500244140625 10.108811378479004
      vertex 38.43324279785156 9.5845947265625 10.314029693603516
      vertex 38.48486328125 9.3795166015625 10.212038040161133
    endloop
  endfacet
  facet normal 0.5715822066235319 0.4762026088132551 -0.6682251539943883
    outer loop
      vertex 38.48486328125 9.3795166015625 10.212038040161133
      vertex 38.43324279785156 9.5845947265625 10.314029693603516
      vertex 38.639007568359375 9.559539794921875 10.472180366516113
    endloop
  endfacet
  facet normal 0.6062912371231401 0.25605800294177455 -0.7528912503922213
    outer loop
      vertex 38.50108337402344 9.154083251953125 10.14842700958252
      vertex 38.691314697265625 9.35174560546875 10.368842124938965
      vertex 38.70774841308594 9.123321533203125 10.304388999938965
    endloop
  endfacet
  facet normal 0.7893536777969352 0.2186610505105186 -0.5736794543454461
    outer loop
      vertex 38.70774841308594 9.123321533203125 10.304388999938965
      vertex 38.691314697265625 9.35174560546875 10.368842124938965
      vertex 38.85076904296875 9.300048828125 10.568538665771484
    endloop
  endfacet
  facet normal 0.571586531345165 0.47619815089254813 -0.6682246315957836
    outer loop
      vertex 38.691314697265625 9.35174560546875 10.368842124938965
      vertex 38.48486328125 9.3795166015625 10.212038040161133
      vertex 38.639007568359375 9.559539794921875 10.472180366516113
    endloop
  endfacet
  facet normal 0.7554292318497552 0.4341976028711995 -0.4907128664787515
    outer loop
      vertex 38.691314697265625 9.35174560546875 10.368842124938965
      vertex 38.639007568359375 9.559539794921875 10.472180366516113
      vertex 38.80131530761719 9.496429443359375 10.666203498840332
    endloop
  endfacet
  facet normal 0.9234542052091188 0.02961986599081949 -0.38256371289012814
    outer loop
      vertex 38.86601257324219 9 10.500004768371582
      vertex 38.965972900390625 9.039306640625 10.744338035583496
      vertex 38.96592712402344 9 10.74118423461914
    endloop
  endfacet
  facet normal 0.9232832512007271 0.0316225502254354 -0.3828159510384265
    outer loop
      vertex 38.86601257324219 9 10.500004768371582
      vertex 38.86628723144531 9.08416748046875 10.507619857788086
      vertex 38.965972900390625 9.039306640625 10.744338035583496
    endloop
  endfacet
  facet normal 0.9196346564259469 0.1665711454189124 -0.35570514786008106
    outer loop
      vertex 38.965972900390625 9.039306640625 10.744338035583496
      vertex 38.86628723144531 9.08416748046875 10.507619857788086
      vertex 38.952392578125 9.22796630859375 10.797574043273926
    endloop
  endfacet
  facet normal 0.9914025653512173 0.009317387870345877 -0.13051490220775147
    outer loop
      vertex 38.96592712402344 9 10.74118423461914
      vertex 38.965972900390625 9.039306640625 10.744338035583496
      vertex 39 9 11.000004768371582
    endloop
  endfacet
  facet normal 0.9878745098484698 0.10371147260820161 -0.11553303960808757
    outer loop
      vertex 38.965972900390625 9.039306640625 10.744338035583496
      vertex 38.952392578125 9.22796630859375 10.797574043273926
      vertex 39 9 11.000004768371582
    endloop
  endfacet
  facet normal 0.9877840832497247 0.13003870365687767 -0.08586349882074312
    outer loop
      vertex 39 9 11.000004768371582
      vertex 38.952392578125 9.22796630859375 10.797574043273926
      vertex 38.96592712402344 9.258819580078125 11.000003814697266
    endloop
  endfacet
  facet normal 0.7553739247383277 0.4342745996574284 -0.4907298706190562
    outer loop
      vertex 38.691314697265625 9.35174560546875 10.368842124938965
      vertex 38.80131530761719 9.496429443359375 10.666203498840332
      vertex 38.85076904296875 9.300048828125 10.568538665771484
    endloop
  endfacet
  facet normal 0.9196676184876554 0.16647259390024885 -0.35566606105357723
    outer loop
      vertex 38.86628723144531 9.08416748046875 10.507619857788086
      vertex 38.85076904296875 9.300048828125 10.568538665771484
      vertex 38.952392578125 9.22796630859375 10.797574043273926
    endloop
  endfacet
  facet normal 0.8886663520856182 0.363080006012711 -0.2800803882899514
    outer loop
      vertex 38.85076904296875 9.300048828125 10.568538665771484
      vertex 38.80131530761719 9.496429443359375 10.666203498840332
      vertex 38.9091796875 9.39959716796875 10.882918357849121
    endloop
  endfacet
  facet normal 0.8886958429840415 0.3630185924865446 -0.2800664210003975
    outer loop
      vertex 38.952392578125 9.22796630859375 10.797574043273926
      vertex 38.85076904296875 9.300048828125 10.568538665771484
      vertex 38.9091796875 9.39959716796875 10.882918357849121
    endloop
  endfacet
  facet normal 0.9499823130045933 0.292972605861899 -0.10816957609666002
    outer loop
      vertex 38.952392578125 9.22796630859375 10.797574043273926
      vertex 38.9091796875 9.39959716796875 10.882918357849121
      vertex 38.96592712402344 9.258819580078125 11.000003814697266
    endloop
  endfacet
  facet normal 0.9237889333199802 0.38270091807029266 0.012410237052057231
    outer loop
      vertex 38.96592712402344 9.258819580078125 11.000003814697266
      vertex 38.9091796875 9.39959716796875 10.882918357849121
      vertex 38.86601257324219 9.5 11.00000286102295
    endloop
  endfacet
  facet normal 0.6874925337647481 0.623489756498055 -0.3723097360528229
    outer loop
      vertex 38.80131530761719 9.496429443359375 10.666203498840332
      vertex 38.639007568359375 9.559539794921875 10.472180366516113
      vertex 38.72077941894531 9.66217041015625 10.795047760009766
    endloop
  endfacet
  facet normal 0.8267446142231073 0.5355800249559196 -0.172184144802308
    outer loop
      vertex 38.9091796875 9.39959716796875 10.882918357849121
      vertex 38.80131530761719 9.496429443359375 10.666203498840332
      vertex 38.72077941894531 9.66217041015625 10.795047760009766
    endloop
  endfacet
  facet normal 0.7908133501750939 0.6067707375249153 -0.0802715221502292
    outer loop
      vertex 38.86601257324219 9.5 11.00000286102295
      vertex 38.72077941894531 9.66217041015625 10.795047760009766
      vertex 38.70709228515625 9.707122802734375 11
    endloop
  endfacet
  facet normal 0.8265773118669802 0.5400779721913982 -0.158384757664316
    outer loop
      vertex 38.9091796875 9.39959716796875 10.882918357849121
      vertex 38.72077941894531 9.66217041015625 10.795047760009766
      vertex 38.86601257324219 9.5 11.00000286102295
    endloop
  endfacet
  facet normal 0.09457262079428853 0.6392265132430073 -0.7631811607759243
    outer loop
      vertex 38.19801330566406 9.569915771484375 10.202515602111816
      vertex 38 9.707122802734375 10.292900085449219
      vertex 38.12074279785156 9.72894287109375 10.326138496398926
    endloop
  endfacet
  facet normal -0.19113525651137553 0.7787459504923734 -0.5975132285649085
    outer loop
      vertex 38 9.707122802734375 10.292900085449219
      vertex 38 9.86602783203125 10.50000286102295
      vertex 38.018035888671875 9.849456787109375 10.472636222839355
    endloop
  endfacet
  facet normal 0.029988414831253862 0.7821354639792969 -0.6223863839784726
    outer loop
      vertex 38 9.707122802734375 10.292900085449219
      vertex 38.018035888671875 9.849456787109375 10.472636222839355
      vertex 38.12074279785156 9.72894287109375 10.326138496398926
    endloop
  endfacet
  facet normal 0.2832538683103152 0.6706030482504952 -0.6856083413760268
    outer loop
      vertex 38.19801330566406 9.569915771484375 10.202515602111816
      vertex 38.12074279785156 9.72894287109375 10.326138496398926
      vertex 38.34912109375 9.757659912109375 10.448579788208008
    endloop
  endfacet
  facet normal 0.28316541056414035 0.6706552333599047 -0.68559383619386
    outer loop
      vertex 38.19801330566406 9.569915771484375 10.202515602111816
      vertex 38.34912109375 9.757659912109375 10.448579788208008
      vertex 38.43324279785156 9.5845947265625 10.314029693603516
    endloop
  endfacet
  facet normal 0.18761978065177395 0.81902257217785 -0.5422184469117209
    outer loop
      vertex 38.12074279785156 9.72894287109375 10.326138496398926
      vertex 38.018035888671875 9.849456787109375 10.472636222839355
      vertex 38.23735046386719 9.88885498046875 10.60803508758545
    endloop
  endfacet
  facet normal 0.18773262256809717 0.8189813082488598 -0.5422417165459427
    outer loop
      vertex 38.12074279785156 9.72894287109375 10.326138496398926
      vertex 38.23735046386719 9.88885498046875 10.60803508758545
      vertex 38.34912109375 9.757659912109375 10.448579788208008
    endloop
  endfacet
  facet normal 0.5021377049348229 0.6695707510071282 -0.5472958383530238
    outer loop
      vertex 38.43324279785156 9.5845947265625 10.314029693603516
      vertex 38.34912109375 9.757659912109375 10.448579788208008
      vertex 38.55378723144531 9.734893798828125 10.608506202697754
    endloop
  endfacet
  facet normal 0.502178272032527 0.6695397046849295 -0.5472965987002318
    outer loop
      vertex 38.43324279785156 9.5845947265625 10.314029693603516
      vertex 38.55378723144531 9.734893798828125 10.608506202697754
      vertex 38.639007568359375 9.559539794921875 10.472180366516113
    endloop
  endfacet
  facet normal 0.12181963943140146 0.8825687475989967 -0.45412815505134874
    outer loop
      vertex 38.018035888671875 9.849456787109375 10.472636222839355
      vertex 38 9.86602783203125 10.50000286102295
      vertex 38.23735046386719 9.88885498046875 10.60803508758545
    endloop
  endfacet
  facet normal 0.08504126070817586 0.9205138828502138 -0.38134259591237224
    outer loop
      vertex 38 9.86602783203125 10.50000286102295
      vertex 38 9.9659423828125 10.74118423461914
      vertex 38.23735046386719 9.88885498046875 10.60803508758545
    endloop
  endfacet
  facet normal 0.10178946279068474 0.9288135154103301 -0.35629251866393197
    outer loop
      vertex 38.23735046386719 9.88885498046875 10.60803508758545
      vertex 38 9.9659423828125 10.74118423461914
      vertex 38.10423278808594 9.970672607421875 10.783293724060059
    endloop
  endfacet
  facet normal 0.0077128817261223025 0.9914236113131495 -0.13045970407092028
    outer loop
      vertex 38 9.9659423828125 10.74118423461914
      vertex 38 10 11.000003814697266
      vertex 38.10423278808594 9.970672607421875 10.783293724060059
    endloop
  endfacet
  facet normal 0.1301386260040565 0.988933264024818 -0.07123859436426216
    outer loop
      vertex 38.10423278808594 9.970672607421875 10.783293724060059
      vertex 38 10 11.000003814697266
      vertex 38.25880432128906 9.9659423828125 11
    endloop
  endfacet
  facet normal 0.4021233299190568 0.8250562455630547 -0.3969622390003938
    outer loop
      vertex 38.23735046386719 9.88885498046875 10.60803508758545
      vertex 38.44050598144531 9.8677978515625 10.770066261291504
      vertex 38.34912109375 9.757659912109375 10.448579788208008
    endloop
  endfacet
  facet normal 0.40195916231722967 0.8251441937426792 -0.3969457032919931
    outer loop
      vertex 38.34912109375 9.757659912109375 10.448579788208008
      vertex 38.44050598144531 9.8677978515625 10.770066261291504
      vertex 38.55378723144531 9.734893798828125 10.608506202697754
    endloop
  endfacet
  facet normal 0.5892865797091307 0.7759292260386789 -0.22511144607445283
    outer loop
      vertex 38.55378723144531 9.734893798828125 10.608506202697754
      vertex 38.44050598144531 9.8677978515625 10.770066261291504
      vertex 38.613739013671875 9.78778076171875 10.947739601135254
    endloop
  endfacet
  facet normal 0.52136584169876 0.843617235538972 -0.1284041238096576
    outer loop
      vertex 38.613739013671875 9.78778076171875 10.947739601135254
      vertex 38.44050598144531 9.8677978515625 10.770066261291504
      vertex 38.5 9.86602783203125 11.000003814697266
    endloop
  endfacet
  facet normal 0.2768036165142755 0.9340222908646955 -0.22579220104442094
    outer loop
      vertex 38.23735046386719 9.88885498046875 10.60803508758545
      vertex 38.10423278808594 9.970672607421875 10.783293724060059
      vertex 38.30564880371094 9.950714111328125 10.947652816772461
    endloop
  endfacet
  facet normal 0.27690518022208305 0.9339887259468709 -0.22580651224071588
    outer loop
      vertex 38.23735046386719 9.88885498046875 10.60803508758545
      vertex 38.30564880371094 9.950714111328125 10.947652816772461
      vertex 38.44050598144531 9.8677978515625 10.770066261291504
    endloop
  endfacet
  facet normal 0.18964881849658366 0.975213143567354 -0.11398530719495936
    outer loop
      vertex 38.10423278808594 9.970672607421875 10.783293724060059
      vertex 38.25880432128906 9.9659423828125 11
      vertex 38.30564880371094 9.950714111328125 10.947652816772461
    endloop
  endfacet
  facet normal 0.42030805627695295 0.9016517743451614 -0.1018097031176897
    outer loop
      vertex 38.44050598144531 9.8677978515625 10.770066261291504
      vertex 38.30564880371094 9.950714111328125 10.947652816772461
      vertex 38.5 9.86602783203125 11.000003814697266
    endloop
  endfacet
  facet normal 0.3816730592977818 0.9213690329297334 0.07351721542876771
    outer loop
      vertex 38.25880432128906 9.9659423828125 11
      vertex 38.5 9.86602783203125 11.000003814697266
      vertex 38.30564880371094 9.950714111328125 10.947652816772461
    endloop
  endfacet
  facet normal 0.6874448018734399 0.6235400556225704 -0.3723136358117825
    outer loop
      vertex 38.639007568359375 9.559539794921875 10.472180366516113
      vertex 38.55378723144531 9.734893798828125 10.608506202697754
      vertex 38.72077941894531 9.66217041015625 10.795047760009766
    endloop
  endfacet
  facet normal 0.589355065980499 0.7758761001216675 -0.2251152670591526
    outer loop
      vertex 38.72077941894531 9.66217041015625 10.795047760009766
      vertex 38.55378723144531 9.734893798828125 10.608506202697754
      vertex 38.613739013671875 9.78778076171875 10.947739601135254
    endloop
  endfacet
  facet normal 0.6848675854045306 0.7199809983722517 -0.11217732589549312
    outer loop
      vertex 38.72077941894531 9.66217041015625 10.795047760009766
      vertex 38.613739013671875 9.78778076171875 10.947739601135254
      vertex 38.70709228515625 9.707122802734375 11
    endloop
  endfacet
  facet normal 0.6031211993580616 0.7860118089272798 0.13575807567787165
    outer loop
      vertex 38.613739013671875 9.78778076171875 10.947739601135254
      vertex 38.5 9.86602783203125 11.000003814697266
      vertex 38.70709228515625 9.707122802734375 11
    endloop
  endfacet
  facet normal -5.298190646698098e-7 9.804555209503676e-7 0.9999999999993789
    outer loop
      vertex 33.212799072265625 4.9000244140625 15.000007629394531
      vertex 39 9 15.000006675720215
      vertex 30 9 15.000001907348633
    endloop
  endfacet
  facet normal 0 1 0
    outer loop
      vertex 29.999984741210938 10 11.000003814697266
      vertex 29.999984741210938 10 14.00000286102295
      vertex 38 10 14.000006675720215
    endloop
  endfacet
  facet normal 0 1 0
    outer loop
      vertex 29.999984741210938 10 11.000003814697266
      vertex 38 10 14.000006675720215
      vertex 38 10 11.000003814697266
    endloop
  endfacet
  facet normal -0.0013325041895291194 0.9881936646445604 0.15320413045652229
    outer loop
      vertex 29.999984741210938 10 14.00000286102295
      vertex 34.49998474121094 9.9659423828125 14.258819580078125
      vertex 38.19508361816406 9.980804443359375 14.19509506225586
    endloop
  endfacet
  facet normal -4.669244128755972e-8 0.9951941581746734 0.09792133340085359
    outer loop
      vertex 29.999984741210938 10 14.00000286102295
      vertex 38.19508361816406 9.980804443359375 14.19509506225586
      vertex 38 10 14.000006675720215
    endloop
  endfacet
  facet normal 5.873846349765477e-7 0.38269916957160055 0.9238730137896994
    outer loop
      vertex 30 9.5 14.866028785705566
      vertex 34.5 9.258819580078125 14.965930938720703
      vertex 34.49998474121094 9.5 14.866025924682617
    endloop
  endfacet
  facet normal 6.725596001946293e-7 0.6087220083759449 0.7933835872503942
    outer loop
      vertex 30 9.707122802734375 14.707115173339844
      vertex 34.49998474121094 9.5 14.866025924682617
      vertex 34.5 9.707122802734375 14.707111358642578
    endloop
  endfacet
  facet normal 5.16019989955313e-7 0.7933836327215705 0.6087219491108051
    outer loop
      vertex 29.999984741210938 9.86602783203125 14.500004768371582
      vertex 34.5 9.707122802734375 14.707111358642578
      vertex 34.49998474121094 9.86602783203125 14.500000953674316
    endloop
  endfacet
  facet normal 2.4333258217673643e-7 0.9238606322138173 0.3827290585328304
    outer loop
      vertex 29.999984741210938 9.9659423828125 14.258822441101074
      vertex 34.49998474121094 9.86602783203125 14.500000953674316
      vertex 34.49998474121094 9.9659423828125 14.258819580078125
    endloop
  endfacet
  facet normal -5.252866232228817e-7 0.13052283603070763 0.9914453032186016
    outer loop
      vertex 30 9 15.000001907348633
      vertex 39 9 15.000006675720215
      vertex 34.5 9.258819580078125 14.965930938720703
    endloop
  endfacet
  facet normal 0.9999999999930745 -0.0000037216780301644777 0
    outer loop
      vertex 38.99998474121094 4.9000244140625 14.000014305114746
      vertex 39 9 11.000004768371582
      vertex 39 9 15.000006675720215
    endloop
  endfacet
  facet normal 0.991443546184613 0.13052077073866777 -0.0020057753272462934
    outer loop
      vertex 39 9 11.000004768371582
      vertex 38.96592712402344 9.258819580078125 11.000003814697266
      vertex 38.99517822265625 9.0980224609375 14.99519157409668
    endloop
  endfacet
  facet normal 0.9238579029410134 0.3827294326298849 -0.002180956725693898
    outer loop
      vertex 38.96592712402344 9.258819580078125 11.000003814697266
      vertex 38.86601257324219 9.5 11.00000286102295
      vertex 38.92387390136719 9.3826904296875 14.9238862991333
    endloop
  endfacet
  facet normal 0.793371898830361 0.6087349353238353 -0.0016759064990667374
    outer loop
      vertex 38.86601257324219 9.5 11.00000286102295
      vertex 38.70709228515625 9.707122802734375 11
      vertex 38.83146667480469 9.555572509765625 14.83147144317627
    endloop
  endfacet
  facet normal 0.9987923368125305 0.04913112989301987 0
    outer loop
      vertex 39 9 11.000004768371582
      vertex 38.99517822265625 9.0980224609375 14.99519157409668
      vertex 39 9 15.000006675720215
    endloop
  endfacet
  facet normal 0.989220708933053 0.14642598220921846 -0.0013493524571804114
    outer loop
      vertex 38.96592712402344 9.258819580078125 11.000003814697266
      vertex 38.98078918457031 9.195098876953125 14.980795860290527
      vertex 38.99517822265625 9.0980224609375 14.99519157409668
    endloop
  endfacet
  facet normal 0.8816752663948918 0.4718553827958718 0.0011056012201375446
    outer loop
      vertex 38.86601257324219 9.5 11.00000286102295
      vertex 38.83146667480469 9.555572509765625 14.83147144317627
      vertex 38.92387390136719 9.3826904296875 14.9238862991333
    endloop
  endfacet
  facet normal 0.9568345337640866 0.2906312249251374 0.0010798587765783112
    outer loop
      vertex 38.96592712402344 9.258819580078125 11.000003814697266
      vertex 38.92387390136719 9.3826904296875 14.9238862991333
      vertex 38.98078918457031 9.195098876953125 14.980795860290527
    endloop
  endfacet
  facet normal 0.13047085310541665 0.9914501084027466 -0.002009735835076526
    outer loop
      vertex 38 10 11.000003814697266
      vertex 38.19508361816406 9.980804443359375 14.19509506225586
      vertex 38.25880432128906 9.9659423828125 11
    endloop
  endfacet
  facet normal 0.3827084942131832 0.923865689641399 -0.0025290236258293437
    outer loop
      vertex 38.25880432128906 9.9659423828125 11
      vertex 38.38267517089844 9.92388916015625 14.38268756866455
      vertex 38.5 9.86602783203125 11.000003814697266
    endloop
  endfacet
  facet normal 0.6087544588433863 0.7933566321320427 -0.001806402612504907
    outer loop
      vertex 38.70709228515625 9.707122802734375 11
      vertex 38.5 9.86602783203125 11.000003814697266
      vertex 38.555572509765625 9.83148193359375 14.55557632446289
    endloop
  endfacet
  facet normal 0.09792365766779461 0.9951939294775469 0
    outer loop
      vertex 38 10 11.000003814697266
      vertex 38 10 14.000006675720215
      vertex 38.19508361816406 9.980804443359375 14.19509506225586
    endloop
  endfacet
  facet normal 0.2891283275931967 0.9572894470256099 0.0013133151043249632
    outer loop
      vertex 38.25880432128906 9.9659423828125 11
      vertex 38.19508361816406 9.980804443359375 14.19509506225586
      vertex 38.38267517089844 9.92388916015625 14.38268756866455
    endloop
  endfacet
  facet normal 0.4704130860722148 0.8824454864708555 0.001221416894381595
    outer loop
      vertex 38.5 9.86602783203125 11.000003814697266
      vertex 38.38267517089844 9.92388916015625 14.38268756866455
      vertex 38.555572509765625 9.83148193359375 14.55557632446289
    endloop
  endfacet
  facet normal 0.7730492050724882 0.6343460621196206 -0.000003181934533486986
    outer loop
      vertex 38.70709228515625 9.707122802734375 11
      vertex 38.70710754394531 9.707122802734375 14.707114219665527
      vertex 38.83146667480469 9.555572509765625 14.83147144317627
    endloop
  endfacet
  facet normal 0.6343873526944437 0.7730153211512157 -0.000002611190868447447
    outer loop
      vertex 38.70709228515625 9.707122802734375 11
      vertex 38.555572509765625 9.83148193359375 14.55557632446289
      vertex 38.70710754394531 9.707122802734375 14.707114219665527
    endloop
  endfacet
  facet normal -0.0014806133256631724 0.6087214098413305 0.7933826649133209
    outer loop
      vertex 34.49998474121094 9.5 14.866025924682617
      vertex 38.83146667480469 9.555572509765625 14.83147144317627
      vertex 34.5 9.707122802734375 14.707111358642578
    endloop
  endfacet
  facet normal -0.0019352569217070139 0.3826983483871081 0.9238713270377139
    outer loop
      vertex 34.5 9.258819580078125 14.965930938720703
      vertex 38.92387390136719 9.3826904296875 14.9238862991333
      vertex 34.49998474121094 9.5 14.866025924682617
    endloop
  endfacet
  facet normal -0.0015834438745125597 0.793382581738676 0.6087212594440654
    outer loop
      vertex 34.49998474121094 9.86602783203125 14.500000953674316
      vertex 34.5 9.707122802734375 14.707111358642578
      vertex 38.555572509765625 9.83148193359375 14.55557632446289
    endloop
  endfacet
  facet normal -0.0022037659610781757 0.9238583888075484 0.38272812915372356
    outer loop
      vertex 34.49998474121094 9.86602783203125 14.500000953674316
      vertex 38.38267517089844 9.92388916015625 14.38268756866455
      vertex 34.49998474121094 9.9659423828125 14.258819580078125
    endloop
  endfacet
  facet normal 0.0011388280190017235 0.9572417674791601 0.2892868847080987
    outer loop
      vertex 34.49998474121094 9.9659423828125 14.258819580078125
      vertex 38.38267517089844 9.92388916015625 14.38268756866455
      vertex 38.19508361816406 9.980804443359375 14.19509506225586
    endloop
  endfacet
  facet normal 0.00106798682763812 0.8823723100969569 0.47055070478992567
    outer loop
      vertex 34.49998474121094 9.86602783203125 14.500000953674316
      vertex 38.555572509765625 9.83148193359375 14.55557632446289
      vertex 38.38267517089844 9.92388916015625 14.38268756866455
    endloop
  endfacet
  facet normal -0.004754822703359741 0.04882938680026688 0.9987958162936855
    outer loop
      vertex 34.5 9.258819580078125 14.965930938720703
      vertex 39 9 15.000006675720215
      vertex 38.99517822265625 9.0980224609375 14.99519157409668
    endloop
  endfacet
  facet normal -0.00119811096085723 0.14651460203878963 0.9892077819748186
    outer loop
      vertex 34.5 9.258819580078125 14.965930938720703
      vertex 38.99517822265625 9.0980224609375 14.99519157409668
      vertex 38.98078918457031 9.195098876953125 14.980795860290527
    endloop
  endfacet
  facet normal 0.0009578271526409157 0.2905706664594476 0.9568530557825783
    outer loop
      vertex 34.5 9.258819580078125 14.965930938720703
      vertex 38.98078918457031 9.195098876953125 14.980795860290527
      vertex 38.92387390136719 9.3826904296875 14.9238862991333
    endloop
  endfacet
  facet normal 0.000980096380843557 0.47183349901882987 0.8816871262611994
    outer loop
      vertex 34.49998474121094 9.5 14.866025924682617
      vertex 38.92387390136719 9.3826904296875 14.9238862991333
      vertex 38.83146667480469 9.555572509765625 14.83147144317627
    endloop
  endfacet
  facet normal -5.257108561218993e-7 0.6343415503702947 0.7730529072925958
    outer loop
      vertex 34.5 9.707122802734375 14.707111358642578
      vertex 38.83146667480469 9.555572509765625 14.83147144317627
      vertex 38.70710754394531 9.707122802734375 14.707114219665527
    endloop
  endfacet
  facet normal -4.3140626963698406e-7 0.773022263626199 0.6343788930426685
    outer loop
      vertex 34.5 9.707122802734375 14.707111358642578
      vertex 38.70710754394531 9.707122802734375 14.707114219665527
      vertex 38.555572509765625 9.83148193359375 14.55557632446289
    endloop
  endfacet
  facet normal -0.12943974831052163 -0.7867334913761527 -0.6035691883325374
    outer loop
      vertex 39 0.134002685546875 10.500003814697266
      vertex 39.25880432128906 0.268798828125 10.268798828125
      vertex 39.25880432128906 0.1044921875 10.482967376708984
    endloop
  endfacet
  facet normal -0.3798624269675003 -0.7338964760504272 -0.5631167720989362
    outer loop
      vertex 39.25880432128906 0.1044921875 10.482967376708984
      vertex 39.5 0.19818115234375 10.198161125183105
      vertex 39.5 0.017974853515625 10.433019638061523
    endloop
  endfacet
  facet normal -0.37979608090508915 -0.7339583138140346 -0.563080927143154
    outer loop
      vertex 39.25880432128906 0.1044921875 10.482967376708984
      vertex 39.25880432128906 0.268798828125 10.268798828125
      vertex 39.5 0.19818115234375 10.198161125183105
    endloop
  endfacet
  facet normal -0.12942620948045935 -0.6036520642346745 -0.7866721309699084
    outer loop
      vertex 38.99998474121094 0.29290771484375 10.292893409729004
      vertex 39 0.5 10.133978843688965
      vertex 39.25880432128906 0.48297119140625 10.104466438293457
    endloop
  endfacet
  facet normal -0.3798135404829633 -0.5631678543468926 -0.7338825807280845
    outer loop
      vertex 39.25880432128906 0.268798828125 10.268798828125
      vertex 39.5 0.433013916015625 10.01795482635498
      vertex 39.5 0.19818115234375 10.198161125183105
    endloop
  endfacet
  facet normal -0.3798667673785585 -0.5631124893205122 -0.7338975156059736
    outer loop
      vertex 39.25880432128906 0.268798828125 10.268798828125
      vertex 39.25880432128906 0.48297119140625 10.104466438293457
      vertex 39.5 0.433013916015625 10.01795482635498
    endloop
  endfacet
  facet normal -0.12947248964680655 -0.7867103408438832 -0.6035923409338119
    outer loop
      vertex 39 0.134002685546875 10.500003814697266
      vertex 38.99998474121094 0.29290771484375 10.292893409729004
      vertex 39.25880432128906 0.268798828125 10.268798828125
    endloop
  endfacet
  facet normal -0.1294631152358404 -0.6036201016597994 -0.7866905838165633
    outer loop
      vertex 38.99998474121094 0.29290771484375 10.292893409729004
      vertex 39.25880432128906 0.48297119140625 10.104466438293457
      vertex 39.25880432128906 0.268798828125 10.268798828125
    endloop
  endfacet
  facet normal -0.6073381063605324 -0.6082655231210536 -0.5110317778227432
    outer loop
      vertex 39.680328369140625 0 10.219738006591797
      vertex 39.5 0.19818115234375 10.198161125183105
      vertex 39.70709228515625 0.0858154296875 10.085786819458008
    endloop
  endfacet
  facet normal -0.6054863735935605 -0.4844618804911736 -0.6314134443797307
    outer loop
      vertex 39.70709228515625 0.0858154296875 10.085786819458008
      vertex 39.5 0.19818115234375 10.198161125183105
      vertex 39.62912652498189 0.2950664783892502 10
    endloop
  endfacet
  facet normal -0.8214136904811543 -0.39137564854767287 -0.41485497564090856
    outer loop
      vertex 39.791307047032674 0 10
      vertex 39.70709228515625 0.0858154296875 10.085786819458008
      vertex 39.761576630360224 0.062397779138997765 10
    endloop
  endfacet
  facet normal -0.8446768350741098 -0.2681503727503633 -0.46326711720456326
    outer loop
      vertex 39.70709228515625 0.0858154296875 10.085786819458008
      vertex 39.742523156830394 0.12241644535703057 10
      vertex 39.761576630360224 0.062397779138997765 10
    endloop
  endfacet
  facet normal -0.8214136904811538 -0.39137564854764584 -0.4148549756409351
    outer loop
      vertex 39.791307047032674 0 10
      vertex 39.680328369140625 0 10.219738006591797
      vertex 39.70709228515625 0.0858154296875 10.085786819458008
    endloop
  endfacet
  facet normal -0.7908414054041666 -0.3725444663380988 -0.4855723345694479
    outer loop
      vertex 39.70709228515625 0.0858154296875 10.085786819458008
      vertex 39.7070986562827 0.19761595663752268 10
      vertex 39.742523156830394 0.12241644535703057 10
    endloop
  endfacet
  facet normal -0.6054863735935467 -0.4844618804911738 -0.6314134443797436
    outer loop
      vertex 39.70709228515625 0.0858154296875 10.085786819458008
      vertex 39.62912652498189 0.2950664783892502 10
      vertex 39.7070986562827 0.19761595663752268 10
    endloop
  endfacet
  facet normal -0.6242521791274538 -0.6197946875987975 -0.4755667798311133
    outer loop
      vertex 39.680328369140625 0 10.219738006591797
      vertex 39.5 0.017974853515625 10.433019638061523
      vertex 39.5 0.19818115234375 10.198161125183105
    endloop
  endfacet
  facet normal -0.75479445090817 -0.21374350371921164 -0.6201605046244638
    outer loop
      vertex 39.680328369140625 0 10.219738006591797
      vertex 39.25880432128906 0.001190185546875 10.732362747192383
      vertex 39.5 0.017974853515625 10.433019638061523
    endloop
  endfacet
  facet normal -0.6054302170480496 -0.48453387370884693 -0.6314120504978116
    outer loop
      vertex 39.5 0.19818115234375 10.198161125183105
      vertex 39.5 0.433013916015625 10.01795482635498
      vertex 39.62912652498189 0.2950664783892502 10
    endloop
  endfacet
  facet normal -0.6054478152336215 -0.3046306213960401 -0.7352775853626282
    outer loop
      vertex 39.5 0.433013916015625 10.01795482635498
      vertex 39.513936981965 0.448651431589087 10
      vertex 39.527019331239664 0.4226505005265149 10
    endloop
  endfacet
  facet normal -0.6054302170480506 -0.48453387370884815 -0.6314120504978096
    outer loop
      vertex 39.5 0.433013916015625 10.01795482635498
      vertex 39.527019331239664 0.4226505005265149 10
      vertex 39.62912652498189 0.2950664783892502 10
    endloop
  endfacet
  facet normal -0.1294346943454776 -0.37944108350681904 -0.9161174182640913
    outer loop
      vertex 39 0.5 10.133978843688965
      vertex 39.25880432128906 0.732391357421875 10.001160621643066
      vertex 39.25880432128906 0.48297119140625 10.104466438293457
    endloop
  endfacet
  facet normal -0.37985842569745976 -0.35399716439013745 -0.8546306711266507
    outer loop
      vertex 39.5 0.433013916015625 10.01795482635498
      vertex 39.25880432128906 0.48297119140625 10.104466438293457
      vertex 39.38491619482632 0.5998522534243897 10
    endloop
  endfacet
  facet normal -0.3798796676283305 -0.35397427846520774 -0.8546307087319206
    outer loop
      vertex 39.25880432128906 0.48297119140625 10.104466438293457
      vertex 39.25880432128906 0.732391357421875 10.001160621643066
      vertex 39.38491619482632 0.5998522534243897 10
    endloop
  endfacet
  facet normal -0.1293846976029433 -0.3794893684625059 -0.9161044805316276
    outer loop
      vertex 39 0.5 10.133978843688965
      vertex 38.99998474121094 0.741180419921875 10.034073829650879
      vertex 39.25880432128906 0.732391357421875 10.001160621643066
    endloop
  endfacet
  facet normal -0.12943083997382732 -0.1293978520508625 -0.9831092785383997
    outer loop
      vertex 38.99998474121094 0.741180419921875 10.034073829650879
      vertex 39 1 10.000005722045898
      vertex 39.1294112167667 0.8705992655492291 10
    endloop
  endfacet
  facet normal -0.12941339042760425 -0.12941530266154896 -0.9831092786740709
    outer loop
      vertex 38.99998474121094 0.741180419921875 10.034073829650879
      vertex 39.1294112167667 0.8705992655492291 10
      vertex 39.25880432128906 0.732391357421875 10.001160621643066
    endloop
  endfacet
  facet normal -0.12941339042757816 -0.12941530266152462 -0.9831092786740777
    outer loop
      vertex 39.25880432128906 0.732391357421875 10.001160621643066
      vertex 39.1294112167667 0.8705992655492291 10
      vertex 39.258804823981095 0.7412075702482083 10
    endloop
  endfacet
  facet normal -0.37987966762853387 -0.3539742784654027 -0.8546307087317493
    outer loop
      vertex 39.25880432128906 0.732391357421875 10.001160621643066
      vertex 39.26170546817716 0.732080081080873 10
      vertex 39.38491619482632 0.5998522534243897 10
    endloop
  endfacet
  facet normal -0.37986068920946225 -0.12078450052191433 -0.9171242888654646
    outer loop
      vertex 39.25880432128906 0.732391357421875 10.001160621643066
      vertex 39.260875686344214 0.73468969984483 10
      vertex 39.26170546817716 0.732080081080873 10
    endloop
  endfacet
  facet normal -0.3799305209461387 -0.12071179200186313 -0.917104935394688
    outer loop
      vertex 39.25880432128906 0.732391357421875 10.001160621643066
      vertex 39.258804823981095 0.7412075702482083 10
      vertex 39.260875686344214 0.73468969984483 10
    endloop
  endfacet
  facet normal -0.6055111712083194 -0.3045517610502844 -0.7352580814809856
    outer loop
      vertex 39.5 0.433013916015625 10.01795482635498
      vertex 39.5 0.47636100136348314 10
      vertex 39.513936981965 0.448651431589087 10
    endloop
  endfacet
  facet normal -0.37985842569746947 -0.3539971643901434 -0.854630671126644
    outer loop
      vertex 39.5 0.433013916015625 10.01795482635498
      vertex 39.38491619482632 0.5998522534243897 10
      vertex 39.5 0.47636100136348314 10
    endloop
  endfacet
  facet normal -0.1294403053705563 -0.9160883924603652 -0.3795092417121893
    outer loop
      vertex 39 0.134002685546875 10.500003814697266
      vertex 39.25880432128906 0.1044921875 10.482967376708984
      vertex 39 0.034088134765625 10.741185188293457
    endloop
  endfacet
  facet normal -0.1293876807087816 -0.9161147036263435 -0.3794636713579042
    outer loop
      vertex 39 0.034088134765625 10.741185188293457
      vertex 39.25880432128906 0.1044921875 10.482967376708984
      vertex 39.25880432128906 0.001190185546875 10.732362747192383
    endloop
  endfacet
  facet normal -0.0466895591714237 0.9980795687964479 -0.04070945118120285
    outer loop
      vertex 39 0 11.000004768371582
      vertex 39.25880432128906 0.001190185546875 10.732362747192383
      vertex 39.680328369140625 0 10.219738006591797
    endloop
  endfacet
  facet normal -0.3798637645534697 -0.8546289216729804 -0.3539956590402556
    outer loop
      vertex 39.25880432128906 0.1044921875 10.482967376708984
      vertex 39.5 0.017974853515625 10.433019638061523
      vertex 39.25880432128906 0.001190185546875 10.732362747192383
    endloop
  endfacet
  facet normal -0.12938142283498982 -0.9831048397052878 -0.1294809699269905
    outer loop
      vertex 39 0.034088134765625 10.741185188293457
      vertex 39.25880432128906 0.001190185546875 10.732362747192383
      vertex 39 0 11.000004768371582
    endloop
  endfacet
  facet normal 0 -1 0
    outer loop
      vertex 39 0 11.000004768371582
      vertex 39.680328369140625 0 10.219738006591797
      vertex 42.99998474121094 0 11.000000953674316
    endloop
  endfacet
  facet normal -0.1294308399664302 -0.12939785204346468 -0.9831092785403471
    outer loop
      vertex 39 1 10.000005722045898
      vertex 39.00004346256593 1 10
      vertex 39.1294112167667 0.8705992655492291 10
    endloop
  endfacet
  facet normal 0 -1 0
    outer loop
      vertex 39.791307047032674 0 10
      vertex 42.99998474121094 0 10
      vertex 39.680328369140625 0 10.219738006591797
    endloop
  endfacet
  facet normal 0 -1 0
    outer loop
      vertex 39.680328369140625 0 10.219738006591797
      vertex 42.99998474121094 0 10
      vertex 42.99998474121094 0 11.000000953674316
    endloop
  endfacet
  facet normal -0.13052822244086565 0 -0.9914445940880547
    outer loop
      vertex 39 1 10.000005722045898
      vertex 39 3.9000244140625 10.000005722045898
      vertex 39.00004346256593 1 10
    endloop
  endfacet
  facet normal -0.13052822244086565 0 -0.9914445940880547
    outer loop
      vertex 39 3.9000244140625 10.000005722045898
      vertex 39.00004346256593 3.9000244140625 10
      vertex 39.00004346256593 1 10
    endloop
  endfacet
  facet normal 0.12791727366839772 -0.9917848411310006 -1.259179951089023e-17
    outer loop
      vertex 43.47959899902344 0.061859130859375 10.663495063781738
      vertex 42.99998474121094 0 10
      vertex 43.423410734193915 0.05461214607893202 10
    endloop
  endfacet
  facet normal 0.35641194572366486 -0.9343279404371495 0.0013508012236986661
    outer loop
      vertex 43.952239990234375 0.24169921875 10.348662376403809
      vertex 43.48405373127611 0.06259920275046958 10
      vertex 43.923908719855284 0.23038779766545628 10
    endloop
  endfacet
  facet normal 0.13057849148719528 -0.9914379481586145 -0.0002291548919691619
    outer loop
      vertex 43.47959899902344 0.061859130859375 10.663495063781738
      vertex 43.423410734193915 0.05461214607893202 10
      vertex 43.48405373127611 0.06259920275046958 10
    endloop
  endfacet
  facet normal 0.35641194572366697 -0.9343279404371485 0.0013508012236953047
    outer loop
      vertex 43.47959899902344 0.061859130859375 10.663495063781738
      vertex 43.48405373127611 0.06259920275046958 10
      vertex 43.952239990234375 0.24169921875 10.348662376403809
    endloop
  endfacet
  facet normal 0.3826802221915007 -0.9238801801336207 -0.0011226307194937965
    outer loop
      vertex 43.952239990234375 0.24169921875 10.348662376403809
      vertex 43.923908719855284 0.23038779766545628 10
      vertex 43.955352322809084 0.24341204607299463 10
    endloop
  endfacet
  facet normal 0.5305446032085946 -0.8476568274535565 0.0005717321105098035
    outer loop
      vertex 43.952239990234375 0.24169921875 10.348662376403809
      vertex 43.955352322809084 0.24341204607299463 10
      vertex 44.16740417480469 0.37628173828125 10.218522071838379
    endloop
  endfacet
  facet normal 0.5305446032085923 -0.8476568274535581 0.0005717321105129609
    outer loop
      vertex 44.16740417480469 0.37628173828125 10.218522071838379
      vertex 43.955352322809084 0.24341204607299463 10
      vertex 44.16039359190283 0.3717464559774423 10
    endloop
  endfacet
  facet normal 0.6087611699963066 -0.7933476194079573 -0.0030647486772702104
    outer loop
      vertex 44.16740417480469 0.37628173828125 10.218522071838379
      vertex 44.16039359190283 0.3717464559774423 10
      vertex 44.177738584860556 0.3850558274915357 10
    endloop
  endfacet
  facet normal 0.6375785990762436 -0.7703849179092687 -0.0007799089074188827
    outer loop
      vertex 44.16740417480469 0.37628173828125 10.218522071838379
      vertex 44.177738584860556 0.3850558274915357 10
      vertex 44.37925720214844 0.551727294921875 10.106131553649902
    endloop
  endfacet
  facet normal 0.1279172736683977 -0.9917848411310007 0
    outer loop
      vertex 42.99998474121094 0 10
      vertex 43.47959899902344 0.061859130859375 10.663495063781738
      vertex 42.99998474121094 0 11.000000953674316
    endloop
  endfacet
  facet normal 0.6375785990762485 -0.7703849179092648 -0.0007799089074346014
    outer loop
      vertex 44.37925720214844 0.551727294921875 10.106131553649902
      vertex 44.177738584860556 0.3850558274915357 10
      vertex 44.379983489497555 0.5524358215323254 10
    endloop
  endfacet
  facet normal 0.7403968556181019 -0.6721697408446922 0.000579382090611692
    outer loop
      vertex 44.37925720214844 0.551727294921875 10.106131553649902
      vertex 44.379983489497555 0.5524358215323254 10
      vertex 44.57203674316406 0.764007568359375 10.028480529785156
    endloop
  endfacet
  facet normal 0.740396855618101 -0.6721697408446933 0.0005793820906258471
    outer loop
      vertex 44.57203674316406 0.764007568359375 10.028480529785156
      vertex 44.379983489497555 0.5524358215323254 10
      vertex 44.57114277864172 0.7629983149088824 10
    endloop
  endfacet
  facet normal 0.7933252893636419 -0.6087888877640438 -0.0033279710203540326
    outer loop
      vertex 44.57203674316406 0.764007568359375 10.028480529785156
      vertex 44.57114277864172 0.7629983149088824 10
      vertex 44.57294297999306 0.765344194222165 10
    endloop
  endfacet
  facet normal 0.8276941733647174 -0.5611794324261152 6.883693372094778e-14
    outer loop
      vertex 44.57203674316406 0.764007568359375 10.028480529785156
      vertex 44.57294297999306 0.765344194222165 10
      vertex 44.73204040527344 1 10.00000286102295
    endloop
  endfacet
  facet normal -0.0034882178770882805 -0.8660498847715529 -0.4999454264449492
    outer loop
      vertex 43.47959899902344 0.061859130859375 10.663495063781738
      vertex 43.952239990234375 0.24169921875 10.348662376403809
      vertex 48.99998474121094 0.134002685546875 10.500004768371582
    endloop
  endfacet
  facet normal -0.0009045317751290806 -0.6943952390581661 -0.7195932419051893
    outer loop
      vertex 43.952239990234375 0.24169921875 10.348662376403809
      vertex 44.16740417480469 0.37628173828125 10.218522071838379
      vertex 49 0.29290771484375 10.292901992797852
    endloop
  endfacet
  facet normal -0.0009514277000680236 -0.5385973074416862 -0.8425627781963178
    outer loop
      vertex 44.16740417480469 0.37628173828125 10.218522071838379
      vertex 44.37925720214844 0.551727294921875 10.106131553649902
      vertex 48.99998474121094 0.5 10.133979797363281
    endloop
  endfacet
  facet normal -0.0005818699299442821 -0.3430666371662333 -0.9393108877740303
    outer loop
      vertex 44.37925720214844 0.551727294921875 10.106131553649902
      vertex 44.57203674316406 0.764007568359375 10.028480529785156
      vertex 48.99998474121094 0.741180419921875 10.034074783325195
    endloop
  endfacet
  facet normal -0.0023545210774730966 -0.9829153734532039 -0.18404299731270551
    outer loop
      vertex 42.99998474121094 0 11.000000953674316
      vertex 43.47959899902344 0.061859130859375 10.663495063781738
      vertex 48.99998474121094 0.034088134765625 10.74118709564209
    endloop
  endfacet
  facet normal 0.8276941733647175 -0.5611794324261153 0
    outer loop
      vertex 44.73204040527344 1 10.00000286102295
      vertex 44.57294297999306 0.765344194222165 10
      vertex 44.73204040527344 1 10
    endloop
  endfacet
  facet normal 0.9063127990003 -0.4226075133835666 0
    outer loop
      vertex 44.73204040527344 1 10.00000286102295
      vertex 44.73204040527344 1 10
      vertex 44.87937927246094 1.31597900390625 10
    endloop
  endfacet
  facet normal 0.9659258322865725 -0.258814556659749 0.0015204547050059335
    outer loop
      vertex 44.9696044921875 1.6527099609375 10.000001907348633
      vertex 44.87937927246094 1.31597900390625 10
      vertex 44.96960447778109 1.6527098959660345 10
    endloop
  endfacet
  facet normal 0.9914399555322457 -0.13052800360047873 -0.003042178543754509
    outer loop
      vertex 44.9696044921875 1.6527099609375 10.000001907348633
      vertex 44.96960447778109 1.6527098959660345 10
      vertex 44.96960450377666 1.6527100934182626 10
    endloop
  endfacet
  facet normal 0.9961918168940888 -0.08718866866753607 -0.0000030392304190500744
    outer loop
      vertex 44.9696044921875 1.6527099609375 10.000001907348633
      vertex 44.96960450377666 1.6527100934182626 10
      vertex 45 2 10.000003814697266
    endloop
  endfacet
  facet normal 0.9961918168940884 -0.08718866866753425 -0.0000030393939392129274
    outer loop
      vertex 45 2 10.000003814697266
      vertex 44.96960450377666 1.6527100934182626 10
      vertex 44.99999999998836 2 10
    endloop
  endfacet
  facet normal 0.9999999999953457 0 -0.000003051012754426107
    outer loop
      vertex 45 2 10.000003814697266
      vertex 44.99999999998836 2 10
      vertex 44.99999999998836 2.9000244140625 10
    endloop
  endfacet
  facet normal 0.9999999999953457 0 -0.000003051012754426107
    outer loop
      vertex 45 2 10.000003814697266
      vertex 44.99999999998836 2.9000244140625 10
      vertex 45 2.9000244140625 10.000003814697266
    endloop
  endfacet
  facet normal 0.9961918168940884 0.0871886686675343 -0.000003039393939212927
    outer loop
      vertex 45 2.9000244140625 10.000003814697266
      vertex 44.99999999998836 2.9000244140625 10
      vertex 44.96960450377666 3.247314320644237 10
    endloop
  endfacet
  facet normal 0.9961918168940888 0.08718866866753601 -0.000003039241465938495
    outer loop
      vertex 45 2.9000244140625 10.000003814697266
      vertex 44.96960450377666 3.247314320644237 10
      vertex 44.9696044921875 3.247314453125 10.000001907348633
    endloop
  endfacet
  facet normal 0.9914409529756006 0.130520439570428 -0.003041647115467497
    outer loop
      vertex 44.9696044921875 3.247314453125 10.000001907348633
      vertex 44.96960450377666 3.247314320644237 10
      vertex 44.96960447778109 3.247314518108107 10
    endloop
  endfacet
  facet normal 0.9659258299631759 0.2588145560461552 0.001522034356236309
    outer loop
      vertex 44.9696044921875 3.247314453125 10.000001907348633
      vertex 44.96960447778109 3.247314518108107 10
      vertex 44.87937927246094 3.58404541015625 10
    endloop
  endfacet
  facet normal 0 -1 0
    outer loop
      vertex 39 0 11.000004768371582
      vertex 42.99998474121094 0 11.000000953674316
      vertex 38.40895080566406 0 14.000018119812012
    endloop
  endfacet
  facet normal 4.6821231231697636e-7 -0.9951790064926112 0.09807520092337305
    outer loop
      vertex 38.40895080566406 0 14.000018119812012
      vertex 45.999969482421875 0 13.999981880187988
      vertex 38.521575927734375 0.01922607421875 14.195106506347656
    endloop
  endfacet
  facet normal 0 -1 0
    outer loop
      vertex 38.40895080566406 0 14.000018119812012
      vertex 42.99998474121094 0 11.000000953674316
      vertex 45.999969482421875 0 13.999981880187988
    endloop
  endfacet
  facet normal 0.0013854532937507711 -0.9886076703938591 0.15050898497298207
    outer loop
      vertex 38.521575927734375 0.01922607421875 14.195106506347656
      vertex 45.999969482421875 0 13.999981880187988
      vertex 42.20448303222656 0.034088134765625 14.258825302124023
    endloop
  endfacet
  facet normal -0.0011730574235885864 -0.9567358954077662 0.2909554095984138
    outer loop
      vertex 38.521575927734375 0.01922607421875 14.195106506347656
      vertex 42.20448303222656 0.034088134765625 14.258825302124023
      vertex 38.6298828125 0.076141357421875 14.382695198059082
    endloop
  endfacet
  facet normal -0.0012153625877857476 -0.8816431464658575 0.47191512497859506
    outer loop
      vertex 38.6298828125 0.076141357421875 14.382695198059082
      vertex 42.2044677734375 0.134002685546875 14.499999046325684
      vertex 38.729705810546875 0.168548583984375 14.55558967590332
    endloop
  endfacet
  facet normal 0.0000023219348891489554 -0.7730133433579195 0.634389762673721
    outer loop
      vertex 38.729705810546875 0.168548583984375 14.55558967590332
      vertex 42.2044677734375 0.29290771484375 14.707110404968262
      vertex 38.81719970703125 0.29290771484375 14.707122802734375
    endloop
  endfacet
  facet normal 0.0000028294275660463905 -0.6343513305602095 0.7730448818849306
    outer loop
      vertex 38.81719970703125 0.29290771484375 14.707122802734375
      vertex 42.2044677734375 0.29290771484375 14.707110404968262
      vertex 38.88899230957031 0.4444580078125 14.831482887268066
    endloop
  endfacet
  facet normal -0.0012976185091294206 -0.4710992648434843 0.8820792474886444
    outer loop
      vertex 38.88899230957031 0.4444580078125 14.831482887268066
      vertex 42.2044677734375 0.5 14.866024017333984
      vertex 38.942352294921875 0.617340087890625 14.923893928527832
    endloop
  endfacet
  facet normal -0.001319051550743414 -0.2900884498610325 0.9569989296546938
    outer loop
      vertex 38.942352294921875 0.617340087890625 14.923893928527832
      vertex 42.2044677734375 0.741180419921875 14.96592903137207
      vertex 38.97520446777344 0.804931640625 14.980802536010742
    endloop
  endfacet
  facet normal 0.0026456095811412082 -0.09816664149825079 0.9951664741373164
    outer loop
      vertex 38.97520446777344 0.804931640625 14.980802536010742
      vertex 42.2044677734375 0.741180419921875 14.96592903137207
      vertex 38.986297607421875 1 15.000015258789062
    endloop
  endfacet
  facet normal 0.0023943224627275355 -0.9238536494335896 0.38273842457765156
    outer loop
      vertex 38.6298828125 0.076141357421875 14.382695198059082
      vertex 42.20448303222656 0.034088134765625 14.258825302124023
      vertex 42.2044677734375 0.134002685546875 14.499999046325684
    endloop
  endfacet
  facet normal 0.0018507541530672746 -0.7933836275994038 0.6087191422702883
    outer loop
      vertex 42.2044677734375 0.134002685546875 14.499999046325684
      vertex 42.2044677734375 0.29290771484375 14.707110404968262
      vertex 38.729705810546875 0.168548583984375 14.55558967590332
    endloop
  endfacet
  facet normal 0.0019332668958481167 -0.6087750307075804 0.7933405475998903
    outer loop
      vertex 38.88899230957031 0.4444580078125 14.831482887268066
      vertex 42.2044677734375 0.29290771484375 14.707110404968262
      vertex 42.2044677734375 0.5 14.866024017333984
    endloop
  endfacet
  facet normal 0.0026235937001299796 -0.3826978524318179 0.9238698341758818
    outer loop
      vertex 38.942352294921875 0.617340087890625 14.923893928527832
      vertex 42.2044677734375 0.5 14.866024017333984
      vertex 42.2044677734375 0.741180419921875 14.96592903137207
    endloop
  endfacet
  facet normal -0.0016598927071364337 -0.15083107454589342 0.9885581579793532
    outer loop
      vertex 38.986297607421875 1 15.000015258789062
      vertex 42.2044677734375 0.741180419921875 14.96592903137207
      vertex 45.004791259765625 0.902008056640625 14.995169639587402
    endloop
  endfacet
  facet normal 0.000004123182944957045 6.38240860048015e-7 0.999999999991296
    outer loop
      vertex 38.986297607421875 1 15.000015258789062
      vertex 44.99998474121094 1 14.999990463256836
      vertex 38.99998474121094 3.9000244140625 15.00001335144043
    endloop
  endfacet
  facet normal 0 -1 0
    outer loop
      vertex 42.99998474121094 0 11.000000953674316
      vertex 48.99998474121094 0 11.000005722045898
      vertex 45.999969482421875 0 13.999981880187988
    endloop
  endfacet
  facet normal -0.002414890728587471 -0.995409281369353 0.09567931263610215
    outer loop
      vertex 42.20448303222656 0.034088134765625 14.258825302124023
      vertex 45.999969482421875 0 13.999981880187988
      vertex 45.804901123046875 0.01922607421875 14.19507884979248
    endloop
  endfacet
  facet normal -0.0025050249726535157 -0.9238535085032201 0.3827380562162285
    outer loop
      vertex 42.20448303222656 0.034088134765625 14.258825302124023
      vertex 45.6173095703125 0.076141357421875 14.382670402526855
      vertex 42.2044677734375 0.134002685546875 14.499999046325684
    endloop
  endfacet
  facet normal -0.0019791548917530754 -0.7933834325202955 0.6087189925969357
    outer loop
      vertex 42.2044677734375 0.134002685546875 14.499999046325684
      vertex 45.44441223144531 0.168548583984375 14.555559158325195
      vertex 42.2044677734375 0.29290771484375 14.707110404968262
    endloop
  endfacet
  facet normal -0.002155087548400056 -0.6087747546630947 0.7933401878655509
    outer loop
      vertex 42.2044677734375 0.29290771484375 14.707110404968262
      vertex 45.16850280761719 0.4444580078125 14.83145523071289
      vertex 42.2044677734375 0.5 14.866024017333984
    endloop
  endfacet
  facet normal -0.002972050559661257 -0.3826974793291578 0.9238689334697752
    outer loop
      vertex 42.2044677734375 0.5 14.866024017333984
      vertex 45.07611083984375 0.617340087890625 14.923868179321289
      vertex 42.2044677734375 0.741180419921875 14.96592903137207
    endloop
  endfacet
  facet normal 0.000003341964003701782 -0.634343076277793 0.7730516551739978
    outer loop
      vertex 42.2044677734375 0.29290771484375 14.707110404968262
      vertex 45.292877197265625 0.29290771484375 14.707097053527832
      vertex 45.16850280761719 0.4444580078125 14.83145523071289
    endloop
  endfacet
  facet normal 0.0014669637823603884 -0.47080839378925543 0.8822342684088182
    outer loop
      vertex 42.2044677734375 0.5 14.866024017333984
      vertex 45.16850280761719 0.4444580078125 14.83145523071289
      vertex 45.07611083984375 0.617340087890625 14.923868179321289
    endloop
  endfacet
  facet normal 0.0015171914176246258 -0.28987390095015736 0.9570636445284821
    outer loop
      vertex 42.2044677734375 0.741180419921875 14.96592903137207
      vertex 45.07611083984375 0.617340087890625 14.923868179321289
      vertex 45.019195556640625 0.804931640625 14.980775833129883
    endloop
  endfacet
  facet normal -0.0018892712133695003 -0.14694349375893945 0.9891430838337792
    outer loop
      vertex 42.2044677734375 0.741180419921875 14.96592903137207
      vertex 45.019195556640625 0.804931640625 14.980775833129883
      vertex 45.004791259765625 0.902008056640625 14.995169639587402
    endloop
  endfacet
  facet normal 0.000004118202440405393 -0.04913649537294407 0.9987920728587633
    outer loop
      vertex 38.986297607421875 1 15.000015258789062
      vertex 45.004791259765625 0.902008056640625 14.995169639587402
      vertex 44.99998474121094 1 14.999990463256836
    endloop
  endfacet
  facet normal 0.001297033533656989 -0.881388637422132 0.47239007983569026
    outer loop
      vertex 42.2044677734375 0.134002685546875 14.499999046325684
      vertex 45.6173095703125 0.076141357421875 14.382670402526855
      vertex 45.44441223144531 0.168548583984375 14.555559158325195
    endloop
  endfacet
  facet normal 0.001211362300149212 -0.9565882607535594 0.29144027173652276
    outer loop
      vertex 42.20448303222656 0.034088134765625 14.258825302124023
      vertex 45.804901123046875 0.01922607421875 14.19507884979248
      vertex 45.6173095703125 0.076141357421875 14.382670402526855
    endloop
  endfacet
  facet normal 0.000002742476555427371 -0.7730211303197525 0.634380274024698
    outer loop
      vertex 42.2044677734375 0.29290771484375 14.707110404968262
      vertex 45.44441223144531 0.168548583984375 14.555559158325195
      vertex 45.292877197265625 0.29290771484375 14.707097053527832
    endloop
  endfacet
  facet normal -0.9570103169036802 -0.2900521395812989 -0.0010048204955728087
    outer loop
      vertex 45.07611083984375 0.617340087890625 14.923868179321289
      vertex 45.03407287597656 0.741180419921875 19.21380043029785
      vertex 45.019195556640625 0.804931640625 14.980775833129883
    endloop
  endfacet
  facet normal -0.9891420461938313 -0.14695719384245964 0.00126318226330248
    outer loop
      vertex 45.019195556640625 0.804931640625 14.980775833129883
      vertex 45.03407287597656 0.741180419921875 19.21380043029785
      vertex 45.004791259765625 0.902008056640625 14.995169639587402
    endloop
  endfacet
  facet normal -0.4720668324101223 -0.8815622993753314 -0.0009044657827280464
    outer loop
      vertex 45.6173095703125 0.076141357421875 14.382670402526855
      vertex 45.5 0.134002685546875 19.21380043029785
      vertex 45.44441223144531 0.168548583984375 14.555559158325195
    endloop
  endfacet
  facet normal -0.2911216582255174 -0.9566856510875559 -0.0008632005586405743
    outer loop
      vertex 45.6173095703125 0.076141357421875 14.382670402526855
      vertex 45.804901123046875 0.01922607421875 14.19507884979248
      vertex 45.741180419921875 0.034088134765625 19.21379280090332
    endloop
  endfacet
  facet normal -0.6343845088249899 -0.7730176550107137 0.0000021478998702602936
    outer loop
      vertex 45.292877197265625 0.29290771484375 14.707097053527832
      vertex 45.44441223144531 0.168548583984375 14.555559158325195
      vertex 45.29289245605469 0.29290771484375 19.213796615600586
    endloop
  endfacet
  facet normal -0.7730087036315845 -0.6343954162058291 0.0000026172538439118855
    outer loop
      vertex 45.292877197265625 0.29290771484375 14.707097053527832
      vertex 45.29289245605469 0.29290771484375 19.213796615600586
      vertex 45.16850280761719 0.4444580078125 14.83145523071289
    endloop
  endfacet
  facet normal -0.8821717888456276 -0.47092671363735933 -0.0009825210540950085
    outer loop
      vertex 45.16850280761719 0.4444580078125 14.83145523071289
      vertex 45.13397216796875 0.5 19.213802337646484
      vertex 45.07611083984375 0.617340087890625 14.923868179321289
    endloop
  endfacet
  facet normal -0.9987742444766761 -0.04923872170111639 0.0050553788468179085
    outer loop
      vertex 45.004791259765625 0.902008056640625 14.995169639587402
      vertex 45.03407287597656 0.741180419921875 19.21380043029785
      vertex 44.99998474121094 1 14.999990463256836
    endloop
  endfacet
  facet normal 0.000003814697265597244 0 0.9999999999927239
    outer loop
      vertex 44.99998474121094 1 14.999990463256836
      vertex 44.99998474121094 3.9000244140625 14.999990463256836
      vertex 38.99998474121094 3.9000244140625 15.00001335144043
    endloop
  endfacet
  facet normal -0.12943079486330694 0.12940049995793165 -0.983108935953534
    outer loop
      vertex 39 3.9000244140625 10.000005722045898
      vertex 39.258804823981095 4.158846356008357 10
      vertex 39.00004346256593 3.9000244140625 10
    endloop
  endfacet
  facet normal -0.12942810185219458 0.1293978988513243 -0.9831096328608526
    outer loop
      vertex 39 3.9000244140625 10.000005722045898
      vertex 38.99998474121094 4.158843994140625 10.034073829650879
      vertex 39.25880432128906 4.16766357421875 10.001160621643066
    endloop
  endfacet
  facet normal -0.12943079487068407 0.12940049996530834 -0.9831089359515919
    outer loop
      vertex 39 3.9000244140625 10.000005722045898
      vertex 39.25880432128906 4.16766357421875 10.001160621643066
      vertex 39.258804823981095 4.158846356008357 10
    endloop
  endfacet
  facet normal -0.1294288065762758 0.3794810094524357 -0.9161017124169136
    outer loop
      vertex 38.99998474121094 4.158843994140625 10.034073829650879
      vertex 39.25880432128906 4.41705322265625 10.104466438293457
      vertex 39.25880432128906 4.16766357421875 10.001160621643066
    endloop
  endfacet
  facet normal -0.12943553015024964 0.37948683236964026 -0.9160983503930024
    outer loop
      vertex 38.99998474121094 4.158843994140625 10.034073829650879
      vertex 39 4.4000244140625 10.133978843688965
      vertex 39.25880432128906 4.41705322265625 10.104466438293457
    endloop
  endfacet
  facet normal -0.37984376482211274 0.1207029168062097 -0.9171420392721275
    outer loop
      vertex 39.25880432128906 4.16766357421875 10.001160621643066
      vertex 39.26170546817716 4.167974483488595 10
      vertex 39.258804823981095 4.158846356008357 10
    endloop
  endfacet
  facet normal -0.3798403636246141 0.3540000026471803 -0.8546375233321536
    outer loop
      vertex 39.25880432128906 4.16766357421875 10.001160621643066
      vertex 39.5 4.423663412699017 10
      vertex 39.26170546817716 4.167974483488595 10
    endloop
  endfacet
  facet normal -0.379859298693647 0.3540144514504298 -0.8546231224114066
    outer loop
      vertex 39.25880432128906 4.16766357421875 10.001160621643066
      vertex 39.25880432128906 4.41705322265625 10.104466438293457
      vertex 39.5 4.467010498046875 10.01795482635498
    endloop
  endfacet
  facet normal -0.37984036362443513 0.35400000264701104 -0.8546375233323031
    outer loop
      vertex 39.25880432128906 4.16766357421875 10.001160621643066
      vertex 39.5 4.467010498046875 10.01795482635498
      vertex 39.5 4.423663412699017 10
    endloop
  endfacet
  facet normal -0.12942682893902693 0.6036229852348678 -0.7866943419441469
    outer loop
      vertex 39 4.4000244140625 10.133978843688965
      vertex 39.25880432128906 4.6312255859375 10.268798828125
      vertex 39.25880432128906 4.41705322265625 10.104466438293457
    endloop
  endfacet
  facet normal -0.37986431631715695 0.5631551615711184 -0.7338660403538961
    outer loop
      vertex 39.25880432128906 4.41705322265625 10.104466438293457
      vertex 39.5 4.70184326171875 10.198161125183105
      vertex 39.5 4.467010498046875 10.01795482635498
    endloop
  endfacet
  facet normal -0.37981109094272686 0.5631264060931158 -0.7339156531629143
    outer loop
      vertex 39.25880432128906 4.41705322265625 10.104466438293457
      vertex 39.25880432128906 4.6312255859375 10.268798828125
      vertex 39.5 4.70184326171875 10.198161125183105
    endloop
  endfacet
  facet normal -0.12946373505214556 0.6036490802644484 -0.7866682459602862
    outer loop
      vertex 39 4.4000244140625 10.133978843688965
      vertex 38.99998474121094 4.60711669921875 10.292893409729004
      vertex 39.25880432128906 4.6312255859375 10.268798828125
    endloop
  endfacet
  facet normal -0.12947344224269125 0.7866758624687998 -0.603637072389361
    outer loop
      vertex 38.99998474121094 4.60711669921875 10.292893409729004
      vertex 39.25880432128906 4.795562744140625 10.482967376708984
      vertex 39.25880432128906 4.6312255859375 10.268798828125
    endloop
  endfacet
  facet normal -0.12943764563952853 0.786657965451246 -0.603668072108673
    outer loop
      vertex 38.99998474121094 4.60711669921875 10.292893409729004
      vertex 39 4.76605224609375 10.500003814697266
      vertex 39.25880432128906 4.795562744140625 10.482967376708984
    endloop
  endfacet
  facet normal -0.37980264476772396 0.7338698937080305 -0.5631917347905651
    outer loop
      vertex 39.25880432128906 4.6312255859375 10.268798828125
      vertex 39.5 4.882080078125 10.433019638061523
      vertex 39.5 4.70184326171875 10.198161125183105
    endloop
  endfacet
  facet normal -0.37986164551072005 0.7338864487581461 -0.5631303673209649
    outer loop
      vertex 39.25880432128906 4.6312255859375 10.268798828125
      vertex 39.25880432128906 4.795562744140625 10.482967376708984
      vertex 39.5 4.882080078125 10.433019638061523
    endloop
  endfacet
  facet normal -0.6054436717173843 0.30457141263205556 -0.7353055249246303
    outer loop
      vertex 39.5 4.467010498046875 10.01795482635498
      vertex 39.527019331239664 4.477373913535985 10
      vertex 39.5 4.423663412699017 10
    endloop
  endfacet
  facet normal -0.6054366773647237 0.484450142957035 -0.6314701011849032
    outer loop
      vertex 39.5 4.467010498046875 10.01795482635498
      vertex 39.7070986562827 4.702426232750201 10
      vertex 39.527019331239664 4.477373913535985 10
    endloop
  endfacet
  facet normal -0.6054366773647184 0.48445014295702943 -0.6314701011849125
    outer loop
      vertex 39.5 4.467010498046875 10.01795482635498
      vertex 39.70709228515625 4.814239501953125 10.085786819458008
      vertex 39.7070986562827 4.702426232750201 10
    endloop
  endfacet
  facet normal -0.6055352689877859 0.4844852176935014 -0.6313486452415739
    outer loop
      vertex 39.5 4.467010498046875 10.01795482635498
      vertex 39.5 4.70184326171875 10.198161125183105
      vertex 39.70709228515625 4.814239501953125 10.085786819458008
    endloop
  endfacet
  facet normal -0.6073903320416816 0.608301608614199 -0.5109267437702528
    outer loop
      vertex 39.5 4.70184326171875 10.198161125183105
      vertex 39.680328369140625 4.9000244140625 10.219738006591797
      vertex 39.70709228515625 4.814239501953125 10.085786819458008
    endloop
  endfacet
  facet normal -0.7908435488050308 0.3725160555480558 -0.4855906400172707
    outer loop
      vertex 39.70709228515625 4.814239501953125 10.085786819458008
      vertex 39.742523156830394 4.7776316831208305 10
      vertex 39.7070986562827 4.702426232750201 10
    endloop
  endfacet
  facet normal -0.8446658334216052 0.2681536918123673 -0.4632852549106037
    outer loop
      vertex 39.70709228515625 4.814239501953125 10.085786819458008
      vertex 39.761576630360224 4.837648824745386 10
      vertex 39.742523156830394 4.7776316831208305 10
    endloop
  endfacet
  facet normal -0.8213689263219381 0.3914935424049668 -0.4148323675027743
    outer loop
      vertex 39.70709228515625 4.814239501953125 10.085786819458008
      vertex 39.791307047032674 4.9000244140625 10
      vertex 39.761576630360224 4.837648824745386 10
    endloop
  endfacet
  facet normal -0.8213689263219377 0.3914935424049416 -0.41483236750279917
    outer loop
      vertex 39.70709228515625 4.814239501953125 10.085786819458008
      vertex 39.680328369140625 4.9000244140625 10.219738006591797
      vertex 39.791307047032674 4.9000244140625 10
    endloop
  endfacet
  facet normal -0.62422238806085 0.6197746765693241 -0.4756319591101922
    outer loop
      vertex 39.5 4.70184326171875 10.198161125183105
      vertex 39.5 4.882080078125 10.433019638061523
      vertex 39.680328369140625 4.9000244140625 10.219738006591797
    endloop
  endfacet
  facet normal -0.7547535189011099 0.213950034295934 -0.6201391041783778
    outer loop
      vertex 39.680328369140625 4.9000244140625 10.219738006591797
      vertex 39.5 4.882080078125 10.433019638061523
      vertex 39.25880432128906 4.89886474609375 10.732362747192383
    endloop
  endfacet
  facet normal -0.12949482442783908 0.9161227988544474 -0.37940757486573345
    outer loop
      vertex 39 4.76605224609375 10.500003814697266
      vertex 39 4.865936279296875 10.741185188293457
      vertex 39.25880432128906 4.89886474609375 10.732362747192383
    endloop
  endfacet
  facet normal -0.1294394242199846 0.9161084645667664 -0.3794610870783991
    outer loop
      vertex 39 4.76605224609375 10.500003814697266
      vertex 39.25880432128906 4.89886474609375 10.732362747192383
      vertex 39.25880432128906 4.795562744140625 10.482967376708984
    endloop
  endfacet
  facet normal -0.045496810202123976 -0.9981765240825871 -0.03966947229087193
    outer loop
      vertex 39 4.9000244140625 11.000004768371582
      vertex 39.680328369140625 4.9000244140625 10.219738006591797
      vertex 39.25880432128906 4.89886474609375 10.732362747192383
    endloop
  endfacet
  facet normal -0.3798637645534697 0.8546289216729804 -0.3539956590402556
    outer loop
      vertex 39.25880432128906 4.795562744140625 10.482967376708984
      vertex 39.25880432128906 4.89886474609375 10.732362747192383
      vertex 39.5 4.882080078125 10.433019638061523
    endloop
  endfacet
  facet normal -0.12949540507083346 0.9830900882496599 -0.12947902706931613
    outer loop
      vertex 39 4.865936279296875 10.741185188293457
      vertex 39 4.9000244140625 11.000004768371582
      vertex 39.25880432128906 4.89886474609375 10.732362747192383
    endloop
  endfacet
  facet normal 0 1 0
    outer loop
      vertex 39 4.9000244140625 11.000004768371582
      vertex 42.99998474121094 4.9000244140625 11.000000953674316
      vertex 39.680328369140625 4.9000244140625 10.219738006591797
    endloop
  endfacet
  facet normal 0 1 0
    outer loop
      vertex 39.680328369140625 4.9000244140625 10.219738006591797
      vertex 42.99998474121094 4.9000244140625 10
      vertex 39.791307047032674 4.9000244140625 10
    endloop
  endfacet
  facet normal 0 1 0
    outer loop
      vertex 39.680328369140625 4.9000244140625 10.219738006591797
      vertex 42.99998474121094 4.9000244140625 11.000000953674316
      vertex 42.99998474121094 4.9000244140625 10
    endloop
  endfacet
  facet normal 0.12791727366839706 0.9917848411310008 4.92213472782859e-16
    outer loop
      vertex 43.47959899902344 4.838165283203125 10.663495063781738
      vertex 43.423410734193915 4.845412267983568 10
      vertex 42.99998474121094 4.9000244140625 10
    endloop
  endfacet
  facet normal 0.3564148840410154 0.9343268122484494 0.0013558568066945023
    outer loop
      vertex 43.952239990234375 4.6583251953125 10.348662376403809
      vertex 43.923908719855284 4.669638605742996 10
      vertex 43.48405373127611 4.837428786538557 10
    endloop
  endfacet
  facet normal 0.3564148840410184 0.9343268122484483 0.001355856806689938
    outer loop
      vertex 43.47959899902344 4.838165283203125 10.663495063781738
      vertex 43.952239990234375 4.6583251953125 10.348662376403809
      vertex 43.48405373127611 4.837428786538557 10
    endloop
  endfacet
  facet normal 0.6375800563430616 0.7703837165233152 -0.000775286593875098
    outer loop
      vertex 44.37925720214844 4.348297119140625 10.106131553649902
      vertex 44.177738584860556 4.514969864475015 10
      vertex 44.16740417480469 4.52374267578125 10.218522071838379
    endloop
  endfacet
  facet normal 0.5305467150105949 0.8476555023893504 0.0005765938990058948
    outer loop
      vertex 44.16740417480469 4.52374267578125 10.218522071838379
      vertex 44.16039359190283 4.528279235989341 10
      vertex 43.955352322809084 4.6566143573359895 10
    endloop
  endfacet
  facet normal 0.6087611786522859 0.7933476306746818 -0.0030601092706351502
    outer loop
      vertex 44.16740417480469 4.52374267578125 10.218522071838379
      vertex 44.177738584860556 4.514969864475015 10
      vertex 44.16039359190283 4.528279235989341 10
    endloop
  endfacet
  facet normal 0.5305467150105967 0.8476555023893493 0.0005765938990034495
    outer loop
      vertex 44.16740417480469 4.52374267578125 10.218522071838379
      vertex 43.955352322809084 4.6566143573359895 10
      vertex 43.952239990234375 4.6583251953125 10.348662376403809
    endloop
  endfacet
  facet normal 0.3826802244374622 0.923880185593616 -0.0011173593866471844
    outer loop
      vertex 43.952239990234375 4.6583251953125 10.348662376403809
      vertex 43.955352322809084 4.6566143573359895 10
      vertex 43.923908719855284 4.669638605742996 10
    endloop
  endfacet
  facet normal 0.13052103707202012 0.9914455146971004 -0.00022420670370937307
    outer loop
      vertex 43.47959899902344 4.838165283203125 10.663495063781738
      vertex 43.48405373127611 4.837428786538557 10
      vertex 43.423410734193915 4.845412267983568 10
    endloop
  endfacet
  facet normal 0.1279172736683977 0.9917848411310007 0
    outer loop
      vertex 43.47959899902344 4.838165283203125 10.663495063781738
      vertex 42.99998474121094 4.9000244140625 10
      vertex 42.99998474121094 4.9000244140625 11.000000953674316
    endloop
  endfacet
  facet normal 0.9063127990003 0.4226075133835666 0
    outer loop
      vertex 44.73204040527344 3.9000244140625 10.00000286102295
      vertex 44.87937927246094 3.58404541015625 10
      vertex 44.73204040527344 3.9000244140625 10
    endloop
  endfacet
  facet normal 0.8276941733647173 0.5611794324261157 0
    outer loop
      vertex 44.73204040527344 3.9000244140625 10.00000286102295
      vertex 44.73204040527344 3.9000244140625 10
      vertex 44.57294297999306 4.134680219840335 10
    endloop
  endfacet
  facet normal 0.7933469575221251 0.608760661509406 -0.0033259568575034772
    outer loop
      vertex 44.57203674316406 4.136016845703125 10.028480529785156
      vertex 44.57294297999306 4.134680219840335 10
      vertex 44.57114277864172 4.137026272000586 10
    endloop
  endfacet
  facet normal 0.8276941733647172 0.5611794324261156 6.445280051897973e-14
    outer loop
      vertex 44.73204040527344 3.9000244140625 10.00000286102295
      vertex 44.57294297999306 4.134680219840335 10
      vertex 44.57203674316406 4.136016845703125 10.028480529785156
    endloop
  endfacet
  facet normal 0.7403975870121547 0.6721689317274034 0.0005834098217804943
    outer loop
      vertex 44.37925720214844 4.348297119140625 10.106131553649902
      vertex 44.57203674316406 4.136016845703125 10.028480529785156
      vertex 44.379983489497555 4.34758922684227 10
    endloop
  endfacet
  facet normal 0.740397587012154 0.6721689317274042 0.0005834098217914509
    outer loop
      vertex 44.57203674316406 4.136016845703125 10.028480529785156
      vertex 44.57114277864172 4.137026272000586 10
      vertex 44.379983489497555 4.34758922684227 10
    endloop
  endfacet
  facet normal -0.0005818699299442821 0.3430666371662333 -0.9393108877740303
    outer loop
      vertex 44.37925720214844 4.348297119140625 10.106131553649902
      vertex 48.99998474121094 4.158843994140625 10.034074783325195
      vertex 44.57203674316406 4.136016845703125 10.028480529785156
    endloop
  endfacet
  facet normal 0.6375800563430676 0.7703837165233103 -0.0007752865938939691
    outer loop
      vertex 44.37925720214844 4.348297119140625 10.106131553649902
      vertex 44.379983489497555 4.34758922684227 10
      vertex 44.177738584860556 4.514969864475015 10
    endloop
  endfacet
  facet normal -0.0034932151083527873 0.8660466128117709 -0.499951059490292
    outer loop
      vertex 43.47959899902344 4.838165283203125 10.663495063781738
      vertex 48.99998474121094 4.76605224609375 10.500004768371582
      vertex 43.952239990234375 4.6583251953125 10.348662376403809
    endloop
  endfacet
  facet normal -0.0009514277000680236 0.5385973074416862 -0.8425627781963178
    outer loop
      vertex 44.37925720214844 4.348297119140625 10.106131553649902
      vertex 44.16740417480469 4.52374267578125 10.218522071838379
      vertex 48.99998474121094 4.4000244140625 10.133979797363281
    endloop
  endfacet
  facet normal -0.0009045317751290806 0.6943952390581661 -0.7195932419051893
    outer loop
      vertex 44.16740417480469 4.52374267578125 10.218522071838379
      vertex 43.952239990234375 4.6583251953125 10.348662376403809
      vertex 49 4.60711669921875 10.292901992797852
    endloop
  endfacet
  facet normal -0.0023545210774730966 0.9829153734532039 -0.18404299731270551
    outer loop
      vertex 43.47959899902344 4.838165283203125 10.663495063781738
      vertex 42.99998474121094 4.9000244140625 11.000000953674316
      vertex 48.99998474121094 4.865936279296875 10.74118709564209
    endloop
  endfacet
  facet normal 0 1 0
    outer loop
      vertex 39 4.9000244140625 11.000004768371582
      vertex 38.99998474121094 4.9000244140625 14.000014305114746
      vertex 42.99998474121094 4.9000244140625 11.000000953674316
    endloop
  endfacet
  facet normal 4.269577956820109e-7 0.9914379741623744 0.1305784951231426
    outer loop
      vertex 38.99998474121094 4.865936279296875 14.258833885192871
      vertex 42.49998474121094 4.865936279296875 14.258822441101074
      vertex 38.99998474121094 4.9000244140625 14.000014305114746
    endloop
  endfacet
  facet normal -0.0015340135613393319 0.9885405261590202 0.1509479212961911
    outer loop
      vertex 38.99998474121094 4.9000244140625 14.000014305114746
      vertex 42.49998474121094 4.865936279296875 14.258822441101074
      vertex 45.804901123046875 4.88079833984375 14.19507884979248
    endloop
  endfacet
  facet normal 0.000006213433725493342 0.13050308537091823 0.9914479031548072
    outer loop
      vertex 38.99998474121094 3.9000244140625 15.00001335144043
      vertex 42.49998474121094 4.158843994140625 14.965923309326172
      vertex 39 4.158843994140625 14.96594524383545
    endloop
  endfacet
  facet normal 0.000005789939868423103 0.3826991695335325 0.9238730137875124
    outer loop
      vertex 39 4.158843994140625 14.96594524383545
      vertex 42.49998474121094 4.158843994140625 14.965923309326172
      vertex 39 4.4000244140625 14.866040229797363
    endloop
  endfacet
  facet normal 1 0 0
    outer loop
      vertex 39 4.158843994140625 14.96594524383545
      vertex 39 4.4000244140625 14.866040229797363
      vertex 39 4.9000244140625 15.000006675720215
    endloop
  endfacet
  facet normal 1 0 0
    outer loop
      vertex 39 4.4000244140625 14.866040229797363
      vertex 39 4.60711669921875 14.707125663757324
      vertex 39 4.9000244140625 15.000006675720215
    endloop
  endfacet
  facet normal 0.0000032425210095489216 0.6087784677706327 0.7933402656920463
    outer loop
      vertex 39 4.4000244140625 14.866040229797363
      vertex 42.5 4.4000244140625 14.866025924682617
      vertex 39 4.60711669921875 14.707125663757324
    endloop
  endfacet
  facet normal 0.0000015638730563958393 0.9239019629805237 0.3826292759294422
    outer loop
      vertex 38.99998474121094 4.76605224609375 14.500015258789062
      vertex 42.49998474121094 4.76605224609375 14.500000953674316
      vertex 38.99998474121094 4.865936279296875 14.258833885192871
    endloop
  endfacet
  facet normal 0.000002488254251265198 0.793327174342903 0.6087955276140864
    outer loop
      vertex 38.99998474121094 4.76605224609375 14.500015258789062
      vertex 39 4.60711669921875 14.707125663757324
      vertex 42.5 4.60711669921875 14.707111358642578
    endloop
  endfacet
  facet normal 0.000003776073510635521 0.38267422383650096 0.9238833467472356
    outer loop
      vertex 39 4.4000244140625 14.866040229797363
      vertex 42.49998474121094 4.158843994140625 14.965923309326172
      vertex 42.5 4.4000244140625 14.866025924682617
    endloop
  endfacet
  facet normal 0.0000037820573750576468 0.13053540431984273 0.9914436485271118
    outer loop
      vertex 38.99998474121094 3.9000244140625 15.00001335144043
      vertex 44.99998474121094 3.9000244140625 14.999990463256836
      vertex 42.49998474121094 4.158843994140625 14.965923309326172
    endloop
  endfacet
  facet normal 0.0000032425210095489216 0.6087784677706327 0.7933402656920463
    outer loop
      vertex 39 4.60711669921875 14.707125663757324
      vertex 42.5 4.4000244140625 14.866025924682617
      vertex 42.5 4.60711669921875 14.707111358642578
    endloop
  endfacet
  facet normal 0.000002488254251265198 0.793327174342903 0.6087955276140864
    outer loop
      vertex 38.99998474121094 4.76605224609375 14.500015258789062
      vertex 42.5 4.60711669921875 14.707111358642578
      vertex 42.49998474121094 4.76605224609375 14.500000953674316
    endloop
  endfacet
  facet normal 0.0000012511111136074767 0.9239003583821593 0.38263315039310475
    outer loop
      vertex 38.99998474121094 4.865936279296875 14.258833885192871
      vertex 42.49998474121094 4.76605224609375 14.500000953674316
      vertex 42.49998474121094 4.865936279296875 14.258822441101074
    endloop
  endfacet
  facet normal 0 1 0
    outer loop
      vertex 38.99998474121094 4.9000244140625 14.000014305114746
      vertex 45.999969482421875 4.9000244140625 13.999981880187988
      vertex 42.99998474121094 4.9000244140625 11.000000953674316
    endloop
  endfacet
  facet normal 4.542818351560436e-7 0.9951793568987634 0.09807164525160948
    outer loop
      vertex 38.99998474121094 4.9000244140625 14.000014305114746
      vertex 45.804901123046875 4.88079833984375 14.19507884979248
      vertex 45.999969482421875 4.9000244140625 13.999981880187988
    endloop
  endfacet
  facet normal 0 1 0
    outer loop
      vertex 42.99998474121094 4.9000244140625 11.000000953674316
      vertex 45.999969482421875 4.9000244140625 13.999981880187988
      vertex 48.99998474121094 4.9000244140625 11.000005722045898
    endloop
  endfacet
  facet normal -0.0033136759597758828 0.38267230201623315 0.9238782002088969
    outer loop
      vertex 42.49998474121094 4.158843994140625 14.965923309326172
      vertex 45.07611083984375 4.282684326171875 14.923868179321289
      vertex 42.5 4.4000244140625 14.866025924682617
    endloop
  endfacet
  facet normal -0.008479842984572099 0.049549859198735294 0.9987356525709605
    outer loop
      vertex 42.49998474121094 4.158843994140625 14.965923309326172
      vertex 44.99998474121094 3.9000244140625 14.999990463256836
      vertex 45.004791259765625 3.998016357421875 14.995169639587402
    endloop
  endfacet
  facet normal -0.0021122909028575354 0.14697580691988277 0.9891378318552936
    outer loop
      vertex 42.49998474121094 4.158843994140625 14.965923309326172
      vertex 45.004791259765625 3.998016357421875 14.995169639587402
      vertex 45.019195556640625 4.0950927734375 14.980775833129883
    endloop
  endfacet
  facet normal 0.0016916782767624518 0.2898253347950953 0.95707806031458
    outer loop
      vertex 42.49998474121094 4.158843994140625 14.965923309326172
      vertex 45.019195556640625 4.0950927734375 14.980775833129883
      vertex 45.07611083984375 4.282684326171875 14.923868179321289
    endloop
  endfacet
  facet normal -0.002400224327286246 0.6087767141615475 0.7933379804458176
    outer loop
      vertex 42.5 4.4000244140625 14.866025924682617
      vertex 45.16850280761719 4.455596923828125 14.83145523071289
      vertex 42.5 4.60711669921875 14.707111358642578
    endloop
  endfacet
  facet normal -0.0021712775480470887 0.7933252269450138 0.6087941933416018
    outer loop
      vertex 42.49998474121094 4.76605224609375 14.500000953674316
      vertex 42.5 4.60711669921875 14.707111358642578
      vertex 45.44441223144531 4.731475830078125 14.555559158325195
    endloop
  endfacet
  facet normal 0.0016283278185676038 0.4706765299265963 0.882304342460567
    outer loop
      vertex 42.5 4.4000244140625 14.866025924682617
      vertex 45.07611083984375 4.282684326171875 14.923868179321289
      vertex 45.16850280761719 4.455596923828125 14.83145523071289
    endloop
  endfacet
  facet normal -0.0027380259167421954 0.9238968952347923 0.3826317161313088
    outer loop
      vertex 42.49998474121094 4.76605224609375 14.500000953674316
      vertex 45.6173095703125 4.823883056640625 14.382670402526855
      vertex 42.49998474121094 4.865936279296875 14.258822441101074
    endloop
  endfacet
  facet normal -0.9891420461938313 0.14695719384245964 0.00126318226330248
    outer loop
      vertex 45.004791259765625 3.998016357421875 14.995169639587402
      vertex 45.03407287597656 4.158843994140625 19.21380043029785
      vertex 45.019195556640625 4.0950927734375 14.980775833129883
    endloop
  endfacet
  facet normal -0.9570103169036802 0.2900521395812989 -0.0010048204955728087
    outer loop
      vertex 45.019195556640625 4.0950927734375 14.980775833129883
      vertex 45.03407287597656 4.158843994140625 19.21380043029785
      vertex 45.07611083984375 4.282684326171875 14.923868179321289
    endloop
  endfacet
  facet normal 0.00000395925032718493 0.6344191163797542 0.7729892526783643
    outer loop
      vertex 42.5 4.60711669921875 14.707111358642578
      vertex 45.16850280761719 4.455596923828125 14.83145523071289
      vertex 45.292877197265625 4.60711669921875 14.707097053527832
    endloop
  endfacet
  facet normal 0.0014339723784216774 0.8813314124373197 0.4724964393246337
    outer loop
      vertex 42.49998474121094 4.76605224609375 14.500000953674316
      vertex 45.44441223144531 4.731475830078125 14.555559158325195
      vertex 45.6173095703125 4.823883056640625 14.382670402526855
    endloop
  endfacet
  facet normal 0.00000324929680179731 0.773020881783525 0.6343805768748468
    outer loop
      vertex 42.5 4.60711669921875 14.707111358642578
      vertex 45.292877197265625 4.60711669921875 14.707097053527832
      vertex 45.44441223144531 4.731475830078125 14.555559158325195
    endloop
  endfacet
  facet normal 0.0013215038047716707 0.9565574049027261 0.2915410515749985
    outer loop
      vertex 42.49998474121094 4.865936279296875 14.258822441101074
      vertex 45.6173095703125 4.823883056640625 14.382670402526855
      vertex 45.804901123046875 4.88079833984375 14.19507884979248
    endloop
  endfacet
  facet normal -0.4720712651599996 0.8815599198010863 -0.0009101706101443185
    outer loop
      vertex 45.6173095703125 4.823883056640625 14.382670402526855
      vertex 45.44441223144531 4.731475830078125 14.555559158325195
      vertex 45.5 4.76605224609375 19.21380043029785
    endloop
  endfacet
  facet normal -0.8822058212472427 0.47086296088524515 -0.0009803182432488945
    outer loop
      vertex 45.07611083984375 4.282684326171875 14.923868179321289
      vertex 45.13397216796875 4.4000244140625 19.213802337646484
      vertex 45.16850280761719 4.455596923828125 14.83145523071289
    endloop
  endfacet
  facet normal -0.7729460456889826 0.6344717570128056 0.00000261704169657078
    outer loop
      vertex 45.16850280761719 4.455596923828125 14.83145523071289
      vertex 45.29289245605469 4.60711669921875 19.213796615600586
      vertex 45.292877197265625 4.60711669921875 14.707097053527832
    endloop
  endfacet
  facet normal -0.6343845088249899 0.7730176550107137 0.0000021478998702602936
    outer loop
      vertex 45.292877197265625 4.60711669921875 14.707097053527832
      vertex 45.29289245605469 4.60711669921875 19.213796615600586
      vertex 45.44441223144531 4.731475830078125 14.555559158325195
    endloop
  endfacet
  facet normal -0.2911216582255174 0.9566856510875559 -0.0008632005586405743
    outer loop
      vertex 45.6173095703125 4.823883056640625 14.382670402526855
      vertex 45.741180419921875 4.865936279296875 19.21379280090332
      vertex 45.804901123046875 4.88079833984375 14.19507884979248
    endloop
  endfacet
  facet normal -0.09637761665139152 0.9953433494455505 0.001723868646455894
    outer loop
      vertex 45.804901123046875 4.88079833984375 14.19507884979248
      vertex 45.741180419921875 4.865936279296875 19.21379280090332
      vertex 45.999969482421875 4.9000244140625 13.999981880187988
    endloop
  endfacet
  facet normal 0.0013241658848206525 -0.7933721543651978 -0.6087354690361275
    outer loop
      vertex 43.952239990234375 0.24169921875 10.348662376403809
      vertex 49 0.29290771484375 10.292901992797852
      vertex 48.99998474121094 0.134002685546875 10.500004768371582
    endloop
  endfacet
  facet normal 0.0017070932154112106 -0.6087958962578275 -0.7933250547741338
    outer loop
      vertex 44.16740417480469 0.37628173828125 10.218522071838379
      vertex 48.99998474121094 0.5 10.133979797363281
      vertex 49 0.29290771484375 10.292901992797852
    endloop
  endfacet
  facet normal 0.0012838331410911488 -0.3826988541521629 -0.9238722524262146
    outer loop
      vertex 44.37925720214844 0.551727294921875 10.106131553649902
      vertex 48.99998474121094 0.741180419921875 10.034074783325195
      vertex 48.99998474121094 0.5 10.133979797363281
    endloop
  endfacet
  facet normal 0.0005797591466809804 -0.13051383670795896 -0.9914463184192576
    outer loop
      vertex 44.57203674316406 0.764007568359375 10.028480529785156
      vertex 48.99998474121094 1 10.000003814697266
      vertex 48.99998474121094 0.741180419921875 10.034074783325195
    endloop
  endfacet
  facet normal 0.0007387802345188198 -0.92386091520432 -0.38272766239403316
    outer loop
      vertex 43.47959899902344 0.061859130859375 10.663495063781738
      vertex 48.99998474121094 0.134002685546875 10.500004768371582
      vertex 48.99998474121094 0.034088134765625 10.74118709564209
    endloop
  endfacet
  facet normal 1.0377484008828134e-7 -0.9914379118730541 -0.13057896806449162
    outer loop
      vertex 42.99998474121094 0 11.000000953674316
      vertex 48.99998474121094 0.034088134765625 10.74118709564209
      vertex 48.99998474121094 0 11.000005722045898
    endloop
  endfacet
  facet normal 2.218411439027483e-7 -0.11980299080323252 -0.992797685026789
    outer loop
      vertex 44.57203674316406 0.764007568359375 10.028480529785156
      vertex 44.73204040527344 1 10.00000286102295
      vertex 48.99998474121094 1 10.000003814697266
    endloop
  endfacet
  facet normal 2.2345050481000327e-7 -0.000009158665156778872 -0.9999999999580346
    outer loop
      vertex 44.73204040527344 1 10.00000286102295
      vertex 44.87937927246094 1.31597900390625 10
      vertex 48.99998474121094 1 10.000003814697266
    endloop
  endfacet
  facet normal 0.0000013327324939986904 0.000005307211925009713 -0.9999999999850288
    outer loop
      vertex 48.99998474121094 1 10.000003814697266
      vertex 44.87937927246094 1.31597900390625 10
      vertex 44.9696044921875 1.6527099609375 10.000001907348633
    endloop
  endfacet
  facet normal 0.0000013436287151404978 0.000005374494358414849 -0.9999999999846547
    outer loop
      vertex 48.99998474121094 1 10.000003814697266
      vertex 44.9696044921875 1.6527099609375 10.000001907348633
      vertex 45 2 10.000003814697266
    endloop
  endfacet
  facet normal -0.19115423719414523 -0.7787362161614034 -0.5975198433871
    outer loop
      vertex 48.99998474121094 0.134002685546875 10.500004768371582
      vertex 49 0.29290771484375 10.292901992797852
      vertex 49.01802062988281 0.15057373046875 10.472638130187988
    endloop
  endfacet
  facet normal 0.029987743614629702 -0.7821367553713378 -0.6223847934598814
    outer loop
      vertex 49.01802062988281 0.15057373046875 10.472638130187988
      vertex 49 0.29290771484375 10.292901992797852
      vertex 49.12074279785156 0.271087646484375 10.326140403747559
    endloop
  endfacet
  facet normal 0.18768463386078646 -0.8190408175555305 -0.5421684400539291
    outer loop
      vertex 49.01802062988281 0.15057373046875 10.472638130187988
      vertex 49.12074279785156 0.271087646484375 10.326140403747559
      vertex 49.34913635253906 0.24237060546875 10.448586463928223
    endloop
  endfacet
  facet normal 0.09457262079428853 -0.6392265132430073 -0.7631811607759243
    outer loop
      vertex 49 0.29290771484375 10.292901992797852
      vertex 49.19801330566406 0.43011474609375 10.20251750946045
      vertex 49.12074279785156 0.271087646484375 10.326140403747559
    endloop
  endfacet
  facet normal 0.05961835629544872 -0.6077111966498462 -0.7919171377480354
    outer loop
      vertex 49 0.29290771484375 10.292901992797852
      vertex 48.99998474121094 0.5 10.133979797363281
      vertex 49.19801330566406 0.43011474609375 10.20251750946045
    endloop
  endfacet
  facet normal 0.2832057154732617 -0.67059854125819 -0.6856326415695694
    outer loop
      vertex 49.12074279785156 0.271087646484375 10.326140403747559
      vertex 49.19801330566406 0.43011474609375 10.20251750946045
      vertex 49.4332275390625 0.415435791015625 10.314031600952148
    endloop
  endfacet
  facet normal 0.28322855824363824 -0.6706435099113122 -0.6855792196450134
    outer loop
      vertex 49.12074279785156 0.271087646484375 10.326140403747559
      vertex 49.4332275390625 0.415435791015625 10.314031600952148
      vertex 49.34913635253906 0.24237060546875 10.448586463928223
    endloop
  endfacet
  facet normal 0.5021609028815448 -0.6695303941324947 -0.5473239250662975
    outer loop
      vertex 49.34913635253906 0.24237060546875 10.448586463928223
      vertex 49.4332275390625 0.415435791015625 10.314031600952148
      vertex 49.639007568359375 0.44049072265625 10.472182273864746
    endloop
  endfacet
  facet normal 0.13674541710892998 -0.4685009183843992 -0.8728158914528764
    outer loop
      vertex 49.19801330566406 0.43011474609375 10.20251750946045
      vertex 48.99998474121094 0.5 10.133979797363281
      vertex 49.245452880859375 0.6185302734375 10.108814239501953
    endloop
  endfacet
  facet normal 0.08971628323005766 -0.3811558827785805 -0.9201473694722302
    outer loop
      vertex 48.99998474121094 0.5 10.133979797363281
      vertex 48.99998474121094 0.741180419921875 10.034074783325195
      vertex 49.245452880859375 0.6185302734375 10.108814239501953
    endloop
  endfacet
  facet normal 0.3494336880360456 -0.48628193382839 -0.8008907406741876
    outer loop
      vertex 49.19801330566406 0.43011474609375 10.20251750946045
      vertex 49.245452880859375 0.6185302734375 10.108814239501953
      vertex 49.48484802246094 0.62054443359375 10.212040901184082
    endloop
  endfacet
  facet normal 0.34938707213166825 -0.48620847115942517 -0.800955676926055
    outer loop
      vertex 49.19801330566406 0.43011474609375 10.20251750946045
      vertex 49.48484802246094 0.62054443359375 10.212040901184082
      vertex 49.4332275390625 0.415435791015625 10.314031600952148
    endloop
  endfacet
  facet normal 0.14971419248882495 -0.27847832377189174 -0.9487019994479914
    outer loop
      vertex 49.245452880859375 0.6185302734375 10.108814239501953
      vertex 48.99998474121094 0.741180419921875 10.034074783325195
      vertex 49.260345458984375 0.825653076171875 10.050366401672363
    endloop
  endfacet
  facet normal 0.10381851054545298 -0.12980859545154003 -0.9860889642496878
    outer loop
      vertex 48.99998474121094 0.741180419921875 10.034074783325195
      vertex 48.99998474121094 1 10.000003814697266
      vertex 49.260345458984375 0.825653076171875 10.050366401672363
    endloop
  endfacet
  facet normal 0.38246529795178325 -0.27630347237405234 -0.8816896772769288
    outer loop
      vertex 49.245452880859375 0.6185302734375 10.108814239501953
      vertex 49.260345458984375 0.825653076171875 10.050366401672363
      vertex 49.501068115234375 0.845947265625 10.148428916931152
    endloop
  endfacet
  facet normal 0.3824964980199437 -0.27634305998073405 -0.8816637353339218
    outer loop
      vertex 49.245452880859375 0.6185302734375 10.108814239501953
      vertex 49.501068115234375 0.845947265625 10.148428916931152
      vertex 49.48484802246094 0.62054443359375 10.212040901184082
    endloop
  endfacet
  facet normal 0.00775785085779339 -0.9914080769506146 -0.13057503860674366
    outer loop
      vertex 48.99998474121094 0.034088134765625 10.74118709564209
      vertex 49.10423278808594 0.02935791015625 10.783295631408691
      vertex 48.99998474121094 0 11.000005722045898
    endloop
  endfacet
  facet normal 0.08504062824162126 -0.9205144658932662 -0.3813413295585798
    outer loop
      vertex 48.99998474121094 0.134002685546875 10.500004768371582
      vertex 49.237335205078125 0.111175537109375 10.608036994934082
      vertex 48.99998474121094 0.034088134765625 10.74118709564209
    endloop
  endfacet
  facet normal 0.10177779346704387 -0.9288088333375094 -0.35630805754458367
    outer loop
      vertex 48.99998474121094 0.034088134765625 10.74118709564209
      vertex 49.237335205078125 0.111175537109375 10.608036994934082
      vertex 49.10423278808594 0.02935791015625 10.783295631408691
    endloop
  endfacet
  facet normal 0.27677806783516623 -0.9340196433606979 -0.2258344680995065
    outer loop
      vertex 49.10423278808594 0.02935791015625 10.783295631408691
      vertex 49.237335205078125 0.111175537109375 10.608036994934082
      vertex 49.44050598144531 0.1322021484375 10.770075798034668
    endloop
  endfacet
  facet normal 0.12181963943140146 -0.8825687475989967 -0.45412815505134874
    outer loop
      vertex 48.99998474121094 0.134002685546875 10.500004768371582
      vertex 49.01802062988281 0.15057373046875 10.472638130187988
      vertex 49.237335205078125 0.111175537109375 10.608036994934082
    endloop
  endfacet
  facet normal 0.18765997903532716 -0.8189787042110029 -0.5422707942691798
    outer loop
      vertex 49.01802062988281 0.15057373046875 10.472638130187988
      vertex 49.34913635253906 0.24237060546875 10.448586463928223
      vertex 49.237335205078125 0.111175537109375 10.608036994934082
    endloop
  endfacet
  facet normal 0.40203475946281064 -0.8250881975433227 -0.3969855393567765
    outer loop
      vertex 49.237335205078125 0.111175537109375 10.608036994934082
      vertex 49.34913635253906 0.24237060546875 10.448586463928223
      vertex 49.55377197265625 0.26513671875 10.608508110046387
    endloop
  endfacet
  facet normal 0.40202903781808014 -0.8250763447262087 -0.39701596708987313
    outer loop
      vertex 49.237335205078125 0.111175537109375 10.608036994934082
      vertex 49.55377197265625 0.26513671875 10.608508110046387
      vertex 49.44050598144531 0.1322021484375 10.770075798034668
    endloop
  endfacet
  facet normal 0.1302394833768185 -0.9889142914588787 -0.07131760734996209
    outer loop
      vertex 49.10423278808594 0.02935791015625 10.783295631408691
      vertex 49.258819580078125 0.034088134765625 11.000009536743164
      vertex 48.99998474121094 0 11.000005722045898
    endloop
  endfacet
  facet normal 0.18969853687836735 -0.9751981973432422 -0.11403043893933468
    outer loop
      vertex 49.10423278808594 0.02935791015625 10.783295631408691
      vertex 49.305633544921875 0.04931640625 10.947654724121094
      vertex 49.258819580078125 0.034088134765625 11.000009536743164
    endloop
  endfacet
  facet normal 0.2767873944896411 -0.9340385930305083 -0.22574464552060652
    outer loop
      vertex 49.10423278808594 0.02935791015625 10.783295631408691
      vertex 49.44050598144531 0.1322021484375 10.770075798034668
      vertex 49.305633544921875 0.04931640625 10.947654724121094
    endloop
  endfacet
  facet normal 0.42028066419775384 -0.9016816845066534 -0.10165777455137683
    outer loop
      vertex 49.305633544921875 0.04931640625 10.947654724121094
      vertex 49.44050598144531 0.1322021484375 10.770075798034668
      vertex 49.49998474121094 0.134002685546875 11.000006675720215
    endloop
  endfacet
  facet normal 0.3817213309168271 -0.9213640632287173 0.07332863365530708
    outer loop
      vertex 49.258819580078125 0.034088134765625 11.000009536743164
      vertex 49.305633544921875 0.04931640625 10.947654724121094
      vertex 49.49998474121094 0.134002685546875 11.000006675720215
    endloop
  endfacet
  facet normal 0.1299855909075604 -0.09108848339060394 -0.9873229635484084
    outer loop
      vertex 49.260345458984375 0.825653076171875 10.050366401672363
      vertex 48.99998474121094 1 10.000003814697266
      vertex 49.25880432128906 1 10.034078598022461
    endloop
  endfacet
  facet normal 0.3813806913298114 -0.08264377836894594 -0.9207164461318694
    outer loop
      vertex 49.260345458984375 0.825653076171875 10.050366401672363
      vertex 49.25880432128906 1 10.034078598022461
      vertex 49.49998474121094 1 10.133980751037598
    endloop
  endfacet
  facet normal 0.38198237871107144 -0.08363329979008932 -0.9203776037694815
    outer loop
      vertex 49.260345458984375 0.825653076171875 10.050366401672363
      vertex 49.49998474121094 1 10.133980751037598
      vertex 49.501068115234375 0.845947265625 10.148428916931152
    endloop
  endfacet
  facet normal 0 0 -1
    outer loop
      vertex 48.99998474121094 1 10.000003814697266
      vertex 45 2 10.000003814697266
      vertex 45 2.9000244140625 10.000003814697266
    endloop
  endfacet
  facet normal 0 0 -1
    outer loop
      vertex 48.99998474121094 1 10.000003814697266
      vertex 45 2.9000244140625 10.000003814697266
      vertex 48.99998474121094 3.9000244140625 10.000003814697266
    endloop
  endfacet
  facet normal 0.0000013436287151404978 -0.000005374494358414849 -0.9999999999846547
    outer loop
      vertex 45 2.9000244140625 10.000003814697266
      vertex 44.9696044921875 3.247314453125 10.000001907348633
      vertex 48.99998474121094 3.9000244140625 10.000003814697266
    endloop
  endfacet
  facet normal 0.13052822244845283 0 -0.991444594087056
    outer loop
      vertex 48.99998474121094 1 10.000003814697266
      vertex 48.99998474121094 3.9000244140625 10.000003814697266
      vertex 49.25880432128906 1 10.034078598022461
    endloop
  endfacet
  facet normal 0.3826898150767314 0 -0.9238768886797295
    outer loop
      vertex 49.25880432128906 1 10.034078598022461
      vertex 49.25880432128906 3.9000244140625 10.034078598022461
      vertex 49.49998474121094 1 10.133980751037598
    endloop
  endfacet
  facet normal 0.13052822244845283 0 -0.991444594087056
    outer loop
      vertex 49.25880432128906 1 10.034078598022461
      vertex 48.99998474121094 3.9000244140625 10.000003814697266
      vertex 49.25880432128906 3.9000244140625 10.034078598022461
    endloop
  endfacet
  facet normal 0.3826898150767314 0 -0.9238768886797295
    outer loop
      vertex 49.49998474121094 1 10.133980751037598
      vertex 49.25880432128906 3.9000244140625 10.034078598022461
      vertex 49.49998474121094 3.9000244140625 10.133980751037598
    endloop
  endfacet
  facet normal 0.5715574016766237 -0.4761996211513424 -0.6682484997394191
    outer loop
      vertex 49.4332275390625 0.415435791015625 10.314031600952148
      vertex 49.691314697265625 0.648284912109375 10.368844985961914
      vertex 49.639007568359375 0.44049072265625 10.472182273864746
    endloop
  endfacet
  facet normal 0.5715289372820941 -0.476154827376632 -0.6683047614787209
    outer loop
      vertex 49.4332275390625 0.415435791015625 10.314031600952148
      vertex 49.48484802246094 0.62054443359375 10.212040901184082
      vertex 49.691314697265625 0.648284912109375 10.368844985961914
    endloop
  endfacet
  facet normal 0.7553990999444785 -0.43420679017229014 -0.4907511214162924
    outer loop
      vertex 49.639007568359375 0.44049072265625 10.472182273864746
      vertex 49.691314697265625 0.648284912109375 10.368844985961914
      vertex 49.85076904296875 0.699981689453125 10.568548202514648
    endloop
  endfacet
  facet normal 0.6062342270028344 -0.2560434700138644 -0.7529420983538742
    outer loop
      vertex 49.48484802246094 0.62054443359375 10.212040901184082
      vertex 49.707733154296875 0.876708984375 10.304387092590332
      vertex 49.691314697265625 0.648284912109375 10.368844985961914
    endloop
  endfacet
  facet normal 0.6062795477125358 -0.2561034072346462 -0.7528852202217069
    outer loop
      vertex 49.48484802246094 0.62054443359375 10.212040901184082
      vertex 49.501068115234375 0.845947265625 10.148428916931152
      vertex 49.707733154296875 0.876708984375 10.304387092590332
    endloop
  endfacet
  facet normal 0.7893615867656796 -0.2186772355990883 -0.573662402436755
    outer loop
      vertex 49.691314697265625 0.648284912109375 10.368844985961914
      vertex 49.866302490234375 0.915863037109375 10.50762939453125
      vertex 49.85076904296875 0.699981689453125 10.568548202514648
    endloop
  endfacet
  facet normal 0.7893338309696838 -0.2186299237005708 -0.5737186241960474
    outer loop
      vertex 49.691314697265625 0.648284912109375 10.368844985961914
      vertex 49.707733154296875 0.876708984375 10.304387092590332
      vertex 49.866302490234375 0.915863037109375 10.50762939453125
    endloop
  endfacet
  facet normal 0.5213719791860428 -0.8436349511290933 -0.1282627325182223
    outer loop
      vertex 49.44050598144531 0.1322021484375 10.770075798034668
      vertex 49.613739013671875 0.212249755859375 10.947741508483887
      vertex 49.49998474121094 0.134002685546875 11.000006675720215
    endloop
  endfacet
  facet normal 0.6030642725945455 -0.7860591402794912 0.13573691871808083
    outer loop
      vertex 49.49998474121094 0.134002685546875 11.000006675720215
      vertex 49.613739013671875 0.212249755859375 10.947741508483887
      vertex 49.70710754394531 0.29290771484375 11.000009536743164
    endloop
  endfacet
  facet normal 0.5021781381773975 -0.669562116711633 -0.5472693024474515
    outer loop
      vertex 49.34913635253906 0.24237060546875 10.448586463928223
      vertex 49.639007568359375 0.44049072265625 10.472182273864746
      vertex 49.55377197265625 0.26513671875 10.608508110046387
    endloop
  endfacet
  facet normal 0.5893448351121343 -0.7758581942432876 -0.22520374719838968
    outer loop
      vertex 49.44050598144531 0.1322021484375 10.770075798034668
      vertex 49.55377197265625 0.26513671875 10.608508110046387
      vertex 49.720794677734375 0.337860107421875 10.79505443572998
    endloop
  endfacet
  facet normal 0.6873885078213502 -0.6235892548992968 -0.372335172243071
    outer loop
      vertex 49.55377197265625 0.26513671875 10.608508110046387
      vertex 49.639007568359375 0.44049072265625 10.472182273864746
      vertex 49.80133056640625 0.503570556640625 10.66620922088623
    endloop
  endfacet
  facet normal 0.6873865204055382 -0.6235842921352369 -0.3723471527579634
    outer loop
      vertex 49.55377197265625 0.26513671875 10.608508110046387
      vertex 49.80133056640625 0.503570556640625 10.66620922088623
      vertex 49.720794677734375 0.337860107421875 10.79505443572998
    endloop
  endfacet
  facet normal 0.5893552091396332 -0.7758881838420866 -0.22507324060004896
    outer loop
      vertex 49.44050598144531 0.1322021484375 10.770075798034668
      vertex 49.720794677734375 0.337860107421875 10.79505443572998
      vertex 49.613739013671875 0.212249755859375 10.947741508483887
    endloop
  endfacet
  facet normal 0.684814144961481 -0.720029847413697 -0.11219004275818757
    outer loop
      vertex 49.613739013671875 0.212249755859375 10.947741508483887
      vertex 49.720794677734375 0.337860107421875 10.79505443572998
      vertex 49.70710754394531 0.29290771484375 11.000009536743164
    endloop
  endfacet
  facet normal 0.7907965817597211 -0.6067919752985426 -0.08027617947083485
    outer loop
      vertex 49.70710754394531 0.29290771484375 11.000009536743164
      vertex 49.720794677734375 0.337860107421875 10.79505443572998
      vertex 49.86601257324219 0.5 11.000004768371582
    endloop
  endfacet
  facet normal 0.8267637404320238 -0.5355909883094047 -0.172058160947408
    outer loop
      vertex 49.720794677734375 0.337860107421875 10.79505443572998
      vertex 49.80133056640625 0.503570556640625 10.66620922088623
      vertex 49.9091796875 0.600433349609375 10.882920265197754
    endloop
  endfacet
  facet normal 0.755384490689394 -0.4341765977876256 -0.49080031902952864
    outer loop
      vertex 49.639007568359375 0.44049072265625 10.472182273864746
      vertex 49.85076904296875 0.699981689453125 10.568548202514648
      vertex 49.80133056640625 0.503570556640625 10.66620922088623
    endloop
  endfacet
  facet normal 0.8887137523795803 -0.3630032038215827 -0.28002953477566017
    outer loop
      vertex 49.80133056640625 0.503570556640625 10.66620922088623
      vertex 49.952392578125 0.772064208984375 10.797576904296875
      vertex 49.9091796875 0.600433349609375 10.882920265197754
    endloop
  endfacet
  facet normal 0.8265989314765673 -0.5400204094246144 -0.15846817941362562
    outer loop
      vertex 49.720794677734375 0.337860107421875 10.79505443572998
      vertex 49.9091796875 0.600433349609375 10.882920265197754
      vertex 49.86601257324219 0.5 11.000004768371582
    endloop
  endfacet
  facet normal 0.9238101627288917 -0.3826512658447837 0.012360905557575765
    outer loop
      vertex 49.86601257324219 0.5 11.000004768371582
      vertex 49.9091796875 0.600433349609375 10.882920265197754
      vertex 49.965911865234375 0.741180419921875 11.000005722045898
    endloop
  endfacet
  facet normal 0.8887075268855268 -0.3629672105613312 -0.2800959401960995
    outer loop
      vertex 49.80133056640625 0.503570556640625 10.66620922088623
      vertex 49.85076904296875 0.699981689453125 10.568548202514648
      vertex 49.952392578125 0.772064208984375 10.797576904296875
    endloop
  endfacet
  facet normal 0.919674961232377 -0.1665257456613526 -0.3556221895694309
    outer loop
      vertex 49.85076904296875 0.699981689453125 10.568548202514648
      vertex 49.866302490234375 0.915863037109375 10.50762939453125
      vertex 49.96595764160156 0.960723876953125 10.744340896606445
    endloop
  endfacet
  facet normal 0.9196633781461786 -0.16648875974721034 -0.35566945859125243
    outer loop
      vertex 49.85076904296875 0.699981689453125 10.568548202514648
      vertex 49.96595764160156 0.960723876953125 10.744340896606445
      vertex 49.952392578125 0.772064208984375 10.797576904296875
    endloop
  endfacet
  facet normal 0.9499895314131436 -0.29295969076489586 -0.10814115679228081
    outer loop
      vertex 49.9091796875 0.600433349609375 10.882920265197754
      vertex 49.952392578125 0.772064208984375 10.797576904296875
      vertex 49.965911865234375 0.741180419921875 11.000005722045898
    endloop
  endfacet
  facet normal 0.9877886998553814 -0.13003931161928914 -0.08580945094566596
    outer loop
      vertex 49.952392578125 0.772064208984375 10.797576904296875
      vertex 49.99998474121094 1 11.000006675720215
      vertex 49.965911865234375 0.741180419921875 11.000005722045898
    endloop
  endfacet
  facet normal 0.6072658224476334 -0.06995378389182823 -0.7914130963069885
    outer loop
      vertex 49.501068115234375 0.845947265625 10.148428916931152
      vertex 49.49998474121094 1 10.133980751037598
      vertex 49.70709228515625 1 10.292898178100586
    endloop
  endfacet
  facet normal 0.6075384282653132 -0.07056553563142215 -0.7911495202311402
    outer loop
      vertex 49.501068115234375 0.845947265625 10.148428916931152
      vertex 49.70709228515625 1 10.292898178100586
      vertex 49.707733154296875 0.876708984375 10.304387092590332
    endloop
  endfacet
  facet normal 0.7922572995048 -0.052531221368174646 -0.6079217401630982
    outer loop
      vertex 49.707733154296875 0.876708984375 10.304387092590332
      vertex 49.70709228515625 1 10.292898178100586
      vertex 49.86601257324219 1 10.500006675720215
    endloop
  endfacet
  facet normal 0.7922116689229831 -0.05235404826167208 -0.6079964845727942
    outer loop
      vertex 49.707733154296875 0.876708984375 10.304387092590332
      vertex 49.86601257324219 1 10.500006675720215
      vertex 49.866302490234375 0.915863037109375 10.50762939453125
    endloop
  endfacet
  facet normal 0.9234225847728234 -0.031471477325202016 -0.382492190830672
    outer loop
      vertex 49.866302490234375 0.915863037109375 10.50762939453125
      vertex 49.86601257324219 1 10.500006675720215
      vertex 49.965911865234375 1 10.741186141967773
    endloop
  endfacet
  facet normal 0.9232468585752169 -0.02969213309237276 -0.3830582401716718
    outer loop
      vertex 49.866302490234375 0.915863037109375 10.50762939453125
      vertex 49.965911865234375 1 10.741186141967773
      vertex 49.96595764160156 0.960723876953125 10.744340896606445
    endloop
  endfacet
  facet normal 0.9878792538310366 -0.10363885538518801 -0.11555763715428988
    outer loop
      vertex 49.952392578125 0.772064208984375 10.797576904296875
      vertex 49.96595764160156 0.960723876953125 10.744340896606445
      vertex 49.99998474121094 1 11.000006675720215
    endloop
  endfacet
  facet normal 0.9914024691495587 -0.009327795650967745 -0.13051488954311802
    outer loop
      vertex 49.96595764160156 0.960723876953125 10.744340896606445
      vertex 49.965911865234375 1 10.741186141967773
      vertex 49.99998474121094 1 11.000006675720215
    endloop
  endfacet
  facet normal 0.6087571353566862 0 -0.7933566349078586
    outer loop
      vertex 49.49998474121094 1 10.133980751037598
      vertex 49.49998474121094 3.9000244140625 10.133980751037598
      vertex 49.70709228515625 1 10.292898178100586
    endloop
  endfacet
  facet normal 0.7933526956934519 0 -0.6087622690639862
    outer loop
      vertex 49.70709228515625 1 10.292898178100586
      vertex 49.70709228515625 3.9000244140625 10.292898178100586
      vertex 49.86601257324219 1 10.500006675720215
    endloop
  endfacet
  facet normal 0.9238802285004591 0 -0.38268175209426875
    outer loop
      vertex 49.86601257324219 1 10.500006675720215
      vertex 49.86601257324219 3.9000244140625 10.500006675720215
      vertex 49.965911865234375 1 10.741186141967773
    endloop
  endfacet
  facet normal 0.9914456018240898 0 -0.1305205678185181
    outer loop
      vertex 49.965911865234375 1 10.741186141967773
      vertex 49.965911865234375 3.9000244140625 10.741186141967773
      vertex 49.99998474121094 1 11.000006675720215
    endloop
  endfacet
  facet normal 0.6087571353566862 0 -0.7933566349078586
    outer loop
      vertex 49.70709228515625 1 10.292898178100586
      vertex 49.49998474121094 3.9000244140625 10.133980751037598
      vertex 49.70709228515625 3.9000244140625 10.292898178100586
    endloop
  endfacet
  facet normal 0.7933526956934519 0 -0.6087622690639862
    outer loop
      vertex 49.86601257324219 1 10.500006675720215
      vertex 49.70709228515625 3.9000244140625 10.292898178100586
      vertex 49.86601257324219 3.9000244140625 10.500006675720215
    endloop
  endfacet
  facet normal 0.9238802285004591 0 -0.38268175209426875
    outer loop
      vertex 49.965911865234375 1 10.741186141967773
      vertex 49.86601257324219 3.9000244140625 10.500006675720215
      vertex 49.965911865234375 3.9000244140625 10.741186141967773
    endloop
  endfacet
  facet normal 0.9914456018240898 0 -0.1305205678185181
    outer loop
      vertex 49.99998474121094 1 11.000006675720215
      vertex 49.965911865234375 3.9000244140625 10.741186141967773
      vertex 49.99998474121094 3.9000244140625 11.000006675720215
    endloop
  endfacet
  facet normal 0.13057092851773694 -0.9914389707016025 4.0403358779626395e-7
    outer loop
      vertex 48.99998474121094 0 11.000005722045898
      vertex 49.258819580078125 0.034088134765625 11.000009536743164
      vertex 49.25880432128906 0.034088134765625 15.931169509887695
    endloop
  endfacet
  facet normal 0.38275101853523347 -0.9238515345066227 0
    outer loop
      vertex 49.258819580078125 0.034088134765625 11.000009536743164
      vertex 49.49998474121094 0.134002685546875 11.000006675720215
      vertex 49.49998474121094 0.134002685546875 15.93116569519043
    endloop
  endfacet
  facet normal 0.38273035024963914 -0.923860097090672 0.0000011843058659790145
    outer loop
      vertex 49.258819580078125 0.034088134765625 11.000009536743164
      vertex 49.49998474121094 0.134002685546875 15.93116569519043
      vertex 49.25880432128906 0.034088134765625 15.931169509887695
    endloop
  endfacet
  facet normal 0.13057849512315448 -0.9914379741624648 0
    outer loop
      vertex 48.99998474121094 0 11.000005722045898
      vertex 49.25880432128906 0.034088134765625 15.931169509887695
      vertex 49.25880432128906 0.034088134765625 20.86233139038086
    endloop
  endfacet
  facet normal 0.6086990132372962 -0.7934012296942791 0.000001883534481972396
    outer loop
      vertex 49.49998474121094 0.134002685546875 11.000006675720215
      vertex 49.70710754394531 0.29290771484375 11.000009536743164
      vertex 49.70709228515625 0.29290771484375 15.931169509887695
    endloop
  endfacet
  facet normal 0.7933579104621349 -0.6087554729997549 0
    outer loop
      vertex 49.70710754394531 0.29290771484375 11.000009536743164
      vertex 49.86601257324219 0.5 11.000004768371582
      vertex 49.86601257324219 0.5 15.931170463562012
    endloop
  endfacet
  facet normal 0.9238807634942465 -0.3826804604958138 0
    outer loop
      vertex 49.86601257324219 0.5 11.000004768371582
      vertex 49.965911865234375 0.741180419921875 11.000005722045898
      vertex 49.965911865234375 0.741180419921875 15.931168556213379
    endloop
  endfacet
  facet normal 0.9914455395896884 -0.13052104055558156 0
    outer loop
      vertex 49.965911865234375 0.741180419921875 11.000005722045898
      vertex 49.99998474121094 1 11.000006675720215
      vertex 49.965911865234375 0.741180419921875 15.931168556213379
    endloop
  endfacet
  facet normal 0.608727242203431 -0.7933795715793326 0
    outer loop
      vertex 49.49998474121094 0.134002685546875 11.000006675720215
      vertex 49.70709228515625 0.29290771484375 15.931169509887695
      vertex 49.49998474121094 0.134002685546875 15.93116569519043
    endloop
  endfacet
  facet normal 0.7933296788856521 -0.6087922639071245 0.0000024548484115427463
    outer loop
      vertex 49.70710754394531 0.29290771484375 11.000009536743164
      vertex 49.86601257324219 0.5 15.931170463562012
      vertex 49.70709228515625 0.29290771484375 15.931169509887695
    endloop
  endfacet
  facet normal 0.9238807634942464 -0.3826804604958137 0
    outer loop
      vertex 49.86601257324219 0.5 11.000004768371582
      vertex 49.965911865234375 0.741180419921875 15.931168556213379
      vertex 49.86601257324219 0.5 15.931170463562012
    endloop
  endfacet
  facet normal 0.9914455395896884 -0.13052104055558156 0
    outer loop
      vertex 49.99998474121094 1 11.000006675720215
      vertex 49.965911865234375 0.741180419921875 20.862327575683594
      vertex 49.965911865234375 0.741180419921875 15.931168556213379
    endloop
  endfacet
  facet normal 0.0000013327324939986904 -0.000005307211925009713 -0.9999999999850288
    outer loop
      vertex 44.9696044921875 3.247314453125 10.000001907348633
      vertex 44.87937927246094 3.58404541015625 10
      vertex 48.99998474121094 3.9000244140625 10.000003814697266
    endloop
  endfacet
  facet normal 2.2345050481000327e-7 0.000009158665156778872 -0.9999999999580346
    outer loop
      vertex 44.73204040527344 3.9000244140625 10.00000286102295
      vertex 48.99998474121094 3.9000244140625 10.000003814697266
      vertex 44.87937927246094 3.58404541015625 10
    endloop
  endfacet
  facet normal 2.218411439027483e-7 0.11980299080323252 -0.992797685026789
    outer loop
      vertex 44.73204040527344 3.9000244140625 10.00000286102295
      vertex 44.57203674316406 4.136016845703125 10.028480529785156
      vertex 48.99998474121094 3.9000244140625 10.000003814697266
    endloop
  endfacet
  facet normal 0.0005797591466809804 0.13051383670795896 -0.9914463184192576
    outer loop
      vertex 44.57203674316406 4.136016845703125 10.028480529785156
      vertex 48.99998474121094 4.158843994140625 10.034074783325195
      vertex 48.99998474121094 3.9000244140625 10.000003814697266
    endloop
  endfacet
  facet normal 0.0012838331410911488 0.3826988541521629 -0.9238722524262146
    outer loop
      vertex 44.37925720214844 4.348297119140625 10.106131553649902
      vertex 48.99998474121094 4.4000244140625 10.133979797363281
      vertex 48.99998474121094 4.158843994140625 10.034074783325195
    endloop
  endfacet
  facet normal 0.0017070932154112106 0.6087958962578275 -0.7933250547741338
    outer loop
      vertex 44.16740417480469 4.52374267578125 10.218522071838379
      vertex 49 4.60711669921875 10.292901992797852
      vertex 48.99998474121094 4.4000244140625 10.133979797363281
    endloop
  endfacet
  facet normal 0.0013227803219779909 0.7933156955286371 -0.6088090484545498
    outer loop
      vertex 43.952239990234375 4.6583251953125 10.348662376403809
      vertex 48.99998474121094 4.76605224609375 10.500004768371582
      vertex 49 4.60711669921875 10.292901992797852
    endloop
  endfacet
  facet normal 0.0007371680141718126 0.9239022468050302 -0.38262788049479096
    outer loop
      vertex 43.47959899902344 4.838165283203125 10.663495063781738
      vertex 48.99998474121094 4.865936279296875 10.74118709564209
      vertex 48.99998474121094 4.76605224609375 10.500004768371582
    endloop
  endfacet
  facet normal 1.0377484008828134e-7 0.9914379118730541 -0.13057896806449162
    outer loop
      vertex 42.99998474121094 4.9000244140625 11.000000953674316
      vertex 48.99998474121094 4.9000244140625 11.000005722045898
      vertex 48.99998474121094 4.865936279296875 10.74118709564209
    endloop
  endfacet
  facet normal 0.10381851054545298 0.12980859545154003 -0.9860889642496878
    outer loop
      vertex 48.99998474121094 3.9000244140625 10.000003814697266
      vertex 48.99998474121094 4.158843994140625 10.034074783325195
      vertex 49.260345458984375 4.074371337890625 10.050366401672363
    endloop
  endfacet
  facet normal 0.1299855909075604 0.09108848339060394 -0.9873229635484084
    outer loop
      vertex 48.99998474121094 3.9000244140625 10.000003814697266
      vertex 49.260345458984375 4.074371337890625 10.050366401672363
      vertex 49.25880432128906 3.9000244140625 10.034078598022461
    endloop
  endfacet
  facet normal 0.3813806913298114 0.08264377836894594 -0.9207164461318694
    outer loop
      vertex 49.25880432128906 3.9000244140625 10.034078598022461
      vertex 49.260345458984375 4.074371337890625 10.050366401672363
      vertex 49.49998474121094 3.9000244140625 10.133980751037598
    endloop
  endfacet
  facet normal 0.38198237871107144 0.08363329979008932 -0.9203776037694815
    outer loop
      vertex 49.49998474121094 3.9000244140625 10.133980751037598
      vertex 49.260345458984375 4.074371337890625 10.050366401672363
      vertex 49.501068115234375 4.0540771484375 10.148428916931152
    endloop
  endfacet
  facet normal 0.3824650519813989 0.2763101480283696 -0.881687691934852
    outer loop
      vertex 49.501068115234375 4.0540771484375 10.148428916931152
      vertex 49.260345458984375 4.074371337890625 10.050366401672363
      vertex 49.48484802246094 4.279510498046875 10.212040901184082
    endloop
  endfacet
  facet normal 0.14971419248882495 0.27847832377189174 -0.9487019994479914
    outer loop
      vertex 48.99998474121094 4.158843994140625 10.034074783325195
      vertex 49.245452880859375 4.281494140625 10.108814239501953
      vertex 49.260345458984375 4.074371337890625 10.050366401672363
    endloop
  endfacet
  facet normal 0.08971628323005766 0.3811558827785805 -0.9201473694722302
    outer loop
      vertex 48.99998474121094 4.158843994140625 10.034074783325195
      vertex 48.99998474121094 4.4000244140625 10.133979797363281
      vertex 49.245452880859375 4.281494140625 10.108814239501953
    endloop
  endfacet
  facet normal 0.3824710808371522 0.27630320401820313 -0.8816872528127737
    outer loop
      vertex 49.260345458984375 4.074371337890625 10.050366401672363
      vertex 49.245452880859375 4.281494140625 10.108814239501953
      vertex 49.48484802246094 4.279510498046875 10.212040901184082
    endloop
  endfacet
  facet normal 0.3493853398740243 0.48626399863891034 -0.8009227228071447
    outer loop
      vertex 49.245452880859375 4.281494140625 10.108814239501953
      vertex 49.4332275390625 4.484588623046875 10.314031600952148
      vertex 49.48484802246094 4.279510498046875 10.212040901184082
    endloop
  endfacet
  facet normal 0.029987743614629702 0.7821367553713378 -0.6223847934598814
    outer loop
      vertex 49 4.60711669921875 10.292901992797852
      vertex 49.01802062988281 4.74945068359375 10.472638130187988
      vertex 49.12074279785156 4.628936767578125 10.326140403747559
    endloop
  endfacet
  facet normal -0.19003896850540605 0.7788526178108844 -0.5977238410658668
    outer loop
      vertex 49 4.60711669921875 10.292901992797852
      vertex 48.99998474121094 4.76605224609375 10.500004768371582
      vertex 49.01802062988281 4.74945068359375 10.472638130187988
    endloop
  endfacet
  facet normal 0.13674541710892998 0.4685009183843992 -0.8728158914528764
    outer loop
      vertex 49.245452880859375 4.281494140625 10.108814239501953
      vertex 48.99998474121094 4.4000244140625 10.133979797363281
      vertex 49.19801330566406 4.46990966796875 10.20251750946045
    endloop
  endfacet
  facet normal 0.05961835629544872 0.6077111966498462 -0.7919171377480354
    outer loop
      vertex 48.99998474121094 4.4000244140625 10.133979797363281
      vertex 49 4.60711669921875 10.292901992797852
      vertex 49.19801330566406 4.46990966796875 10.20251750946045
    endloop
  endfacet
  facet normal 0.09457262079428853 0.6392265132430073 -0.7631811607759243
    outer loop
      vertex 49.19801330566406 4.46990966796875 10.20251750946045
      vertex 49 4.60711669921875 10.292901992797852
      vertex 49.12074279785156 4.628936767578125 10.326140403747559
    endloop
  endfacet
  facet normal 0.28325027335399316 0.6706027118362142 -0.6856101556444475
    outer loop
      vertex 49.19801330566406 4.46990966796875 10.20251750946045
      vertex 49.12074279785156 4.628936767578125 10.326140403747559
      vertex 49.34913635253906 4.65765380859375 10.448586463928223
    endloop
  endfacet
  facet normal 0.34936627576179746 0.4862801308359227 -0.8009212443895651
    outer loop
      vertex 49.245452880859375 4.281494140625 10.108814239501953
      vertex 49.19801330566406 4.46990966796875 10.20251750946045
      vertex 49.4332275390625 4.484588623046875 10.314031600952148
    endloop
  endfacet
  facet normal 0.2831876159177379 0.6706396790951625 -0.6855998796776186
    outer loop
      vertex 49.19801330566406 4.46990966796875 10.20251750946045
      vertex 49.34913635253906 4.65765380859375 10.448586463928223
      vertex 49.4332275390625 4.484588623046875 10.314031600952148
    endloop
  endfacet
  facet normal 0.502195744524812 0.6695263320002133 -0.5472969257537538
    outer loop
      vertex 49.4332275390625 4.484588623046875 10.314031600952148
      vertex 49.34913635253906 4.65765380859375 10.448586463928223
      vertex 49.55377197265625 4.6348876953125 10.608508110046387
    endloop
  endfacet
  facet normal 0.1876784180222578 0.8190486938420948 -0.542158693118741
    outer loop
      vertex 49.12074279785156 4.628936767578125 10.326140403747559
      vertex 49.237335205078125 4.788818359375 10.608036994934082
      vertex 49.34913635253906 4.65765380859375 10.448586463928223
    endloop
  endfacet
  facet normal 0.18769545551417943 0.8190424640029762 -0.5421622064836851
    outer loop
      vertex 49.12074279785156 4.628936767578125 10.326140403747559
      vertex 49.01802062988281 4.74945068359375 10.472638130187988
      vertex 49.237335205078125 4.788818359375 10.608036994934082
    endloop
  endfacet
  facet normal 0.12229539155482574 0.8822554719587943 -0.4546087542087338
    outer loop
      vertex 49.01802062988281 4.74945068359375 10.472638130187988
      vertex 48.99998474121094 4.76605224609375 10.500004768371582
      vertex 49.237335205078125 4.788818359375 10.608036994934082
    endloop
  endfacet
  facet normal 0.08522677760105794 0.9205409517132754 -0.38123582281647783
    outer loop
      vertex 48.99998474121094 4.76605224609375 10.500004768371582
      vertex 48.99998474121094 4.865936279296875 10.74118709564209
      vertex 49.237335205078125 4.788818359375 10.608036994934082
    endloop
  endfacet
  facet normal 0.4020463393172023 0.8250744862212143 -0.39700230884522136
    outer loop
      vertex 49.34913635253906 4.65765380859375 10.448586463928223
      vertex 49.44050598144531 4.767822265625 10.770075798034668
      vertex 49.55377197265625 4.6348876953125 10.608508110046387
    endloop
  endfacet
  facet normal 0.4018901252712687 0.82515815449934 -0.3969865832401484
    outer loop
      vertex 49.34913635253906 4.65765380859375 10.448586463928223
      vertex 49.237335205078125 4.788818359375 10.608036994934082
      vertex 49.44050598144531 4.767822265625 10.770075798034668
    endloop
  endfacet
  facet normal 0.27665479679893645 0.9340520163500157 -0.22585161978743734
    outer loop
      vertex 49.237335205078125 4.788818359375 10.608036994934082
      vertex 49.305633544921875 4.8507080078125 10.947654724121094
      vertex 49.44050598144531 4.767822265625 10.770075798034668
    endloop
  endfacet
  facet normal 0.42018006530942775 0.9017180361506378 -0.10175114739992869
    outer loop
      vertex 49.44050598144531 4.767822265625 10.770075798034668
      vertex 49.305633544921875 4.8507080078125 10.947654724121094
      vertex 49.49998474121094 4.76605224609375 11.000006675720215
    endloop
  endfacet
  facet normal 0.00775785085779339 0.9914080769506146 -0.13057503860674366
    outer loop
      vertex 48.99998474121094 4.865936279296875 10.74118709564209
      vertex 48.99998474121094 4.9000244140625 11.000005722045898
      vertex 49.10423278808594 4.87066650390625 10.783295631408691
    endloop
  endfacet
  facet normal 0.10182277641955152 0.9287631434450714 -0.3564142892481218
    outer loop
      vertex 48.99998474121094 4.865936279296875 10.74118709564209
      vertex 49.10423278808594 4.87066650390625 10.783295631408691
      vertex 49.237335205078125 4.788818359375 10.608036994934082
    endloop
  endfacet
  facet normal 0.2768958478383381 0.9339723728005571 -0.22588558230924105
    outer loop
      vertex 49.10423278808594 4.87066650390625 10.783295631408691
      vertex 49.305633544921875 4.8507080078125 10.947654724121094
      vertex 49.237335205078125 4.788818359375 10.608036994934082
    endloop
  endfacet
  facet normal 0.1302394833768185 0.9889142914588787 -0.07131760734996209
    outer loop
      vertex 49.10423278808594 4.87066650390625 10.783295631408691
      vertex 48.99998474121094 4.9000244140625 11.000005722045898
      vertex 49.258819580078125 4.865936279296875 11.000009536743164
    endloop
  endfacet
  facet normal 0.18969853687836735 0.9751981973432422 -0.11403043893933468
    outer loop
      vertex 49.10423278808594 4.87066650390625 10.783295631408691
      vertex 49.258819580078125 4.865936279296875 11.000009536743164
      vertex 49.305633544921875 4.8507080078125 10.947654724121094
    endloop
  endfacet
  facet normal 0.38162463604906116 0.9214121054794099 0.07322819836935947
    outer loop
      vertex 49.49998474121094 4.76605224609375 11.000006675720215
      vertex 49.305633544921875 4.8507080078125 10.947654724121094
      vertex 49.258819580078125 4.865936279296875 11.000009536743164
    endloop
  endfacet
  facet normal 0.6072658224476334 0.06995378389182823 -0.7914130963069885
    outer loop
      vertex 49.49998474121094 3.9000244140625 10.133980751037598
      vertex 49.501068115234375 4.0540771484375 10.148428916931152
      vertex 49.70709228515625 3.9000244140625 10.292898178100586
    endloop
  endfacet
  facet normal 0.6075384282653132 0.07056553563142215 -0.7911495202311402
    outer loop
      vertex 49.70709228515625 3.9000244140625 10.292898178100586
      vertex 49.501068115234375 4.0540771484375 10.148428916931152
      vertex 49.707733154296875 4.0233154296875 10.304387092590332
    endloop
  endfacet
  facet normal 0.6062840407681391 0.2560364094545342 -0.7529043889787651
    outer loop
      vertex 49.501068115234375 4.0540771484375 10.148428916931152
      vertex 49.691314697265625 4.251739501953125 10.368844985961914
      vertex 49.707733154296875 4.0233154296875 10.304387092590332
    endloop
  endfacet
  facet normal 0.7922572995048 0.052531221368174646 -0.6079217401630982
    outer loop
      vertex 49.70709228515625 3.9000244140625 10.292898178100586
      vertex 49.707733154296875 4.0233154296875 10.304387092590332
      vertex 49.86601257324219 3.9000244140625 10.500006675720215
    endloop
  endfacet
  facet normal 0.7922116689229831 0.05235404826167208 -0.6079964845727942
    outer loop
      vertex 49.86601257324219 3.9000244140625 10.500006675720215
      vertex 49.707733154296875 4.0233154296875 10.304387092590332
      vertex 49.866302490234375 3.984161376953125 10.50762939453125
    endloop
  endfacet
  facet normal 0.7893288782930918 0.2186865769324283 -0.5737038460409225
    outer loop
      vertex 49.866302490234375 3.984161376953125 10.50762939453125
      vertex 49.707733154296875 4.0233154296875 10.304387092590332
      vertex 49.85076904296875 4.200042724609375 10.568548202514648
    endloop
  endfacet
  facet normal 0.6062552734125836 0.25607521288737617 -0.7529143568853753
    outer loop
      vertex 49.501068115234375 4.0540771484375 10.148428916931152
      vertex 49.48484802246094 4.279510498046875 10.212040901184082
      vertex 49.691314697265625 4.251739501953125 10.368844985961914
    endloop
  endfacet
  facet normal 0.5715606642000214 0.4761992029119931 -0.668246007309593
    outer loop
      vertex 49.48484802246094 4.279510498046875 10.212040901184082
      vertex 49.639007568359375 4.45953369140625 10.472182273864746
      vertex 49.691314697265625 4.251739501953125 10.368844985961914
    endloop
  endfacet
  facet normal 0.7553753864545718 0.4342152501130201 -0.4907801362197676
    outer loop
      vertex 49.691314697265625 4.251739501953125 10.368844985961914
      vertex 49.639007568359375 4.45953369140625 10.472182273864746
      vertex 49.80133056640625 4.396453857421875 10.66620922088623
    endloop
  endfacet
  facet normal 0.789364743746874 0.21862109311692343 -0.5736794566426389
    outer loop
      vertex 49.707733154296875 4.0233154296875 10.304387092590332
      vertex 49.691314697265625 4.251739501953125 10.368844985961914
      vertex 49.85076904296875 4.200042724609375 10.568548202514648
    endloop
  endfacet
  facet normal 0.9234740889071639 0.02964811534948411 -0.3825135244318916
    outer loop
      vertex 49.86601257324219 3.9000244140625 10.500006675720215
      vertex 49.96595764160156 3.939300537109375 10.744340896606445
      vertex 49.965911865234375 3.9000244140625 10.741186141967773
    endloop
  endfacet
  facet normal 0.9914024691495587 0.009327795650967745 -0.13051488954311802
    outer loop
      vertex 49.965911865234375 3.9000244140625 10.741186141967773
      vertex 49.96595764160156 3.939300537109375 10.744340896606445
      vertex 49.99998474121094 3.9000244140625 11.000006675720215
    endloop
  endfacet
  facet normal 0.9233166288824197 0.03149483462577274 -0.3827459708750694
    outer loop
      vertex 49.86601257324219 3.9000244140625 10.500006675720215
      vertex 49.866302490234375 3.984161376953125 10.50762939453125
      vertex 49.96595764160156 3.939300537109375 10.744340896606445
    endloop
  endfacet
  facet normal 0.9196792431426078 0.16647954167127887 -0.3556327486854397
    outer loop
      vertex 49.866302490234375 3.984161376953125 10.50762939453125
      vertex 49.952392578125 4.127960205078125 10.797576904296875
      vertex 49.96595764160156 3.939300537109375 10.744340896606445
    endloop
  endfacet
  facet normal 0.9196610968454328 0.16653380087138592 -0.3556542704880472
    outer loop
      vertex 49.866302490234375 3.984161376953125 10.50762939453125
      vertex 49.85076904296875 4.200042724609375 10.568548202514648
      vertex 49.952392578125 4.127960205078125 10.797576904296875
    endloop
  endfacet
  facet normal 0.8886932824614872 0.3630197108595359 -0.280073096236119
    outer loop
      vertex 49.952392578125 4.127960205078125 10.797576904296875
      vertex 49.85076904296875 4.200042724609375 10.568548202514648
      vertex 49.9091796875 4.299591064453125 10.882920265197754
    endloop
  endfacet
  facet normal 0.7554095789439059 0.43416764877522546 -0.49076962089842435
    outer loop
      vertex 49.85076904296875 4.200042724609375 10.568548202514648
      vertex 49.691314697265625 4.251739501953125 10.368844985961914
      vertex 49.80133056640625 4.396453857421875 10.66620922088623
    endloop
  endfacet
  facet normal 0.8887254146722884 0.3629527855255885 -0.2800578740096145
    outer loop
      vertex 49.85076904296875 4.200042724609375 10.568548202514648
      vertex 49.80133056640625 4.396453857421875 10.66620922088623
      vertex 49.9091796875 4.299591064453125 10.882920265197754
    endloop
  endfacet
  facet normal 0.9238101627288917 0.3826512658447837 0.012360905557575765
    outer loop
      vertex 49.965911865234375 4.158843994140625 11.000005722045898
      vertex 49.9091796875 4.299591064453125 10.882920265197754
      vertex 49.86601257324219 4.4000244140625 11.000004768371582
    endloop
  endfacet
  facet normal 0.9878792538310366 0.10363885538518801 -0.11555763715428988
    outer loop
      vertex 49.99998474121094 3.9000244140625 11.000006675720215
      vertex 49.96595764160156 3.939300537109375 10.744340896606445
      vertex 49.952392578125 4.127960205078125 10.797576904296875
    endloop
  endfacet
  facet normal 0.9877886998553814 0.13003931161928914 -0.08580945094566596
    outer loop
      vertex 49.99998474121094 3.9000244140625 11.000006675720215
      vertex 49.952392578125 4.127960205078125 10.797576904296875
      vertex 49.965911865234375 4.158843994140625 11.000005722045898
    endloop
  endfacet
  facet normal 0.9499895314131436 0.29295969076489586 -0.10814115679228081
    outer loop
      vertex 49.952392578125 4.127960205078125 10.797576904296875
      vertex 49.9091796875 4.299591064453125 10.882920265197754
      vertex 49.965911865234375 4.158843994140625 11.000005722045898
    endloop
  endfacet
  facet normal 0.5715563721760114 0.47620362717099457 -0.6682465255384312
    outer loop
      vertex 49.48484802246094 4.279510498046875 10.212040901184082
      vertex 49.4332275390625 4.484588623046875 10.314031600952148
      vertex 49.639007568359375 4.45953369140625 10.472182273864746
    endloop
  endfacet
  facet normal 0.5021437542855889 0.66956612156543 -0.5472959518247891
    outer loop
      vertex 49.4332275390625 4.484588623046875 10.314031600952148
      vertex 49.55377197265625 4.6348876953125 10.608508110046387
      vertex 49.639007568359375 4.45953369140625 10.472182273864746
    endloop
  endfacet
  facet normal 0.6873831610691542 0.6235914594456892 -0.3723413508931992
    outer loop
      vertex 49.639007568359375 4.45953369140625 10.472182273864746
      vertex 49.55377197265625 4.6348876953125 10.608508110046387
      vertex 49.720794677734375 4.562164306640625 10.79505443572998
    endloop
  endfacet
  facet normal 0.6873921784665883 0.6235819587663655 -0.37234061514164807
    outer loop
      vertex 49.639007568359375 4.45953369140625 10.472182273864746
      vertex 49.720794677734375 4.562164306640625 10.79505443572998
      vertex 49.80133056640625 4.396453857421875 10.66620922088623
    endloop
  endfacet
  facet normal 0.8267637404320238 0.5355909883094047 -0.172058160947408
    outer loop
      vertex 49.9091796875 4.299591064453125 10.882920265197754
      vertex 49.80133056640625 4.396453857421875 10.66620922088623
      vertex 49.720794677734375 4.562164306640625 10.79505443572998
    endloop
  endfacet
  facet normal 0.8265989314765673 0.5400204094246144 -0.15846817941362562
    outer loop
      vertex 49.9091796875 4.299591064453125 10.882920265197754
      vertex 49.720794677734375 4.562164306640625 10.79505443572998
      vertex 49.86601257324219 4.4000244140625 11.000004768371582
    endloop
  endfacet
  facet normal 0.7907965817597211 0.6067919752985426 -0.08027617947083485
    outer loop
      vertex 49.86601257324219 4.4000244140625 11.000004768371582
      vertex 49.720794677734375 4.562164306640625 10.79505443572998
      vertex 49.70710754394531 4.60711669921875 11.000009536743164
    endloop
  endfacet
  facet normal 0.5894013839866324 0.7758328051709869 -0.2251432143662336
    outer loop
      vertex 49.55377197265625 4.6348876953125 10.608508110046387
      vertex 49.44050598144531 4.767822265625 10.770075798034668
      vertex 49.613739013671875 4.687774658203125 10.947741508483887
    endloop
  endfacet
  facet normal 0.5892953715704418 0.7759150487661799 -0.22513729620796222
    outer loop
      vertex 49.55377197265625 4.6348876953125 10.608508110046387
      vertex 49.613739013671875 4.687774658203125 10.947741508483887
      vertex 49.720794677734375 4.562164306640625 10.79505443572998
    endloop
  endfacet
  facet normal 0.684814144961481 0.720029847413697 -0.11219004275818757
    outer loop
      vertex 49.720794677734375 4.562164306640625 10.79505443572998
      vertex 49.613739013671875 4.687774658203125 10.947741508483887
      vertex 49.70710754394531 4.60711669921875 11.000009536743164
    endloop
  endfacet
  facet normal 0.6031548871042577 0.7860262911261967 0.13552435877230934
    outer loop
      vertex 49.70710754394531 4.60711669921875 11.000009536743164
      vertex 49.613739013671875 4.687774658203125 10.947741508483887
      vertex 49.49998474121094 4.76605224609375 11.000006675720215
    endloop
  endfacet
  facet normal 0.5214755834139883 0.8435497027667026 -0.12840216067203908
    outer loop
      vertex 49.44050598144531 4.767822265625 10.770075798034668
      vertex 49.49998474121094 4.76605224609375 11.000006675720215
      vertex 49.613739013671875 4.687774658203125 10.947741508483887
    endloop
  endfacet
  facet normal 0.13057092851773694 0.9914389707016025 4.0403358779626395e-7
    outer loop
      vertex 48.99998474121094 4.9000244140625 11.000005722045898
      vertex 49.25880432128906 4.865936279296875 15.931169509887695
      vertex 49.258819580078125 4.865936279296875 11.000009536743164
    endloop
  endfacet
  facet normal 0.38265123218330704 0.9238928696051263 0.0000011840610461208536
    outer loop
      vertex 49.49998474121094 4.76605224609375 11.000006675720215
      vertex 49.258819580078125 4.865936279296875 11.000009536743164
      vertex 49.25880432128906 4.865936279296875 15.931169509887695
    endloop
  endfacet
  facet normal 0.38263056740977086 0.9239014281208124 0
    outer loop
      vertex 49.49998474121094 4.76605224609375 11.000006675720215
      vertex 49.25880432128906 4.865936279296875 15.931169509887695
      vertex 49.49998474121094 4.76605224609375 15.93116569519043
    endloop
  endfacet
  facet normal 0.13057849512315448 0.9914379741624648 0
    outer loop
      vertex 48.99998474121094 4.9000244140625 11.000005722045898
      vertex 49.25880432128906 4.865936279296875 20.86233139038086
      vertex 49.25880432128906 4.865936279296875 15.931169509887695
    endloop
  endfacet
  facet normal 0.9238807634942464 0.3826804604958137 0
    outer loop
      vertex 49.965911865234375 4.158843994140625 11.000005722045898
      vertex 49.86601257324219 4.4000244140625 11.000004768371582
      vertex 49.86601257324219 4.4000244140625 15.931170463562012
    endloop
  endfacet
  facet normal 0.9914455395896884 0.13052104055558156 0
    outer loop
      vertex 49.99998474121094 3.9000244140625 11.000006675720215
      vertex 49.965911865234375 4.158843994140625 11.000005722045898
      vertex 49.965911865234375 4.158843994140625 15.931168556213379
    endloop
  endfacet
  facet normal 0.7933579104870438 0.6087554729623421 0.0000024549357703088133
    outer loop
      vertex 49.86601257324219 4.4000244140625 11.000004768371582
      vertex 49.70710754394531 4.60711669921875 11.000009536743164
      vertex 49.70709228515625 4.60711669921875 15.931169509887695
    endloop
  endfacet
  facet normal 0.608772592343337 0.7933447742385231 0
    outer loop
      vertex 49.70710754394531 4.60711669921875 11.000009536743164
      vertex 49.49998474121094 4.76605224609375 11.000006675720215
      vertex 49.49998474121094 4.76605224609375 15.93116569519043
    endloop
  endfacet
  facet normal 0.9238807634942465 0.3826804604958138 0
    outer loop
      vertex 49.965911865234375 4.158843994140625 11.000005722045898
      vertex 49.86601257324219 4.4000244140625 15.931170463562012
      vertex 49.965911865234375 4.158843994140625 15.931168556213379
    endloop
  endfacet
  facet normal 0.9914455395896884 0.13052104055558156 0
    outer loop
      vertex 49.99998474121094 3.9000244140625 11.000006675720215
      vertex 49.965911865234375 4.158843994140625 15.931168556213379
      vertex 49.965911865234375 4.158843994140625 20.862327575683594
    endloop
  endfacet
  facet normal 0.7933296788935023 0.6087922639018439 0
    outer loop
      vertex 49.86601257324219 4.4000244140625 11.000004768371582
      vertex 49.70709228515625 4.60711669921875 15.931169509887695
      vertex 49.86601257324219 4.4000244140625 15.931170463562012
    endloop
  endfacet
  facet normal 0.6088008206634372 0.7933231124554335 0.0000018838495109004658
    outer loop
      vertex 49.70710754394531 4.60711669921875 11.000009536743164
      vertex 49.49998474121094 4.76605224609375 15.93116569519043
      vertex 49.70709228515625 4.60711669921875 15.931169509887695
    endloop
  endfacet
  facet normal -0.9238789327768415 -0.38267968642712996 0.0019937821239658835
    outer loop
      vertex 45.07611083984375 0.617340087890625 14.923868179321289
      vertex 45.13397216796875 0.5 19.213802337646484
      vertex 45.03407287597656 0.741180419921875 19.21380043029785
    endloop
  endfacet
  facet normal -0.6087266783233103 -0.7933788035151808 0.0013803007967159938
    outer loop
      vertex 45.44441223144531 0.168548583984375 14.555559158325195
      vertex 45.5 0.134002685546875 19.21380043029785
      vertex 45.29289245605469 0.29290771484375 19.213796615600586
    endloop
  endfacet
  facet normal -0.7933288082227477 -0.608791636232491 0.0014648198664637512
    outer loop
      vertex 45.16850280761719 0.4444580078125 14.83145523071289
      vertex 45.29289245605469 0.29290771484375 19.213796615600586
      vertex 45.13397216796875 0.5 19.213802337646484
    endloop
  endfacet
  facet normal -0.3827297019338154 -0.9238586674500101 0.0017713935600097376
    outer loop
      vertex 45.6173095703125 0.076141357421875 14.382670402526855
      vertex 45.741180419921875 0.034088134765625 19.21379280090332
      vertex 45.5 0.134002685546875 19.21380043029785
    endloop
  endfacet
  facet normal -0.9914502013309859 -0.13048562467594105 0.00000580317852704967
    outer loop
      vertex 44.99998474121094 1 14.999990463256836
      vertex 45.03407287597656 0.741180419921875 19.21380043029785
      vertex 45.03410339355469 0.741180419921875 24.427608489990234
    endloop
  endfacet
  facet normal -0.9238807634958581 -0.38268046045371523 0.000005407679579948517
    outer loop
      vertex 45.13397216796875 0.5 19.213802337646484
      vertex 45.134002685546875 0.5 24.427610397338867
      vertex 45.03407287597656 0.741180419921875 19.21380043029785
    endloop
  endfacet
  facet normal -0.6087272422231196 -0.7933795715622263 0.0000017815079648766254
    outer loop
      vertex 45.29289245605469 0.29290771484375 19.213796615600586
      vertex 45.5 0.134002685546875 19.21380043029785
      vertex 45.50001525878906 0.134002685546875 24.427608489990234
    endloop
  endfacet
  facet normal -0.7933296788229828 -0.6087922639760306 0.000004643524854435333
    outer loop
      vertex 45.29289245605469 0.29290771484375 19.213796615600586
      vertex 45.29292297363281 0.29290771484375 24.427616119384766
      vertex 45.13397216796875 0.5 19.213802337646484
    endloop
  endfacet
  facet normal -0.38273035017247425 -0.9238600971206825 0.0000022402009416934685
    outer loop
      vertex 45.5 0.134002685546875 19.21380043029785
      vertex 45.741180419921875 0.034088134765625 19.21379280090332
      vertex 45.7412109375 0.034088134765625 24.4276123046875
    endloop
  endfacet
  facet normal -0.09808494332050212 -0.9951780463281741 5.023484274804089e-7
    outer loop
      vertex 45.804901123046875 0.01922607421875 14.19507884979248
      vertex 45.999969482421875 0 13.999981880187988
      vertex 46.00007629394531 0 34.85523223876953
    endloop
  endfacet
  facet normal -0.9999999999890763 0 0.000004674097117754593
    outer loop
      vertex 44.99998474121094 1 14.999990463256836
      vertex 45.00007629394531 1 34.58724594116211
      vertex 44.99998474121094 3.9000244140625 14.999990463256836
    endloop
  endfacet
  facet normal -0.9238807634958581 -0.38268046045371523 0.000005407679579948517
    outer loop
      vertex 45.03407287597656 0.741180419921875 19.21380043029785
      vertex 45.134002685546875 0.5 24.427610397338867
      vertex 45.03410339355469 0.741180419921875 24.427608489990234
    endloop
  endfacet
  facet normal -0.7933296789469161 -0.6087922638145303 0.000004643535047504628
    outer loop
      vertex 45.13397216796875 0.5 19.213802337646484
      vertex 45.29292297363281 0.29290771484375 24.427616119384766
      vertex 45.134002685546875 0.5 24.427610397338867
    endloop
  endfacet
  facet normal -0.6087554729132673 -0.7933579105204964 0.000003563173349243921
    outer loop
      vertex 45.29289245605469 0.29290771484375 19.213796615600586
      vertex 45.50001525878906 0.134002685546875 24.427608489990234
      vertex 45.29292297363281 0.29290771484375 24.427616119384766
    endloop
  endfacet
  facet normal -0.38270968398800015 -0.9238686582954043 0.0000011200424475337269
    outer loop
      vertex 45.5 0.134002685546875 19.21380043029785
      vertex 45.7412109375 0.034088134765625 24.4276123046875
      vertex 45.50001525878906 0.134002685546875 24.427608489990234
    endloop
  endfacet
  facet normal -0.17310497496277927 -0.9849031175743433 0.0007187735906593322
    outer loop
      vertex 45.804901123046875 0.01922607421875 14.19507884979248
      vertex 46.00007629394531 0 34.85523223876953
      vertex 45.741180419921875 0.034088134765625 19.21379280090332
    endloop
  endfacet
  facet normal -0.923880763495858 -0.38268046045371523 0.000005407669688606843
    outer loop
      vertex 45.134002685546875 0.5 24.427610397338867
      vertex 45.134033203125 0.5 29.641427993774414
      vertex 45.03410339355469 0.741180419921875 24.427608489990234
    endloop
  endfacet
  facet normal -0.6087554728671248 -0.7933579105459 0.000005344767844472311
    outer loop
      vertex 45.29292297363281 0.29290771484375 24.427616119384766
      vertex 45.50001525878906 0.134002685546875 24.427608489990234
      vertex 45.50006103515625 0.134002685546875 29.641420364379883
    endloop
  endfacet
  facet normal -0.7933296789223474 -0.608792263859828 0.000002321767523680411
    outer loop
      vertex 45.29292297363281 0.29290771484375 24.427616119384766
      vertex 45.292938232421875 0.29290771484375 29.64142417907715
      vertex 45.134002685546875 0.5 24.427610397338867
    endloop
  endfacet
  facet normal -0.38270968398800015 -0.9238686582954043 0.0000011200424475337269
    outer loop
      vertex 45.50001525878906 0.134002685546875 24.427608489990234
      vertex 45.7412109375 0.034088134765625 24.4276123046875
      vertex 45.74122619628906 0.034088134765625 29.641420364379883
    endloop
  endfacet
  facet normal -0.13058606253671334 -0.9914369774577572 7.643475886742639e-7
    outer loop
      vertex 45.741180419921875 0.034088134765625 19.21379280090332
      vertex 46.00007629394531 0 34.85523223876953
      vertex 45.7412109375 0.034088134765625 24.4276123046875
    endloop
  endfacet
  facet normal -0.9914446915283509 -0.13052748223565036 0.000004634108775136379
    outer loop
      vertex 44.99998474121094 1 14.999990463256836
      vertex 45.03410339355469 0.741180419921875 24.427608489990234
      vertex 45.00007629394531 1 34.58724594116211
    endloop
  endfacet
  facet normal -0.9238789327768415 0.38267968642712996 0.0019937821239658835
    outer loop
      vertex 45.07611083984375 4.282684326171875 14.923868179321289
      vertex 45.03407287597656 4.158843994140625 19.21380043029785
      vertex 45.13397216796875 4.4000244140625 19.213802337646484
    endloop
  endfacet
  facet normal -0.7933288032324182 0.6087916325201065 0.0014690593326402036
    outer loop
      vertex 45.16850280761719 4.455596923828125 14.83145523071289
      vertex 45.13397216796875 4.4000244140625 19.213802337646484
      vertex 45.29289245605469 4.60711669921875 19.213796615600586
    endloop
  endfacet
  facet normal -0.608800259961773 0.7933223487289829 0.0013764002352603367
    outer loop
      vertex 45.44441223144531 4.731475830078125 14.555559158325195
      vertex 45.29289245605469 4.60711669921875 19.213796615600586
      vertex 45.5 4.76605224609375 19.21380043029785
    endloop
  endfacet
  facet normal -0.38262992131703893 0.9239000031431094 0.001768475354318045
    outer loop
      vertex 45.6173095703125 4.823883056640625 14.382670402526855
      vertex 45.5 4.76605224609375 19.21380043029785
      vertex 45.741180419921875 4.865936279296875 19.21379280090332
    endloop
  endfacet
  facet normal -0.9838531795845401 0.17897743150528125 0.000005758711469189055
    outer loop
      vertex 45.004791259765625 3.998016357421875 14.995169639587402
      vertex 45.03410339355469 4.158843994140625 24.427608489990234
      vertex 45.03407287597656 4.158843994140625 19.21380043029785
    endloop
  endfacet
  facet normal -0.9987991969461679 0.048991470256516366 0.000004668484447712683
    outer loop
      vertex 44.99998474121094 3.9000244140625 14.999990463256836
      vertex 45.00007629394531 3.9000244140625 34.58724594116211
      vertex 45.004791259765625 3.998016357421875 14.995169639587402
    endloop
  endfacet
  facet normal -0.9238807634958581 0.38268046045371523 0.000005407679579948517
    outer loop
      vertex 45.03407287597656 4.158843994140625 19.21380043029785
      vertex 45.03410339355469 4.158843994140625 24.427608489990234
      vertex 45.13397216796875 4.4000244140625 19.213802337646484
    endloop
  endfacet
  facet normal -0.1305784951480303 0.991437974158894 7.643032951625361e-7
    outer loop
      vertex 45.999969482421875 4.9000244140625 13.999981880187988
      vertex 45.741180419921875 4.865936279296875 19.21379280090332
      vertex 45.7412109375 4.865936279296875 24.4276123046875
    endloop
  endfacet
  facet normal -0.7933296788229824 0.6087922639760306 0.000004643535046779216
    outer loop
      vertex 45.13397216796875 4.4000244140625 19.213802337646484
      vertex 45.134002685546875 4.4000244140625 24.427610397338867
      vertex 45.29289245605469 4.60711669921875 19.213796615600586
    endloop
  endfacet
  facet normal -0.608800820723798 0.793323112403346 0.0000035634387794817087
    outer loop
      vertex 45.29289245605469 4.60711669921875 19.213796615600586
      vertex 45.29292297363281 4.60711669921875 24.427616119384766
      vertex 45.5 4.76605224609375 19.21380043029785
    endloop
  endfacet
  facet normal -0.38263056737929363 0.9239014281327559 0.000001119810903980575
    outer loop
      vertex 45.5 4.76605224609375 19.21380043029785
      vertex 45.50001525878906 4.76605224609375 24.427608489990234
      vertex 45.741180419921875 4.865936279296875 19.21379280090332
    endloop
  endfacet
  facet normal -0.9238807634958581 0.38268046045371523 0.000005407679579948517
    outer loop
      vertex 45.13397216796875 4.4000244140625 19.213802337646484
      vertex 45.03410339355469 4.158843994140625 24.427608489990234
      vertex 45.134002685546875 4.4000244140625 24.427610397338867
    endloop
  endfacet
  facet normal -0.793329678946916 0.6087922638145306 0.00000464352485516074
    outer loop
      vertex 45.29289245605469 4.60711669921875 19.213796615600586
      vertex 45.134002685546875 4.4000244140625 24.427610397338867
      vertex 45.29292297363281 4.60711669921875 24.427616119384766
    endloop
  endfacet
  facet normal -0.6088290508341442 0.7933014476585933 0.0000017818059190979136
    outer loop
      vertex 45.5 4.76605224609375 19.21380043029785
      vertex 45.29292297363281 4.60711669921875 24.427616119384766
      vertex 45.50001525878906 4.76605224609375 24.427608489990234
    endloop
  endfacet
  facet normal -0.3826099047176963 0.9239099852295678 0.000002239495949206996
    outer loop
      vertex 45.741180419921875 4.865936279296875 19.21379280090332
      vertex 45.50001525878906 4.76605224609375 24.427608489990234
      vertex 45.7412109375 4.865936279296875 24.4276123046875
    endloop
  endfacet
  facet normal -0.9886687204987402 0.15011295102293865 0.0005128767576602972
    outer loop
      vertex 45.004791259765625 3.998016357421875 14.995169639587402
      vertex 45.00007629394531 3.9000244140625 34.58724594116211
      vertex 45.03410339355469 4.158843994140625 24.427608489990234
    endloop
  endfacet
  facet normal -0.9238807634984294 0.38268046047616333 0.000002703833855178951
    outer loop
      vertex 45.03410339355469 4.158843994140625 24.427608489990234
      vertex 45.03411865234375 4.158843994140625 29.641427993774414
      vertex 45.134002685546875 4.4000244140625 24.427610397338867
    endloop
  endfacet
  facet normal -0.1305822787356003 0.9914374758298028 6.687856480203086e-7
    outer loop
      vertex 45.999969482421875 4.9000244140625 13.999981880187988
      vertex 45.7412109375 4.865936279296875 24.4276123046875
      vertex 46.00007629394531 4.9000244140625 34.85523223876953
    endloop
  endfacet
  facet normal -0.793329678946916 0.6087922638145304 0.0000046435265538816145
    outer loop
      vertex 45.134002685546875 4.4000244140625 24.427610397338867
      vertex 45.134033203125 4.4000244140625 29.641427993774414
      vertex 45.29292297363281 4.60711669921875 24.427616119384766
    endloop
  endfacet
  facet normal -0.6088290508341442 0.7933014476585933 0.0000017818059190979136
    outer loop
      vertex 45.29292297363281 4.60711669921875 24.427616119384766
      vertex 45.292938232421875 4.60711669921875 29.64142417907715
      vertex 45.50001525878906 4.76605224609375 24.427608489990234
    endloop
  endfacet
  facet normal -0.3826099047316141 0.9239099852204112 0.0000033592488395295398
    outer loop
      vertex 45.50001525878906 4.76605224609375 24.427608489990234
      vertex 45.50006103515625 4.76605224609375 29.641420364379883
      vertex 45.7412109375 4.865936279296875 24.4276123046875
    endloop
  endfacet
  facet normal 0.3827303502339196 -0.9238600970979434 0
    outer loop
      vertex 49.25880432128906 0.034088134765625 15.931169509887695
      vertex 49.49998474121094 0.134002685546875 15.93116569519043
      vertex 49.49998474121094 0.134002685546875 20.862329483032227
    endloop
  endfacet
  facet normal 0 -1 0
    outer loop
      vertex 45.999969482421875 0 13.999981880187988
      vertex 48.99998474121094 0 11.000005722045898
      vertex 48.999969482421875 0 35.65581130981445
    endloop
  endfacet
  facet normal 0.13057849512315448 -0.9914379741624648 0
    outer loop
      vertex 48.99998474121094 0 11.000005722045898
      vertex 49.25880432128906 0.034088134765625 20.86233139038086
      vertex 49.25880432128906 0.034088134765625 25.79349136352539
    endloop
  endfacet
  facet normal 0.38273035023391955 -0.9238600970979433 0
    outer loop
      vertex 49.25880432128906 0.034088134765625 15.931169509887695
      vertex 49.49998474121094 0.134002685546875 20.862329483032227
      vertex 49.25880432128906 0.034088134765625 20.86233139038086
    endloop
  endfacet
  facet normal 0.6087272422034311 -0.7933795715793327 0
    outer loop
      vertex 49.49998474121094 0.134002685546875 15.93116569519043
      vertex 49.70709228515625 0.29290771484375 15.931169509887695
      vertex 49.70709228515625 0.29290771484375 20.86233139038086
    endloop
  endfacet
  facet normal 0.7933296788935023 -0.6087922639018439 0
    outer loop
      vertex 49.70709228515625 0.29290771484375 15.931169509887695
      vertex 49.86601257324219 0.5 15.931170463562012
      vertex 49.86601257324219 0.5 20.862327575683594
    endloop
  endfacet
  facet normal 0.9238807634942465 -0.3826804604958137 0
    outer loop
      vertex 49.86601257324219 0.5 15.931170463562012
      vertex 49.965911865234375 0.741180419921875 15.931168556213379
      vertex 49.965911865234375 0.741180419921875 20.862327575683594
    endloop
  endfacet
  facet normal 0.608727242203431 -0.7933795715793326 0
    outer loop
      vertex 49.49998474121094 0.134002685546875 15.93116569519043
      vertex 49.70709228515625 0.29290771484375 20.86233139038086
      vertex 49.49998474121094 0.134002685546875 20.862329483032227
    endloop
  endfacet
  facet normal 0.7933296788935023 -0.6087922639018439 0
    outer loop
      vertex 49.70709228515625 0.29290771484375 15.931169509887695
      vertex 49.86601257324219 0.5 20.862327575683594
      vertex 49.70709228515625 0.29290771484375 20.86233139038086
    endloop
  endfacet
  facet normal 0.9238807634942466 -0.3826804604958138 0
    outer loop
      vertex 49.86601257324219 0.5 15.931170463562012
      vertex 49.965911865234375 0.741180419921875 20.862327575683594
      vertex 49.86601257324219 0.5 20.862327575683594
    endloop
  endfacet
  facet normal 0.9999999999998086 0 6.188720785610504e-7
    outer loop
      vertex 49.99998474121094 1 11.000006675720215
      vertex 49.99998474121094 3.9000244140625 11.000006675720215
      vertex 49.999969482421875 3.9000244140625 35.65581130981445
    endloop
  endfacet
  facet normal 0.3827303502416452 -0.9238600970939839 0.0000011843058659542784
    outer loop
      vertex 49.25880432128906 0.034088134765625 20.86233139038086
      vertex 49.49998474121094 0.134002685546875 20.862329483032227
      vertex 49.499969482421875 0.134002685546875 25.793489456176758
    endloop
  endfacet
  facet normal 0.13057395505839922 -0.9914385721064118 8.080857184730863e-8
    outer loop
      vertex 48.99998474121094 0 11.000005722045898
      vertex 49.25880432128906 0.034088134765625 25.79349136352539
      vertex 48.999969482421875 0 35.65581130981445
    endloop
  endfacet
  facet normal 0.38275101853523347 -0.9238515345066227 0
    outer loop
      vertex 49.25880432128906 0.034088134765625 20.86233139038086
      vertex 49.499969482421875 0.134002685546875 25.793489456176758
      vertex 49.25880432128906 0.034088134765625 25.79349136352539
    endloop
  endfacet
  facet normal 0.6087272422034311 -0.7933795715793327 0
    outer loop
      vertex 49.49998474121094 0.134002685546875 20.862329483032227
      vertex 49.70709228515625 0.29290771484375 20.86233139038086
      vertex 49.70709228515625 0.29290771484375 25.79349136352539
    endloop
  endfacet
  facet normal 0.7933296789129515 -0.60879226387155 0.000002454848411627221
    outer loop
      vertex 49.70709228515625 0.29290771484375 20.86233139038086
      vertex 49.86601257324219 0.5 20.862327575683594
      vertex 49.865997314453125 0.5 25.793487548828125
    endloop
  endfacet
  facet normal 0.9238807634904711 -0.3826804604942499 0.0000028588205951089635
    outer loop
      vertex 49.86601257324219 0.5 20.862327575683594
      vertex 49.965911865234375 0.741180419921875 20.862327575683594
      vertex 49.96589660644531 0.741180419921875 25.793487548828125
    endloop
  endfacet
  facet normal 0.991448564860142 -0.1304980583625222 6.13579834121484e-7
    outer loop
      vertex 49.99998474121094 1 11.000006675720215
      vertex 49.999969482421875 1 35.65581130981445
      vertex 49.965911865234375 0.741180419921875 20.862327575683594
    endloop
  endfacet
  facet normal 0.6086990132427554 -0.7934012296900907 0.0000018835344819892888
    outer loop
      vertex 49.49998474121094 0.134002685546875 20.862329483032227
      vertex 49.70709228515625 0.29290771484375 25.79349136352539
      vertex 49.499969482421875 0.134002685546875 25.793489456176758
    endloop
  endfacet
  facet normal 0.7933579104621348 -0.6087554729997547 0
    outer loop
      vertex 49.70709228515625 0.29290771484375 20.86233139038086
      vertex 49.865997314453125 0.5 25.793487548828125
      vertex 49.70709228515625 0.29290771484375 25.79349136352539
    endloop
  endfacet
  facet normal 0.9238807634904711 -0.3826804604942499 0.0000028588205951089635
    outer loop
      vertex 49.86601257324219 0.5 20.862327575683594
      vertex 49.96589660644531 0.741180419921875 25.793487548828125
      vertex 49.865997314453125 0.5 25.793487548828125
    endloop
  endfacet
  facet normal 0.38263056740977086 0.9239014281208126 0
    outer loop
      vertex 49.49998474121094 4.76605224609375 15.93116569519043
      vertex 49.25880432128906 4.865936279296875 15.931169509887695
      vertex 49.25880432128906 4.865936279296875 20.86233139038086
    endloop
  endfacet
  facet normal 0 1 0
    outer loop
      vertex 45.999969482421875 4.9000244140625 13.999981880187988
      vertex 48.999969482421875 4.9000244140625 35.65581130981445
      vertex 48.99998474121094 4.9000244140625 11.000005722045898
    endloop
  endfacet
  facet normal 0.3826305674097709 0.9239014281208126 0
    outer loop
      vertex 49.49998474121094 4.76605224609375 15.93116569519043
      vertex 49.25880432128906 4.865936279296875 20.86233139038086
      vertex 49.49998474121094 4.76605224609375 20.862329483032227
    endloop
  endfacet
  facet normal 0.9238807634942466 0.3826804604958138 0
    outer loop
      vertex 49.965911865234375 4.158843994140625 15.931168556213379
      vertex 49.86601257324219 4.4000244140625 15.931170463562012
      vertex 49.86601257324219 4.4000244140625 20.862327575683594
    endloop
  endfacet
  facet normal 0.7933296788935023 0.6087922639018439 0
    outer loop
      vertex 49.86601257324219 4.4000244140625 15.931170463562012
      vertex 49.70709228515625 4.60711669921875 15.931169509887695
      vertex 49.70709228515625 4.60711669921875 20.86233139038086
    endloop
  endfacet
  facet normal 0.6088008206863553 0.7933231124400826 0
    outer loop
      vertex 49.70709228515625 4.60711669921875 15.931169509887695
      vertex 49.49998474121094 4.76605224609375 15.93116569519043
      vertex 49.49998474121094 4.76605224609375 20.862329483032227
    endloop
  endfacet
  facet normal 0.9238807634942465 0.3826804604958137 0
    outer loop
      vertex 49.965911865234375 4.158843994140625 15.931168556213379
      vertex 49.86601257324219 4.4000244140625 20.862327575683594
      vertex 49.965911865234375 4.158843994140625 20.862327575683594
    endloop
  endfacet
  facet normal 0.991460660798178 0.13040612746427244 0.0000030679371931304503
    outer loop
      vertex 49.99998474121094 3.9000244140625 11.000006675720215
      vertex 49.965911865234375 4.158843994140625 20.862327575683594
      vertex 49.96589660644531 4.158843994140625 25.793487548828125
    endloop
  endfacet
  facet normal 0.7933296788935023 0.6087922639018439 0
    outer loop
      vertex 49.86601257324219 4.4000244140625 15.931170463562012
      vertex 49.70709228515625 4.60711669921875 20.86233139038086
      vertex 49.86601257324219 4.4000244140625 20.862327575683594
    endloop
  endfacet
  facet normal 0.6088008206863554 0.7933231124400827 0
    outer loop
      vertex 49.70709228515625 4.60711669921875 15.931169509887695
      vertex 49.49998474121094 4.76605224609375 20.862329483032227
      vertex 49.70709228515625 4.60711669921875 20.86233139038086
    endloop
  endfacet
  facet normal 0.13057546837795755 0.9914383727987688 8.080950839849299e-8
    outer loop
      vertex 48.99998474121094 4.9000244140625 11.000005722045898
      vertex 48.999969482421875 4.9000244140625 35.65581130981445
      vertex 49.25880432128906 4.865936279296875 20.86233139038086
    endloop
  endfacet
  facet normal 0.38263056740977086 0.9239014281208124 0
    outer loop
      vertex 49.49998474121094 4.76605224609375 20.862329483032227
      vertex 49.25880432128906 4.865936279296875 20.86233139038086
      vertex 49.25880432128906 4.865936279296875 25.79349136352539
    endloop
  endfacet
  facet normal 0.38265123217931035 0.9238928696067816 0.0000011840610461084862
    outer loop
      vertex 49.49998474121094 4.76605224609375 20.862329483032227
      vertex 49.25880432128906 4.865936279296875 25.79349136352539
      vertex 49.499969482421875 4.76605224609375 25.793489456176758
    endloop
  endfacet
  facet normal 0.9238807634904711 0.3826804604942499 0.0000028588205951089635
    outer loop
      vertex 49.965911865234375 4.158843994140625 20.862327575683594
      vertex 49.86601257324219 4.4000244140625 20.862327575683594
      vertex 49.865997314453125 4.4000244140625 25.793487548828125
    endloop
  endfacet
  facet normal 0.7933296788935024 0.608792263901844 0
    outer loop
      vertex 49.86601257324219 4.4000244140625 20.862327575683594
      vertex 49.70709228515625 4.60711669921875 20.86233139038086
      vertex 49.70709228515625 4.60711669921875 25.79349136352539
    endloop
  endfacet
  facet normal 0.6088008206743561 0.7933231124470543 0.000001883849510934253
    outer loop
      vertex 49.70709228515625 4.60711669921875 20.86233139038086
      vertex 49.49998474121094 4.76605224609375 20.862329483032227
      vertex 49.499969482421875 4.76605224609375 25.793489456176758
    endloop
  endfacet
  facet normal 0.9238807634904711 0.3826804604942499 0.0000028588205951089635
    outer loop
      vertex 49.965911865234375 4.158843994140625 20.862327575683594
      vertex 49.865997314453125 4.4000244140625 25.793487548828125
      vertex 49.96589660644531 4.158843994140625 25.793487548828125
    endloop
  endfacet
  facet normal 0.9914425138037156 0.13054402254486 6.135760892916158e-7
    outer loop
      vertex 49.99998474121094 3.9000244140625 11.000006675720215
      vertex 49.96589660644531 4.158843994140625 25.793487548828125
      vertex 49.999969482421875 3.9000244140625 35.65581130981445
    endloop
  endfacet
  facet normal 0.7933579104815839 0.6087554729694578 0.000002454935770291919
    outer loop
      vertex 49.86601257324219 4.4000244140625 20.862327575683594
      vertex 49.70709228515625 4.60711669921875 25.79349136352539
      vertex 49.865997314453125 4.4000244140625 25.793487548828125
    endloop
  endfacet
  facet normal 0.608772592343337 0.7933447742385231 0
    outer loop
      vertex 49.70709228515625 4.60711669921875 20.86233139038086
      vertex 49.499969482421875 4.76605224609375 25.793489456176758
      vertex 49.70709228515625 4.60711669921875 25.79349136352539
    endloop
  endfacet
  facet normal -0.11308697131553849 -0.991437522830195 -0.06529146378359993
    outer loop
      vertex 23.320724487304688 0 32.13336181640625
      vertex 25.713821411132812 0.034088134765625 27.47081756591797
      vertex 28.3310546875 0.034088134765625 22.93768310546875
    endloop
  endfacet
  facet normal -0.852051919074212 -0.17889114223152305 -0.49194053139892174
    outer loop
      vertex 22.956466674804688 0.902008056640625 30.77391815185547
      vertex 27.71868896484375 0.741180419921875 22.58412742614746
      vertex 25.1014404296875 0.741180419921875 27.117259979248047
    endloop
  endfacet
  facet normal 0 -1 0
    outer loop
      vertex 23.320724487304688 0 32.13336181640625
      vertex 33.7896728515625 0 14.000829696655273
      vertex 26.78472900390625 0 34.13372802734375
    endloop
  endfacet
  facet normal 0.33146071793588067 -0.9238571493821901 0.19136812691993504
    outer loop
      vertex 31.6585693359375 0.034088134765625 26.209659576416016
      vertex 29.5426025390625 0.134002685546875 30.35698890686035
      vertex 29.333740234375 0.034088134765625 30.236398696899414
    endloop
  endfacet
  facet normal 0.08492723954404663 -0.9951799556523123 0.049032844617559156
    outer loop
      vertex 38.40895080566406 0 14.000018119812012
      vertex 27.051239013671875 0.01922607421875 34.06233596801758
      vertex 26.78472900390625 0 34.13372802734375
    endloop
  endfacet
  facet normal 0.33144467374410863 -0.9238645640972257 0.19136011980583717
    outer loop
      vertex 31.6585693359375 0.034088134765625 26.209659576416016
      vertex 31.867446899414062 0.134002685546875 26.330249786376953
      vertex 29.5426025390625 0.134002685546875 30.35698890686035
    endloop
  endfacet
  facet normal 0.5271846134450447 -0.7933690142531032 0.3043714680614104
    outer loop
      vertex 31.867446899414062 0.134002685546875 26.330249786376953
      vertex 32.04679870605469 0.29290771484375 26.43380355834961
      vertex 29.721954345703125 0.29290771484375 30.460535049438477
    endloop
  endfacet
  facet normal 0.858631590568372 -0.13040205680831238 0.4957288525577155
    outer loop
      vertex 34.59577941894531 0.741180419921875 22.536470413208008
      vertex 28.150726318359375 1 33.767765045166016
      vertex 32.27095031738281 0.741180419921875 26.56321144104004
    endloop
  endfacet
  facet normal 0.5271909753625916 -0.793363598874951 0.3043745644373472
    outer loop
      vertex 31.867446899414062 0.134002685546875 26.330249786376953
      vertex 29.721954345703125 0.29290771484375 30.460535049438477
      vertex 29.5426025390625 0.134002685546875 30.35698890686035
    endloop
  endfacet
  facet normal 0.6870632253626217 -0.6087622103191282 0.3966770671991019
    outer loop
      vertex 32.04679870605469 0.29290771484375 26.43380355834961
      vertex 32.184417724609375 0.5 26.513256072998047
      vertex 29.859573364257812 0.5 30.539995193481445
    endloop
  endfacet
  facet normal 0.8000812489537344 -0.38273870961642387 0.46193189458380907
    outer loop
      vertex 32.184417724609375 0.5 26.513256072998047
      vertex 32.27095031738281 0.741180419921875 26.56321144104004
      vertex 29.946090698242188 0.741180419921875 30.58994483947754
    endloop
  endfacet
  facet normal 0.19664335002040087 -0.9738798519369161 0.11353161182721164
    outer loop
      vertex 31.6585693359375 0.034088134765625 26.209659576416016
      vertex 29.333740234375 0.034088134765625 30.236398696899414
      vertex 27.051239013671875 0.01922607421875 34.06233596801758
    endloop
  endfacet
  facet normal 0.8586051945339074 -0.13060532662931518 0.4957210592414254
    outer loop
      vertex 32.27095031738281 0.741180419921875 26.56321144104004
      vertex 28.150726318359375 1 33.767765045166016
      vertex 29.946090698242188 0.741180419921875 30.58994483947754
    endloop
  endfacet
  facet normal 0.6870567875819851 -0.6087714082586511 0.3966741019077272
    outer loop
      vertex 32.04679870605469 0.29290771484375 26.43380355834961
      vertex 29.859573364257812 0.5 30.539995193481445
      vertex 29.721954345703125 0.29290771484375 30.460535049438477
    endloop
  endfacet
  facet normal 0.8001017018017444 -0.38268615006012713 0.46194001485702707
    outer loop
      vertex 32.184417724609375 0.5 26.513256072998047
      vertex 29.946090698242188 0.741180419921875 30.58994483947754
      vertex 29.859573364257812 0.5 30.539995193481445
    endloop
  endfacet
  facet normal 0.8660252859397045 0 0.5000002041130115
    outer loop
      vertex 38.986297607421875 1 15.000015258789062
      vertex 28.150726318359375 3.9000244140625 33.767765045166016
      vertex 28.150726318359375 1 33.767765045166016
    endloop
  endfacet
  facet normal 0.25172850037932537 -0.9566513309887726 0.14646157521406655
    outer loop
      vertex 29.333740234375 0.034088134765625 30.236398696899414
      vertex 27.307479858398438 0.076141357421875 33.993682861328125
      vertex 27.051239013671875 0.01922607421875 34.06233596801758
    endloop
  endfacet
  facet normal 0.40841303952284475 -0.8814964639540033 0.23698686289391632
    outer loop
      vertex 29.5426025390625 0.134002685546875 30.35698890686035
      vertex 27.54364013671875 0.168548583984375 33.93041229248047
      vertex 27.307479858398438 0.076141357421875 33.993682861328125
    endloop
  endfacet
  facet normal 0.5493859212177556 -0.7730246133926113 0.31718773093693525
    outer loop
      vertex 29.721954345703125 0.29290771484375 30.460535049438477
      vertex 27.750640869140625 0.29290771484375 33.87495422363281
      vertex 27.54364013671875 0.168548583984375 33.93041229248047
    endloop
  endfacet
  facet normal 0.6694681012591894 -0.6343634382637683 0.3865171271633195
    outer loop
      vertex 29.721954345703125 0.29290771484375 30.460535049438477
      vertex 27.920516967773438 0.4444580078125 33.82944869995117
      vertex 27.750640869140625 0.29290771484375 33.87495422363281
    endloop
  endfacet
  facet normal -0.4999999801701372 0.0000035271994125571756 0.8660254152260322
    outer loop
      vertex 1 0 21.556198120117188
      vertex 43.9713134765625 1 46.365692138671875
      vertex 30.204025268554688 1.0566253662109375 38.417144775390625
    endloop
  endfacet
  facet normal 0.33246164851063265 -0.9238552856300909 0.189632970453283
    outer loop
      vertex 29.333740234375 0.034088134765625 30.236398696899414
      vertex 29.5426025390625 0.134002685546875 30.35698890686035
      vertex 27.307479858398438 0.076141357421875 33.993682861328125
    endloop
  endfacet
  facet normal 0.5279739699426439 -0.7933626336739371 0.30301686182943466
    outer loop
      vertex 29.5426025390625 0.134002685546875 30.35698890686035
      vertex 29.721954345703125 0.29290771484375 30.460535049438477
      vertex 27.54364013671875 0.168548583984375 33.93041229248047
    endloop
  endfacet
  facet normal 0.6878954204530717 -0.6087705260143417 0.3952193532405937
    outer loop
      vertex 29.721954345703125 0.29290771484375 30.460535049438477
      vertex 29.859573364257812 0.5 30.539995193481445
      vertex 27.920516967773438 0.4444580078125 33.82944869995117
    endloop
  endfacet
  facet normal 0.8012485430605112 -0.3826851486870642 0.45994874629437554
    outer loop
      vertex 29.859573364257812 0.5 30.539995193481445
      vertex 29.946090698242188 0.741180419921875 30.58994483947754
      vertex 28.0467529296875 0.617340087890625 33.79562759399414
    endloop
  endfacet
  facet normal 0.763407610269777 -0.47094855033493865 0.4420591402964178
    outer loop
      vertex 29.859573364257812 0.5 30.539995193481445
      vertex 28.0467529296875 0.617340087890625 33.79562759399414
      vertex 27.920516967773438 0.4444580078125 33.82944869995117
    endloop
  endfacet
  facet normal 0.8282445523501235 -0.2899401380988662 0.4795265142007828
    outer loop
      vertex 29.946090698242188 0.741180419921875 30.58994483947754
      vertex 28.124481201171875 0.804931640625 33.77479934692383
      vertex 28.0467529296875 0.617340087890625 33.79562759399414
    endloop
  endfacet
  facet normal 0.8573520636916176 -0.14693661152396664 0.4933123463664571
    outer loop
      vertex 29.946090698242188 0.741180419921875 30.58994483947754
      vertex 28.144149780273438 0.902008056640625 33.76953125
      vertex 28.124481201171875 0.804931640625 33.77479934692383
    endloop
  endfacet
  facet normal 0.8678696947600917 -0.049335476809500074 0.4943361241554218
    outer loop
      vertex 29.946090698242188 0.741180419921875 30.58994483947754
      vertex 28.150726318359375 1 33.767765045166016
      vertex 28.144149780273438 0.902008056640625 33.76953125
    endloop
  endfacet
  facet normal 0.23532836444874317 -0.88158260498799 -0.4091853754332736
    outer loop
      vertex 27.307479858398438 0.076141357421875 33.993682861328125
      vertex 27.54364013671875 0.168548583984375 33.93041229248047
      vertex 31.942352294921875 0.134002685546875 36.534603118896484
    endloop
  endfacet
  facet normal 0.04962733277966379 -0.9953310602190742 -0.08278410719667129
    outer loop
      vertex 26.78472900390625 0 34.13372802734375
      vertex 27.051239013671875 0.01922607421875 34.06233596801758
      vertex 31.821746826171875 0.034088134765625 36.743465423583984
    endloop
  endfacet
  facet normal 0.144862538305463 -0.9567048624727217 -0.2524493040528114
    outer loop
      vertex 27.051239013671875 0.01922607421875 34.06233596801758
      vertex 27.307479858398438 0.076141357421875 33.993682861328125
      vertex 31.821746826171875 0.034088134765625 36.743465423583984
    endloop
  endfacet
  facet normal 0.3172269606365148 -0.773025454303377 -0.5493620868283292
    outer loop
      vertex 27.54364013671875 0.168548583984375 33.93041229248047
      vertex 27.750640869140625 0.29290771484375 33.87495422363281
      vertex 32.045928955078125 0.29290771484375 36.35525131225586
    endloop
  endfacet
  facet normal 0.38657606121515703 -0.6343378370911825 -0.6694583312872098
    outer loop
      vertex 27.750640869140625 0.29290771484375 33.87495422363281
      vertex 27.920516967773438 0.4444580078125 33.82944869995117
      vertex 32.045928955078125 0.29290771484375 36.35525131225586
    endloop
  endfacet
  facet normal 0.4403330156717175 -0.4710533584941787 -0.7643399562765286
    outer loop
      vertex 27.920516967773438 0.4444580078125 33.82944869995117
      vertex 28.0467529296875 0.617340087890625 33.79562759399414
      vertex 32.125396728515625 0.5 36.21763229370117
    endloop
  endfacet
  facet normal 0.47777912588851473 -0.2900352112579523 -0.8292205274206383
    outer loop
      vertex 28.0467529296875 0.617340087890625 33.79562759399414
      vertex 28.124481201171875 0.804931640625 33.77479934692383
      vertex 32.17533874511719 0.741180419921875 36.1311149597168
    endloop
  endfacet
  facet normal 0.4956255455234743 -0.1468728301621094 -0.8560278560798887
    outer loop
      vertex 28.124481201171875 0.804931640625 33.77479934692383
      vertex 28.144149780273438 0.902008056640625 33.76953125
      vertex 32.17533874511719 0.741180419921875 36.1311149597168
    endloop
  endfacet
  facet normal 0.5000625168394394 0.000003871840883383499 -0.8659893066529254
    outer loop
      vertex 28.150726318359375 1 33.767765045166016
      vertex 30.621307373046875 1.7783050537109375 35.19439697265625
      vertex 31.70379638671875 1.0566253662109375 35.81947326660156
    endloop
  endfacet
  facet normal 0.19278933892572442 -0.9238602170489819 -0.33062753991582466
    outer loop
      vertex 27.307479858398438 0.076141357421875 33.993682861328125
      vertex 31.942352294921875 0.134002685546875 36.534603118896484
      vertex 31.821746826171875 0.034088134765625 36.743465423583984
    endloop
  endfacet
  facet normal 0.305485141657061 -0.7933846622362951 -0.5265164821303937
    outer loop
      vertex 27.54364013671875 0.168548583984375 33.93041229248047
      vertex 32.045928955078125 0.29290771484375 36.35525131225586
      vertex 31.942352294921875 0.134002685546875 36.534603118896484
    endloop
  endfacet
  facet normal 0.39786364609567887 -0.6087800752388339 -0.6863609393807694
    outer loop
      vertex 27.920516967773438 0.4444580078125 33.82944869995117
      vertex 32.125396728515625 0.5 36.21763229370117
      vertex 32.045928955078125 0.29290771484375 36.35525131225586
    endloop
  endfacet
  facet normal 0.46355922986875964 -0.3826729587913381 -0.7991709748316472
    outer loop
      vertex 28.0467529296875 0.617340087890625 33.79562759399414
      vertex 32.17533874511719 0.741180419921875 36.1311149597168
      vertex 32.125396728515625 0.5 36.21763229370117
    endloop
  endfacet
  facet normal 0.43300827140666204 0.8660280445928552 0.24999852573983308
    outer loop
      vertex 30.621307373046875 1.7783050537109375 35.19439697265625
      vertex 29.121490478515625 1.7783050537109375 37.792144775390625
      vertex 31.70379638671875 1.0566253662109375 35.81947326660156
    endloop
  endfacet
  facet normal 0.500063431573153 0 -0.8659887784511312
    outer loop
      vertex 28.150726318359375 1 33.767765045166016
      vertex 28.150726318359375 3.9000244140625 33.767765045166016
      vertex 30.621307373046875 1.7783050537109375 35.19439697265625
    endloop
  endfacet
  facet normal 0.5000634315731531 0 -0.8659887784511313
    outer loop
      vertex 30.621307373046875 1.7783050537109375 35.19439697265625
      vertex 28.150726318359375 3.9000244140625 33.767765045166016
      vertex 30.621307373046875 3.2216796875 35.19439697265625
    endloop
  endfacet
  facet normal 0.8660244652783053 0 0.5000016255367832
    outer loop
      vertex 30.621307373046875 1.7783050537109375 35.19439697265625
      vertex 30.621307373046875 3.2216796875 35.19439697265625
      vertex 29.121490478515625 3.2216796875 37.792144775390625
    endloop
  endfacet
  facet normal -0.8586068670094426 0.1305978206718372 -0.49572013995801717
    outer loop
      vertex 24.957229614257812 4.158843994140625 27.367055892944336
      vertex 27.43023681640625 4.158843994140625 23.083709716796875
      vertex 22.954696655273438 3.9000244140625 30.767335891723633
    endloop
  endfacet
  facet normal 0 1 0
    outer loop
      vertex 23.320724487304688 4.9000244140625 32.13336181640625
      vertex 26.78472900390625 4.9000244140625 34.13372802734375
      vertex 33.212799072265625 4.9000244140625 15.000007629394531
    endloop
  endfacet
  facet normal 0.8649828515176476 0.04905049042815641 0.49939835399123667
    outer loop
      vertex 38.986297607421875 3.9000244140625 15.000015258789062
      vertex 28.144149780273438 3.998016357421875 33.76953125
      vertex 28.150726318359375 3.9000244140625 33.767765045166016
    endloop
  endfacet
  facet normal 0.8001011971003413 0.3826861500559813 0.4619408890257842
    outer loop
      vertex 33.289031982421875 4.158843994140625 24.79983901977539
      vertex 30.368621826171875 4.4000244140625 29.65831184387207
      vertex 30.45513916015625 4.158843994140625 29.708261489868164
    endloop
  endfacet
  facet normal 0.33137367832239056 0.9238984818156988 0.19131931584065326
    outer loop
      vertex 32.885528564453125 4.76605224609375 24.566875457763672
      vertex 29.8427734375 4.865936279296875 29.35471534729004
      vertex 30.0516357421875 4.76605224609375 29.475305557250977
    endloop
  endfacet
  facet normal 0.5272279936983503 0.7933313144209946 0.30439459295439064
    outer loop
      vertex 33.06488037109375 4.60711669921875 24.670429229736328
      vertex 30.0516357421875 4.76605224609375 29.475305557250977
      vertex 30.231002807617188 4.60711669921875 29.578859329223633
    endloop
  endfacet
  facet normal 0.6870639838024629 0.608762210326608 0.3966757535314597
    outer loop
      vertex 33.20249938964844 4.4000244140625 24.749881744384766
      vertex 30.231002807617188 4.60711669921875 29.578859329223633
      vertex 30.368621826171875 4.4000244140625 29.65831184387207
    endloop
  endfacet
  facet normal 0.8010021790183283 0.3826855347134071 0.46037733515997886
    outer loop
      vertex 30.45513916015625 4.158843994140625 29.708261489868164
      vertex 30.368621826171875 4.4000244140625 29.65831184387207
      vertex 28.0467529296875 4.282684326171875 33.79562759399414
    endloop
  endfacet
  facet normal 0.1130743321886334 0.9914394980062038 0.06528336076904392
    outer loop
      vertex 32.67665100097656 4.865936279296875 24.446285247802734
      vertex 26.78472900390625 4.9000244140625 34.13372802734375
      vertex 29.8427734375 4.865936279296875 29.35471534729004
    endloop
  endfacet
  facet normal 0.5278529668863555 0.7933307030296892 0.30331112900731355
    outer loop
      vertex 30.231002807617188 4.60711669921875 29.578859329223633
      vertex 30.0516357421875 4.76605224609375 29.475305557250977
      vertex 27.54364013671875 4.731475830078125 33.93041229248047
    endloop
  endfacet
  facet normal 0.33218134376267766 0.9238972688413793 0.18991943419108412
    outer loop
      vertex 30.0516357421875 4.76605224609375 29.475305557250977
      vertex 29.8427734375 4.865936279296875 29.35471534729004
      vertex 27.307479858398438 4.823883056640625 33.993682861328125
    endloop
  endfacet
  facet normal 0.6877265399442725 0.6087616808010656 0.3955267655223102
    outer loop
      vertex 30.368621826171875 4.4000244140625 29.65831184387207
      vertex 30.231002807617188 4.60711669921875 29.578859329223633
      vertex 27.920516967773438 4.455596923828125 33.82944869995117
    endloop
  endfacet
  facet normal 0.8520293436335442 0.17905020363693575 0.49192176427249457
    outer loop
      vertex 33.289031982421875 4.158843994140625 24.79983901977539
      vertex 30.45513916015625 4.158843994140625 29.708261489868164
      vertex 28.144149780273438 3.998016357421875 33.76953125
    endloop
  endfacet
  facet normal 0.40837877670763656 0.8815791464108286 0.23673821691549826
    outer loop
      vertex 30.0516357421875 4.76605224609375 29.475305557250977
      vertex 27.307479858398438 4.823883056640625 33.993682861328125
      vertex 27.54364013671875 4.731475830078125 33.93041229248047
    endloop
  endfacet
  facet normal 0.0843622946372215 0.9953315948462294 0.04688304111727743
    outer loop
      vertex 29.8427734375 4.865936279296875 29.35471534729004
      vertex 26.78472900390625 4.9000244140625 34.13372802734375
      vertex 27.051239013671875 4.88079833984375 34.06233596801758
    endloop
  endfacet
  facet normal 0.25167471888211074 0.9567027009775584 0.1462182540514515
    outer loop
      vertex 29.8427734375 4.865936279296875 29.35471534729004
      vertex 27.051239013671875 4.88079833984375 34.06233596801758
      vertex 27.307479858398438 4.823883056640625 33.993682861328125
    endloop
  endfacet
  facet normal 0.8571998696974626 0.14689068484018833 0.49359042747791765
    outer loop
      vertex 30.45513916015625 4.158843994140625 29.708261489868164
      vertex 28.124481201171875 4.0950927734375 33.77479934692383
      vertex 28.144149780273438 3.998016357421875 33.76953125
    endloop
  endfacet
  facet normal 0.8283513089219614 0.29000951042510237 0.47930010731301304
    outer loop
      vertex 30.45513916015625 4.158843994140625 29.708261489868164
      vertex 28.0467529296875 4.282684326171875 33.79562759399414
      vertex 28.124481201171875 4.0950927734375 33.77479934692383
    endloop
  endfacet
  facet normal 0.6694135685399597 0.6344388967345447 0.38648772369229345
    outer loop
      vertex 30.231002807617188 4.60711669921875 29.578859329223633
      vertex 27.750640869140625 4.60711669921875 33.87495422363281
      vertex 27.920516967773438 4.455596923828125 33.82944869995117
    endloop
  endfacet
  facet normal 0.763511618463987 0.4709838687386627 0.4418418312682328
    outer loop
      vertex 30.368621826171875 4.4000244140625 29.65831184387207
      vertex 27.920516967773438 4.455596923828125 33.82944869995117
      vertex 28.0467529296875 4.282684326171875 33.79562759399414
    endloop
  endfacet
  facet normal 0.5493859470597868 0.7730238881378537 0.3171894537046526
    outer loop
      vertex 30.231002807617188 4.60711669921875 29.578859329223633
      vertex 27.54364013671875 4.731475830078125 33.93041229248047
      vertex 27.750640869140625 4.60711669921875 33.87495422363281
    endloop
  endfacet
  facet normal 0.500062562976837 -0.000004218322286388168 -0.8659892800094251
    outer loop
      vertex 30.621307373046875 3.2216796875 35.19439697265625
      vertex 28.150726318359375 3.9000244140625 33.767765045166016
      vertex 31.638778686523438 3.9000244140625 35.78192901611328
    endloop
  endfacet
  facet normal 0.5033947328049604 0.049332689552655073 -0.8626471055569155
    outer loop
      vertex 28.150726318359375 3.9000244140625 33.767765045166016
      vertex 28.144149780273438 3.998016357421875 33.76953125
      vertex 32.17533874511719 4.158843994140625 36.1311149597168
    endloop
  endfacet
  facet normal 0.4956255455234743 0.1468728301621094 -0.8560278560798887
    outer loop
      vertex 28.124481201171875 4.0950927734375 33.77479934692383
      vertex 32.17533874511719 4.158843994140625 36.1311149597168
      vertex 28.144149780273438 3.998016357421875 33.76953125
    endloop
  endfacet
  facet normal 0.47777912588851473 0.2900352112579523 -0.8292205274206383
    outer loop
      vertex 28.124481201171875 4.0950927734375 33.77479934692383
      vertex 28.0467529296875 4.282684326171875 33.79562759399414
      vertex 32.17533874511719 4.158843994140625 36.1311149597168
    endloop
  endfacet
  facet normal 0.440351793136577 0.4709895102120266 -0.7643684841433721
    outer loop
      vertex 28.0467529296875 4.282684326171875 33.79562759399414
      vertex 27.920516967773438 4.455596923828125 33.82944869995117
      vertex 32.125396728515625 4.4000244140625 36.21763229370117
    endloop
  endfacet
  facet normal 0.23532587959841514 0.8815804346360573 -0.4091914804320009
    outer loop
      vertex 27.307479858398438 4.823883056640625 33.993682861328125
      vertex 31.942352294921875 4.76605224609375 36.534603118896484
      vertex 27.54364013671875 4.731475830078125 33.93041229248047
    endloop
  endfacet
  facet normal 0.3865447321183683 0.6344141803031814 -0.6694040766994038
    outer loop
      vertex 27.920516967773438 4.455596923828125 33.82944869995117
      vertex 27.750640869140625 4.60711669921875 33.87495422363281
      vertex 32.045928955078125 4.60711669921875 36.35525131225586
    endloop
  endfacet
  facet normal 0.3172269606365148 0.773025454303377 -0.5493620868283292
    outer loop
      vertex 27.750640869140625 4.60711669921875 33.87495422363281
      vertex 27.54364013671875 4.731475830078125 33.93041229248047
      vertex 32.045928955078125 4.60711669921875 36.35525131225586
    endloop
  endfacet
  facet normal 0.144862538305463 0.9567048624727217 -0.2524493040528114
    outer loop
      vertex 27.307479858398438 4.823883056640625 33.993682861328125
      vertex 27.051239013671875 4.88079833984375 34.06233596801758
      vertex 31.821746826171875 4.865936279296875 36.743465423583984
    endloop
  endfacet
  facet normal 0.4994610859904157 0.0490322365733452 -0.8649476650976577
    outer loop
      vertex 28.150726318359375 3.9000244140625 33.767765045166016
      vertex 31.678024291992188 3.9266204833984375 35.80609893798828
      vertex 31.638778686523438 3.9000244140625 35.78192901611328
    endloop
  endfacet
  facet normal 0.49311441125329175 0.15855424585756783 -0.855393902558849
    outer loop
      vertex 28.150726318359375 3.9000244140625 33.767765045166016
      vertex 31.701812744140625 3.9433746337890625 35.82291793823242
      vertex 31.678024291992188 3.9266204833984375 35.80609893798828
    endloop
  endfacet
  facet normal 0.4330134349083109 -0.8660243894757286 0.25000224403412363
    outer loop
      vertex 30.621307373046875 3.2216796875 35.19439697265625
      vertex 31.638778686523438 3.9000244140625 35.78192901611328
      vertex 30.204025268554688 3.9433746337890625 38.417144775390625
    endloop
  endfacet
  facet normal 0.46355922986875964 0.3826729587913381 -0.7991709748316472
    outer loop
      vertex 28.0467529296875 4.282684326171875 33.79562759399414
      vertex 32.125396728515625 4.4000244140625 36.21763229370117
      vertex 32.17533874511719 4.158843994140625 36.1311149597168
    endloop
  endfacet
  facet normal 0.30551885838855247 0.7933282075738382 -0.5265819805468439
    outer loop
      vertex 27.54364013671875 4.731475830078125 33.93041229248047
      vertex 31.942352294921875 4.76605224609375 36.534603118896484
      vertex 32.045928955078125 4.60711669921875 36.35525131225586
    endloop
  endfacet
  facet normal 0.397866971207893 0.6087800721431099 -0.6863590146441492
    outer loop
      vertex 27.920516967773438 4.455596923828125 33.82944869995117
      vertex 32.045928955078125 4.60711669921875 36.35525131225586
      vertex 32.125396728515625 4.4000244140625 36.21763229370117
    endloop
  endfacet
  facet normal 0.1927371321395188 0.9239015513745598 -0.33054246514224955
    outer loop
      vertex 27.307479858398438 4.823883056640625 33.993682861328125
      vertex 31.821746826171875 4.865936279296875 36.743465423583984
      vertex 31.942352294921875 4.76605224609375 36.534603118896484
    endloop
  endfacet
  facet normal 0.49945900345013716 -0.04910995819540157 -0.8649444582622875
    outer loop
      vertex 28.144149780273438 0.902008056640625 33.76953125
      vertex 28.150726318359375 1 33.767765045166016
      vertex 41.14155578613281 1 41.26927185058594
    endloop
  endfacet
  facet normal 0.4930963924641382 0.15875525053452016 -0.8553670078782407
    outer loop
      vertex 28.150726318359375 3.9000244140625 33.767765045166016
      vertex 37.08293151855469 4.158843994140625 38.96498107910156
      vertex 31.701812744140625 3.9433746337890625 35.82291793823242
    endloop
  endfacet
  facet normal 0.4957815635953411 0.13055695069957085 -0.8585776166561696
    outer loop
      vertex 28.150726318359375 3.9000244140625 33.767765045166016
      vertex 32.17533874511719 4.158843994140625 36.1311149597168
      vertex 37.08293151855469 4.158843994140625 38.96498107910156
    endloop
  endfacet
  facet normal 0 -1 0
    outer loop
      vertex 1 0 21.556198120117188
      vertex 41.507476806640625 0 42.63532257080078
      vertex 43.10530090332031 0 45.865692138671875
    endloop
  endfacet
  facet normal -0.49999980266376015 -0.00000249759303655767 0.8660255177129382
    outer loop
      vertex 1 0 21.556198120117188
      vertex 43.10530090332031 0 45.865692138671875
      vertex 43.85530090332031 0.5 46.2987060546875
    endloop
  endfacet
  facet normal -0.4999998603818332 0.000004098774910048713 0.8660254843833103
    outer loop
      vertex 1 0 21.556198120117188
      vertex 43.85530090332031 0.5 46.2987060546875
      vertex 43.94181823730469 0.741180419921875 46.348655700683594
    endloop
  endfacet
  facet normal -0.49999948764313046 -0.000024683621586385933 0.8660256992418446
    outer loop
      vertex 1 0 21.556198120117188
      vertex 43.94181823730469 0.741180419921875 46.348655700683594
      vertex 43.9713134765625 1 46.365692138671875
    endloop
  endfacet
  facet normal 0.0652995156554744 -0.991437373864707 -0.1130836281670057
    outer loop
      vertex 26.78472900390625 0 34.13372802734375
      vertex 31.821746826171875 0.034088134765625 36.743465423583984
      vertex 36.729339599609375 0.034088134765625 39.577327728271484
    endloop
  endfacet
  facet normal 0.4330080073582995 0.8660283037653034 0.2499980852746395
    outer loop
      vertex 31.70379638671875 1.0566253662109375 35.81947326660156
      vertex 29.121490478515625 1.7783050537109375 37.792144775390625
      vertex 30.204025268554688 1.0566253662109375 38.417144775390625
    endloop
  endfacet
  facet normal -0.4330079005906399 0.8660283749428349 -0.2499980236321063
    outer loop
      vertex 31.70379638671875 1.0566253662109375 35.81947326660156
      vertex 30.204025268554688 1.0566253662109375 38.417144775390625
      vertex 32.786285400390625 1.7783050537109375 36.44455337524414
    endloop
  endfacet
  facet normal -0.43300797310635075 0.8660283037652247 -0.24999814460083028
    outer loop
      vertex 32.786285400390625 1.7783050537109375 36.44455337524414
      vertex 30.204025268554688 1.0566253662109375 38.417144775390625
      vertex 31.28656005859375 1.7783050537109375 39.042144775390625
    endloop
  endfacet
  facet normal 0.8660244652783053 0 0.5000016255367832
    outer loop
      vertex 30.621307373046875 1.7783050537109375 35.19439697265625
      vertex 29.121490478515625 3.2216796875 37.792144775390625
      vertex 29.121490478515625 1.7783050537109375 37.792144775390625
    endloop
  endfacet
  facet normal 0.4330147490916315 -0.8660237261411349 0.2500022656492055
    outer loop
      vertex 30.621307373046875 3.2216796875 35.19439697265625
      vertex 30.204025268554688 3.9433746337890625 38.417144775390625
      vertex 29.121490478515625 3.2216796875 37.792144775390625
    endloop
  endfacet
  facet normal -0.43301384459693343 -0.8660243894517912 -0.25000153451936036
    outer loop
      vertex 32.786285400390625 3.2216796875 36.44455337524414
      vertex 31.28656005859375 3.2216796875 39.042144775390625
      vertex 31.768814086914062 3.9000244140625 35.85702133178711
    endloop
  endfacet
  facet normal -0.8660246462057151 0 -0.5000013121625446
    outer loop
      vertex 31.28656005859375 1.7783050537109375 39.042144775390625
      vertex 31.28656005859375 3.2216796875 39.042144775390625
      vertex 32.786285400390625 3.2216796875 36.44455337524414
    endloop
  endfacet
  facet normal 0.4329621771386953 -0.8660579129186382 0.24997488801544335
    outer loop
      vertex 31.638778686523438 3.9000244140625 35.78192901611328
      vertex 31.678024291992188 3.9266204833984375 35.80609893798828
      vertex 30.204025268554688 3.9433746337890625 38.417144775390625
    endloop
  endfacet
  facet normal -0.43303373605156414 -0.8660110844216883 -0.2500131698531018
    outer loop
      vertex 31.768814086914062 3.9000244140625 35.85702133178711
      vertex 30.204025268554688 3.9433746337890625 38.417144775390625
      vertex 31.727691650390625 3.927001953125 35.834800720214844
    endloop
  endfacet
  facet normal 0.4331029644065024 -0.8659647425396964 0.2500537680189152
    outer loop
      vertex 31.678024291992188 3.9266204833984375 35.80609893798828
      vertex 31.701812744140625 3.9433746337890625 35.82291793823242
      vertex 30.204025268554688 3.9433746337890625 38.417144775390625
    endloop
  endfacet
  facet normal -0.43307086826122426 -0.8659861449427078 -0.2500352371781562
    outer loop
      vertex 31.727691650390625 3.927001953125 35.834800720214844
      vertex 30.204025268554688 3.9433746337890625 38.417144775390625
      vertex 31.701812744140625 3.9433746337890625 35.82291793823242
    endloop
  endfacet
  facet normal -0.43301513956884374 -0.8660237261419161 -0.2500015893218406
    outer loop
      vertex 31.768814086914062 3.9000244140625 35.85702133178711
      vertex 31.28656005859375 3.2216796875 39.042144775390625
      vertex 30.204025268554688 3.9433746337890625 38.417144775390625
    endloop
  endfacet
  facet normal 0 1 0
    outer loop
      vertex 23.320724487304688 4.9000244140625 32.13336181640625
      vertex 43.10530090332031 4.9000244140625 45.865692138671875
      vertex 26.78472900390625 4.9000244140625 34.13372802734375
    endloop
  endfacet
  facet normal 0.04904185476794008 0.9951793721170289 -0.08492887491116537
    outer loop
      vertex 26.78472900390625 4.9000244140625 34.13372802734375
      vertex 41.507476806640625 4.9000244140625 42.63532257080078
      vertex 27.051239013671875 4.88079833984375 34.06233596801758
    endloop
  endfacet
  facet normal 0.19138704102573736 -0.9238614307060455 -0.33143786352978943
    outer loop
      vertex 31.942352294921875 0.134002685546875 36.534603118896484
      vertex 36.84992980957031 0.134002685546875 39.36845779418945
      vertex 31.821746826171875 0.034088134765625 36.743465423583984
    endloop
  endfacet
  facet normal 0.3043981726626096 -0.7933852609143554 -0.5271447431621834
    outer loop
      vertex 31.942352294921875 0.134002685546875 36.534603118896484
      vertex 32.045928955078125 0.29290771484375 36.35525131225586
      vertex 36.95350646972656 0.29290771484375 39.189117431640625
    endloop
  endfacet
  facet normal 0.3967188984768008 -0.6087806069265345 -0.6870227712539912
    outer loop
      vertex 32.045928955078125 0.29290771484375 36.35525131225586
      vertex 32.125396728515625 0.5 36.21763229370117
      vertex 37.032958984375 0.5 39.05148696899414
    endloop
  endfacet
  facet normal 0.5000623896609339 0.000014508725253669209 -0.8659893799788154
    outer loop
      vertex 28.150726318359375 1 33.767765045166016
      vertex 31.70379638671875 1.0566253662109375 35.81947326660156
      vertex 41.14155578613281 1 41.26927185058594
    endloop
  endfacet
  facet normal 0.46199877766582725 -0.3826736745999706 -0.8000737392287272
    outer loop
      vertex 32.125396728515625 0.5 36.21763229370117
      vertex 32.17533874511719 0.741180419921875 36.1311149597168
      vertex 37.08293151855469 0.741180419921875 38.96498107910156
    endloop
  endfacet
  facet normal 0.396717065332226 -0.608786104402376 -0.6870189583707028
    outer loop
      vertex 32.045928955078125 0.29290771484375 36.35525131225586
      vertex 37.032958984375 0.5 39.05148696899414
      vertex 36.95350646972656 0.29290771484375 39.189117431640625
    endloop
  endfacet
  facet normal 0.08121205710277715 -0.9865030339034218 -0.14218426734515727
    outer loop
      vertex 26.78472900390625 0 34.13372802734375
      vertex 36.729339599609375 0.034088134765625 39.577327728271484
      vertex 41.43609619140625 0.01922607421875 42.36882400512695
    endloop
  endfacet
  facet normal 0.1913876742885003 -0.9238608565040463 -0.3314390984027817
    outer loop
      vertex 31.821746826171875 0.034088134765625 36.743465423583984
      vertex 36.84992980957031 0.134002685546875 39.36845779418945
      vertex 36.729339599609375 0.034088134765625 39.577327728271484
    endloop
  endfacet
  facet normal 0.30440641951481995 -0.793371193015546 -0.5271611535870758
    outer loop
      vertex 31.942352294921875 0.134002685546875 36.534603118896484
      vertex 36.95350646972656 0.29290771484375 39.189117431640625
      vertex 36.84992980957031 0.134002685546875 39.36845779418945
    endloop
  endfacet
  facet normal 0.46199590955272163 -0.3826911680847721 -0.8000670280835639
    outer loop
      vertex 32.125396728515625 0.5 36.21763229370117
      vertex 37.08293151855469 0.741180419921875 38.96498107910156
      vertex 37.032958984375 0.5 39.05148696899414
    endloop
  endfacet
  facet normal 0.4943456840220565 -0.1587286389141313 -0.8546505507382725
    outer loop
      vertex 28.144149780273438 0.902008056640625 33.76953125
      vertex 41.14155578613281 1 41.26927185058594
      vertex 32.17533874511719 0.741180419921875 36.1311149597168
    endloop
  endfacet
  facet normal 0.5000623292937941 0.000001080775683805176 -0.8659894149584607
    outer loop
      vertex 31.70379638671875 1.0566253662109375 35.81947326660156
      vertex 32.786285400390625 1.7783050537109375 36.44455337524414
      vertex 41.14155578613281 1 41.26927185058594
    endloop
  endfacet
  facet normal -0.4999999846603093 0.0000020722695258246306 0.8660254126383338
    outer loop
      vertex 30.204025268554688 1.0566253662109375 38.417144775390625
      vertex 43.9713134765625 1 46.365692138671875
      vertex 31.28656005859375 1.7783050537109375 39.042144775390625
    endloop
  endfacet
  facet normal -0.8660246462057151 0 -0.5000013121625446
    outer loop
      vertex 32.786285400390625 1.7783050537109375 36.44455337524414
      vertex 31.28656005859375 1.7783050537109375 39.042144775390625
      vertex 32.786285400390625 3.2216796875 36.44455337524414
    endloop
  endfacet
  facet normal 0.49578458624729455 -0.13051104051420614 -0.8585828511818171
    outer loop
      vertex 32.17533874511719 0.741180419921875 36.1311149597168
      vertex 41.14155578613281 1 41.26927185058594
      vertex 37.08293151855469 0.741180419921875 38.96498107910156
    endloop
  endfacet
  facet normal 0.049043395399769034 -0.9951790685021464 -0.08493154292053214
    outer loop
      vertex 26.78472900390625 0 34.13372802734375
      vertex 41.43609619140625 0.01922607421875 42.36882400512695
      vertex 41.507476806640625 0 42.63532257080078
    endloop
  endfacet
  facet normal 0.3033198513484459 -0.7933705243786822 -0.5277881003064127
    outer loop
      vertex 36.84992980957031 0.134002685546875 39.36845779418945
      vertex 36.95350646972656 0.29290771484375 39.189117431640625
      vertex 41.30418395996094 0.168548583984375 41.87638854980469
    endloop
  endfacet
  facet normal 0.3955695830775111 -0.6087856462702911 -0.68768069759093
    outer loop
      vertex 36.95350646972656 0.29290771484375 39.189117431640625
      vertex 37.032958984375 0.5 39.05148696899414
      vertex 41.20323181152344 0.4444580078125 41.49949264526367
    endloop
  endfacet
  facet normal 0.46043527414534674 -0.3826904367581944 -0.8009665335933343
    outer loop
      vertex 37.032958984375 0.5 39.05148696899414
      vertex 37.08293151855469 0.741180419921875 38.96498107910156
      vertex 41.169403076171875 0.617340087890625 41.37325668334961
    endloop
  endfacet
  facet normal 0.18998641042309025 -0.9238596898319082 -0.3322475543299596
    outer loop
      vertex 36.84992980957031 0.134002685546875 39.36845779418945
      vertex 41.36744689941406 0.076141357421875 42.11256408691406
      vertex 36.729339599609375 0.034088134765625 39.577327728271484
    endloop
  endfacet
  facet normal 0.5000622537935376 0 -0.8659894585564698
    outer loop
      vertex 32.786285400390625 1.7783050537109375 36.44455337524414
      vertex 32.786285400390625 3.2216796875 36.44455337524414
      vertex 41.14155578613281 1 41.26927185058594
    endloop
  endfacet
  facet normal 0.5000622537935376 0 -0.8659894585564697
    outer loop
      vertex 32.786285400390625 3.2216796875 36.44455337524414
      vertex 41.14155578613281 3.9000244140625 41.26927185058594
      vertex 41.14155578613281 1 41.26927185058594
    endloop
  endfacet
  facet normal -0.499999978709451 0 0.8660254160765425
    outer loop
      vertex 31.28656005859375 1.7783050537109375 39.042144775390625
      vertex 43.7176513671875 4.607147216796875 46.21923828125
      vertex 31.28656005859375 3.2216796875 39.042144775390625
    endloop
  endfacet
  facet normal 0.4931125635199002 0.15860956498352155 -0.8553847120416465
    outer loop
      vertex 31.727691650390625 3.927001953125 35.834800720214844
      vertex 31.701812744140625 3.9433746337890625 35.82291793823242
      vertex 37.08293151855469 4.158843994140625 38.96498107910156
    endloop
  endfacet
  facet normal 0.39671917489882885 0.6087806069266313 -0.6870226116348973
    outer loop
      vertex 32.125396728515625 4.4000244140625 36.21763229370117
      vertex 32.045928955078125 4.60711669921875 36.35525131225586
      vertex 36.95350646972656 4.60711669921875 39.189117431640625
    endloop
  endfacet
  facet normal 0.3044340446420038 0.7933288027226035 -0.5272089938853766
    outer loop
      vertex 32.045928955078125 4.60711669921875 36.35525131225586
      vertex 31.942352294921875 4.76605224609375 36.534603118896484
      vertex 36.84992980957031 4.76605224609375 39.36845779418945
    endloop
  endfacet
  facet normal 0.19133708393346333 0.9239027610933389 -0.3313514876320063
    outer loop
      vertex 31.942352294921875 4.76605224609375 36.534603118896484
      vertex 31.821746826171875 4.865936279296875 36.743465423583984
      vertex 36.729339599609375 4.865936279296875 39.577327728271484
    endloop
  endfacet
  facet normal 0.08255681568043349 0.9865006725828035 -0.14142416758950135
    outer loop
      vertex 27.051239013671875 4.88079833984375 34.06233596801758
      vertex 41.507476806640625 4.9000244140625 42.63532257080078
      vertex 31.821746826171875 4.865936279296875 36.743465423583984
    endloop
  endfacet
  facet normal 0.4619995330231844 0.382673674554362 -0.8000733030725509
    outer loop
      vertex 32.17533874511719 4.158843994140625 36.1311149597168
      vertex 32.125396728515625 4.4000244140625 36.21763229370117
      vertex 37.032958984375 4.4000244140625 39.05148696899414
    endloop
  endfacet
  facet normal 0.4994650561436079 0.04890921055463614 -0.8649523378859583
    outer loop
      vertex 31.768814086914062 3.9000244140625 35.85702133178711
      vertex 31.727691650390625 3.927001953125 35.834800720214844
      vertex 41.14332580566406 3.998016357421875 41.275856018066406
    endloop
  endfacet
  facet normal 0.5000620584009202 0.0000032091295041254873 -0.8659895713792032
    outer loop
      vertex 32.786285400390625 3.2216796875 36.44455337524414
      vertex 31.768814086914062 3.9000244140625 35.85702133178711
      vertex 41.14155578613281 3.9000244140625 41.26927185058594
    endloop
  endfacet
  facet normal 0.46199515422184567 0.3826911680311351 -0.8000674642719191
    outer loop
      vertex 32.17533874511719 4.158843994140625 36.1311149597168
      vertex 37.032958984375 4.4000244140625 39.05148696899414
      vertex 37.08293151855469 4.158843994140625 38.96498107910156
    endloop
  endfacet
  facet normal 0.39671678890461853 0.6087861044206493 -0.6870191179767403
    outer loop
      vertex 32.125396728515625 4.4000244140625 36.21763229370117
      vertex 36.95350646972656 4.60711669921875 39.189117431640625
      vertex 37.032958984375 4.4000244140625 39.05148696899414
    endloop
  endfacet
  facet normal 0.3044441351368656 0.7933147324843282 -0.5272243391613145
    outer loop
      vertex 32.045928955078125 4.60711669921875 36.35525131225586
      vertex 36.84992980957031 4.76605224609375 39.36845779418945
      vertex 36.95350646972656 4.60711669921875 39.189117431640625
    endloop
  endfacet
  facet normal 0.1913378367663694 0.9239021871631413 -0.3313526531910221
    outer loop
      vertex 31.942352294921875 4.76605224609375 36.534603118896484
      vertex 36.729339599609375 4.865936279296875 39.577327728271484
      vertex 36.84992980957031 4.76605224609375 39.36845779418945
    endloop
  endfacet
  facet normal -0.4999995505494255 -0.0000012040093839195746 0.8660256632738564
    outer loop
      vertex 30.204025268554688 3.9433746337890625 38.417144775390625
      vertex 31.28656005859375 3.2216796875 39.042144775390625
      vertex 43.10530090332031 4.9000244140625 45.865692138671875
    endloop
  endfacet
  facet normal 0.49310084376140906 0.15871284561360166 -0.8553723110546773
    outer loop
      vertex 31.727691650390625 3.927001953125 35.834800720214844
      vertex 37.08293151855469 4.158843994140625 38.96498107910156
      vertex 41.14332580566406 3.998016357421875 41.275856018066406
    endloop
  endfacet
  facet normal 0.06529409283896184 0.9914388021170749 -0.11307423710552586
    outer loop
      vertex 31.821746826171875 4.865936279296875 36.743465423583984
      vertex 41.507476806640625 4.9000244140625 42.63532257080078
      vertex 36.729339599609375 4.865936279296875 39.577327728271484
    endloop
  endfacet
  facet normal 0 1 0
    outer loop
      vertex 26.78472900390625 4.9000244140625 34.13372802734375
      vertex 43.10530090332031 4.9000244140625 45.865692138671875
      vertex 41.507476806640625 4.9000244140625 42.63532257080078
    endloop
  endfacet
  facet normal 0.4994590457988884 0.04909477511677398 -0.8649452957418159
    outer loop
      vertex 31.768814086914062 3.9000244140625 35.85702133178711
      vertex 41.14332580566406 3.998016357421875 41.275856018066406
      vertex 41.14155578613281 3.9000244140625 41.26927185058594
    endloop
  endfacet
  facet normal 0.46043527414534674 0.3826904367581944 -0.8009665335933343
    outer loop
      vertex 37.08293151855469 4.158843994140625 38.96498107910156
      vertex 37.032958984375 4.4000244140625 39.05148696899414
      vertex 41.169403076171875 4.282684326171875 41.37325668334961
    endloop
  endfacet
  facet normal 0.39556625376952675 0.6087856433878289 -0.6876826152256647
    outer loop
      vertex 37.032958984375 4.4000244140625 39.05148696899414
      vertex 36.95350646972656 4.60711669921875 39.189117431640625
      vertex 41.20323181152344 4.455596923828125 41.49949264526367
    endloop
  endfacet
  facet normal 0.3033597249029608 0.7933140675112137 -0.5278500427163129
    outer loop
      vertex 36.95350646972656 4.60711669921875 39.189117431640625
      vertex 36.84992980957031 4.76605224609375 39.36845779418945
      vertex 41.30418395996094 4.731475830078125 41.87638854980469
    endloop
  endfacet
  facet normal 0.1899388240478789 0.9239010243435952 -0.3321598114404637
    outer loop
      vertex 36.84992980957031 4.76605224609375 39.36845779418945
      vertex 36.729339599609375 4.865936279296875 39.577327728271484
      vertex 41.36744689941406 4.823883056640625 42.11256408691406
    endloop
  endfacet
  facet normal -0.9238600970945663 -0.3827303502325206 0.0000027037733727826964
    outer loop
      vertex 45.03410339355469 0.741180419921875 24.427608489990234
      vertex 45.134033203125 0.5 29.641427993774414
      vertex 45.03411865234375 0.741180419921875 29.641427993774414
    endloop
  endfacet
  facet normal -0.7933579104122693 -0.6087554730470304 0.000004643691798624755
    outer loop
      vertex 45.134002685546875 0.5 24.427610397338867
      vertex 45.292938232421875 0.29290771484375 29.64142417907715
      vertex 45.134033203125 0.5 29.641427993774414
    endloop
  endfacet
  facet normal -0.6086990132331347 -0.7934012296977077 0.0000017814253495983694
    outer loop
      vertex 45.29292297363281 0.29290771484375 24.427616119384766
      vertex 45.50006103515625 0.134002685546875 29.641420364379883
      vertex 45.292938232421875 0.29290771484375 29.64142417907715
    endloop
  endfacet
  facet normal -0.38275101853307225 -0.9238515345014061 0.00000336048779431855
    outer loop
      vertex 45.50001525878906 0.134002685546875 24.427608489990234
      vertex 45.74122619628906 0.034088134765625 29.641420364379883
      vertex 45.50006103515625 0.134002685546875 29.641420364379883
    endloop
  endfacet
  facet normal -0.9914534904257487 -0.13046063128078283 0.0000029015925205515297
    outer loop
      vertex 45.03410339355469 0.741180419921875 24.427608489990234
      vertex 45.03411865234375 0.741180419921875 29.641427993774414
      vertex 45.00007629394531 1 34.58724594116211
    endloop
  endfacet
  facet normal -0.13057092852912697 -0.9914389707001111 3.8213034183660794e-7
    outer loop
      vertex 45.7412109375 0.034088134765625 24.4276123046875
      vertex 46.00007629394531 0 34.85523223876953
      vertex 45.74122619628906 0.034088134765625 29.641420364379883
    endloop
  endfacet
  facet normal -0.9238600970829874 -0.3827303502277238 0.000005690061614456038
    outer loop
      vertex 45.134033203125 0.5 29.641427993774414
      vertex 45.034149169921875 0.741180419921875 34.596378326416016
      vertex 45.03411865234375 0.741180419921875 29.641427993774414
    endloop
  endfacet
  facet normal -0.7933579104381743 -0.6087554730261312 0.0000024300194396191653
    outer loop
      vertex 45.292938232421875 0.29290771484375 29.64142417907715
      vertex 45.13404846191406 0.5 34.62314987182617
      vertex 45.134033203125 0.5 29.641427993774414
    endloop
  endfacet
  facet normal -0.6086990132322816 -0.7934012296982085 0.0000018486129139116746
    outer loop
      vertex 45.292938232421875 0.29290771484375 29.64142417907715
      vertex 45.50006103515625 0.134002685546875 29.641420364379883
      vertex 45.29295349121094 0.29290771484375 34.66573715209961
    endloop
  endfacet
  facet normal -0.38275101853523347 -0.9238515345066226 0
    outer loop
      vertex 45.50006103515625 0.134002685546875 29.641420364379883
      vertex 45.74122619628906 0.034088134765625 29.641420364379883
      vertex 45.50006103515625 0.134002685546875 34.72123718261719
    endloop
  endfacet
  facet normal -0.9999999999890763 0 0.000004674097117754593
    outer loop
      vertex 44.99998474121094 3.9000244140625 14.999990463256836
      vertex 45.00007629394531 1 34.58724594116211
      vertex 45.00007629394531 3.9000244140625 34.58724594116211
    endloop
  endfacet
  facet normal -0.9238808745460351 -0.3826801923800676 0.000002829805382288648
    outer loop
      vertex 45.134033203125 0.5 29.641427993774414
      vertex 45.13404846191406 0.5 34.62314987182617
      vertex 45.034149169921875 0.741180419921875 34.596378326416016
    endloop
  endfacet
  facet normal -0.9914455674526808 -0.13052082876362944 0.0000061063210587807605
    outer loop
      vertex 45.03411865234375 0.741180419921875 29.641427993774414
      vertex 45.034149169921875 0.741180419921875 34.596378326416016
      vertex 45.00007629394531 1 34.58724594116211
    endloop
  endfacet
  facet normal -0.6087272422034311 -0.7933795715793327 0
    outer loop
      vertex 45.50006103515625 0.134002685546875 29.641420364379883
      vertex 45.50006103515625 0.134002685546875 34.72123718261719
      vertex 45.29295349121094 0.29290771484375 34.66573715209961
    endloop
  endfacet
  facet normal -0.7933581497586655 -0.6087551611327016 0.000002409420894594546
    outer loop
      vertex 45.292938232421875 0.29290771484375 29.64142417907715
      vertex 45.29295349121094 0.29290771484375 34.66573715209961
      vertex 45.13404846191406 0.5 34.62314987182617
    endloop
  endfacet
  facet normal -0.3827102032595687 -0.9238684431865098 0.0000022702877092339576
    outer loop
      vertex 45.74122619628906 0.034088134765625 29.641420364379883
      vertex 45.74125671386719 0.034088134765625 34.78587341308594
      vertex 45.50006103515625 0.134002685546875 34.72123718261719
    endloop
  endfacet
  facet normal -0.13057869916479536 -0.9914379472885986 7.746101705068177e-7
    outer loop
      vertex 45.74122619628906 0.034088134765625 29.641420364379883
      vertex 46.00007629394531 0 34.85523223876953
      vertex 45.74125671386719 0.034088134765625 34.78587341308594
    endloop
  endfacet
  facet normal -0.6870382587241823 -0.6087589666926247 -0.3967252847003469
    outer loop
      vertex 45.29295349121094 0.29290771484375 34.66573715209961
      vertex 43.14143371582031 0.29290771484375 38.39168167114258
      vertex 45.13404846191406 0.5 34.62314987182617
    endloop
  endfacet
  facet normal -0.5271537728304294 -0.793378194900763 -0.3044009521119328
    outer loop
      vertex 45.29295349121094 0.29290771484375 34.66573715209961
      vertex 45.50006103515625 0.134002685546875 34.72123718261719
      vertex 43.32078552246094 0.134002685546875 38.4952507019043
    endloop
  endfacet
  facet normal -0.33142327982602354 -0.9238683065765864 -0.19137910463964433
    outer loop
      vertex 45.50006103515625 0.134002685546875 34.72123718261719
      vertex 45.74125671386719 0.034088134765625 34.78587341308594
      vertex 43.52964782714844 0.034088134765625 38.6158561706543
    endloop
  endfacet
  facet normal -0.1130799516482352 -0.9914379203377245 -0.06529758534311099
    outer loop
      vertex 45.74125671386719 0.034088134765625 34.78587341308594
      vertex 46.00007629394531 0 34.85523223876953
      vertex 43.52964782714844 0.034088134765625 38.6158561706543
    endloop
  endfacet
  facet normal -0.800071312065149 -0.38268010647401013 -0.46199765337000476
    outer loop
      vertex 45.13404846191406 0.5 34.62314987182617
      vertex 43.003814697265625 0.5 38.31221389770508
      vertex 45.034149169921875 0.741180419921875 34.596378326416016
    endloop
  endfacet
  facet normal -0.8585806494687224 -0.13052340519827477 -0.49578514404257223
    outer loop
      vertex 45.034149169921875 0.741180419921875 34.596378326416016
      vertex 42.91729736328125 0.741180419921875 38.26225662231445
      vertex 45.00007629394531 1 34.58724594116211
    endloop
  endfacet
  facet normal -0.9238600970844357 0.38273035022832375 0.000005407548723725837
    outer loop
      vertex 45.134002685546875 4.4000244140625 24.427610397338867
      vertex 45.03411865234375 4.158843994140625 29.641427993774414
      vertex 45.134033203125 4.4000244140625 29.641427993774414
    endloop
  endfacet
  facet normal -0.7933579104393406 0.6087554730250335 0.000002321850146354238
    outer loop
      vertex 45.29292297363281 4.60711669921875 24.427616119384766
      vertex 45.134033203125 4.4000244140625 29.641427993774414
      vertex 45.292938232421875 4.60711669921875 29.64142417907715
    endloop
  endfacet
  facet normal -0.6087725922726833 0.7933447742747344 0.000005344918149894478
    outer loop
      vertex 45.50001525878906 4.76605224609375 24.427608489990234
      vertex 45.292938232421875 4.60711669921875 29.64142417907715
      vertex 45.50006103515625 4.76605224609375 29.641420364379883
    endloop
  endfacet
  facet normal -0.3826512321713452 0.9238928696101607 0.0000011198713817924403
    outer loop
      vertex 45.7412109375 4.865936279296875 24.4276123046875
      vertex 45.50006103515625 4.76605224609375 29.641420364379883
      vertex 45.74122619628906 4.865936279296875 29.641420364379883
    endloop
  endfacet
  facet normal -0.9914534904257487 0.13046063128078283 0.0000029015925205515297
    outer loop
      vertex 45.03410339355469 4.158843994140625 24.427608489990234
      vertex 45.00007629394531 3.9000244140625 34.58724594116211
      vertex 45.03411865234375 4.158843994140625 29.641427993774414
    endloop
  endfacet
  facet normal -0.9238600970829874 0.3827303502277238 0.000005690061614456038
    outer loop
      vertex 45.03411865234375 4.158843994140625 29.641427993774414
      vertex 45.034149169921875 4.158843994140625 34.596378326416016
      vertex 45.134033203125 4.4000244140625 29.641427993774414
    endloop
  endfacet
  facet normal -0.13057092852912697 0.9914389707001111 3.8213034183660794e-7
    outer loop
      vertex 45.7412109375 4.865936279296875 24.4276123046875
      vertex 45.74122619628906 4.865936279296875 29.641420364379883
      vertex 46.00007629394531 4.9000244140625 34.85523223876953
    endloop
  endfacet
  facet normal -0.7933579104381743 0.6087554730261312 0.0000024300194396191653
    outer loop
      vertex 45.134033203125 4.4000244140625 29.641427993774414
      vertex 45.13404846191406 4.4000244140625 34.62314987182617
      vertex 45.292938232421875 4.60711669921875 29.64142417907715
    endloop
  endfacet
  facet normal -0.608772592320865 0.7933447742536127 0.0000018488363728797233
    outer loop
      vertex 45.292938232421875 4.60711669921875 29.64142417907715
      vertex 45.29295349121094 4.60711669921875 34.66573715209961
      vertex 45.50006103515625 4.76605224609375 29.641420364379883
    endloop
  endfacet
  facet normal -0.38265123217158514 0.9238928696107399 0
    outer loop
      vertex 45.50006103515625 4.76605224609375 29.641420364379883
      vertex 45.50006103515625 4.76605224609375 34.72123718261719
      vertex 45.74122619628906 4.865936279296875 29.641420364379883
    endloop
  endfacet
  facet normal -0.9914455674526808 0.13052082876362944 0.0000061063210587807605
    outer loop
      vertex 45.03411865234375 4.158843994140625 29.641427993774414
      vertex 45.00007629394531 3.9000244140625 34.58724594116211
      vertex 45.034149169921875 4.158843994140625 34.596378326416016
    endloop
  endfacet
  facet normal -0.9238808745460351 0.3826801923800676 0.000002829805382288648
    outer loop
      vertex 45.134033203125 4.4000244140625 29.641427993774414
      vertex 45.034149169921875 4.158843994140625 34.596378326416016
      vertex 45.13404846191406 4.4000244140625 34.62314987182617
    endloop
  endfacet
  facet normal -0.7933581497586655 0.6087551611327016 0.000002409420894594546
    outer loop
      vertex 45.292938232421875 4.60711669921875 29.64142417907715
      vertex 45.13404846191406 4.4000244140625 34.62314987182617
      vertex 45.29295349121094 4.60711669921875 34.66573715209961
    endloop
  endfacet
  facet normal -0.6088008206863554 0.7933231124400827 0
    outer loop
      vertex 45.50006103515625 4.76605224609375 29.641420364379883
      vertex 45.29295349121094 4.60711669921875 34.66573715209961
      vertex 45.50006103515625 4.76605224609375 34.72123718261719
    endloop
  endfacet
  facet normal -0.3826104238859299 0.9239097702312047 0.000002269695804749369
    outer loop
      vertex 45.74122619628906 4.865936279296875 29.641420364379883
      vertex 45.50006103515625 4.76605224609375 34.72123718261719
      vertex 45.74125671386719 4.865936279296875 34.78587341308594
    endloop
  endfacet
  facet normal -0.13057869916479536 0.9914379472885986 7.746101705068177e-7
    outer loop
      vertex 45.74122619628906 4.865936279296875 29.641420364379883
      vertex 45.74125671386719 4.865936279296875 34.78587341308594
      vertex 46.00007629394531 4.9000244140625 34.85523223876953
    endloop
  endfacet
  facet normal -0.8585806494687224 0.13052340519827477 -0.49578514404257223
    outer loop
      vertex 45.00007629394531 3.9000244140625 34.58724594116211
      vertex 42.91729736328125 4.158843994140625 38.26225662231445
      vertex 45.034149169921875 4.158843994140625 34.596378326416016
    endloop
  endfacet
  facet normal -0.800071312065149 0.38268010647401013 -0.46199765337000476
    outer loop
      vertex 45.034149169921875 4.158843994140625 34.596378326416016
      vertex 43.003814697265625 4.4000244140625 38.31221389770508
      vertex 45.13404846191406 4.4000244140625 34.62314987182617
    endloop
  endfacet
  facet normal -0.6870382587241823 0.6087589666926247 -0.3967252847003469
    outer loop
      vertex 45.13404846191406 4.4000244140625 34.62314987182617
      vertex 43.14143371582031 4.60711669921875 38.39168167114258
      vertex 45.29295349121094 4.60711669921875 34.66573715209961
    endloop
  endfacet
  facet normal -0.527217491089695 0.7933217355266803 -0.3044377457379809
    outer loop
      vertex 45.29295349121094 4.60711669921875 34.66573715209961
      vertex 43.32078552246094 4.76605224609375 38.4952507019043
      vertex 45.50006103515625 4.76605224609375 34.72123718261719
    endloop
  endfacet
  facet normal -0.3313368718933037 0.9239096336863976 -0.19132920870956252
    outer loop
      vertex 45.50006103515625 4.76605224609375 34.72123718261719
      vertex 43.52964782714844 4.865936279296875 38.6158561706543
      vertex 45.74125671386719 4.865936279296875 34.78587341308594
    endloop
  endfacet
  facet normal -0.1130799516482352 0.9914379203377245 -0.06529758534311099
    outer loop
      vertex 45.74125671386719 4.865936279296875 34.78587341308594
      vertex 43.52964782714844 4.865936279296875 38.6158561706543
      vertex 46.00007629394531 4.9000244140625 34.85523223876953
    endloop
  endfacet
  facet normal 0 -1 0
    outer loop
      vertex 45.999969482421875 0 13.999981880187988
      vertex 48.999969482421875 0 35.65581130981445
      vertex 46.00007629394531 0 34.85523223876953
    endloop
  endfacet
  facet normal 0.3827510185352334 -0.9238515345066225 0
    outer loop
      vertex 49.25880432128906 0.034088134765625 25.79349136352539
      vertex 49.499969482421875 0.134002685546875 25.793489456176758
      vertex 49.499969482421875 0.134002685546875 30.724647521972656
    endloop
  endfacet
  facet normal 0.38275101853523347 -0.9238515345066227 0
    outer loop
      vertex 49.25880432128906 0.034088134765625 25.79349136352539
      vertex 49.499969482421875 0.134002685546875 30.724647521972656
      vertex 49.25880432128906 0.034088134765625 30.724651336669922
    endloop
  endfacet
  facet normal 0.13057092852360067 -0.9914389707009124 0
    outer loop
      vertex 49.25880432128906 0.034088134765625 25.79349136352539
      vertex 49.25880432128906 0.034088134765625 30.724651336669922
      vertex 48.999969482421875 0 35.65581130981445
    endloop
  endfacet
  facet normal 0.6086990132547537 -0.7934012296831214 0
    outer loop
      vertex 49.499969482421875 0.134002685546875 25.793489456176758
      vertex 49.70709228515625 0.29290771484375 25.79349136352539
      vertex 49.70709228515625 0.29290771484375 30.724651336669922
    endloop
  endfacet
  facet normal 0.7933579104621348 -0.6087554729997547 0
    outer loop
      vertex 49.70709228515625 0.29290771484375 25.79349136352539
      vertex 49.865997314453125 0.5 25.793487548828125
      vertex 49.865997314453125 0.5 30.72464942932129
    endloop
  endfacet
  facet normal 0.9238807634942465 -0.3826804604958137 0
    outer loop
      vertex 49.865997314453125 0.5 25.793487548828125
      vertex 49.96589660644531 0.741180419921875 25.793487548828125
      vertex 49.96589660644531 0.741180419921875 30.724651336669922
    endloop
  endfacet
  facet normal 0.99143040551077 -0.13063594841902676 0.000003067843572349316
    outer loop
      vertex 49.965911865234375 0.741180419921875 20.862327575683594
      vertex 49.999969482421875 1 35.65581130981445
      vertex 49.96589660644531 0.741180419921875 25.793487548828125
    endloop
  endfacet
  facet normal 0.6086990132547536 -0.7934012296831214 0
    outer loop
      vertex 49.499969482421875 0.134002685546875 25.793489456176758
      vertex 49.70709228515625 0.29290771484375 30.724651336669922
      vertex 49.499969482421875 0.134002685546875 30.724647521972656
    endloop
  endfacet
  facet normal 0.7933579104621348 -0.6087554729997547 0
    outer loop
      vertex 49.70709228515625 0.29290771484375 25.79349136352539
      vertex 49.865997314453125 0.5 30.72464942932129
      vertex 49.70709228515625 0.29290771484375 30.724651336669922
    endloop
  endfacet
  facet normal 0.9238807634942466 -0.3826804604958138 0
    outer loop
      vertex 49.865997314453125 0.5 25.793487548828125
      vertex 49.96589660644531 0.741180419921875 30.724651336669922
      vertex 49.865997314453125 0.5 30.72464942932129
    endloop
  endfacet
  facet normal 0.9914455395896883 -0.13052104055558153 0
    outer loop
      vertex 49.96589660644531 0.741180419921875 25.793487548828125
      vertex 49.999969482421875 1 35.65581130981445
      vertex 49.96589660644531 0.741180419921875 30.724651336669922
    endloop
  endfacet
  facet normal 0.9999999999998086 0 6.188720785610504e-7
    outer loop
      vertex 49.99998474121094 1 11.000006675720215
      vertex 49.999969482421875 3.9000244140625 35.65581130981445
      vertex 49.999969482421875 1 35.65581130981445
    endloop
  endfacet
  facet normal 0.38275101853523347 -0.9238515345066226 0
    outer loop
      vertex 49.25880432128906 0.034088134765625 30.724651336669922
      vertex 49.499969482421875 0.134002685546875 30.724647521972656
      vertex 49.499969482421875 0.134002685546875 35.65581130981445
    endloop
  endfacet
  facet normal 0.13057849511729006 -0.9914379741631549 4.040566890124434e-7
    outer loop
      vertex 49.25880432128906 0.034088134765625 30.724651336669922
      vertex 49.2587890625 0.034088134765625 35.65581512451172
      vertex 48.999969482421875 0 35.65581130981445
    endloop
  endfacet
  facet normal 0.3827303502496392 -0.9238600970906721 0.0000011843049498122551
    outer loop
      vertex 49.25880432128906 0.034088134765625 30.724651336669922
      vertex 49.499969482421875 0.134002685546875 35.65581130981445
      vertex 49.2587890625 0.034088134765625 35.65581512451172
    endloop
  endfacet
  facet normal 0.13049809457973405 -0.990831434308613 0.03497593597025446
    outer loop
      vertex 48.999969482421875 0 35.65581130981445
      vertex 49.2587890625 0.034088134765625 35.65581512451172
      vertex 49.22410583496094 0.034088134765625 35.785221099853516
    endloop
  endfacet
  facet normal 0.3807338394196215 -0.9190368898770258 0.10204380709262739
    outer loop
      vertex 49.2587890625 0.034088134765625 35.65581512451172
      vertex 49.499969482421875 0.134002685546875 35.65581130981445
      vertex 49.22410583496094 0.034088134765625 35.785221099853516
    endloop
  endfacet
  facet normal 0.3807221004280302 -0.9190452473610554 0.10201233037591872
    outer loop
      vertex 49.22410583496094 0.034088134765625 35.785221099853516
      vertex 49.499969482421875 0.134002685546875 35.65581130981445
      vertex 49.4329833984375 0.134002685546875 35.90581130981445
    endloop
  endfacet
  facet normal 0.4872315915136291 -0.8634592213469676 0.13055094523589061
    outer loop
      vertex 49.499969482421875 0.134002685546875 35.65581130981445
      vertex 49.54762268066406 0.16351318359375 35.67314529418945
      vertex 49.4329833984375 0.134002685546875 35.90581130981445
    endloop
  endfacet
  facet normal 0.6086990132318371 -0.7934012296984675 0.0000018835330248727239
    outer loop
      vertex 49.499969482421875 0.134002685546875 30.724647521972656
      vertex 49.70709228515625 0.29290771484375 30.724651336669922
      vertex 49.70707702636719 0.29290771484375 35.65581512451172
    endloop
  endfacet
  facet normal 0.7933579104621348 -0.6087554729997547 0
    outer loop
      vertex 49.70709228515625 0.29290771484375 30.724651336669922
      vertex 49.865997314453125 0.5 30.72464942932129
      vertex 49.865997314453125 0.5 35.65581130981445
    endloop
  endfacet
  facet normal 0.9238807634942465 -0.3826804604958137 0
    outer loop
      vertex 49.865997314453125 0.5 30.72464942932129
      vertex 49.96589660644531 0.741180419921875 30.724651336669922
      vertex 49.96589660644531 0.741180419921875 35.65581130981445
    endloop
  endfacet
  facet normal 0.608727242203431 -0.7933795715793326 0
    outer loop
      vertex 49.499969482421875 0.134002685546875 30.724647521972656
      vertex 49.70707702636719 0.29290771484375 35.65581512451172
      vertex 49.499969482421875 0.134002685546875 35.65581130981445
    endloop
  endfacet
  facet normal 0.7933296789129515 -0.60879226387155 0.000002454846512581899
    outer loop
      vertex 49.70709228515625 0.29290771484375 30.724651336669922
      vertex 49.865997314453125 0.5 35.65581130981445
      vertex 49.70707702636719 0.29290771484375 35.65581512451172
    endloop
  endfacet
  facet normal 0.9238807634942466 -0.3826804604958138 0
    outer loop
      vertex 49.865997314453125 0.5 30.72464942932129
      vertex 49.96589660644531 0.741180419921875 35.65581130981445
      vertex 49.865997314453125 0.5 35.65581130981445
    endloop
  endfacet
  facet normal 0.9914455395896883 -0.13052104055558153 0
    outer loop
      vertex 49.96589660644531 0.741180419921875 30.724651336669922
      vertex 49.999969482421875 1 35.65581130981445
      vertex 49.96589660644531 0.741180419921875 35.65581130981445
    endloop
  endfacet
  facet normal 0.5793010333126717 -0.7550197937231531 -0.30717327990747856
    outer loop
      vertex 49.499969482421875 0.134002685546875 35.65581130981445
      vertex 49.70707702636719 0.29290771484375 35.65581512451172
      vertex 49.54762268066406 0.16351318359375 35.67314529418945
    endloop
  endfacet
  facet normal 0.633372796974092 -0.769327077559056 0.08351495547300572
    outer loop
      vertex 49.54762268066406 0.16351318359375 35.67314529418945
      vertex 49.70707702636719 0.29290771484375 35.65581512451172
      vertex 49.72088623046875 0.3170166015625 35.77317428588867
    endloop
  endfacet
  facet normal 0.5874669721857291 -0.7867015169963234 0.18969259275632055
    outer loop
      vertex 49.54762268066406 0.16351318359375 35.67314529418945
      vertex 49.72088623046875 0.3170166015625 35.77317428588867
      vertex 49.612335205078125 0.29290771484375 36.00936508178711
    endloop
  endfacet
  facet normal 0.7929312811349791 -0.6084859540427882 0.03169900834850631
    outer loop
      vertex 49.70707702636719 0.29290771484375 35.65581512451172
      vertex 49.865997314453125 0.5 35.65581130981445
      vertex 49.72088623046875 0.3170166015625 35.77317428588867
    endloop
  endfacet
  facet normal 0.5874847106845326 -0.7866901486809702 0.18968480350366584
    outer loop
      vertex 49.4329833984375 0.134002685546875 35.90581130981445
      vertex 49.54762268066406 0.16351318359375 35.67314529418945
      vertex 49.612335205078125 0.29290771484375 36.00936508178711
    endloop
  endfacet
  facet normal 0.7459764280312218 -0.6036824763239242 0.28122346381693336
    outer loop
      vertex 49.612335205078125 0.29290771484375 36.00936508178711
      vertex 49.72088623046875 0.3170166015625 35.77317428588867
      vertex 49.749969482421875 0.5 36.08882522583008
    endloop
  endfacet
  facet normal 0.8101611844043886 -0.5773427957469025 0.10155861107571741
    outer loop
      vertex 49.72088623046875 0.3170166015625 35.77317428588867
      vertex 49.865997314453125 0.5 35.65581130981445
      vertex 49.85382080078125 0.517059326171875 35.84992599487305
    endloop
  endfacet
  facet normal 0.9200303328420864 -0.38108557440953683 0.09120291457751421
    outer loop
      vertex 49.865997314453125 0.5 35.65581130981445
      vertex 49.96589660644531 0.741180419921875 35.65581130981445
      vertex 49.85382080078125 0.517059326171875 35.84992599487305
    endloop
  endfacet
  facet normal 0.9259418199889219 -0.35745084088754936 0.1219042343168892
    outer loop
      vertex 49.85382080078125 0.517059326171875 35.84992599487305
      vertex 49.96589660644531 0.741180419921875 35.65581130981445
      vertex 49.93739318847656 0.75 35.89817428588867
    endloop
  endfacet
  facet normal 0.9808465221059093 -0.15271101623060584 0.12091089940347712
    outer loop
      vertex 49.96589660644531 0.741180419921875 35.65581130981445
      vertex 49.98478698730469 1 35.82946014404297
      vertex 49.93739318847656 0.75 35.89817428588867
    endloop
  endfacet
  facet normal 0.7460200006095388 -0.6036415516671668 0.2811957250588975
    outer loop
      vertex 49.72088623046875 0.3170166015625 35.77317428588867
      vertex 49.85382080078125 0.517059326171875 35.84992599487305
      vertex 49.749969482421875 0.5 36.08882522583008
    endloop
  endfacet
  facet normal 0.8581027710754221 -0.37946567675447246 0.3459269206609282
    outer loop
      vertex 49.85382080078125 0.517059326171875 35.84992599487305
      vertex 49.83648681640625 0.741180419921875 36.13877487182617
      vertex 49.749969482421875 0.5 36.08882522583008
    endloop
  endfacet
  facet normal 0.8580712353589794 -0.37950845302079067 0.34595821877111327
    outer loop
      vertex 49.85382080078125 0.517059326171875 35.84992599487305
      vertex 49.93739318847656 0.75 35.89817428588867
      vertex 49.83648681640625 0.741180419921875 36.13877487182617
    endloop
  endfacet
  facet normal 0.9125761013350744 -0.15855170770706112 0.3769167219098279
    outer loop
      vertex 49.93739318847656 0.75 35.89817428588867
      vertex 49.939666748046875 1 35.997833251953125
      vertex 49.83648681640625 0.741180419921875 36.13877487182617
    endloop
  endfacet
  facet normal 0.987741462458279 -0.13003340913037006 0.08636038357206455
    outer loop
      vertex 49.96589660644531 0.741180419921875 35.65581130981445
      vertex 49.999969482421875 1 35.65581130981445
      vertex 49.98478698730469 1 35.82946014404297
    endloop
  endfacet
  facet normal 0.8986052564747826 -0.13004156772833986 0.4190438923294859
    outer loop
      vertex 49.83648681640625 0.741180419921875 36.13877487182617
      vertex 49.939666748046875 1 35.997833251953125
      vertex 49.865997314453125 1 36.15581130981445
    endloop
  endfacet
  facet normal 0.9599203845343043 -0.11127374330891289 0.25723726286355864
    outer loop
      vertex 49.93739318847656 0.75 35.89817428588867
      vertex 49.98478698730469 1 35.82946014404297
      vertex 49.939666748046875 1 35.997833251953125
    endloop
  endfacet
  facet normal 0.9961995825242683 0 0.08709989539875196
    outer loop
      vertex 49.999969482421875 1 35.65581130981445
      vertex 49.999969482421875 3.9000244140625 35.65581130981445
      vertex 49.98478698730469 1 35.82946014404297
    endloop
  endfacet
  facet normal 0.9063010731483885 0 0.42263265942196115
    outer loop
      vertex 49.939666748046875 1 35.997833251953125
      vertex 49.939666748046875 3.9000244140625 35.997833251953125
      vertex 49.865997314453125 1 36.15581130981445
    endloop
  endfacet
  facet normal 0.9659189404294095 0 0.2588447421133503
    outer loop
      vertex 49.98478698730469 1 35.82946014404297
      vertex 49.939666748046875 3.9000244140625 35.997833251953125
      vertex 49.939666748046875 1 35.997833251953125
    endloop
  endfacet
  facet normal 0.9961995825242683 0 0.08709989539875196
    outer loop
      vertex 49.98478698730469 1 35.82946014404297
      vertex 49.999969482421875 3.9000244140625 35.65581130981445
      vertex 49.98478698730469 3.9000244140625 35.82946014404297
    endloop
  endfacet
  facet normal 0.9063010731483885 0 0.42263265942196115
    outer loop
      vertex 49.865997314453125 1 36.15581130981445
      vertex 49.939666748046875 3.9000244140625 35.997833251953125
      vertex 49.865997314453125 3.9000244140625 36.15581130981445
    endloop
  endfacet
  facet normal 0.9659189404294095 0 0.2588447421133503
    outer loop
      vertex 49.98478698730469 1 35.82946014404297
      vertex 49.98478698730469 3.9000244140625 35.82946014404297
      vertex 49.939666748046875 3.9000244140625 35.997833251953125
    endloop
  endfacet
  facet normal 0 1 0
    outer loop
      vertex 45.999969482421875 4.9000244140625 13.999981880187988
      vertex 46.00007629394531 4.9000244140625 34.85523223876953
      vertex 48.999969482421875 4.9000244140625 35.65581130981445
    endloop
  endfacet
  facet normal 0.13057092852360067 0.9914389707009124 0
    outer loop
      vertex 49.25880432128906 4.865936279296875 20.86233139038086
      vertex 48.999969482421875 4.9000244140625 35.65581130981445
      vertex 49.25880432128906 4.865936279296875 25.79349136352539
    endloop
  endfacet
  facet normal 0.38265123217158514 0.9238928696107399 0
    outer loop
      vertex 49.499969482421875 4.76605224609375 25.793489456176758
      vertex 49.25880432128906 4.865936279296875 25.79349136352539
      vertex 49.25880432128906 4.865936279296875 30.724651336669922
    endloop
  endfacet
  facet normal 0.38265123217158514 0.9238928696107399 0
    outer loop
      vertex 49.499969482421875 4.76605224609375 25.793489456176758
      vertex 49.25880432128906 4.865936279296875 30.724651336669922
      vertex 49.499969482421875 4.76605224609375 30.724647521972656
    endloop
  endfacet
  facet normal 0.13057092852360067 0.9914389707009124 0
    outer loop
      vertex 49.25880432128906 4.865936279296875 25.79349136352539
      vertex 48.999969482421875 4.9000244140625 35.65581130981445
      vertex 49.25880432128906 4.865936279296875 30.724651336669922
    endloop
  endfacet
  facet normal 0.9238807634942466 0.3826804604958138 0
    outer loop
      vertex 49.96589660644531 4.158843994140625 25.793487548828125
      vertex 49.865997314453125 4.4000244140625 25.793487548828125
      vertex 49.865997314453125 4.4000244140625 30.72464942932129
    endloop
  endfacet
  facet normal 0.7933579104621348 0.6087554729997547 0
    outer loop
      vertex 49.865997314453125 4.4000244140625 25.793487548828125
      vertex 49.70709228515625 4.60711669921875 25.79349136352539
      vertex 49.70709228515625 4.60711669921875 30.724651336669922
    endloop
  endfacet
  facet normal 0.608772592343337 0.7933447742385231 0
    outer loop
      vertex 49.70709228515625 4.60711669921875 25.79349136352539
      vertex 49.499969482421875 4.76605224609375 25.793489456176758
      vertex 49.499969482421875 4.76605224609375 30.724647521972656
    endloop
  endfacet
  facet normal 0.9238807634942465 0.3826804604958137 0
    outer loop
      vertex 49.96589660644531 4.158843994140625 25.793487548828125
      vertex 49.865997314453125 4.4000244140625 30.72464942932129
      vertex 49.96589660644531 4.158843994140625 30.724651336669922
    endloop
  endfacet
  facet normal 0.9914455395896883 0.13052104055558153 0
    outer loop
      vertex 49.96589660644531 4.158843994140625 25.793487548828125
      vertex 49.96589660644531 4.158843994140625 30.724651336669922
      vertex 49.999969482421875 3.9000244140625 35.65581130981445
    endloop
  endfacet
  facet normal 0.7933579104621348 0.6087554729997547 0
    outer loop
      vertex 49.865997314453125 4.4000244140625 25.793487548828125
      vertex 49.70709228515625 4.60711669921875 30.724651336669922
      vertex 49.865997314453125 4.4000244140625 30.72464942932129
    endloop
  endfacet
  facet normal 0.608772592343337 0.7933447742385231 0
    outer loop
      vertex 49.70709228515625 4.60711669921875 25.79349136352539
      vertex 49.499969482421875 4.76605224609375 30.724647521972656
      vertex 49.70709228515625 4.60711669921875 30.724651336669922
    endloop
  endfacet
  facet normal 0.38265123218730374 0.923892869603471 0.0000011840601301558513
    outer loop
      vertex 49.499969482421875 4.76605224609375 30.724647521972656
      vertex 49.25880432128906 4.865936279296875 30.724651336669922
      vertex 49.2587890625 4.865936279296875 35.65581512451172
    endloop
  endfacet
  facet normal 0.3826305674097709 0.9239014281208126 0
    outer loop
      vertex 49.499969482421875 4.76605224609375 30.724647521972656
      vertex 49.2587890625 4.865936279296875 35.65581512451172
      vertex 49.499969482421875 4.76605224609375 35.65581130981445
    endloop
  endfacet
  facet normal 0.13057849511729006 0.9914379741631549 4.040566890124434e-7
    outer loop
      vertex 49.25880432128906 4.865936279296875 30.724651336669922
      vertex 48.999969482421875 4.9000244140625 35.65581130981445
      vertex 49.2587890625 4.865936279296875 35.65581512451172
    endloop
  endfacet
  facet normal 0.3806238726975824 0.9190888537738705 0.10198601081191326
    outer loop
      vertex 49.499969482421875 4.76605224609375 35.65581130981445
      vertex 49.22410583496094 4.865936279296875 35.785221099853516
      vertex 49.4329833984375 4.76605224609375 35.90581130981445
    endloop
  endfacet
  facet normal 0.4872315915136291 0.8634592213469676 0.13055094523589061
    outer loop
      vertex 49.54762268066406 4.736541748046875 35.67314529418945
      vertex 49.499969482421875 4.76605224609375 35.65581130981445
      vertex 49.4329833984375 4.76605224609375 35.90581130981445
    endloop
  endfacet
  facet normal 0.13049809457973405 0.990831434308613 0.03497593597025446
    outer loop
      vertex 48.999969482421875 4.9000244140625 35.65581130981445
      vertex 49.22410583496094 4.865936279296875 35.785221099853516
      vertex 49.2587890625 4.865936279296875 35.65581512451172
    endloop
  endfacet
  facet normal 0.3806356104463245 0.9190805002054129 0.10201747988615341
    outer loop
      vertex 49.499969482421875 4.76605224609375 35.65581130981445
      vertex 49.2587890625 4.865936279296875 35.65581512451172
      vertex 49.22410583496094 4.865936279296875 35.785221099853516
    endloop
  endfacet
  facet normal 0.9238807634942466 0.3826804604958138 0
    outer loop
      vertex 49.96589660644531 4.158843994140625 30.724651336669922
      vertex 49.865997314453125 4.4000244140625 30.72464942932129
      vertex 49.865997314453125 4.4000244140625 35.65581130981445
    endloop
  endfacet
  facet normal 0.7933579104706641 0.6087554729836891 0.000002454933871145227
    outer loop
      vertex 49.865997314453125 4.4000244140625 30.72464942932129
      vertex 49.70709228515625 4.60711669921875 30.724651336669922
      vertex 49.70707702636719 4.60711669921875 35.65581512451172
    endloop
  endfacet
  facet normal 0.608772592343337 0.7933447742385231 0
    outer loop
      vertex 49.70709228515625 4.60711669921875 30.724651336669922
      vertex 49.499969482421875 4.76605224609375 30.724647521972656
      vertex 49.499969482421875 4.76605224609375 35.65581130981445
    endloop
  endfacet
  facet normal 0.9238807634942465 0.3826804604958137 0
    outer loop
      vertex 49.96589660644531 4.158843994140625 30.724651336669922
      vertex 49.865997314453125 4.4000244140625 35.65581130981445
      vertex 49.96589660644531 4.158843994140625 35.65581130981445
    endloop
  endfacet
  facet normal 0.9914455395896883 0.13052104055558153 0
    outer loop
      vertex 49.96589660644531 4.158843994140625 30.724651336669922
      vertex 49.96589660644531 4.158843994140625 35.65581130981445
      vertex 49.999969482421875 3.9000244140625 35.65581130981445
    endloop
  endfacet
  facet normal 0.9259418199889219 0.35745084088754936 0.1219042343168892
    outer loop
      vertex 49.96589660644531 4.158843994140625 35.65581130981445
      vertex 49.85382080078125 4.382965087890625 35.84992599487305
      vertex 49.93739318847656 4.1500244140625 35.89817428588867
    endloop
  endfacet
  facet normal 0.9200303328420864 0.38108557440953683 0.09120291457751421
    outer loop
      vertex 49.96589660644531 4.158843994140625 35.65581130981445
      vertex 49.865997314453125 4.4000244140625 35.65581130981445
      vertex 49.85382080078125 4.382965087890625 35.84992599487305
    endloop
  endfacet
  facet normal 0.987741462458279 0.13003340913037006 0.08636038357206455
    outer loop
      vertex 49.999969482421875 3.9000244140625 35.65581130981445
      vertex 49.96589660644531 4.158843994140625 35.65581130981445
      vertex 49.98478698730469 3.9000244140625 35.82946014404297
    endloop
  endfacet
  facet normal 0.9808465221059093 0.15271101623060584 0.12091089940347712
    outer loop
      vertex 49.98478698730469 3.9000244140625 35.82946014404297
      vertex 49.96589660644531 4.158843994140625 35.65581130981445
      vertex 49.93739318847656 4.1500244140625 35.89817428588867
    endloop
  endfacet
  facet normal 0.8986052564747826 0.13004156772833986 0.4190438923294859
    outer loop
      vertex 49.939666748046875 3.9000244140625 35.997833251953125
      vertex 49.83648681640625 4.158843994140625 36.13877487182617
      vertex 49.865997314453125 3.9000244140625 36.15581130981445
    endloop
  endfacet
  facet normal 0.9125761013350744 0.15855170770706112 0.3769167219098279
    outer loop
      vertex 49.939666748046875 3.9000244140625 35.997833251953125
      vertex 49.93739318847656 4.1500244140625 35.89817428588867
      vertex 49.83648681640625 4.158843994140625 36.13877487182617
    endloop
  endfacet
  facet normal 0.8580861068018689 0.3794677813426558 0.34596594664286556
    outer loop
      vertex 49.93739318847656 4.1500244140625 35.89817428588867
      vertex 49.749969482421875 4.4000244140625 36.08882522583008
      vertex 49.83648681640625 4.158843994140625 36.13877487182617
    endloop
  endfacet
  facet normal 0.8580884888064968 0.3795062739527323 0.34591781308324737
    outer loop
      vertex 49.93739318847656 4.1500244140625 35.89817428588867
      vertex 49.85382080078125 4.382965087890625 35.84992599487305
      vertex 49.749969482421875 4.4000244140625 36.08882522583008
    endloop
  endfacet
  facet normal 0.9599203845343043 0.11127374330891289 0.25723726286355864
    outer loop
      vertex 49.98478698730469 3.9000244140625 35.82946014404297
      vertex 49.93739318847656 4.1500244140625 35.89817428588867
      vertex 49.939666748046875 3.9000244140625 35.997833251953125
    endloop
  endfacet
  facet normal 0.7933296788935023 0.6087922639018439 0
    outer loop
      vertex 49.865997314453125 4.4000244140625 30.72464942932129
      vertex 49.70707702636719 4.60711669921875 35.65581512451172
      vertex 49.865997314453125 4.4000244140625 35.65581130981445
    endloop
  endfacet
  facet normal 0.6088008206634372 0.7933231124554335 0.0000018838480535739832
    outer loop
      vertex 49.70709228515625 4.60711669921875 30.724651336669922
      vertex 49.499969482421875 4.76605224609375 35.65581130981445
      vertex 49.70707702636719 4.60711669921875 35.65581512451172
    endloop
  endfacet
  facet normal 0.810204471384559 0.5772825025856334 0.10155602767406487
    outer loop
      vertex 49.865997314453125 4.4000244140625 35.65581130981445
      vertex 49.72088623046875 4.583038330078125 35.77317428588867
      vertex 49.85382080078125 4.382965087890625 35.84992599487305
    endloop
  endfacet
  facet normal 0.7929352469023659 0.6084890002397211 0.03154093859016917
    outer loop
      vertex 49.865997314453125 4.4000244140625 35.65581130981445
      vertex 49.70707702636719 4.60711669921875 35.65581512451172
      vertex 49.72088623046875 4.583038330078125 35.77317428588867
    endloop
  endfacet
  facet normal 0.633458330327335 0.769280469482455 0.08329527604707633
    outer loop
      vertex 49.70707702636719 4.60711669921875 35.65581512451172
      vertex 49.54762268066406 4.736541748046875 35.67314529418945
      vertex 49.72088623046875 4.583038330078125 35.77317428588867
    endloop
  endfacet
  facet normal 0.587473821087058 0.786699871732192 0.1896782047414092
    outer loop
      vertex 49.72088623046875 4.583038330078125 35.77317428588867
      vertex 49.54762268066406 4.736541748046875 35.67314529418945
      vertex 49.4329833984375 4.76605224609375 35.90581130981445
    endloop
  endfacet
  facet normal 0.5793205011443695 0.754900182836441 -0.30743043263044806
    outer loop
      vertex 49.70707702636719 4.60711669921875 35.65581512451172
      vertex 49.499969482421875 4.76605224609375 35.65581130981445
      vertex 49.54762268066406 4.736541748046875 35.67314529418945
    endloop
  endfacet
  facet normal 0.7459948983617393 0.6036788983829534 0.28118214606443687
    outer loop
      vertex 49.85382080078125 4.382965087890625 35.84992599487305
      vertex 49.612335205078125 4.60711669921875 36.00936508178711
      vertex 49.749969482421875 4.4000244140625 36.08882522583008
    endloop
  endfacet
  facet normal 0.7460101676697668 0.6035929565305137 0.28132609647894374
    outer loop
      vertex 49.85382080078125 4.382965087890625 35.84992599487305
      vertex 49.72088623046875 4.583038330078125 35.77317428588867
      vertex 49.612335205078125 4.60711669921875 36.00936508178711
    endloop
  endfacet
  facet normal 0.5875026210497151 0.7866450351286147 0.1898163822414057
    outer loop
      vertex 49.72088623046875 4.583038330078125 35.77317428588867
      vertex 49.4329833984375 4.76605224609375 35.90581130981445
      vertex 49.612335205078125 4.60711669921875 36.00936508178711
    endloop
  endfacet
  facet normal 0.3865585743072138 -0.634381797634261 -0.6694267722909638
    outer loop
      vertex 36.95350646972656 0.29290771484375 39.189117431640625
      vertex 41.20323181152344 0.4444580078125 41.49949264526367
      vertex 41.24873352050781 0.29290771484375 41.66938400268555
    endloop
  endfacet
  facet normal 0.1462333065642651 -0.9567047216816801 -0.25165829126667133
    outer loop
      vertex 36.729339599609375 0.034088134765625 39.577327728271484
      vertex 41.36744689941406 0.076141357421875 42.11256408691406
      vertex 41.43609619140625 0.01922607421875 42.36882400512695
    endloop
  endfacet
  facet normal 0.23675682296431907 -0.8815863075419638 -0.4083525304615712
    outer loop
      vertex 36.84992980957031 0.134002685546875 39.36845779418945
      vertex 41.30418395996094 0.168548583984375 41.87638854980469
      vertex 41.36744689941406 0.076141357421875 42.11256408691406
    endloop
  endfacet
  facet normal 0.31723289077874156 -0.7730164664373841 -0.5493713094299918
    outer loop
      vertex 36.95350646972656 0.29290771484375 39.189117431640625
      vertex 41.24873352050781 0.29290771484375 41.66938400268555
      vertex 41.30418395996094 0.168548583984375 41.87638854980469
    endloop
  endfacet
  facet normal 0.4418929960864977 -0.47100593565493826 -0.7634683939676316
    outer loop
      vertex 37.032958984375 0.5 39.05148696899414
      vertex 41.169403076171875 0.617340087890625 41.37325668334961
      vertex 41.20323181152344 0.4444580078125 41.49949264526367
    endloop
  endfacet
  facet normal 0.4793532996881685 -0.2900566846144755 -0.828304010486804
    outer loop
      vertex 37.08293151855469 0.741180419921875 38.96498107910156
      vertex 41.148590087890625 0.804931640625 41.2955207824707
      vertex 41.169403076171875 0.617340087890625 41.37325668334961
    endloop
  endfacet
  facet normal 0.49365344200380173 -0.1468664690558802 -0.8571677312316752
    outer loop
      vertex 37.08293151855469 0.741180419921875 38.96498107910156
      vertex 41.14332580566406 0.902008056640625 41.275856018066406
      vertex 41.148590087890625 0.804931640625 41.2955207824707
    endloop
  endfacet
  facet normal 0.4955023404586487 -0.04931810122909909 -0.8672053709999481
    outer loop
      vertex 37.08293151855469 0.741180419921875 38.96498107910156
      vertex 41.14155578613281 1 41.26927185058594
      vertex 41.14332580566406 0.902008056640625 41.275856018066406
    endloop
  endfacet
  facet normal -0.6861473434068515 -0.6087796769897449 -0.39823250497665597
    outer loop
      vertex 43.14143371582031 0.29290771484375 38.39168167114258
      vertex 41.20323181152344 0.4444580078125 41.49949264526367
      vertex 43.003814697265625 0.5 38.31221389770508
    endloop
  endfacet
  facet normal -0.7988628394067093 -0.3826975090773979 -0.4640698011732773
    outer loop
      vertex 43.003814697265625 0.5 38.31221389770508
      vertex 41.169403076171875 0.617340087890625 41.37325668334961
      vertex 42.91729736328125 0.741180419921875 38.26225662231445
    endloop
  endfacet
  facet normal -0.5493716810696769 -0.7730160893448111 -0.3172331660667469
    outer loop
      vertex 43.14143371582031 0.29290771484375 38.39168167114258
      vertex 41.30418395996094 0.168548583984375 41.87638854980469
      vertex 41.24873352050781 0.29290771484375 41.66938400268555
    endloop
  endfacet
  facet normal -0.6694483627607718 -0.6343513712220843 -0.38657111561209984
    outer loop
      vertex 43.14143371582031 0.29290771484375 38.39168167114258
      vertex 41.24873352050781 0.29290771484375 41.66938400268555
      vertex 41.20323181152344 0.4444580078125 41.49949264526367
    endloop
  endfacet
  facet normal -0.40946811636723696 -0.8814825133106649 -0.23521148017514032
    outer loop
      vertex 43.32078552246094 0.134002685546875 38.4952507019043
      vertex 41.36744689941406 0.076141357421875 42.11256408691406
      vertex 41.30418395996094 0.168548583984375 41.87638854980469
    endloop
  endfacet
  facet normal -0.25272545995322987 -0.9566461846234262 -0.14476850257176108
    outer loop
      vertex 43.52964782714844 0.034088134765625 38.6158561706543
      vertex 41.43609619140625 0.01922607421875 42.36882400512695
      vertex 41.36744689941406 0.076141357421875 42.11256408691406
    endloop
  endfacet
  facet normal -0.08219548894459183 -0.9953715382587953 -0.049793598197751615
    outer loop
      vertex 43.52964782714844 0.034088134765625 38.6158561706543
      vertex 41.507476806640625 0 42.63532257080078
      vertex 41.43609619140625 0.01922607421875 42.36882400512695
    endloop
  endfacet
  facet normal -0.7645262319788554 -0.47096016112162714 -0.44010926740129497
    outer loop
      vertex 43.003814697265625 0.5 38.31221389770508
      vertex 41.20323181152344 0.4444580078125 41.49949264526367
      vertex 41.169403076171875 0.617340087890625 41.37325668334961
    endloop
  endfacet
  facet normal -0.8294053046632632 -0.28990700518735324 -0.47753614411868284
    outer loop
      vertex 41.169403076171875 0.617340087890625 41.37325668334961
      vertex 41.148590087890625 0.804931640625 41.2955207824707
      vertex 42.91729736328125 0.741180419921875 38.26225662231445
    endloop
  endfacet
  facet normal -0.8558367424971377 -0.14687599765303022 -0.4959545458056767
    outer loop
      vertex 42.91729736328125 0.741180419921875 38.26225662231445
      vertex 41.148590087890625 0.804931640625 41.2955207824707
      vertex 41.14332580566406 0.902008056640625 41.275856018066406
    endloop
  endfacet
  facet normal -0.864940857958123 -0.04918239091034875 -0.49945811101533577
    outer loop
      vertex 45.00007629394531 1 34.58724594116211
      vertex 41.14332580566406 0.902008056640625 41.275856018066406
      vertex 41.14155578613281 1 41.26927185058594
    endloop
  endfacet
  facet normal -0.8659888656139874 0 -0.5000632806281614
    outer loop
      vertex 41.14155578613281 1 41.26927185058594
      vertex 41.14155578613281 3.9000244140625 41.26927185058594
      vertex 45.00007629394531 3.9000244140625 34.58724594116211
    endloop
  endfacet
  facet normal -0.6870230426943023 -0.6087806069262276 -0.39671842840684485
    outer loop
      vertex 45.13404846191406 0.5 34.62314987182617
      vertex 43.14143371582031 0.29290771484375 38.39168167114258
      vertex 43.003814697265625 0.5 38.31221389770508
    endloop
  endfacet
  facet normal -0.3314381917300334 -0.9238614307066499 -0.19138647265516778
    outer loop
      vertex 45.50006103515625 0.134002685546875 34.72123718261719
      vertex 43.52964782714844 0.034088134765625 38.6158561706543
      vertex 43.32078552246094 0.134002685546875 38.4952507019043
    endloop
  endfacet
  facet normal -0.5271518276562738 -0.793379845422068 -0.3044000188513553
    outer loop
      vertex 45.29295349121094 0.29290771484375 34.66573715209961
      vertex 43.32078552246094 0.134002685546875 38.4952507019043
      vertex 43.14143371582031 0.29290771484375 38.39168167114258
    endloop
  endfacet
  facet normal -0.800064051848748 -0.3826986231844018 -0.46199488823159834
    outer loop
      vertex 45.034149169921875 0.741180419921875 34.596378326416016
      vertex 43.003814697265625 0.5 38.31221389770508
      vertex 42.91729736328125 0.741180419921875 38.26225662231445
    endloop
  endfacet
  facet normal -0.11308284388355637 -0.9914374650468347 -0.06529948943685102
    outer loop
      vertex 46.00007629394531 0 34.85523223876953
      vertex 41.507476806640625 0 42.63532257080078
      vertex 43.52964782714844 0.034088134765625 38.6158561706543
    endloop
  endfacet
  facet normal -0.8553511328770494 -0.1514172609247191 -0.4954263341607948
    outer loop
      vertex 45.00007629394531 1 34.58724594116211
      vertex 42.91729736328125 0.741180419921875 38.26225662231445
      vertex 41.14332580566406 0.902008056640625 41.275856018066406
    endloop
  endfacet
  facet normal 0 -1 0
    outer loop
      vertex 46.00007629394531 0 34.85523223876953
      vertex 48.999969482421875 0 35.65581130981445
      vertex 41.507476806640625 0 42.63532257080078
    endloop
  endfacet
  facet normal -0.5263344479196214 -0.7933787993564753 -0.30581388075891036
    outer loop
      vertex 43.14143371582031 0.29290771484375 38.39168167114258
      vertex 43.32078552246094 0.134002685546875 38.4952507019043
      vertex 41.30418395996094 0.168548583984375 41.87638854980469
    endloop
  endfacet
  facet normal -0.33039557855476726 -0.9238594241050618 -0.19319038838338706
    outer loop
      vertex 43.32078552246094 0.134002685546875 38.4952507019043
      vertex 43.52964782714844 0.034088134765625 38.6158561706543
      vertex 41.36744689941406 0.076141357421875 42.11256408691406
    endloop
  endfacet
  facet normal 0 -1 0
    outer loop
      vertex 48.999969482421875 0 35.65581130981445
      vertex 43.10530090332031 0 45.865692138671875
      vertex 41.507476806640625 0 42.63532257080078
    endloop
  endfacet
  facet normal -0.8659888656139874 0 -0.5000632806281614
    outer loop
      vertex 45.00007629394531 1 34.58724594116211
      vertex 41.14155578613281 1 41.26927185058594
      vertex 45.00007629394531 3.9000244140625 34.58724594116211
    endloop
  endfacet
  facet normal -0.49999814613931853 -0.000011970133944335607 0.8660264740260314
    outer loop
      vertex 31.28656005859375 1.7783050537109375 39.042144775390625
      vertex 43.89939880371094 4.277069091796875 46.32416915893555
      vertex 43.85528564453125 4.4000244140625 46.298702239990234
    endloop
  endfacet
  facet normal -0.50000008002337 0 0.8660253575829194
    outer loop
      vertex 31.28656005859375 1.7783050537109375 39.042144775390625
      vertex 43.9713134765625 1 46.365692138671875
      vertex 43.9713134765625 3.9000244140625 46.365692138671875
    endloop
  endfacet
  facet normal -0.5000766440690084 0.0006110799828992319 0.8659809331838275
    outer loop
      vertex 31.28656005859375 1.7783050537109375 39.042144775390625
      vertex 43.9713134765625 3.9000244140625 46.365692138671875
      vertex 43.971282958984375 3.9074859619140625 46.36566925048828
    endloop
  endfacet
  facet normal -0.49999917542204037 -0.000005042512094810463 0.8660258798395418
    outer loop
      vertex 31.28656005859375 1.7783050537109375 39.042144775390625
      vertex 43.971282958984375 3.9074859619140625 46.36566925048828
      vertex 43.95021057128906 4.088226318359375 46.3535041809082
    endloop
  endfacet
  facet normal -0.5000050632829501 0.00003799872537431185 0.8660224796432883
    outer loop
      vertex 31.28656005859375 1.7783050537109375 39.042144775390625
      vertex 43.95021057128906 4.088226318359375 46.3535041809082
      vertex 43.94181823730469 4.158843994140625 46.348655700683594
    endloop
  endfacet
  facet normal -0.4999955297911505 -0.00002957734516151606 0.8660279841402628
    outer loop
      vertex 31.28656005859375 1.7783050537109375 39.042144775390625
      vertex 43.94181823730469 4.158843994140625 46.348655700683594
      vertex 43.89939880371094 4.277069091796875 46.32416915893555
    endloop
  endfacet
  facet normal 0.0070495039381778795 -0.9999668691389049 0.004070026874866099
    outer loop
      vertex 48.999969482421875 0 35.65581130981445
      vertex 43.11341857910156 0.0000762939453125 45.87037658691406
      vertex 43.10530090332031 0 45.865692138671875
    endloop
  endfacet
  facet normal 0.11607748661766748 -0.9909844506840074 0.06690168610013612
    outer loop
      vertex 48.999969482421875 0 35.65581130981445
      vertex 44.75909423828125 0.034088134765625 43.518856048583984
      vertex 43.11341857910156 0.0000762939453125 45.87037658691406
    endloop
  endfacet
  facet normal 0.3314446704381762 -0.9238645640971789 0.19136012553209328
    outer loop
      vertex 46.991607666015625 0.034088134765625 39.65203857421875
      vertex 44.96797180175781 0.134002685546875 43.63944625854492
      vertex 44.75909423828125 0.034088134765625 43.518856048583984
    endloop
  endfacet
  facet normal 0.5271857587295862 -0.7933690142301159 0.30436948443009965
    outer loop
      vertex 47.200469970703125 0.134002685546875 39.77262878417969
      vertex 45.14732360839844 0.29290771484375 43.74300003051758
      vertex 44.96797180175781 0.134002685546875 43.63944625854492
    endloop
  endfacet
  facet normal 0.6870359326076968 -0.6088032688409242 0.3966613255089004
    outer loop
      vertex 47.37983703613281 0.29290771484375 39.876182556152344
      vertex 45.28495788574219 0.5 43.82246017456055
      vertex 45.14732360839844 0.29290771484375 43.74300003051758
    endloop
  endfacet
  facet normal 0.11603832903709903 -0.9909908925047389 0.06687418909369233
    outer loop
      vertex 43.11341857910156 0.0000762939453125 45.87037658691406
      vertex 44.75909423828125 0.034088134765625 43.518856048583984
      vertex 43.26106262207031 0.0231170654296875 45.955623626708984
    endloop
  endfacet
  facet normal -0.49981373644253474 -0.000374537042394006 0.866132835415767
    outer loop
      vertex 43.10530090332031 0 45.865692138671875
      vertex 43.11341857910156 0.0000762939453125 45.87037658691406
      vertex 43.85530090332031 0.5 46.2987060546875
    endloop
  endfacet
  facet normal 0.11919460754876639 -0.9904831592807335 0.06881683451418502
    outer loop
      vertex 43.26106262207031 0.0231170654296875 45.955623626708984
      vertex 44.75909423828125 0.034088134765625 43.518856048583984
      vertex 43.329437255859375 0.034088134765625 45.99510192871094
    endloop
  endfacet
  facet normal 0.3314597296410947 -0.9238571493904519 0.1913698386538498
    outer loop
      vertex 43.329437255859375 0.034088134765625 45.99510192871094
      vertex 44.96797180175781 0.134002685546875 43.63944625854492
      vertex 43.538299560546875 0.134002685546875 46.115692138671875
    endloop
  endfacet
  facet normal 0.5271643905130223 -0.7933877721630689 0.3043575994733105
    outer loop
      vertex 43.538299560546875 0.134002685546875 46.115692138671875
      vertex 45.14732360839844 0.29290771484375 43.74300003051758
      vertex 43.71766662597656 0.29290771484375 46.21924591064453
    endloop
  endfacet
  facet normal -0.5000260487597293 0.00004546580758497334 0.8660103628101646
    outer loop
      vertex 43.11341857910156 0.0000762939453125 45.87037658691406
      vertex 43.26106262207031 0.0231170654296875 45.955623626708984
      vertex 43.85530090332031 0.5 46.2987060546875
    endloop
  endfacet
  facet normal -0.5000263158075392 0.00004590951867673948 0.8660102085958661
    outer loop
      vertex 43.26106262207031 0.0231170654296875 45.955623626708984
      vertex 43.329437255859375 0.034088134765625 45.99510192871094
      vertex 43.85530090332031 0.5 46.2987060546875
    endloop
  endfacet
  facet normal -0.5000285883890065 0.00004932970584409509 0.866008896236221
    outer loop
      vertex 43.329437255859375 0.034088134765625 45.99510192871094
      vertex 43.538299560546875 0.134002685546875 46.115692138671875
      vertex 43.85530090332031 0.5 46.2987060546875
    endloop
  endfacet
  facet normal -0.49998664478988536 8.910541796617896e-7 0.8660331142808333
    outer loop
      vertex 43.538299560546875 0.134002685546875 46.115692138671875
      vertex 43.71766662597656 0.29290771484375 46.21924591064453
      vertex 43.85530090332031 0.5 46.2987060546875
    endloop
  endfacet
  facet normal 0.3314451137287436 -0.9238645641031135 0.1913593577014319
    outer loop
      vertex 43.329437255859375 0.034088134765625 45.99510192871094
      vertex 44.75909423828125 0.034088134765625 43.518856048583984
      vertex 44.96797180175781 0.134002685546875 43.63944625854492
    endloop
  endfacet
  facet normal 0.5271841563299287 -0.7933690142611158 0.3043722597824031
    outer loop
      vertex 43.538299560546875 0.134002685546875 46.115692138671875
      vertex 44.96797180175781 0.134002685546875 43.63944625854492
      vertex 45.14732360839844 0.29290771484375 43.74300003051758
    endloop
  endfacet
  facet normal 0.6870368514996922 -0.6088032688555304 0.39665973391839365
    outer loop
      vertex 43.71766662597656 0.29290771484375 46.21924591064453
      vertex 45.14732360839844 0.29290771484375 43.74300003051758
      vertex 45.28495788574219 0.5 43.82246017456055
    endloop
  endfacet
  facet normal 0.8001027639440714 -0.3826861500675783 0.4619381751658032
    outer loop
      vertex 45.28495788574219 0.5 43.82246017456055
      vertex 45.37147521972656 0.741180419921875 43.87240982055664
      vertex 43.85530090332031 0.5 46.2987060546875
    endloop
  endfacet
  facet normal 0.6870368514996922 -0.6088032688555304 0.39665973391839365
    outer loop
      vertex 43.71766662597656 0.29290771484375 46.21924591064453
      vertex 45.28495788574219 0.5 43.82246017456055
      vertex 43.85530090332031 0.5 46.2987060546875
    endloop
  endfacet
  facet normal 0.8001027639440714 -0.3826861500675783 0.4619381751658032
    outer loop
      vertex 43.85530090332031 0.5 46.2987060546875
      vertex 45.37147521972656 0.741180419921875 43.87240982055664
      vertex 43.94181823730469 0.741180419921875 46.348655700683594
    endloop
  endfacet
  facet normal 0.8586223953906238 -0.13047950611571685 0.49572439986091665
    outer loop
      vertex 45.37147521972656 0.741180419921875 43.87240982055664
      vertex 43.9713134765625 1 46.365692138671875
      vertex 43.94181823730469 0.741180419921875 46.348655700683594
    endloop
  endfacet
  facet normal 0.8660251689767277 0 0.500000406698665
    outer loop
      vertex 43.9713134765625 1 46.365692138671875
      vertex 49.865997314453125 3.9000244140625 36.15581130981445
      vertex 43.9713134765625 3.9000244140625 46.365692138671875
    endloop
  endfacet
  facet normal 0.49365344200380173 0.1468664690558802 -0.8571677312316752
    outer loop
      vertex 37.08293151855469 4.158843994140625 38.96498107910156
      vertex 41.148590087890625 4.0950927734375 41.2955207824707
      vertex 41.14332580566406 3.998016357421875 41.275856018066406
    endloop
  endfacet
  facet normal 0.4793532996881685 0.2900566846144755 -0.828304010486804
    outer loop
      vertex 37.08293151855469 4.158843994140625 38.96498107910156
      vertex 41.169403076171875 4.282684326171875 41.37325668334961
      vertex 41.148590087890625 4.0950927734375 41.2955207824707
    endloop
  endfacet
  facet normal 0.44190831473734377 0.47094209028069883 -0.763498912224534
    outer loop
      vertex 37.032958984375 4.4000244140625 39.05148696899414
      vertex 41.20323181152344 4.455596923828125 41.49949264526367
      vertex 41.169403076171875 4.282684326171875 41.37325668334961
    endloop
  endfacet
  facet normal 0.38652724228587726 0.634458139010301 -0.6693725127419413
    outer loop
      vertex 36.95350646972656 4.60711669921875 39.189117431640625
      vertex 41.24873352050781 4.60711669921875 41.66938400268555
      vertex 41.20323181152344 4.455596923828125 41.49949264526367
    endloop
  endfacet
  facet normal 0.31723289077874156 0.7730164664373841 -0.5493713094299918
    outer loop
      vertex 36.95350646972656 4.60711669921875 39.189117431640625
      vertex 41.30418395996094 4.731475830078125 41.87638854980469
      vertex 41.24873352050781 4.60711669921875 41.66938400268555
    endloop
  endfacet
  facet normal 0.23676335282455796 0.8815841370459371 -0.40835343033730537
    outer loop
      vertex 36.84992980957031 4.76605224609375 39.36845779418945
      vertex 41.36744689941406 4.823883056640625 42.11256408691406
      vertex 41.30418395996094 4.731475830078125 41.87638854980469
    endloop
  endfacet
  facet normal 0.1462333065642651 0.9567047216816801 -0.25165829126667133
    outer loop
      vertex 36.729339599609375 4.865936279296875 39.577327728271484
      vertex 41.43609619140625 4.88079833984375 42.36882400512695
      vertex 41.36744689941406 4.823883056640625 42.11256408691406
    endloop
  endfacet
  facet normal -0.7988628394067093 0.3826975090773979 -0.4640698011732773
    outer loop
      vertex 42.91729736328125 4.158843994140625 38.26225662231445
      vertex 41.169403076171875 4.282684326171875 41.37325668334961
      vertex 43.003814697265625 4.4000244140625 38.31221389770508
    endloop
  endfacet
  facet normal -0.86187255046322 0.0494795345688132 -0.5047053421719232
    outer loop
      vertex 42.91729736328125 4.158843994140625 38.26225662231445
      vertex 41.14155578613281 3.9000244140625 41.26927185058594
      vertex 41.14332580566406 3.998016357421875 41.275856018066406
    endloop
  endfacet
  facet normal -0.8558367424971377 0.14687599765303022 -0.4959545458056767
    outer loop
      vertex 42.91729736328125 4.158843994140625 38.26225662231445
      vertex 41.14332580566406 3.998016357421875 41.275856018066406
      vertex 41.148590087890625 4.0950927734375 41.2955207824707
    endloop
  endfacet
  facet normal -0.8294053046632632 0.28990700518735324 -0.47753614411868284
    outer loop
      vertex 42.91729736328125 4.158843994140625 38.26225662231445
      vertex 41.148590087890625 4.0950927734375 41.2955207824707
      vertex 41.169403076171875 4.282684326171875 41.37325668334961
    endloop
  endfacet
  facet normal -0.6861447993300531 0.6087796715813939 -0.3982368966100095
    outer loop
      vertex 43.003814697265625 4.4000244140625 38.31221389770508
      vertex 41.20323181152344 4.455596923828125 41.49949264526367
      vertex 43.14143371582031 4.60711669921875 38.39168167114258
    endloop
  endfacet
  facet normal -0.7645543017869535 0.4708965920409901 -0.4401285258004139
    outer loop
      vertex 41.169403076171875 4.282684326171875 41.37325668334961
      vertex 41.20323181152344 4.455596923828125 41.49949264526367
      vertex 43.003814697265625 4.4000244140625 38.31221389770508
    endloop
  endfacet
  facet normal -0.6693941066659971 0.6344277138690045 -0.38653978557941543
    outer loop
      vertex 43.14143371582031 4.60711669921875 38.39168167114258
      vertex 41.20323181152344 4.455596923828125 41.49949264526367
      vertex 41.24873352050781 4.60711669921875 41.66938400268555
    endloop
  endfacet
  facet normal -0.5493716810696769 0.7730160893448111 -0.3172331660667469
    outer loop
      vertex 43.14143371582031 4.60711669921875 38.39168167114258
      vertex 41.24873352050781 4.60711669921875 41.66938400268555
      vertex 41.30418395996094 4.731475830078125 41.87638854980469
    endloop
  endfacet
  facet normal -0.4094760157630249 0.8814797019529859 -0.23520826422495034
    outer loop
      vertex 43.32078552246094 4.76605224609375 38.4952507019043
      vertex 41.30418395996094 4.731475830078125 41.87638854980469
      vertex 41.36744689941406 4.823883056640625 42.11256408691406
    endloop
  endfacet
  facet normal -0.25272545995322987 0.9566461846234262 -0.14476850257176108
    outer loop
      vertex 43.52964782714844 4.865936279296875 38.6158561706543
      vertex 41.36744689941406 4.823883056640625 42.11256408691406
      vertex 41.43609619140625 4.88079833984375 42.36882400512695
    endloop
  endfacet
  facet normal -0.800064051848748 0.3826986231844018 -0.46199488823159834
    outer loop
      vertex 45.034149169921875 4.158843994140625 34.596378326416016
      vertex 42.91729736328125 4.158843994140625 38.26225662231445
      vertex 43.003814697265625 4.4000244140625 38.31221389770508
    endloop
  endfacet
  facet normal -0.8585800863563343 0.1305272839093694 -0.49578509806930704
    outer loop
      vertex 45.00007629394531 3.9000244140625 34.58724594116211
      vertex 41.14155578613281 3.9000244140625 41.26927185058594
      vertex 42.91729736328125 4.158843994140625 38.26225662231445
    endloop
  endfacet
  facet normal -0.6870230426943023 0.6087806069262276 -0.39671842840684485
    outer loop
      vertex 45.13404846191406 4.4000244140625 34.62314987182617
      vertex 43.003814697265625 4.4000244140625 38.31221389770508
      vertex 43.14143371582031 4.60711669921875 38.39168167114258
    endloop
  endfacet
  facet normal -0.5272155459455845 0.7933233863295303 -0.3044368125177144
    outer loop
      vertex 45.29295349121094 4.60711669921875 34.66573715209961
      vertex 43.14143371582031 4.60711669921875 38.39168167114258
      vertex 43.32078552246094 4.76605224609375 38.4952507019043
    endloop
  endfacet
  facet normal -0.33135178119524394 0.9239027610938606 -0.19133657554654765
    outer loop
      vertex 45.50006103515625 4.76605224609375 34.72123718261719
      vertex 43.32078552246094 4.76605224609375 38.4952507019043
      vertex 43.52964782714844 4.865936279296875 38.6158561706543
    endloop
  endfacet
  facet normal -0.12995166066826155 0.9885719740346187 -0.07640692405049393
    outer loop
      vertex 46.00007629394531 4.9000244140625 34.85523223876953
      vertex 43.52964782714844 4.865936279296875 38.6158561706543
      vertex 41.43609619140625 4.88079833984375 42.36882400512695
    endloop
  endfacet
  facet normal 0 1 0
    outer loop
      vertex 46.00007629394531 4.9000244140625 34.85523223876953
      vertex 41.507476806640625 4.9000244140625 42.63532257080078
      vertex 48.999969482421875 4.9000244140625 35.65581130981445
    endloop
  endfacet
  facet normal -0.5264004783055926 0.7933223462778173 -0.3058466794586829
    outer loop
      vertex 43.14143371582031 4.60711669921875 38.39168167114258
      vertex 41.30418395996094 4.731475830078125 41.87638854980469
      vertex 43.32078552246094 4.76605224609375 38.4952507019043
    endloop
  endfacet
  facet normal -0.3303108862924699 0.9239007610042469 -0.19313752150334915
    outer loop
      vertex 43.32078552246094 4.76605224609375 38.4952507019043
      vertex 41.36744689941406 4.823883056640625 42.11256408691406
      vertex 43.52964782714844 4.865936279296875 38.6158561706543
    endloop
  endfacet
  facet normal -0.08493540989076731 0.9951786198164964 -0.049045803151960374
    outer loop
      vertex 46.00007629394531 4.9000244140625 34.85523223876953
      vertex 41.43609619140625 4.88079833984375 42.36882400512695
      vertex 41.507476806640625 4.9000244140625 42.63532257080078
    endloop
  endfacet
  facet normal 0 1 0
    outer loop
      vertex 48.999969482421875 4.9000244140625 35.65581130981445
      vertex 41.507476806640625 4.9000244140625 42.63532257080078
      vertex 43.10530090332031 4.9000244140625 45.865692138671875
    endloop
  endfacet
  facet normal -0.4999992495419547 -0.000004917266760347644 0.8660258370471995
    outer loop
      vertex 31.28656005859375 1.7783050537109375 39.042144775390625
      vertex 43.85528564453125 4.4000244140625 46.298702239990234
      vertex 43.787811279296875 4.501556396484375 46.25974655151367
    endloop
  endfacet
  facet normal -0.5000017155580906 0.000010176723210033557 0.8660244132444538
    outer loop
      vertex 31.28656005859375 1.7783050537109375 39.042144775390625
      vertex 43.787811279296875 4.501556396484375 46.25974655151367
      vertex 43.7176513671875 4.607147216796875 46.21923828125
    endloop
  endfacet
  facet normal -0.5000048275164379 0.00004834805593482756 0.866022615249003
    outer loop
      vertex 31.28656005859375 3.2216796875 39.042144775390625
      vertex 43.26490783691406 4.8758544921875 45.95784378051758
      vertex 43.10530090332031 4.9000244140625 45.865692138671875
    endloop
  endfacet
  facet normal -0.4999921130275878 -0.00007440303252463827 0.8660299540861139
    outer loop
      vertex 31.28656005859375 3.2216796875 39.042144775390625
      vertex 43.328399658203125 4.86627197265625 45.99449920654297
      vertex 43.26490783691406 4.8758544921875 45.95784378051758
    endloop
  endfacet
  facet normal -0.5000014092810855 0.00001634113688553972 0.866024589979924
    outer loop
      vertex 31.28656005859375 3.2216796875 39.042144775390625
      vertex 43.43550109863281 4.8151397705078125 46.05633544921875
      vertex 43.328399658203125 4.86627197265625 45.99449920654297
    endloop
  endfacet
  facet normal -0.5000043853128757 0.00004659938603558149 0.866022870654344
    outer loop
      vertex 31.28656005859375 3.2216796875 39.042144775390625
      vertex 43.53828430175781 4.76605224609375 46.11568069458008
      vertex 43.43550109863281 4.8151397705078125 46.05633544921875
    endloop
  endfacet
  facet normal -0.5000007084595556 0.000008730462285046856 0.8660249947107309
    outer loop
      vertex 31.28656005859375 3.2216796875 39.042144775390625
      vertex 43.7176513671875 4.607147216796875 46.21923828125
      vertex 43.629730224609375 4.6850433349609375 46.16847610473633
    endloop
  endfacet
  facet normal -0.4999991705336391 -0.000008565660925397241 0.8660258826341752
    outer loop
      vertex 31.28656005859375 3.2216796875 39.042144775390625
      vertex 43.629730224609375 4.6850433349609375 46.16847610473633
      vertex 43.53828430175781 4.76605224609375 46.11568069458008
    endloop
  endfacet
  facet normal 0.04689355409348771 0.9953307297979227 -0.0843666575396698
    outer loop
      vertex 36.729339599609375 4.865936279296875 39.577327728271484
      vertex 41.507476806640625 4.9000244140625 42.63532257080078
      vertex 41.43609619140625 4.88079833984375 42.36882400512695
    endloop
  endfacet
  facet normal 0.8660140133033023 0.00507570342647759 0.49999396596062473
    outer loop
      vertex 49.865997314453125 3.9000244140625 36.15581130981445
      vertex 43.971282958984375 3.9074859619140625 46.36566925048828
      vertex 43.9713134765625 3.9000244140625 46.365692138671875
    endloop
  endfacet
  facet normal 0.8001014526904408 0.3826861500581295 0.46194044633083725
    outer loop
      vertex 47.40130615234375 4.4000244140625 40.156837463378906
      vertex 45.05262756347656 4.4000244140625 44.224853515625
      vertex 45.13914489746094 4.158843994140625 44.274803161621094
    endloop
  endfacet
  facet normal 0.11260354881663372 0.991510934771895 0.06501159144078085
    outer loop
      vertex 48.999969482421875 4.9000244140625 35.65581130981445
      vertex 43.10530090332031 4.9000244140625 45.865692138671875
      vertex 44.52593994140625 4.8662109375 43.92076873779297
    endloop
  endfacet
  facet normal 0.33103390837351787 0.9240587223913809 0.19113353729621138
    outer loop
      vertex 46.875030517578125 4.866058349609375 39.852996826171875
      vertex 44.52593994140625 4.8662109375 43.92076873779297
      vertex 44.735626220703125 4.76605224609375 44.041831970214844
    endloop
  endfacet
  facet normal 0.6870687891192208 0.608756006832887 0.39667695063253383
    outer loop
      vertex 47.263671875 4.60711669921875 40.07737731933594
      vertex 44.91499328613281 4.607147216796875 44.1453857421875
      vertex 45.05262756347656 4.4000244140625 44.224853515625
    endloop
  endfacet
  facet normal 0.5271635265792871 0.7933877721495177 0.30435909588529547
    outer loop
      vertex 47.08430480957031 4.76605224609375 39.97381591796875
      vertex 44.735626220703125 4.76605224609375 44.041831970214844
      vertex 44.91499328613281 4.607147216796875 44.1453857421875
    endloop
  endfacet
  facet normal 0.33103671262075 0.9240587224206261 0.19112868025392526
    outer loop
      vertex 43.43550109863281 4.8151397705078125 46.05633544921875
      vertex 44.735626220703125 4.76605224609375 44.041831970214844
      vertex 44.52593994140625 4.8662109375 43.92076873779297
    endloop
  endfacet
  facet normal 0.6870499660217743 0.6087817321797263 0.3966700729242512
    outer loop
      vertex 45.05262756347656 4.4000244140625 44.224853515625
      vertex 43.787811279296875 4.501556396484375 46.25974655151367
      vertex 43.85528564453125 4.4000244140625 46.298702239990234
    endloop
  endfacet
  facet normal 0.6870898098506827 0.6087222477391326 0.3966923471744454
    outer loop
      vertex 43.7176513671875 4.607147216796875 46.21923828125
      vertex 43.787811279296875 4.501556396484375 46.25974655151367
      vertex 44.91499328613281 4.607147216796875 44.1453857421875
    endloop
  endfacet
  facet normal 0.33098951772993107 0.9240820451106715 0.19109765319591546
    outer loop
      vertex 43.43550109863281 4.8151397705078125 46.05633544921875
      vertex 43.53828430175781 4.76605224609375 46.11568069458008
      vertex 44.735626220703125 4.76605224609375 44.041831970214844
    endloop
  endfacet
  facet normal 0.527141586208672 0.7934071599824429 0.3043465567046873
    outer loop
      vertex 43.629730224609375 4.6850433349609375 46.16847610473633
      vertex 44.735626220703125 4.76605224609375 44.041831970214844
      vertex 43.53828430175781 4.76605224609375 46.11568069458008
    endloop
  endfacet
  facet normal 0.5271802400479814 0.7933731304355998 0.3043683137348067
    outer loop
      vertex 43.7176513671875 4.607147216796875 46.21923828125
      vertex 44.91499328613281 4.607147216796875 44.1453857421875
      vertex 43.629730224609375 4.6850433349609375 46.16847610473633
    endloop
  endfacet
  facet normal 0.11261008239225147 0.9915098786172415 0.0650163821512208
    outer loop
      vertex 43.10530090332031 4.9000244140625 45.865692138671875
      vertex 43.26490783691406 4.8758544921875 45.95784378051758
      vertex 44.52593994140625 4.8662109375 43.92076873779297
    endloop
  endfacet
  facet normal 0.3308879963198608 0.9241273481735652 0.19105438557939888
    outer loop
      vertex 43.43550109863281 4.8151397705078125 46.05633544921875
      vertex 44.52593994140625 4.8662109375 43.92076873779297
      vertex 43.328399658203125 4.86627197265625 45.99449920654297
    endloop
  endfacet
  facet normal 0.11224674058251669 0.9915658174861546 0.06479119401288505
    outer loop
      vertex 43.26490783691406 4.8758544921875 45.95784378051758
      vertex 43.328399658203125 4.86627197265625 45.99449920654297
      vertex 44.52593994140625 4.8662109375 43.92076873779297
    endloop
  endfacet
  facet normal 0.8001026011484792 0.38268615006654827 0.4619384571376156
    outer loop
      vertex 45.13914489746094 4.158843994140625 44.274803161621094
      vertex 45.05262756347656 4.4000244140625 44.224853515625
      vertex 43.89939880371094 4.277069091796875 46.32416915893555
    endloop
  endfacet
  facet normal 0.8583235232112344 0.13341914958073267 0.495459443372924
    outer loop
      vertex 43.971282958984375 3.9074859619140625 46.36566925048828
      vertex 45.13914489746094 4.158843994140625 44.274803161621094
      vertex 43.95021057128906 4.088226318359375 46.3535041809082
    endloop
  endfacet
  facet normal 0.8579843311849078 0.1359744076089469 0.4953522463021466
    outer loop
      vertex 45.13914489746094 4.158843994140625 44.274803161621094
      vertex 43.94181823730469 4.158843994140625 46.348655700683594
      vertex 43.95021057128906 4.088226318359375 46.3535041809082
    endloop
  endfacet
  facet normal 0.8000833918421069 0.38274438937276706 0.4619234768899467
    outer loop
      vertex 45.13914489746094 4.158843994140625 44.274803161621094
      vertex 43.89939880371094 4.277069091796875 46.32416915893555
      vertex 43.94181823730469 4.158843994140625 46.348655700683594
    endloop
  endfacet
  facet normal 0.8000866662514267 0.38272713246983386 0.46193210384005207
    outer loop
      vertex 43.89939880371094 4.277069091796875 46.32416915893555
      vertex 45.05262756347656 4.4000244140625 44.224853515625
      vertex 43.85528564453125 4.4000244140625 46.298702239990234
    endloop
  endfacet
  facet normal 0.6870661949276262 0.6087560068938805 0.3966814438038298
    outer loop
      vertex 45.05262756347656 4.4000244140625 44.224853515625
      vertex 44.91499328613281 4.607147216796875 44.1453857421875
      vertex 43.787811279296875 4.501556396484375 46.25974655151367
    endloop
  endfacet
  facet normal 0.5271643561533654 0.7933877721625752 0.3043576589874378
    outer loop
      vertex 43.629730224609375 4.6850433349609375 46.16847610473633
      vertex 44.91499328613281 4.607147216796875 44.1453857421875
      vertex 44.735626220703125 4.76605224609375 44.041831970214844
    endloop
  endfacet
  facet normal 0.11308738752831674 -0.9914375228286696 0.06529074290718115
    outer loop
      vertex 48.999969482421875 0 35.65581130981445
      vertex 49.22410583496094 0.034088134765625 35.785221099853516
      vertex 46.991607666015625 0.034088134765625 39.65203857421875
    endloop
  endfacet
  facet normal 0.3314446704381762 -0.9238645640971789 0.19136012553209328
    outer loop
      vertex 49.22410583496094 0.034088134765625 35.785221099853516
      vertex 49.4329833984375 0.134002685546875 35.90581130981445
      vertex 47.200469970703125 0.134002685546875 39.77262878417969
    endloop
  endfacet
  facet normal 0.5271857587295862 -0.7933690142301159 0.30436948443009965
    outer loop
      vertex 49.4329833984375 0.134002685546875 35.90581130981445
      vertex 49.612335205078125 0.29290771484375 36.00936508178711
      vertex 47.37983703613281 0.29290771484375 39.876182556152344
    endloop
  endfacet
  facet normal 0.6870359326076968 -0.6088032688409242 0.3966613255089004
    outer loop
      vertex 49.612335205078125 0.29290771484375 36.00936508178711
      vertex 49.749969482421875 0.5 36.08882522583008
      vertex 47.5174560546875 0.5 39.95564270019531
    endloop
  endfacet
  facet normal 0.8001016938210662 -0.38268615006006457 0.4619400286799862
    outer loop
      vertex 49.749969482421875 0.5 36.08882522583008
      vertex 49.83648681640625 0.741180419921875 36.13877487182617
      vertex 47.603973388671875 0.741180419921875 40.005592346191406
    endloop
  endfacet
  facet normal 0.8586155748298754 -0.13052926415633026 0.495723114105414
    outer loop
      vertex 49.83648681640625 0.741180419921875 36.13877487182617
      vertex 49.865997314453125 1 36.15581130981445
      vertex 47.603973388671875 0.741180419921875 40.005592346191406
    endloop
  endfacet
  facet normal 0.3314607371233463 -0.9238571493819938 0.19136809368707222
    outer loop
      vertex 49.22410583496094 0.034088134765625 35.785221099853516
      vertex 47.200469970703125 0.134002685546875 39.77262878417969
      vertex 46.991607666015625 0.034088134765625 39.65203857421875
    endloop
  endfacet
  facet normal 0.5271636854506718 -0.7933877721521874 0.3043588207058472
    outer loop
      vertex 49.4329833984375 0.134002685546875 35.90581130981445
      vertex 47.37983703613281 0.29290771484375 39.876182556152344
      vertex 47.200469970703125 0.134002685546875 39.77262878417969
    endloop
  endfacet
  facet normal 0.6870582801778776 -0.6087714082132754 0.3966715167251645
    outer loop
      vertex 49.612335205078125 0.29290771484375 36.00936508178711
      vertex 47.5174560546875 0.5 39.95564270019531
      vertex 47.37983703613281 0.29290771484375 39.876182556152344
    endloop
  endfacet
  facet normal 0.8001016938210662 -0.38268615006006457 0.4619400286799862
    outer loop
      vertex 49.749969482421875 0.5 36.08882522583008
      vertex 47.603973388671875 0.741180419921875 40.005592346191406
      vertex 47.5174560546875 0.5 39.95564270019531
    endloop
  endfacet
  facet normal 0.11308151900855229 -0.9914383859345569 0.065287800960048
    outer loop
      vertex 48.999969482421875 0 35.65581130981445
      vertex 46.991607666015625 0.034088134765625 39.65203857421875
      vertex 44.75909423828125 0.034088134765625 43.518856048583984
    endloop
  endfacet
  facet normal 0.8586113676827174 -0.13057902125395354 0.4957172969489493
    outer loop
      vertex 49.865997314453125 1 36.15581130981445
      vertex 45.37147521972656 0.741180419921875 43.87240982055664
      vertex 47.603973388671875 0.741180419921875 40.005592346191406
    endloop
  endfacet
  facet normal 0.3314607371233463 -0.9238571493819938 0.19136809368707222
    outer loop
      vertex 46.991607666015625 0.034088134765625 39.65203857421875
      vertex 47.200469970703125 0.134002685546875 39.77262878417969
      vertex 44.96797180175781 0.134002685546875 43.63944625854492
    endloop
  endfacet
  facet normal 0.5271636854506718 -0.7933877721521874 0.3043588207058472
    outer loop
      vertex 47.200469970703125 0.134002685546875 39.77262878417969
      vertex 47.37983703613281 0.29290771484375 39.876182556152344
      vertex 45.14732360839844 0.29290771484375 43.74300003051758
    endloop
  endfacet
  facet normal 0.6870582801778776 -0.6087714082132754 0.3966715167251645
    outer loop
      vertex 47.37983703613281 0.29290771484375 39.876182556152344
      vertex 47.5174560546875 0.5 39.95564270019531
      vertex 45.28495788574219 0.5 43.82246017456055
    endloop
  endfacet
  facet normal 0.8001030609557787 -0.3826861500693529 0.461937660723057
    outer loop
      vertex 47.5174560546875 0.5 39.95564270019531
      vertex 47.603973388671875 0.741180419921875 40.005592346191406
      vertex 45.37147521972656 0.741180419921875 43.87240982055664
    endloop
  endfacet
  facet normal 0.8660251689767277 0 0.500000406698665
    outer loop
      vertex 49.865997314453125 1 36.15581130981445
      vertex 49.865997314453125 3.9000244140625 36.15581130981445
      vertex 43.9713134765625 1 46.365692138671875
    endloop
  endfacet
  facet normal 0.8001030609557787 -0.3826861500693529 0.461937660723057
    outer loop
      vertex 47.5174560546875 0.5 39.95564270019531
      vertex 45.37147521972656 0.741180419921875 43.87240982055664
      vertex 45.28495788574219 0.5 43.82246017456055
    endloop
  endfacet
  facet normal 0.858619372116871 -0.1304983987274058 0.49572466325089515
    outer loop
      vertex 49.865997314453125 1 36.15581130981445
      vertex 43.9713134765625 1 46.365692138671875
      vertex 45.37147521972656 0.741180419921875 43.87240982055664
    endloop
  endfacet
  facet normal 0.3311601670853127 0.9239972559018295 0.19121196307218066
    outer loop
      vertex 49.22410583496094 4.865936279296875 35.785221099853516
      vertex 46.875030517578125 4.866058349609375 39.852996826171875
      vertex 47.08430480957031 4.76605224609375 39.97381591796875
    endloop
  endfacet
  facet normal 0.8001025646398967 0.38268615006631174 0.4619385203726621
    outer loop
      vertex 49.83648681640625 4.158843994140625 36.13877487182617
      vertex 49.749969482421875 4.4000244140625 36.08882522583008
      vertex 47.487823486328125 4.158843994140625 40.206787109375
    endloop
  endfacet
  facet normal 0.858616509335729 0.13052926416530222 0.4957214954917656
    outer loop
      vertex 49.865997314453125 3.9000244140625 36.15581130981445
      vertex 49.83648681640625 4.158843994140625 36.13877487182617
      vertex 47.487823486328125 4.158843994140625 40.206787109375
    endloop
  endfacet
  facet normal 0.8001025646398967 0.38268615006631174 0.4619385203726621
    outer loop
      vertex 49.749969482421875 4.4000244140625 36.08882522583008
      vertex 47.40130615234375 4.4000244140625 40.156837463378906
      vertex 47.487823486328125 4.158843994140625 40.206787109375
    endloop
  endfacet
  facet normal 0.331357924730167 0.9239058929859283 0.19131081157214108
    outer loop
      vertex 49.4329833984375 4.76605224609375 35.90581130981445
      vertex 49.22410583496094 4.865936279296875 35.785221099853516
      vertex 47.08430480957031 4.76605224609375 39.97381591796875
    endloop
  endfacet
  facet normal 0.11309359689358367 0.9914375227243393 0.06527998832641474
    outer loop
      vertex 48.999969482421875 4.9000244140625 35.65581130981445
      vertex 46.875030517578125 4.866058349609375 39.852996826171875
      vertex 49.22410583496094 4.865936279296875 35.785221099853516
    endloop
  endfacet
  facet normal 0.6870366803613491 0.6088032688529659 0.39666003034336705
    outer loop
      vertex 49.749969482421875 4.4000244140625 36.08882522583008
      vertex 49.612335205078125 4.60711669921875 36.00936508178711
      vertex 47.40130615234375 4.4000244140625 40.156837463378906
    endloop
  endfacet
  facet normal 0.5272491523107283 0.7933125532970351 0.3044068398853041
    outer loop
      vertex 49.612335205078125 4.60711669921875 36.00936508178711
      vertex 49.4329833984375 4.76605224609375 35.90581130981445
      vertex 47.263671875 4.60711669921875 40.07737731933594
    endloop
  endfacet
  facet normal 0.6870366803613491 0.6088032688529659 0.39666003034336705
    outer loop
      vertex 49.612335205078125 4.60711669921875 36.00936508178711
      vertex 47.263671875 4.60711669921875 40.07737731933594
      vertex 47.40130615234375 4.4000244140625 40.156837463378906
    endloop
  endfacet
  facet normal 0.527220765129466 0.7933367298754826 0.3043929990107785
    outer loop
      vertex 49.4329833984375 4.76605224609375 35.90581130981445
      vertex 47.08430480957031 4.76605224609375 39.97381591796875
      vertex 47.263671875 4.60711669921875 40.07737731933594
    endloop
  endfacet
  facet normal 0.8586201696410886 0.13048668821474385 0.4957263645240753
    outer loop
      vertex 49.865997314453125 3.9000244140625 36.15581130981445
      vertex 47.487823486328125 4.158843994140625 40.206787109375
      vertex 45.13914489746094 4.158843994140625 44.274803161621094
    endloop
  endfacet
  facet normal 0.11318961470792045 0.9914233707728936 0.06532848542241279
    outer loop
      vertex 48.999969482421875 4.9000244140625 35.65581130981445
      vertex 44.52593994140625 4.8662109375 43.92076873779297
      vertex 46.875030517578125 4.866058349609375 39.852996826171875
    endloop
  endfacet
  facet normal 0.527223465839202 0.7933367298299324 0.3043883213450356
    outer loop
      vertex 47.263671875 4.60711669921875 40.07737731933594
      vertex 47.08430480957031 4.76605224609375 39.97381591796875
      vertex 44.91499328613281 4.607147216796875 44.1453857421875
    endloop
  endfacet
  facet normal 0.3311670368907198 0.9239972560918843 0.19120006383808894
    outer loop
      vertex 47.08430480957031 4.76605224609375 39.97381591796875
      vertex 46.875030517578125 4.866058349609375 39.852996826171875
      vertex 44.735626220703125 4.76605224609375 44.041831970214844
    endloop
  endfacet
  facet normal 0.8001014526904408 0.3826861500581295 0.46194044633083725
    outer loop
      vertex 47.487823486328125 4.158843994140625 40.206787109375
      vertex 47.40130615234375 4.4000244140625 40.156837463378906
      vertex 45.13914489746094 4.158843994140625 44.274803161621094
    endloop
  endfacet
  facet normal 0.8583227253089639 0.13342384255567757 0.49545956187752666
    outer loop
      vertex 49.865997314453125 3.9000244140625 36.15581130981445
      vertex 45.13914489746094 4.158843994140625 44.274803161621094
      vertex 43.971282958984375 3.9074859619140625 46.36566925048828
    endloop
  endfacet
  facet normal 0.6870357255540418 0.6088032688373491 0.3966616841407673
    outer loop
      vertex 47.40130615234375 4.4000244140625 40.156837463378906
      vertex 47.263671875 4.60711669921875 40.07737731933594
      vertex 45.05262756347656 4.4000244140625 44.224853515625
    endloop
  endfacet
  facet normal -0.7071067811865476 -0.7071067811865476 0
    outer loop
      vertex -1.5 0 6.800000000000001
      vertex -1.5 0 10
      vertex -3 1.5 6.800000000000001
    endloop
  endfacet
  facet normal -0.7071067811865476 -0.7071067811865476 0
    outer loop
      vertex -3 1.5 6.800000000000001
      vertex -1.5 0 10
      vertex -3 1.5 10
    endloop
  endfacet
  facet normal 0 -1 0
    outer loop
      vertex -1.5 0 6.800000000000001
      vertex 1 0 10
      vertex -1.5 0 10
    endloop
  endfacet
  facet normal 0 0 1
    outer loop
      vertex -1.5 0 10
      vertex 0.23524127770098088 0.3680214751982103 10
      vertex 0.13397216796875 0.5 10
    endloop
  endfacet
  facet normal 0 0 1
    outer loop
      vertex -1.5 0 10
      vertex 0.13397216796875 0.5 10
      vertex 0.09773245258422701 0.5874778468796229 10
    endloop
  endfacet
  facet normal 0 0 1
    outer loop
      vertex -1.5 0 10
      vertex 0.09773245258422701 0.5874778468796229 10
      vertex 0.03406734150398588 0.741180419921875 10
    endloop
  endfacet
  facet normal 0 0 1
    outer loop
      vertex -1.5 0 10
      vertex 0.03406734150398588 0.741180419921875 10
      vertex 0.027893634296099062 0.7881183050020456 10
    endloop
  endfacet
  facet normal 0 0 1
    outer loop
      vertex -1.5 0 10
      vertex 0.027893634296099062 0.7881183050020456 10
      vertex 0 1 10
    endloop
  endfacet
  facet normal 0 0 1
    outer loop
      vertex -1.5 0 10
      vertex 0.49999446552621635 0.134002685546875 10
      vertex 0.42488052868745474 0.19163874052726595 10
    endloop
  endfacet
  facet normal 0 0 1
    outer loop
      vertex -1.5 0 10
      vertex 0.42488052868745474 0.19163874052726595 10
      vertex 0.29288273173360685 0.29290771484375 10
    endloop
  endfacet
  facet normal 0 0 1
    outer loop
      vertex -1.5 0 10
      vertex 0.6536874551738447 0.07032779177051689 10
      vertex 0.49999446552621635 0.134002685546875 10
    endloop
  endfacet
  facet normal 0 0 1
    outer loop
      vertex -1.5 0 10
      vertex 0.7411706955991072 0.034088134765625 10
      vertex 0.6536874551738447 0.07032779177051689 10
    endloop
  endfacet
  facet normal 0 0 1
    outer loop
      vertex -1.5 0 10
      vertex 0.7881057354847436 0.027906136115491528 10
      vertex 0.7411706955991072 0.034088134765625 10
    endloop
  endfacet
  facet normal 0 0 1
    outer loop
      vertex -1.5 0 10
      vertex 0.29288273173360685 0.29290771484375 10
      vertex 0.23524127770098088 0.3680214751982103 10
    endloop
  endfacet
  facet normal 0 0 1
    outer loop
      vertex -1.5 0 10
      vertex 1 0 10
      vertex 0.7881057354847436 0.027906136115491528 10
    endloop
  endfacet
  facet normal 0 -1 0
    outer loop
      vertex -1.5 0 6.800000000000001
      vertex 2.9999847412109375 0 10
      vertex 1 0 10
    endloop
  endfacet
  facet normal 0 0 1
    outer loop
      vertex 3.579766830197006 0.08946061649491968 10
      vertex 3.877321711805595 0.2119067842430142 10
      vertex 3.8300933044333645 0.20340344786080025 10
    endloop
  endfacet
  facet normal 0 0 -1
    outer loop
      vertex -1.5 0 6.800000000000001
      vertex 3.1585786417126656 10.27989898622036 6.800000000000001
      vertex 3.399999998509884 10.038477629423149 6.800000000000001
    endloop
  endfacet
  facet normal 0 0 -1
    outer loop
      vertex -1.5 0 6.800000000000001
      vertex 3.399999998509884 10.038477629423149 6.800000000000001
      vertex 6.638477630913258 6.799999997019768 6.800000000000001
    endloop
  endfacet
  facet normal 0 0 1
    outer loop
      vertex 5.290007137876644 0.7474427402106628 10
      vertex 5.5532808216499205 0.8614815504272524 10
      vertex 5.525227956366745 0.8569241489933078 10
    endloop
  endfacet
  facet normal 0 0 -1
    outer loop
      vertex -1.5 0 6.800000000000001
      vertex 6.638477630913258 6.799999997019768 6.800000000000001
      vertex 6.879898987710476 6.558578640222549 6.800000000000001
    endloop
  endfacet
  facet normal 0.7071067818355871 0.707106780537508 0
    outer loop
      vertex 6.058578640222549 5.399999998509884 8.758578643762691
      vertex 2 9.458578646183014 9.5
      vertex 6.058578640222549 5.399999998509884 9.5
    endloop
  endfacet
  facet normal -3.4433563339103263e-16 0.7071067815628588 0.7071067808102361
    outer loop
      vertex 6.638477630913258 6.799999997019768 7.358578643762691
      vertex 6.058578640222549 5.399999998509884 8.758578643762691
      vertex 6.879898987710476 6.558578640222549 7.600000000816871
    endloop
  endfacet
  facet normal 0.7071067811865475 0.7071067811865475 0
    outer loop
      vertex 6.879898987710476 6.558578640222549 6.800000000000001
      vertex 6.638477630913258 6.799999997019768 6.800000000000001
      vertex 6.638477630913258 6.799999997019768 7.358578643762691
    endloop
  endfacet
  facet normal 0.7071067811865476 0.7071067811865476 0
    outer loop
      vertex 6.879898987710476 6.558578640222549 6.800000000000001
      vertex 6.638477630913258 6.799999997019768 7.358578643762691
      vertex 6.879898987710476 6.558578640222549 7.600000000816871
    endloop
  endfacet
  facet normal 0 0 -1
    outer loop
      vertex 6.058578640222549 5.399999998509884 9.5
      vertex 2 9.458578646183014 9.5
      vertex 12.799999997019768 5.399999998509884 9.5
    endloop
  endfacet
  facet normal 0 0 -1
    outer loop
      vertex -1.5 0 6.800000000000001
      vertex 6.879898987710476 6.558578640222549 6.800000000000001
      vertex 24.200000002980232 6.558578640222549 6.800000000000001
    endloop
  endfacet
  facet normal 0 1 0
    outer loop
      vertex 6.058578640222549 5.399999998509884 8.758578643762691
      vertex 6.058578640222549 5.399999998509884 9.5
      vertex 12.399999999999999 5.399999998509884 8.758578643762691
    endloop
  endfacet
  facet normal -6.484781065187146e-18 0.7071067815628588 0.7071067808102364
    outer loop
      vertex 6.879898987710476 6.558578640222549 7.600000000816871
      vertex 6.058578640222549 5.399999998509884 8.758578643762691
      vertex 12.399999999999999 5.399999998509884 8.758578643762691
    endloop
  endfacet
  facet normal 0 1 0
    outer loop
      vertex 6.058578640222549 5.399999998509884 9.5
      vertex 12.799999997019768 5.399999998509884 8.758578643762691
      vertex 12.399999999999999 5.399999998509884 8.758578643762691
    endloop
  endfacet
  facet normal 0 1 0
    outer loop
      vertex 6.058578640222549 5.399999998509884 9.5
      vertex 12.799999997019768 5.399999998509884 9.5
      vertex 12.799999997019768 5.399999998509884 8.758578643762691
    endloop
  endfacet
  facet normal 1.2260848441703858e-16 0.707106781562859 0.7071067808102361
    outer loop
      vertex 6.879898987710476 6.558578640222549 7.600000000816871
      vertex 12.399999999999999 5.399999998509884 8.758578643762691
      vertex 12.399999999999999 5.926048002020892 8.232530639691774
    endloop
  endfacet
  facet normal 0 0.7071067815628584 0.7071067808102365
    outer loop
      vertex 6.879898987710476 6.558578640222549 7.600000000816871
      vertex 12.399999999999999 5.926048002020892 8.232530639691774
      vertex 12.799999997019768 6.558578640222549 7.600000000816871
    endloop
  endfacet
  facet normal 0 0 -1
    outer loop
      vertex -1.5 0 6.800000000000001
      vertex -3 1.5 6.800000000000001
      vertex -3 26.5 6.800000000000001
    endloop
  endfacet
  facet normal -1 0 0
    outer loop
      vertex -3 1.5 6.800000000000001
      vertex -3 1.5 10
      vertex -3 26.5 6.800000000000001
    endloop
  endfacet
  facet normal 0 0 1
    outer loop
      vertex -1.5 0 10
      vertex -3 26.5 10
      vertex -3 1.5 10
    endloop
  endfacet
  facet normal 0 0 1
    outer loop
      vertex -1.5 0 10
      vertex 0 1 10
      vertex -1.5 28 10
    endloop
  endfacet
  facet normal 0.5000000010675026 0.500000000149622 0.7071067803259106
    outer loop
      vertex 3.399999998509884 10.038477629423141 7.358578643762691
      vertex 2 9.458578646183014 8.758578643762691
      vertex 6.058578640222549 5.399999998509884 8.758578643762691
    endloop
  endfacet
  facet normal 0.7071067818355871 0.707106780537508 3.6524494194192917e-16
    outer loop
      vertex 6.058578640222549 5.399999998509884 8.758578643762691
      vertex 2 9.458578646183014 8.758578643762691
      vertex 2 9.458578646183014 9.5
    endloop
  endfacet
  facet normal 0.7071067815628589 -3.4433563468680604e-16 0.7071067808102363
    outer loop
      vertex 3.399999998509884 10.038477629423141 7.358578643762691
      vertex 3.1585786417126656 10.27989898622036 7.600000000816871
      vertex 2 9.458578646183014 8.758578643762691
    endloop
  endfacet
  facet normal 0.7071067811865371 0.7071067811865579 8.994786900450683e-15
    outer loop
      vertex 3.399999998509884 10.038477629423149 6.800000000000001
      vertex 3.1585786417126656 10.27989898622036 6.800000000000001
      vertex 3.399999998509884 10.038477629423141 7.358578643762691
    endloop
  endfacet
  facet normal 0.7071067811865476 0.7071067811865476 0
    outer loop
      vertex 3.1585786417126656 10.27989898622036 6.800000000000001
      vertex 3.1585786417126656 10.27989898622036 7.600000000816871
      vertex 3.399999998509884 10.038477629423141 7.358578643762691
    endloop
  endfacet
  facet normal 0 0 1
    outer loop
      vertex -1.5 28 10
      vertex 0 1 10
      vertex 0 3.9000244140625 10
    endloop
  endfacet
  facet normal 0 0 1
    outer loop
      vertex -1.5 28 10
      vertex 0 3.9000244140625 10
      vertex 0.027893634296099062 4.111906109060454 10
    endloop
  endfacet
  facet normal 0 0 1
    outer loop
      vertex -1.5 28 10
      vertex 0.027893634296099062 4.111906109060454 10
      vertex 0.03406734150398588 4.158843994140625 10
    endloop
  endfacet
  facet normal 0 0 1
    outer loop
      vertex -1.5 28 10
      vertex 0.03406734150398588 4.158843994140625 10
      vertex 0.07030707422209094 4.2463218828635245 10
    endloop
  endfacet
  facet normal 0 0 1
    outer loop
      vertex -1.5 28 10
      vertex 0.07030707422209094 4.2463218828635245 10
      vertex 0.13397216796875 4.4000244140625 10
    endloop
  endfacet
  facet normal 0 0 -1
    outer loop
      vertex -1.5 0 6.800000000000001
      vertex -3 26.5 6.800000000000001
      vertex 3.1585786417126656 10.27989898622036 6.800000000000001
    endloop
  endfacet
  facet normal 0 0 1
    outer loop
      vertex -1.5 28 10
      vertex 0.13397216796875 4.4000244140625 10
      vertex 0.19161372228479454 4.475138305102092 10
    endloop
  endfacet
  facet normal 0 0 1
    outer loop
      vertex -1.5 28 10
      vertex 0.19161372228479454 4.475138305102092 10
      vertex 0.29288273173360685 4.60711669921875 10
    endloop
  endfacet
  facet normal 0 0 1
    outer loop
      vertex -1.5 28 10
      vertex 0.29288273173360685 4.60711669921875 10
      vertex 0.36799647253609136 4.664763672711506 10
    endloop
  endfacet
  facet normal 0 0 1
    outer loop
      vertex -1.5 28 10
      vertex 0.36799647253609136 4.664763672711506 10
      vertex 0.49999446552621635 4.76605224609375 10
    endloop
  endfacet
  facet normal 0 0 1
    outer loop
      vertex -1.5 28 10
      vertex 0.49999446552621635 4.76605224609375 10
      vertex 0.5874779609199212 4.802280939765887 10
    endloop
  endfacet
  facet normal 0 0 1
    outer loop
      vertex -1.5 28 10
      vertex 0.5874779609199212 4.802280939765887 10
      vertex 0.7411706955991072 4.865936279296875 10
    endloop
  endfacet
  facet normal 0 0 1
    outer loop
      vertex -1.5 28 10
      vertex 0.7881057354847436 4.872118277947009 10
      vertex 0.8587455648514517 4.8814203338760915 10
    endloop
  endfacet
  facet normal 0 0 1
    outer loop
      vertex -1.5 28 10
      vertex 0.7411706955991072 4.865936279296875 10
      vertex 0.7881057354847436 4.872118277947009 10
    endloop
  endfacet
  facet normal 0 0 1
    outer loop
      vertex -1.5 28 10
      vertex 0.8587455648514517 4.8814203338760915 10
      vertex 1 4.9000244140625 10
    endloop
  endfacet
  facet normal 0 0 1
    outer loop
      vertex -1.5 28 10
      vertex 4.672840649792152 4.373499796258338 10
      vertex 4.848752134791393 4.315800730930486 10
    endloop
  endfacet
  facet normal 0 0 1
    outer loop
      vertex -1.5 28 10
      vertex 4.86772255572778 4.3112489187189285 10
      vertex 4.999849942301853 4.257433411916864 10
    endloop
  endfacet
  facet normal 0 0 1
    outer loop
      vertex -1.5 28 10
      vertex 4.855161147170477 4.313915699109616 10
      vertex 4.86772255572778 4.3112489187189285 10
    endloop
  endfacet
  facet normal 0 0 1
    outer loop
      vertex -1.5 28 10
      vertex 4.848752134791393 4.315800730930486 10
      vertex 4.855161147170477 4.313915699109616 10
    endloop
  endfacet
  facet normal 0 0 1
    outer loop
      vertex -1.5 28 10
      vertex 4.999849942301853 4.257433411916864 10
      vertex 5.126311092645318 4.216375810088563 10
    endloop
  endfacet
  facet normal 0 0 1
    outer loop
      vertex -1.5 28 10
      vertex 5.153769893740909 4.200724515767434 10
      vertex 5.216067147178264 4.172117267765411 10
    endloop
  endfacet
  facet normal 0 0 1
    outer loop
      vertex -1.5 28 10
      vertex 5.126311092645318 4.216375810088563 10
      vertex 5.153769893740909 4.200724515767434 10
    endloop
  endfacet
  facet normal 0 0 1
    outer loop
      vertex -1.5 28 10
      vertex 5.216067147178264 4.172117267765411 10
      vertex 5.294784675659822 4.141154385714572 10
    endloop
  endfacet
  facet normal 0 0 1
    outer loop
      vertex -1.5 28 10
      vertex 5.372559339437474 4.120136600833562 10
      vertex 5.4305963544215095 4.0834067682611535 10
    endloop
  endfacet
  facet normal 0 0 1
    outer loop
      vertex -1.5 28 10
      vertex 5.294784675659822 4.141154385714572 10
      vertex 5.372559339437474 4.120136600833562 10
    endloop
  endfacet
  facet normal 0 0 1
    outer loop
      vertex -1.5 28 10
      vertex 5.5360671903839425 4.035660205340301 10
      vertex 5.578685694240841 4.025435640636308 10
    endloop
  endfacet
  facet normal 0 0 1
    outer loop
      vertex -1.5 28 10
      vertex 5.642301043713808 4.011116593323385 10
      vertex 5.8283359524646725 3.900055613992025 10
    endloop
  endfacet
  facet normal 0 0 1
    outer loop
      vertex -1.5 28 10
      vertex 5.578685694240841 4.025435640636308 10
      vertex 5.642301043713808 4.011116593323385 10
    endloop
  endfacet
  facet normal 0 0 1
    outer loop
      vertex -1.5 28 10
      vertex 5.8283359524646725 3.900055613992025 10
      vertex 5.8284012579630975 3.9000195848885086 10
    endloop
  endfacet
  facet normal 0 0 1
    outer loop
      vertex -1.5 28 10
      vertex 5.4305963544215095 4.0834067682611535 10
      vertex 5.5360671903839425 4.035660205340301 10
    endloop
  endfacet
  facet normal 1 0 0
    outer loop
      vertex 2 9.458578646183014 8.758578643762691
      vertex 2 18.541421353816986 9.5
      vertex 2 9.458578646183014 9.5
    endloop
  endfacet
  facet normal 1 0 0
    outer loop
      vertex 3.1585786417126656 10.27989898622036 6.800000000000001
      vertex 3.1585786417126656 17.72010101377964 7.600000000816871
      vertex 3.1585786417126656 10.27989898622036 7.600000000816871
    endloop
  endfacet
  facet normal 0.7071067815628588 -4.527517483672284e-18 0.7071067808102363
    outer loop
      vertex 3.1585786417126656 10.27989898622036 7.600000000816871
      vertex 2 18.541421353816986 8.758578643762691
      vertex 2 9.458578646183014 8.758578643762691
    endloop
  endfacet
  facet normal 0 0 1
    outer loop
      vertex -1.5 28 10
      vertex 1 4.9000244140625 10
      vertex 3.0037647891303005 4.9000244140625 10
    endloop
  endfacet
  facet normal 0 0 1
    outer loop
      vertex -1.5 28 10
      vertex 3.0037647891303005 4.9000244140625 10
      vertex 3.0896384690592873 4.888719383573886 10
    endloop
  endfacet
  facet normal 0 0 1
    outer loop
      vertex -1.5 28 10
      vertex 3.0896384690592873 4.888719383573886 10
      vertex 3.5500920683513755 4.82285574847901 10
    endloop
  endfacet
  facet normal 0 0 1
    outer loop
      vertex -1.5 28 10
      vertex 3.936999804211054 4.669947354168013 10
      vertex 3.944303525401357 4.667595425325746 10
    endloop
  endfacet
  facet normal 0 0 1
    outer loop
      vertex -1.5 28 10
      vertex 3.9310424307243603 4.671121784495822 10
      vertex 3.936999804211054 4.669947354168013 10
    endloop
  endfacet
  facet normal 0 0 1
    outer loop
      vertex -1.5 28 10
      vertex 3.830103223961701 4.696628620134642 10
      vertex 3.9310424307243603 4.671121784495822 10
    endloop
  endfacet
  facet normal 0 0 1
    outer loop
      vertex -1.5 28 10
      vertex 4.069357411618889 4.611606626384289 10
      vertex 4.130162837856581 4.585408115238005 10
    endloop
  endfacet
  facet normal 0 0 1
    outer loop
      vertex -1.5 28 10
      vertex 4.045596539215029 4.623954499182724 10
      vertex 4.069357411618889 4.611606626384289 10
    endloop
  endfacet
  facet normal 0 0 1
    outer loop
      vertex -1.5 28 10
      vertex 3.984597289046019 4.652960587569422 10
      vertex 4.045596539215029 4.623954499182724 10
    endloop
  endfacet
  facet normal 0 0 1
    outer loop
      vertex -1.5 28 10
      vertex 3.944303525401357 4.667595425325746 10
      vertex 3.984597289046019 4.652960587569422 10
    endloop
  endfacet
  facet normal 0 0 1
    outer loop
      vertex -1.5 28 10
      vertex 3.5500920683513755 4.82285574847901 10
      vertex 3.5797040972282432 4.810590544019744 10
    endloop
  endfacet
  facet normal 0 0 1
    outer loop
      vertex -1.5 28 10
      vertex 3.5797040972282432 4.810590544019744 10
      vertex 3.830103223961701 4.696628620134642 10
    endloop
  endfacet
  facet normal 0 0 1
    outer loop
      vertex -1.5 28 10
      vertex 4.34624541159174 4.50056989685633 10
      vertex 4.369555425560488 4.49299953199296 10
    endloop
  endfacet
  facet normal 0 0 1
    outer loop
      vertex -1.5 28 10
      vertex 4.233785613542303 4.543176475091482 10
      vertex 4.34624541159174 4.50056989685633 10
    endloop
  endfacet
  facet normal 0 0 1
    outer loop
      vertex -1.5 28 10
      vertex 4.369555425560488 4.49299953199296 10
      vertex 4.440793755133145 4.471704650828973 10
    endloop
  endfacet
  facet normal 0 0 1
    outer loop
      vertex -1.5 28 10
      vertex 4.170284514262012 4.567447589180697 10
      vertex 4.233785613542303 4.543176475091482 10
    endloop
  endfacet
  facet normal 0 0 1
    outer loop
      vertex -1.5 28 10
      vertex 4.130162837856581 4.585408115238005 10
      vertex 4.170284514262012 4.567447589180697 10
    endloop
  endfacet
  facet normal 0 0 1
    outer loop
      vertex -1.5 28 10
      vertex 4.440793755133145 4.471704650828973 10
      vertex 4.515283973071461 4.436852488425348 10
    endloop
  endfacet
  facet normal 0 0 1
    outer loop
      vertex -1.5 28 10
      vertex 4.515283973071461 4.436852488425348 10
      vertex 4.569824224048295 4.413146652759207 10
    endloop
  endfacet
  facet normal 0 0 1
    outer loop
      vertex -1.5 28 10
      vertex 4.569824224048295 4.413146652759207 10
      vertex 4.672840649792152 4.373499796258338 10
    endloop
  endfacet
  facet normal 0.4999999997628341 0.4999999997628341 0.7071067815219509
    outer loop
      vertex 6.638477630913258 6.799999997019768 7.358578643762691
      vertex 3.399999998509884 10.038477629423141 7.358578643762691
      vertex 6.058578640222549 5.399999998509884 8.758578643762691
    endloop
  endfacet
  facet normal 0.7071067811865475 0.7071067811865475 0
    outer loop
      vertex 6.638477630913258 6.799999997019768 6.800000000000001
      vertex 3.399999998509884 10.038477629423141 7.358578643762691
      vertex 6.638477630913258 6.799999997019768 7.358578643762691
    endloop
  endfacet
  facet normal 0.7071067811865482 0.7071067811865468 8.939993917555341e-15
    outer loop
      vertex 6.638477630913258 6.799999997019768 6.800000000000001
      vertex 3.399999998509884 10.038477629423149 6.800000000000001
      vertex 3.399999998509884 10.038477629423141 7.358578643762691
    endloop
  endfacet
  facet normal 0 0 -1
    outer loop
      vertex 2 9.458578646183014 9.5
      vertex 12.799999997019768 10.32720779786737 9.5
      vertex 12.799999997019768 5.399999998509884 9.5
    endloop
  endfacet
  facet normal 0 0 -1
    outer loop
      vertex 2 9.458578646183014 9.5
      vertex 12.799999997019768 22.072792208093095 9.5
      vertex 12.799999997019768 10.32720779786737 9.5
    endloop
  endfacet
  facet normal 0 -1 0
    outer loop
      vertex -1.5 0 6.800000000000001
      vertex 39.791307047032674 0 10
      vertex 2.9999847412109375 0 10
    endloop
  endfacet
  facet normal 0 0 1
    outer loop
      vertex 3.003955877539627 0.00002545600210698553 10
      vertex 2.9999847412109375 0 10
      vertex 39.791307047032674 0 10
    endloop
  endfacet
  facet normal 0 0 1
    outer loop
      vertex 3.003955877539627 0.00002545600210698553 10
      vertex 39.791307047032674 0 10
      vertex 3.089810323190283 0.011333015927237837 10
    endloop
  endfacet
  facet normal 0 0 1
    outer loop
      vertex 3.089810323190283 0.011333015927237837 10
      vertex 39.791307047032674 0 10
      vertex 3.550164366196464 0.07719937377528345 10
    endloop
  endfacet
  facet normal 0 0 1
    outer loop
      vertex 3.550164366196464 0.07719937377528345 10
      vertex 39.791307047032674 0 10
      vertex 3.579766830197006 0.08946061649491968 10
    endloop
  endfacet
  facet normal 0 0 1
    outer loop
      vertex 3.579766830197006 0.08946061649491968 10
      vertex 39.791307047032674 0 10
      vertex 3.877321711805595 0.2119067842430142 10
    endloop
  endfacet
  facet normal 0 0 1
    outer loop
      vertex 3.877321711805595 0.2119067842430142 10
      vertex 39.791307047032674 0 10
      vertex 3.9378817906391665 0.2374758700402673 10
    endloop
  endfacet
  facet normal 0 0 1
    outer loop
      vertex 4.052051922309299 0.28274577651854366 10
      vertex 39.791307047032674 0 10
      vertex 4.06892003206868 0.2888824574258798 10
    endloop
  endfacet
  facet normal 0 0 1
    outer loop
      vertex 4.052051922309299 0.28274577651854366 10
      vertex 3.9378817906391665 0.2374758700402673 10
      vertex 39.791307047032674 0 10
    endloop
  endfacet
  facet normal 0 0 1
    outer loop
      vertex 4.06892003206868 0.2888824574258798 10
      vertex 39.791307047032674 0 10
      vertex 4.150591534853641 0.31672885325988365 10
    endloop
  endfacet
  facet normal 0 0 1
    outer loop
      vertex 4.150591534853641 0.31672885325988365 10
      vertex 39.791307047032674 0 10
      vertex 4.168738409872922 0.32598926816881874 10
    endloop
  endfacet
  facet normal 0 0 1
    outer loop
      vertex 4.181362038429106 0.33163800239954583 10
      vertex 4.168738409872922 0.32598926816881874 10
      vertex 39.791307047032674 0 10
    endloop
  endfacet
  facet normal 0 0 1
    outer loop
      vertex 4.181362038429106 0.33163800239954583 10
      vertex 39.791307047032674 0 10
      vertex 4.347309317736706 0.40639224761974874 10
    endloop
  endfacet
  facet normal 0 0 1
    outer loop
      vertex 4.498926549228522 0.4614442345538689 10
      vertex 4.347309317736706 0.40639224761974874 10
      vertex 39.791307047032674 0 10
    endloop
  endfacet
  facet normal 0 0 1
    outer loop
      vertex 4.498926549228522 0.4614442345538689 10
      vertex 39.791307047032674 0 10
      vertex 4.565555766694404 0.4865706784812119 10
    endloop
  endfacet
  facet normal 0 0 1
    outer loop
      vertex 4.565555766694404 0.4865706784812119 10
      vertex 39.791307047032674 0 10
      vertex 4.690469662433202 0.5211648004433237 10
    endloop
  endfacet
  facet normal 0 0 1
    outer loop
      vertex 4.690469662433202 0.5211648004433237 10
      vertex 39.791307047032674 0 10
      vertex 4.843667485983334 0.5865302232472754 10
    endloop
  endfacet
  facet normal 0 0 1
    outer loop
      vertex 4.843667485983334 0.5865302232472754 10
      vertex 39.791307047032674 0 10
      vertex 4.998580113569761 0.634263992847003 10
    endloop
  endfacet
  facet normal 0 0 1
    outer loop
      vertex 4.998580113569761 0.634263992847003 10
      vertex 39.791307047032674 0 10
      vertex 5.201865890560791 0.7228671106977039 10
    endloop
  endfacet
  facet normal 0 0 1
    outer loop
      vertex 5.201865890560791 0.7228671106977039 10
      vertex 39.791307047032674 0 10
      vertex 5.290007137876644 0.7474427402106628 10
    endloop
  endfacet
  facet normal 0 0 1
    outer loop
      vertex 5.290007137876644 0.7474427402106628 10
      vertex 39.791307047032674 0 10
      vertex 5.5532808216499205 0.8614815504272524 10
    endloop
  endfacet
  facet normal 0 0 1
    outer loop
      vertex 5.5532808216499205 0.8614815504272524 10
      vertex 39.791307047032674 0 10
      vertex 5.608473157372892 0.8757726927246452 10
    endloop
  endfacet
  facet normal 0 0 1
    outer loop
      vertex 5.608473157372892 0.8757726927246452 10
      vertex 39.791307047032674 0 10
      vertex 5.828280516271784 0.9999407501765012 10
    endloop
  endfacet
  facet normal 0 0 1
    outer loop
      vertex 5.828280516271784 0.9999407501765012 10
      vertex 39.791307047032674 0 10
      vertex 5.8284012579630975 1.0000048291739916 10
    endloop
  endfacet
  facet normal 0 0 1
    outer loop
      vertex 5.8284012579630975 1.0000048291739916 10
      vertex 39.791307047032674 0 10
      vertex 5.8663787841796875 1.13045654296875 10
    endloop
  endfacet
  facet normal 1 0 0
    outer loop
      vertex 12.399999999999999 5.926048002020892 8.232530639691774
      vertex 12.399999999999999 5.399999998509884 8.758578643762691
      vertex 12.399999999999999 5.399999998509884 8.758578643202782
    endloop
  endfacet
  facet normal 0 1 0
    outer loop
      vertex 12.399999999999999 5.399999998509884 8.758578643762691
      vertex 12.799999997019768 5.399999998509884 8.758578643762691
      vertex 12.399999999999999 5.399999998509884 8.758578643202782
    endloop
  endfacet
  facet normal 3.1401849401458375e-15 0.7071067811865475 0.7071067811865475
    outer loop
      vertex 12.399999999999999 5.926048002020892 8.232530639691774
      vertex 12.399999999999999 5.399999998509884 8.758578643202782
      vertex 12.799999997019768 5.926048024969823 8.23253061674284
    endloop
  endfacet
  facet normal 0 1 0
    outer loop
      vertex 6.879898987710476 6.558578640222549 6.800000000000001
      vertex 6.879898987710476 6.558578640222549 7.600000000816871
      vertex 24.200000002980232 6.558578640222549 6.800000000000001
    endloop
  endfacet
  facet normal 3.1629500241507067e-15 0.7071067815628576 0.7071067808102376
    outer loop
      vertex 12.799999997019768 6.558578640222549 7.600000000816871
      vertex 12.399999999999999 5.926048002020892 8.232530639691774
      vertex 12.799999997019768 5.926048024969823 8.23253061674284
    endloop
  endfacet
  facet normal -1 0 0
    outer loop
      vertex 12.799999997019768 6.558578640222549 7.600000000816871
      vertex 12.799999997019768 5.926048024969823 8.23253061674284
      vertex 12.799999997019768 6.558578640222549 7.600000001490116
    endloop
  endfacet
  facet normal 0 1 0
    outer loop
      vertex 6.879898987710476 6.558578640222549 7.600000000816871
      vertex 12.799999997019768 6.558578640222549 7.600000000816871
      vertex 24.200000002980232 6.558578640222549 6.800000000000001
    endloop
  endfacet
  facet normal 0 1 0
    outer loop
      vertex 12.399999999999999 5.399999998509884 8.758578643202782
      vertex 12.799999997019768 5.399999998509884 8.758578643762691
      vertex 24.2 5.399999998509884 8.758578643202782
    endloop
  endfacet
  facet normal 0 1 0
    outer loop
      vertex 12.799999997019768 5.399999998509884 8.758578643762691
      vertex 12.799999997019768 5.399999998509884 9.5
      vertex 24.2 5.399999998509884 8.758578643202782
    endloop
  endfacet
  facet normal -2.510537383656189e-16 0.7071067811865488 0.7071067811865462
    outer loop
      vertex 12.799999997019768 5.926048024969823 8.23253061674284
      vertex 12.399999999999999 5.399999998509884 8.758578643202782
      vertex 24.2 6.558578640222549 7.600000001490116
    endloop
  endfacet
  facet normal 0 1 0
    outer loop
      vertex 12.799999997019768 6.558578640222549 7.600000000816871
      vertex 12.799999997019768 6.558578640222549 7.600000001490116
      vertex 24.2 6.558578640222549 7.600000001490116
    endloop
  endfacet
  facet normal 0 0.7071067811865465 0.7071067811865485
    outer loop
      vertex 12.799999997019768 6.558578640222549 7.600000001490116
      vertex 12.799999997019768 5.926048024969823 8.23253061674284
      vertex 24.2 6.558578640222549 7.600000001490116
    endloop
  endfacet
  facet normal 0 0 -1
    outer loop
      vertex 12.799999997019768 5.399999998509884 9.5
      vertex 16.32720778733492 6.800000004470348 9.5
      vertex 24.2 5.399999998509884 9.5
    endloop
  endfacet
  facet normal 0 0 1
    outer loop
      vertex 20.369320678710938 2.8704711914062497 10
      vertex 20.399984741210936 3.1400146484375 10
      vertex 13.987167358398438 2.4072672526041665 10
    endloop
  endfacet
  facet normal 0 0 1
    outer loop
      vertex 5.8663787841796875 1.13045654296875 10
      vertex 39.791307047032674 0 10
      vertex 20.369320678710938 2.8704711914062497 10
    endloop
  endfacet
  facet normal 0 0 -1
    outer loop
      vertex -1.5 0 6.800000000000001
      vertex 24.200000002980232 6.558578640222549 6.800000000000001
      vertex 34.879898987710476 6.558578640222549 6.800000000000001
    endloop
  endfacet
  facet normal 0 0 1
    outer loop
      vertex 13.987167358398438 3.4594319661458335 10
      vertex 20.399984741210936 3.5000244140625 10
      vertex 20.369320678710938 3.76956787109375 10
    endloop
  endfacet
  facet normal 0 1 0
    outer loop
      vertex 24.2 5.399999998509884 8.758578643202782
      vertex 12.799999997019768 5.399999998509884 9.5
      vertex 24.2 5.399999998509884 9.5
    endloop
  endfacet
  facet normal -2.8711620892348172e-18 0.7071067811865475 0.7071067811865475
    outer loop
      vertex 24.2 6.558578640222549 7.600000001490116
      vertex 12.399999999999999 5.399999998509884 8.758578643202782
      vertex 24.2 5.399999998509884 8.758578643202782
    endloop
  endfacet
  facet normal 0 1 0
    outer loop
      vertex 24.200000002980232 6.558578640222549 6.800000000000001
      vertex 12.799999997019768 6.558578640222549 7.600000000816871
      vertex 24.2 6.558578640222549 7.600000001490116
    endloop
  endfacet
  facet normal 0 1 0
    outer loop
      vertex 24.200000002980232 6.558578640222549 6.800000000000001
      vertex 24.2 6.558578640222549 7.600000001490116
      vertex 24.200000002980232 6.558578640222549 8.758578643762691
    endloop
  endfacet
  facet normal -1 0 0
    outer loop
      vertex 24.2 6.558578640222549 7.600000001490116
      vertex 24.2 5.399999998509884 8.758578643202782
      vertex 24.2 6.558578640222549 8.758578643762691
    endloop
  endfacet
  facet normal 0 1 0
    outer loop
      vertex 24.2 6.558578640222549 7.600000001490116
      vertex 24.2 6.558578640222549 8.758578643762691
      vertex 24.200000002980232 6.558578640222549 8.758578643762691
    endloop
  endfacet
  facet normal 0 0 -1
    outer loop
      vertex 16.32720778733492 6.800000004470348 9.5
      vertex 24.199999994039537 6.800000004470348 9.5
      vertex 24.2 5.399999998509884 9.5
    endloop
  endfacet
  facet normal 0 0 -1
    outer loop
      vertex 12.799999997019768 5.399999998509884 9.5
      vertex 12.799999997019768 10.32720779786737 9.5
      vertex 16.32720778733492 6.800000004470348 9.5
    endloop
  endfacet
  facet normal 0 0 -1
    outer loop
      vertex 16.32720778733492 6.800000004470348 9.5
      vertex 12.799999997019768 10.32720779786737 9.5
      vertex 12.799999997019768 22.072792208093095 9.5
    endloop
  endfacet
  facet normal 0 0 -1
    outer loop
      vertex 16.32720778733492 6.800000004470348 9.5
      vertex 12.799999997019768 22.072792208093095 9.5
      vertex 24.199999994039537 6.800000004470348 9.5
    endloop
  endfacet
  facet normal 0 0 1
    outer loop
      vertex 51.5 28 10
      vertex 5.8284012579630975 3.9000195848885086 10
      vertex 5.828408549047437 3.8999739911724665 10
    endloop
  endfacet
  facet normal 0 0 1
    outer loop
      vertex 51.5 28 10
      vertex 5.828408549047437 3.8999739911724665 10
      vertex 5.8663787841796875 3.76956787109375 10
    endloop
  endfacet
  facet normal -1 0 0
    outer loop
      vertex 24.2 5.399999998509884 8.758578643202782
      vertex 24.2 5.399999998509884 9.5
      vertex 24.2 22.600000001490116 9.5
    endloop
  endfacet
  facet normal -1 -1.6775337317561337e-12 0
    outer loop
      vertex 24.200000002980232 6.558578640222549 6.800000000000001
      vertex 24.200000002980232 6.558578640222549 8.758578643762691
      vertex 24.2000000029556 21.24142135679722 6.800000000000001
    endloop
  endfacet
  facet normal 0 0 -1
    outer loop
      vertex 24.2 6.558578640222549 8.758578643762691
      vertex 24.2 21.24142135679722 8.758578643762691
      vertex 24.200000002980232 6.558578640222549 8.758578643762691
    endloop
  endfacet
  facet normal -1 0 0
    outer loop
      vertex 24.2 5.399999998509884 8.758578643202782
      vertex 24.2 22.600000001490116 9.5
      vertex 24.2 6.558578640222549 8.758578643762691
    endloop
  endfacet
  facet normal 0 0 -1
    outer loop
      vertex 24.2 5.399999998509884 9.5
      vertex 24.199999994039537 6.800000004470348 9.5
      vertex 24.2 22.600000001490116 9.5
    endloop
  endfacet
  facet normal 1 0 0
    outer loop
      vertex 2 9.458578646183014 8.758578643762691
      vertex 2 18.541421353816986 8.758578643762691
      vertex 2 18.541421353816986 9.5
    endloop
  endfacet
  facet normal 0.7071067815628588 0 0.7071067808102364
    outer loop
      vertex 3.1585786417126656 10.27989898622036 7.600000000816871
      vertex 3.1585786417126656 17.72010101377964 7.600000000816871
      vertex 2 18.541421353816986 8.758578643762691
    endloop
  endfacet
  facet normal 1 0 0
    outer loop
      vertex 3.1585786417126656 10.27989898622036 6.800000000000001
      vertex 3.1585786417126656 17.72010101377964 6.800000000000001
      vertex 3.1585786417126656 17.72010101377964 7.600000000816871
    endloop
  endfacet
  facet normal -1 0 0
    outer loop
      vertex -3 1.5 10
      vertex -3 26.5 10
      vertex -3 26.5 6.800000000000001
    endloop
  endfacet
  facet normal 0 0 1
    outer loop
      vertex -1.5 0 10
      vertex -1.5 28 10
      vertex -3 26.5 10
    endloop
  endfacet
  facet normal 0 0 -1
    outer loop
      vertex 3.1585786417126656 10.27989898622036 6.800000000000001
      vertex -3 26.5 6.800000000000001
      vertex 3.1585786417126656 17.72010101377964 6.800000000000001
    endloop
  endfacet
  facet normal 0.7071067815628589 3.494107107249416e-16 0.7071067808102363
    outer loop
      vertex 3.399999998509884 17.96152237057686 7.358578643762691
      vertex 2 18.541421353816986 8.758578643762691
      vertex 3.1585786417126656 17.72010101377964 7.600000000816871
    endloop
  endfacet
  facet normal 0.7071067811865475 -0.7071067811865475 0
    outer loop
      vertex 3.1585786417126656 17.72010101377964 6.800000000000001
      vertex 3.399999998509884 17.96152237057686 6.800000000000001
      vertex 3.399999998509884 17.96152237057686 7.358578643762691
    endloop
  endfacet
  facet normal 0.7071067811865476 -0.7071067811865476 0
    outer loop
      vertex 3.1585786417126656 17.72010101377964 6.800000000000001
      vertex 3.399999998509884 17.96152237057686 7.358578643762691
      vertex 3.1585786417126656 17.72010101377964 7.600000000816871
    endloop
  endfacet
  facet normal 0 0 -1
    outer loop
      vertex 3.1585786417126656 17.72010101377964 6.800000000000001
      vertex -3 26.5 6.800000000000001
      vertex 3.399999998509884 17.96152237057686 6.800000000000001
    endloop
  endfacet
  facet normal 0.5000000010675026 -0.500000000149622 0.7071067803259106
    outer loop
      vertex 3.399999998509884 17.96152237057686 7.358578643762691
      vertex 6.058578640222549 22.600000001490116 8.758578643762691
      vertex 2 18.541421353816986 8.758578643762691
    endloop
  endfacet
  facet normal 0.7071067818355871 -0.707106780537508 0
    outer loop
      vertex 2 18.541421353816986 8.758578643762691
      vertex 6.058578640222549 22.600000001490116 9.5
      vertex 2 18.541421353816986 9.5
    endloop
  endfacet
  facet normal 0 0 -1
    outer loop
      vertex 2 9.458578646183014 9.5
      vertex 2 18.541421353816986 9.5
      vertex 12.799999997019768 22.600000001490116 9.5
    endloop
  endfacet
  facet normal 0.7071067811865475 -0.7071067811865475 0
    outer loop
      vertex 3.399999998509884 17.96152237057686 6.800000000000001
      vertex 6.638477630913258 21.200000002980232 7.358578643762691
      vertex 3.399999998509884 17.96152237057686 7.358578643762691
    endloop
  endfacet
  facet normal 0.7071067811865475 -0.7071067811865475 8.679605745199369e-17
    outer loop
      vertex 3.399999998509884 17.96152237057686 6.800000000000001
      vertex 6.638477630913258 21.200000002980232 6.800000000000001
      vertex 6.638477630913258 21.200000002980232 7.358578643762691
    endloop
  endfacet
  facet normal 0.4999999997628341 -0.4999999997628341 0.7071067815219508
    outer loop
      vertex 3.399999998509884 17.96152237057686 7.358578643762691
      vertex 6.638477630913258 21.200000002980232 7.358578643762691
      vertex 6.058578640222549 22.600000001490116 8.758578643762691
    endloop
  endfacet
  facet normal 0 0 -1
    outer loop
      vertex 2 18.541421353816986 9.5
      vertex 8.465685422718522 22.23931457877159 9.5
      vertex 8.523856225609777 22.186591640412807 9.5
    endloop
  endfacet
  facet normal 0 0 -1
    outer loop
      vertex 2 18.541421353816986 9.5
      vertex 8.523856225609777 22.186591640412807 9.5
      vertex 8.586914661526677 22.139824308753013 9.5
    endloop
  endfacet
  facet normal 0 0 -1
    outer loop
      vertex 2 18.541421353816986 9.5
      vertex 8.72522410303354 22.065896377265453 9.5
      vertex 8.799143108725545 22.039447732567787 9.5
    endloop
  endfacet
  facet normal 0 0 -1
    outer loop
      vertex 2 18.541421353816986 9.5
      vertex 8.799143108725545 22.039447732567787 9.5
      vertex 8.875298592448232 22.020371772646904 9.5
    endloop
  endfacet
  facet normal 0 0 -1
    outer loop
      vertex 2 18.541421353816986 9.5
      vertex 8.875298592448232 22.020371772646904 9.5
      vertex 8.9529571339488 22.008852221369743 9.5
    endloop
  endfacet
  facet normal 0 0 -1
    outer loop
      vertex 2 18.541421353816986 9.5
      vertex 8.654253463447091 22.099462986290455 9.5
      vertex 8.72522410303354 22.065896377265453 9.5
    endloop
  endfacet
  facet normal 0 0 -1
    outer loop
      vertex 2 18.541421353816986 9.5
      vertex 8.586914661526677 22.139824308753013 9.5
      vertex 8.654253463447091 22.099462986290455 9.5
    endloop
  endfacet
  facet normal 0 0 -1
    outer loop
      vertex 2 18.541421353816986 9.5
      vertex 8.9529571339488 22.008852221369743 9.5
      vertex 9.031370851397512 22.005000002980232 9.5
    endloop
  endfacet
  facet normal 0 0 -1
    outer loop
      vertex 2 18.541421353816986 9.5
      vertex 9.031370851397512 22.005000002980232 9.5
      vertex 9.568629148602483 22.005000002980232 9.5
    endloop
  endfacet
  facet normal 0 0 -1
    outer loop
      vertex 2 18.541421353816986 9.5
      vertex 9.568629148602483 22.005000002980232 9.5
      vertex 9.647042866051194 22.008852221369743 9.5
    endloop
  endfacet
  facet normal 0 0 -1
    outer loop
      vertex 2 18.541421353816986 9.5
      vertex 9.647042866051194 22.008852221369743 9.5
      vertex 9.724701407551763 22.020371772646904 9.5
    endloop
  endfacet
  facet normal 0 0 -1
    outer loop
      vertex 2 9.458578646183014 9.5
      vertex 12.799999997019768 22.600000001490116 9.5
      vertex 12.799999997019768 22.072792208093095 9.5
    endloop
  endfacet
  facet normal 0 0 -1
    outer loop
      vertex 3.399999998509884 17.96152237057686 6.800000000000001
      vertex -3 26.5 6.800000000000001
      vertex -1.5 28 6.800000000000001
    endloop
  endfacet
  facet normal 0 0 -1
    outer loop
      vertex 3.399999998509884 17.96152237057686 6.800000000000001
      vertex -1.5 28 6.800000000000001
      vertex 6.638477630913258 21.200000002980232 6.800000000000001
    endloop
  endfacet
  facet normal 0 0 -1
    outer loop
      vertex -1.5 28 6.800000000000001
      vertex 6.679898984730244 21.24142135679722 6.800000000000001
      vertex 6.638477630913258 21.200000002980232 6.800000000000001
    endloop
  endfacet
  facet normal -0.7071067811865476 0.7071067811865476 0
    outer loop
      vertex -3 26.5 6.800000000000001
      vertex -3 26.5 10
      vertex -1.5 28 6.800000000000001
    endloop
  endfacet
  facet normal -0.7071067811865476 0.7071067811865476 0
    outer loop
      vertex -1.5 28 6.800000000000001
      vertex -3 26.5 10
      vertex -1.5 28 10
    endloop
  endfacet
  facet normal 0.7071067818355871 -0.707106780537508 -3.6524494194192917e-16
    outer loop
      vertex 2 18.541421353816986 8.758578643762691
      vertex 6.058578640222549 22.600000001490116 8.758578643762691
      vertex 6.058578640222549 22.600000001490116 9.5
    endloop
  endfacet
  facet normal 0.7071067811865476 -0.7071067811865476 0
    outer loop
      vertex 6.638477630913258 21.200000002980232 6.800000000000001
      vertex 6.679898984730244 21.24142135679722 6.800000000000001
      vertex 6.638477630913258 21.200000002980232 7.358578643762691
    endloop
  endfacet
  facet normal 0.7071067811865476 -0.7071067811865476 0
    outer loop
      vertex 6.679898984730244 21.24142135679722 6.800000000000001
      vertex 6.679898984730244 21.24142135679722 7.399999997623764
      vertex 6.638477630913258 21.200000002980232 7.358578643762691
    endloop
  endfacet
  facet normal 0 -1 0
    outer loop
      vertex 6.679898984730244 21.24142135679722 6.800000000000001
      vertex 8.892959593879716 21.24142135679722 7.399999997623764
      vertex 6.679898984730244 21.24142135679722 7.399999997623764
    endloop
  endfacet
  facet normal 2.2315262366275992e-14 -0.707106781562868 0.707106780810227
    outer loop
      vertex 6.638477630913258 21.200000002980232 7.358578643762691
      vertex 6.679898984730244 21.24142135679722 7.399999997623764
      vertex 7.924701410531995 22.575799195136064 8.734377837382876
    endloop
  endfacet
  facet normal 2.7472280514064474e-17 -0.7071067815628588 0.7071067808102364
    outer loop
      vertex 6.638477630913258 21.200000002980232 7.358578643762691
      vertex 7.854780550756246 22.600000001490116 8.758578643762691
      vertex 6.058578640222549 22.600000001490116 8.758578643762691
    endloop
  endfacet
  facet normal 3.0830085997966225e-14 -0.7071067815628719 0.7071067808102233
    outer loop
      vertex 6.638477630913258 21.200000002980232 7.358578643762691
      vertex 7.924701410531995 22.575799195136064 8.734377837382876
      vertex 7.854780550756246 22.600000001490116 8.758578643762691
    endloop
  endfacet
  facet normal 0 -1 0
    outer loop
      vertex 6.058578640222549 22.600000001490116 8.758578643762691
      vertex 7.854780550756246 22.600000001490116 8.758578643762691
      vertex 6.058578640222549 22.600000001490116 9.5
    endloop
  endfacet
  facet normal 0 -1 0
    outer loop
      vertex 7.854780550756246 22.600000001490116 8.758578643762691
      vertex 7.854780550756246 22.600000001490116 9.5
      vertex 6.058578640222549 22.600000001490116 9.5
    endloop
  endfacet
  facet normal 0 0 -1
    outer loop
      vertex 2 18.541421353816986 9.5
      vertex 6.058578640222549 22.600000001490116 9.5
      vertex 7.854780550756246 22.600000001490116 9.5
    endloop
  endfacet
  facet normal 0 0 -1
    outer loop
      vertex 2 18.541421353816986 9.5
      vertex 8.000856894254682 22.570552267432213 9.5
      vertex 8.074775892496106 22.544103622734546 9.5
    endloop
  endfacet
  facet normal 0 0 -1
    outer loop
      vertex 2 18.541421353816986 9.5
      vertex 8.074775892496106 22.544103622734546 9.5
      vertex 8.145746539533135 22.510537013709545 9.5
    endloop
  endfacet
  facet normal 0 0 -1
    outer loop
      vertex 2 18.541421353816986 9.5
      vertex 8.213085334002969 22.470175691246986 9.5
      vertex 8.27614377737045 22.423408359587192 9.5
    endloop
  endfacet
  facet normal 0 0 -1
    outer loop
      vertex 2 18.541421353816986 9.5
      vertex 8.145746539533135 22.510537013709545 9.5
      vertex 8.213085334002969 22.470175691246986 9.5
    endloop
  endfacet
  facet normal 0 0 -1
    outer loop
      vertex 2 18.541421353816986 9.5
      vertex 7.854780550756246 22.600000001490116 9.5
      vertex 7.924701410531995 22.589628227353096 9.5
    endloop
  endfacet
  facet normal 0 0 -1
    outer loop
      vertex 2 18.541421353816986 9.5
      vertex 7.924701410531995 22.589628227353096 9.5
      vertex 8.000856894254682 22.570552267432213 9.5
    endloop
  endfacet
  facet normal 0 0 -1
    outer loop
      vertex 2 18.541421353816986 9.5
      vertex 8.334314572811124 22.37068542122841 9.5
      vertex 8.465685422718522 22.23931457877159 9.5
    endloop
  endfacet
  facet normal 0 0 -1
    outer loop
      vertex 2 18.541421353816986 9.5
      vertex 8.27614377737045 22.423408359587192 9.5
      vertex 8.334314572811124 22.37068542122841 9.5
    endloop
  endfacet
  facet normal 0 0 -1
    outer loop
      vertex -1.5 28 6.800000000000001
      vertex 10.568629147673533 21.24142135679722 6.800000000000001
      vertex 6.679898984730244 21.24142135679722 6.800000000000001
    endloop
  endfacet
  facet normal 0 -0.7071067815628904 0.7071067808102047
    outer loop
      vertex 6.679898984730244 21.24142135679722 7.399999997623764
      vertex 8.892959593879716 21.24142135679722 7.399999997623764
      vertex 8.875298592448232 21.247534132269926 7.406112773102979
    endloop
  endfacet
  facet normal 0 -1 0
    outer loop
      vertex 6.679898984730244 21.24142135679722 6.800000000000001
      vertex 8.9529571339488 21.24142135679722 7.415574630760771
      vertex 8.892959593879716 21.24142135679722 7.399999997623764
    endloop
  endfacet
  facet normal 0 -1 0
    outer loop
      vertex 6.679898984730244 21.24142135679722 6.800000000000001
      vertex 9.031370851397512 21.24142135679722 7.422316012942414
      vertex 8.9529571339488 21.24142135679722 7.415574630760771
    endloop
  endfacet
  facet normal -1.8550876565508548e-16 -0.7071067815628571 0.707106780810238
    outer loop
      vertex 6.679898984730244 21.24142135679722 7.399999997623764
      vertex 8.875298592448232 21.247534132269926 7.406112773102979
      vertex 8.799143108725545 21.29204470548182 7.450623346362249
    endloop
  endfacet
  facet normal -2.894109895530668e-16 -0.7071067815628549 0.7071067808102401
    outer loop
      vertex 6.679898984730244 21.24142135679722 7.399999997623764
      vertex 8.799143108725545 21.29204470548182 7.450623346362249
      vertex 8.72522410303354 21.35375820986396 7.512336850810072
    endloop
  endfacet
  facet normal 9.41308857118717e-16 -0.707106781562866 0.7071067808102289
    outer loop
      vertex 6.679898984730244 21.24142135679722 7.399999997623764
      vertex 8.72522410303354 21.35375820986396 7.512336850810072
      vertex 8.654253463447091 21.43208029770011 7.5906589387295895
    endloop
  endfacet
  facet normal -1.3200215054176352e-15 -0.7071067815628544 0.7071067808102408
    outer loop
      vertex 6.679898984730244 21.24142135679722 7.399999997623764
      vertex 8.654253463447091 21.43208029770011 7.5906589387295895
      vertex 8.586914661526677 21.526256716913068 7.6848353580427835
    endloop
  endfacet
  facet normal 7.953200003581083e-16 -0.7071067815628614 0.7071067808102336
    outer loop
      vertex 6.679898984730244 21.24142135679722 7.399999997623764
      vertex 8.586914661526677 21.526256716913068 7.6848353580427835
      vertex 8.523856225609777 21.635380490940783 7.7939591321866475
    endloop
  endfacet
  facet normal 6.12609452277791e-16 -0.707106781562861 0.707106780810234
    outer loop
      vertex 6.679898984730244 21.24142135679722 7.399999997623764
      vertex 8.523856225609777 21.635380490940783 7.7939591321866475
      vertex 8.465685422718522 21.758400680619197 7.916979321996001
    endloop
  endfacet
  facet normal -1.486821538539144e-15 -0.7071067815628574 0.7071067808102376
    outer loop
      vertex 6.679898984730244 21.24142135679722 7.399999997623764
      vertex 8.465685422718522 21.758400680619197 7.916979321996001
      vertex 8.334314572811124 22.06493264678679 8.223511288489856
    endloop
  endfacet
  facet normal -3.381353827514326e-16 -0.7071067815628588 0.7071067808102365
    outer loop
      vertex 6.679898984730244 21.24142135679722 7.399999997623764
      vertex 8.334314572811124 22.06493264678679 8.223511288489856
      vertex 8.27614377737045 22.187952836465204 8.346531478299209
    endloop
  endfacet
  facet normal 0 -1 0
    outer loop
      vertex 6.679898984730244 21.24142135679722 6.800000000000001
      vertex 9.568629148602483 21.24142135679722 7.422316012942414
      vertex 9.031370851397512 21.24142135679722 7.422316012942414
    endloop
  endfacet
  facet normal 0 -1 0
    outer loop
      vertex 6.679898984730244 21.24142135679722 6.800000000000001
      vertex 9.647042866051194 21.24142135679722 7.415574630760771
      vertex 9.568629148602483 21.24142135679722 7.422316012942414
    endloop
  endfacet
  facet normal 0 -1 0
    outer loop
      vertex 6.679898984730244 21.24142135679722 6.800000000000001
      vertex 9.707040406120285 21.24142135679722 7.399999997623764
      vertex 9.647042866051194 21.24142135679722 7.415574630760771
    endloop
  endfacet
  facet normal 0 -1 0
    outer loop
      vertex 6.679898984730244 21.24142135679722 6.800000000000001
      vertex 10.20034012074099 21.24142135679722 7.399999997623764
      vertex 9.707040406120285 21.24142135679722 7.399999997623764
    endloop
  endfacet
  facet normal 0 -1 0
    outer loop
      vertex 6.679898984730244 21.24142135679722 6.800000000000001
      vertex 10.565093613770692 21.24142135679722 7.355043109856759
      vertex 10.20034012074099 21.24142135679722 7.399999997623764
    endloop
  endfacet
  facet normal -0.3798666865979722 -0.8031607150238059 0.4589489800136034
    outer loop
      vertex 8.72522410303354 21.35375820986396 7.512336850810072
      vertex 8.654253463447091 22.099462986290455 8.758578643762691
      vertex 8.654253463447091 21.43208029770011 7.5906589387295895
    endloop
  endfacet
  facet normal -0.2966758179940936 -0.8291533169153227 0.4738018953801831
    outer loop
      vertex 8.799143108725545 21.29204470548182 7.450623346362249
      vertex 8.72522410303354 22.065896377265453 8.758578643762691
      vertex 8.72522410303354 21.35375820986396 7.512336850810072
    endloop
  endfacet
  facet normal -0.4616354279408265 -0.7701922222788548 0.4401098413022017
    outer loop
      vertex 8.654253463447091 21.43208029770011 7.5906589387295895
      vertex 8.586914661526677 22.139824308753013 8.758578643762691
      vertex 8.586914661526677 21.526256716913068 7.6848353580427835
    endloop
  endfacet
  facet normal -0.21251579319046737 -0.8484104127002787 0.4848059501144444
    outer loop
      vertex 8.875298592448232 21.247534132269926 7.406112773102979
      vertex 8.799143108725545 22.039447732567787 8.758578643762691
      vertex 8.799143108725545 21.29204470548182 7.450623346362249
    endloop
  endfacet
  facet normal -0.12773660132546366 -0.8611306045266589 0.4920746311580902
    outer loop
      vertex 8.892959593879716 21.24142135679722 7.399999997623764
      vertex 8.875298592448232 22.020371772646904 8.758578643762691
      vertex 8.875298592448232 21.247534132269926 7.406112773102979
    endloop
  endfacet
  facet normal -0.1277366013254982 -0.861130604526655 0.4920746311580879
    outer loop
      vertex 8.892959593879716 21.24142135679722 7.399999997623764
      vertex 8.9529571339488 21.24142135679722 7.415574630760771
      vertex 8.9529571339488 22.008852221369743 8.758578643762691
    endloop
  endfacet
  facet normal -0.04261529574035143 -0.8674543915466256 0.49568822374092764
    outer loop
      vertex 8.9529571339488 21.24142135679722 7.415574630760771
      vertex 9.031370851397512 21.24142135679722 7.422316012942414
      vertex 9.031370851397512 22.005000002980232 8.758578643762691
    endloop
  endfacet
  facet normal -0.5413975414142645 -0.729989951515445 0.4171371151516825
    outer loop
      vertex 8.586914661526677 21.526256716913068 7.6848353580427835
      vertex 8.523856225609777 22.186591640412807 8.758578643762691
      vertex 8.523856225609777 21.635380490940783 7.7939591321866475
    endloop
  endfacet
  facet normal -0.3798666865979917 -0.8031607150237995 0.4589489800135984
    outer loop
      vertex 8.72522410303354 21.35375820986396 7.512336850810072
      vertex 8.72522410303354 22.065896377265453 8.758578643762691
      vertex 8.654253463447091 22.099462986290455 8.758578643762691
    endloop
  endfacet
  facet normal -0.2966758179940812 -0.8291533169153257 0.4738018953801854
    outer loop
      vertex 8.799143108725545 21.29204470548182 7.450623346362249
      vertex 8.799143108725545 22.039447732567787 8.758578643762691
      vertex 8.72522410303354 22.065896377265453 8.758578643762691
    endloop
  endfacet
  facet normal -0.12773660132549092 -0.861130604526656 0.4920746311580882
    outer loop
      vertex 8.892959593879716 21.24142135679722 7.399999997623764
      vertex 8.9529571339488 22.008852221369743 8.758578643762691
      vertex 8.875298592448232 22.020371772646904 8.758578643762691
    endloop
  endfacet
  facet normal -0.0426152957403635 -0.867454391546625 0.49568822374092786
    outer loop
      vertex 8.9529571339488 21.24142135679722 7.415574630760771
      vertex 9.031370851397512 22.005000002980232 8.758578643762691
      vertex 8.9529571339488 22.008852221369743 8.758578643762691
    endloop
  endfacet
  facet normal -0.21251579319046762 -0.8484104127002787 0.48480595011444444
    outer loop
      vertex 8.875298592448232 21.247534132269926 7.406112773102979
      vertex 8.875298592448232 22.020371772646904 8.758578643762691
      vertex 8.799143108725545 22.039447732567787 8.758578643762691
    endloop
  endfacet
  facet normal -2.1583515986417113e-17 -0.8682431421244597 0.49613893835683287
    outer loop
      vertex 9.031370851397512 21.24142135679722 7.422316012942414
      vertex 9.568629148602483 22.005000002980232 8.758578643762691
      vertex 9.031370851397512 22.005000002980232 8.758578643762691
    endloop
  endfacet
  facet normal 5.330248093083352e-15 -0.707106781562862 0.7071067808102333
    outer loop
      vertex 6.679898984730244 21.24142135679722 7.399999997623764
      vertex 8.213085334002969 22.297076610492923 8.455655252443073
      vertex 8.145746539533135 22.391253029705876 8.549831671756266
    endloop
  endfacet
  facet normal -7.888469447117497e-15 -0.7071067815628548 0.7071067808102401
    outer loop
      vertex 6.679898984730244 21.24142135679722 7.399999997623764
      vertex 8.074775892496106 22.46957511754203 8.628153759675785
      vertex 8.000856894254682 22.531288621924165 8.689867264123606
    endloop
  endfacet
  facet normal 1.1453168926471045e-14 -0.7071067815628658 0.7071067808102294
    outer loop
      vertex 6.679898984730244 21.24142135679722 7.399999997623764
      vertex 8.145746539533135 22.391253029705876 8.549831671756266
      vertex 8.074775892496106 22.46957511754203 8.628153759675785
    endloop
  endfacet
  facet normal -7.710232583906928e-15 -0.7071067815628523 0.7071067808102426
    outer loop
      vertex 6.679898984730244 21.24142135679722 7.399999997623764
      vertex 8.27614377737045 22.187952836465204 8.346531478299209
      vertex 8.213085334002969 22.297076610492923 8.455655252443073
    endloop
  endfacet
  facet normal -2.1730826196156833e-14 -0.7071067815628471 0.7071067808102479
    outer loop
      vertex 6.679898984730244 21.24142135679722 7.399999997623764
      vertex 8.000856894254682 22.531288621924165 8.689867264123606
      vertex 7.924701410531995 22.575799195136064 8.734377837382876
    endloop
  endfacet
  facet normal -0.6184119618982659 -0.6823124213761932 0.389892812214965
    outer loop
      vertex 8.334314572811124 22.06493264678679 8.223511288489856
      vertex 8.27614377737045 22.423408359587192 8.758578643762691
      vertex 8.27614377737045 22.187952836465204 8.346531478299209
    endloop
  endfacet
  facet normal -0.6184119618982626 -0.6823124213761952 0.38989281221496674
    outer loop
      vertex 8.334314572811124 22.06493264678679 8.223511288489856
      vertex 8.334314572811124 22.37068542122841 8.758578643762691
      vertex 8.27614377737045 22.423408359587192 8.758578643762691
    endloop
  endfacet
  facet normal -0.3798666524735877 -0.8031607271906033 0.458948986966059
    outer loop
      vertex 8.145746539533135 22.391253029705876 8.549831671756266
      vertex 8.074775892496106 22.544103622734546 8.758578643762691
      vertex 8.074775892496106 22.46957511754203 8.628153759675785
    endloop
  endfacet
  facet normal -0.541397496196009 -0.7299899767965452 0.417137129598016
    outer loop
      vertex 8.27614377737045 22.187952836465204 8.346531478299209
      vertex 8.213085334002969 22.470175691246986 8.758578643762691
      vertex 8.213085334002969 22.297076610492923 8.455655252443073
    endloop
  endfacet
  facet normal -0.5413974961959745 -0.7299899767965613 0.41713712959803234
    outer loop
      vertex 8.27614377737045 22.187952836465204 8.346531478299209
      vertex 8.27614377737045 22.423408359587192 8.758578643762691
      vertex 8.213085334002969 22.470175691246986 8.758578643762691
    endloop
  endfacet
  facet normal -0.4616354681327925 -0.7701922041186009 0.4401098309249054
    outer loop
      vertex 8.213085334002969 22.297076610492923 8.455655252443073
      vertex 8.145746539533135 22.510537013709545 8.758578643762691
      vertex 8.145746539533135 22.391253029705876 8.549831671756266
    endloop
  endfacet
  facet normal -0.12773658927040688 -0.8611306058747624 0.49207463192825507
    outer loop
      vertex 7.924701410531995 22.575799195136064 8.734377837382876
      vertex 7.924701410531995 22.589628227353096 8.758578643762691
      vertex 7.854780550756246 22.600000001490116 8.758578643762691
    endloop
  endfacet
  facet normal -0.14673039628196172 -0.9891765215607063 1.0768356611184085e-19
    outer loop
      vertex 7.854780550756246 22.600000001490116 8.758578643762691
      vertex 7.924701410531995 22.589628227353096 8.758578643762691
      vertex 7.924701410531995 22.589628227353096 9.5
    endloop
  endfacet
  facet normal -0.14673039628196172 -0.9891765215607063 0
    outer loop
      vertex 7.854780550756246 22.600000001490116 8.758578643762691
      vertex 7.924701410531995 22.589628227353096 9.5
      vertex 7.854780550756246 22.600000001490116 9.5
    endloop
  endfacet
  facet normal -0.29667584526524515 -0.8291533095594688 0.473801891176821
    outer loop
      vertex 8.074775892496106 22.46957511754203 8.628153759675785
      vertex 8.000856894254682 22.570552267432213 8.758578643762691
      vertex 8.000856894254682 22.531288621924165 8.689867264123606
    endloop
  endfacet
  facet normal -0.2966758452652129 -0.8291533095594695 0.47380189117683974
    outer loop
      vertex 8.074775892496106 22.46957511754203 8.628153759675785
      vertex 8.074775892496106 22.544103622734546 8.758578643762691
      vertex 8.000856894254682 22.570552267432213 8.758578643762691
    endloop
  endfacet
  facet normal -0.37986665247361384 -0.8031607271905982 0.45894898696604625
    outer loop
      vertex 8.145746539533135 22.391253029705876 8.549831671756266
      vertex 8.145746539533135 22.510537013709545 8.758578643762691
      vertex 8.074775892496106 22.544103622734546 8.758578643762691
    endloop
  endfacet
  facet normal -0.4616354681327962 -0.7701922041185996 0.4401098309249037
    outer loop
      vertex 8.213085334002969 22.297076610492923 8.455655252443073
      vertex 8.213085334002969 22.470175691246986 8.758578643762691
      vertex 8.145746539533135 22.510537013709545 8.758578643762691
    endloop
  endfacet
  facet normal -0.4275550190500273 -0.9039893283026802 0
    outer loop
      vertex 8.145746539533135 22.510537013709545 8.758578643762691
      vertex 8.145746539533135 22.510537013709545 9.5
      vertex 8.074775892496106 22.544103622734546 9.5
    endloop
  endfacet
  facet normal -0.6715589729696431 -0.7409511089295691 0
    outer loop
      vertex 8.334314572811124 22.37068542122841 8.758578643762691
      vertex 8.27614377737045 22.423408359587192 9.5
      vertex 8.27614377737045 22.423408359587192 8.758578643762691
    endloop
  endfacet
  facet normal -0.6715589729696431 -0.7409511089295691 0
    outer loop
      vertex 8.334314572811124 22.37068542122841 8.758578643762691
      vertex 8.334314572811124 22.37068542122841 9.5
      vertex 8.27614377737045 22.423408359587192 9.5
    endloop
  endfacet
  facet normal -0.5956993265912575 -0.8032075150910394 0
    outer loop
      vertex 8.213085334002969 22.470175691246986 8.758578643762691
      vertex 8.27614377737045 22.423408359587192 8.758578643762691
      vertex 8.213085334002969 22.470175691246986 9.5
    endloop
  endfacet
  facet normal -0.5141027658906873 -0.8577285969953113 0
    outer loop
      vertex 8.145746539533135 22.510537013709545 8.758578643762691
      vertex 8.213085334002969 22.470175691246986 8.758578643762691
      vertex 8.145746539533135 22.510537013709545 9.5
    endloop
  endfacet
  facet normal -0.5956993265912575 -0.8032075150910394 0
    outer loop
      vertex 8.27614377737045 22.423408359587192 8.758578643762691
      vertex 8.27614377737045 22.423408359587192 9.5
      vertex 8.213085334002969 22.470175691246986 9.5
    endloop
  endfacet
  facet normal -0.5141027658906873 -0.8577285969953113 0
    outer loop
      vertex 8.213085334002969 22.470175691246986 8.758578643762691
      vertex 8.213085334002969 22.470175691246986 9.5
      vertex 8.145746539533135 22.510537013709545 9.5
    endloop
  endfacet
  facet normal -0.21251579319062228 -0.848410412700326 0.48480595011429395
    outer loop
      vertex 8.000856894254682 22.531288621924165 8.689867264123606
      vertex 7.924701410531995 22.589628227353096 8.758578643762691
      vertex 7.924701410531995 22.575799195136064 8.734377837382876
    endloop
  endfacet
  facet normal -0.21251579319046882 -0.8484104127002863 0.48480595011443056
    outer loop
      vertex 8.000856894254682 22.531288621924165 8.689867264123606
      vertex 8.000856894254682 22.570552267432213 8.758578643762691
      vertex 7.924701410531995 22.589628227353096 8.758578643762691
    endloop
  endfacet
  facet normal -0.24298023145634273 -0.9700312402811686 0
    outer loop
      vertex 7.924701410531995 22.589628227353096 8.758578643762691
      vertex 8.000856894254682 22.570552267432213 8.758578643762691
      vertex 7.924701410531995 22.589628227353096 9.5
    endloop
  endfacet
  facet normal -0.33688990096538984 -0.9415440481610671 0
    outer loop
      vertex 8.000856894254682 22.570552267432213 8.758578643762691
      vertex 8.074775892496106 22.544103622734546 8.758578643762691
      vertex 8.000856894254682 22.570552267432213 9.5
    endloop
  endfacet
  facet normal -0.4275550190500273 -0.9039893283026802 0
    outer loop
      vertex 8.145746539533135 22.510537013709545 8.758578643762691
      vertex 8.074775892496106 22.544103622734546 9.5
      vertex 8.074775892496106 22.544103622734546 8.758578643762691
    endloop
  endfacet
  facet normal -0.24298023145634273 -0.9700312402811686 0
    outer loop
      vertex 8.000856894254682 22.570552267432213 8.758578643762691
      vertex 8.000856894254682 22.570552267432213 9.5
      vertex 7.924701410531995 22.589628227353096 9.5
    endloop
  endfacet
  facet normal -0.33688990096538984 -0.9415440481610671 0
    outer loop
      vertex 8.074775892496106 22.544103622734546 8.758578643762691
      vertex 8.074775892496106 22.544103622734546 9.5
      vertex 8.000856894254682 22.570552267432213 9.5
    endloop
  endfacet
  facet normal -0.6184119129827238 -0.6823124547975561 0.38989283131288915
    outer loop
      vertex 8.523856225609777 21.635380490940783 7.7939591321866475
      vertex 8.465685422718522 22.23931457877159 8.758578643762691
      vertex 8.465685422718522 21.758400680619197 7.916979321996001
    endloop
  endfacet
  facet normal -0.6556100469067352 -0.6556100840890643 0.37463433376517774
    outer loop
      vertex 8.465685422718522 21.758400680619197 7.916979321996001
      vertex 8.334314572811124 22.37068542122841 8.758578643762691
      vertex 8.334314572811124 22.06493264678679 8.223511288489856
    endloop
  endfacet
  facet normal -0.5413975414142728 -0.7299899515154407 0.41713711515167934
    outer loop
      vertex 8.586914661526677 21.526256716913068 7.6848353580427835
      vertex 8.586914661526677 22.139824308753013 8.758578643762691
      vertex 8.523856225609777 22.186591640412807 8.758578643762691
    endloop
  endfacet
  facet normal -0.6184119129827272 -0.6823124547975539 0.38989283131288754
    outer loop
      vertex 8.523856225609777 21.635380490940783 7.7939591321866475
      vertex 8.523856225609777 22.186591640412807 8.758578643762691
      vertex 8.465685422718522 22.23931457877159 8.758578643762691
    endloop
  endfacet
  facet normal -0.46163542794081136 -0.7701922222788611 0.44010984130220643
    outer loop
      vertex 8.654253463447091 21.43208029770011 7.5906589387295895
      vertex 8.654253463447091 22.099462986290455 8.758578643762691
      vertex 8.586914661526677 22.139824308753013 8.758578643762691
    endloop
  endfacet
  facet normal -0.6556100469067276 -0.6556100840890692 0.37463433376518235
    outer loop
      vertex 8.465685422718522 21.758400680619197 7.916979321996001
      vertex 8.465685422718522 22.23931457877159 8.758578643762691
      vertex 8.334314572811124 22.37068542122841 8.758578643762691
    endloop
  endfacet
  facet normal -0.4275550557300843 -0.903989310954308 0
    outer loop
      vertex 8.72522410303354 22.065896377265453 8.758578643762691
      vertex 8.654253463447091 22.099462986290455 9.5
      vertex 8.654253463447091 22.099462986290455 8.758578643762691
    endloop
  endfacet
  facet normal -0.33688987086283995 -0.9415440589319328 0
    outer loop
      vertex 8.72522410303354 22.065896377265453 8.758578643762691
      vertex 8.799143108725545 22.039447732567787 8.758578643762691
      vertex 8.72522410303354 22.065896377265453 9.5
    endloop
  endfacet
  facet normal -0.4275550557300843 -0.903989310954308 0
    outer loop
      vertex 8.72522410303354 22.065896377265453 8.758578643762691
      vertex 8.72522410303354 22.065896377265453 9.5
      vertex 8.654253463447091 22.099462986290455 9.5
    endloop
  endfacet
  facet normal -0.33688987086283995 -0.9415440589319328 0
    outer loop
      vertex 8.799143108725545 22.039447732567787 8.758578643762691
      vertex 8.799143108725545 22.039447732567787 9.5
      vertex 8.72522410303354 22.065896377265453 9.5
    endloop
  endfacet
  facet normal -0.5956993719989603 -0.803207481414388 0
    outer loop
      vertex 8.586914661526677 22.139824308753013 8.758578643762691
      vertex 8.523856225609777 22.186591640412807 9.5
      vertex 8.523856225609777 22.186591640412807 8.758578643762691
    endloop
  endfacet
  facet normal -0.5956993719989603 -0.803207481414388 0
    outer loop
      vertex 8.586914661526677 22.139824308753013 8.758578643762691
      vertex 8.586914661526677 22.139824308753013 9.5
      vertex 8.523856225609777 22.186591640412807 9.5
    endloop
  endfacet
  facet normal -0.6715589257472103 -0.7409511517294868 0
    outer loop
      vertex 8.523856225609777 22.186591640412807 8.758578643762691
      vertex 8.465685422718522 22.23931457877159 9.5
      vertex 8.465685422718522 22.23931457877159 8.758578643762691
    endloop
  endfacet
  facet normal -0.7071067611350814 -0.707106801238013 0
    outer loop
      vertex 8.465685422718522 22.23931457877159 8.758578643762691
      vertex 8.465685422718522 22.23931457877159 9.5
      vertex 8.334314572811124 22.37068542122841 9.5
    endloop
  endfacet
  facet normal -0.6715589257472103 -0.7409511517294868 0
    outer loop
      vertex 8.523856225609777 22.186591640412807 8.758578643762691
      vertex 8.523856225609777 22.186591640412807 9.5
      vertex 8.465685422718522 22.23931457877159 9.5
    endloop
  endfacet
  facet normal -0.5141027240427101 -0.8577286220780237 0
    outer loop
      vertex 8.586914661526677 22.139824308753013 8.758578643762691
      vertex 8.654253463447091 22.099462986290455 8.758578643762691
      vertex 8.586914661526677 22.139824308753013 9.5
    endloop
  endfacet
  facet normal -0.5141027240427101 -0.8577286220780237 0
    outer loop
      vertex 8.654253463447091 22.099462986290455 8.758578643762691
      vertex 8.654253463447091 22.099462986290455 9.5
      vertex 8.586914661526677 22.139824308753013 9.5
    endloop
  endfacet
  facet normal -0.24298023145634273 -0.9700312402811686 0
    outer loop
      vertex 8.799143108725545 22.039447732567787 8.758578643762691
      vertex 8.875298592448232 22.020371772646904 8.758578643762691
      vertex 8.799143108725545 22.039447732567787 9.5
    endloop
  endfacet
  facet normal -0.14673041005620283 -0.9891765195174916 0
    outer loop
      vertex 8.875298592448232 22.020371772646904 8.758578643762691
      vertex 8.9529571339488 22.008852221369743 8.758578643762691
      vertex 8.875298592448232 22.020371772646904 9.5
    endloop
  endfacet
  facet normal -0.049067667625102826 -0.9987954565344359 0
    outer loop
      vertex 8.9529571339488 22.008852221369743 8.758578643762691
      vertex 9.031370851397512 22.005000002980232 8.758578643762691
      vertex 8.9529571339488 22.008852221369743 9.5
    endloop
  endfacet
  facet normal -0.24298023145634273 -0.9700312402811686 0
    outer loop
      vertex 8.875298592448232 22.020371772646904 8.758578643762691
      vertex 8.875298592448232 22.020371772646904 9.5
      vertex 8.799143108725545 22.039447732567787 9.5
    endloop
  endfacet
  facet normal -0.14673041005620283 -0.9891765195174916 0
    outer loop
      vertex 8.9529571339488 22.008852221369743 8.758578643762691
      vertex 8.9529571339488 22.008852221369743 9.5
      vertex 8.875298592448232 22.020371772646904 9.5
    endloop
  endfacet
  facet normal -0.049067667625102826 -0.9987954565344359 0
    outer loop
      vertex 9.031370851397512 22.005000002980232 8.758578643762691
      vertex 9.031370851397512 22.005000002980232 9.5
      vertex 8.9529571339488 22.008852221369743 9.5
    endloop
  endfacet
  facet normal 0 -1 0
    outer loop
      vertex 9.031370851397512 22.005000002980232 8.758578643762691
      vertex 9.568629148602483 22.005000002980232 8.758578643762691
      vertex 9.031370851397512 22.005000002980232 9.5
    endloop
  endfacet
  facet normal -0.7071067611350814 -0.707106801238013 0
    outer loop
      vertex 8.334314572811124 22.37068542122841 8.758578643762691
      vertex 8.465685422718522 22.23931457877159 8.758578643762691
      vertex 8.334314572811124 22.37068542122841 9.5
    endloop
  endfacet
  facet normal 0 -1 0
    outer loop
      vertex 6.679898984730244 21.24142135679722 6.800000000000001
      vertex 10.568629147673533 21.24142135679722 6.800000000000001
      vertex 10.568629147673533 21.24142135679722 7.355043109856759
    endloop
  endfacet
  facet normal 0 -1 0
    outer loop
      vertex 6.679898984730244 21.24142135679722 6.800000000000001
      vertex 10.568629147673533 21.24142135679722 7.355043109856759
      vertex 10.565093613770692 21.24142135679722 7.355043109856759
    endloop
  endfacet
  facet normal 0.12773660132549328 -0.8611306045266331 0.49207463115812733
    outer loop
      vertex 9.707040406120285 21.24142135679722 7.399999997623764
      vertex 9.724701407551763 21.247534132269926 7.406112773102979
      vertex 9.647042866051194 21.24142135679722 7.415574630760771
    endloop
  endfacet
  facet normal 0 -0.7071067815628904 0.7071067808102047
    outer loop
      vertex 9.707040406120285 21.24142135679722 7.399999997623764
      vertex 10.20034012074099 21.24142135679722 7.399999997623764
      vertex 9.724701407551763 21.247534132269926 7.406112773102979
    endloop
  endfacet
  facet normal 8.419466550645941e-16 -0.7071067815628576 0.7071067808102375
    outer loop
      vertex 10.20034012074099 21.24142135679722 7.399999997623764
      vertex 9.80085689127445 21.29204470548182 7.450623346362249
      vertex 9.724701407551763 21.247534132269926 7.406112773102979
    endloop
  endfacet
  facet normal 1.354369657726094e-15 -0.7071067815628556 0.7071067808102395
    outer loop
      vertex 10.20034012074099 21.24142135679722 7.399999997623764
      vertex 9.874775896966455 21.35375820986396 7.512336850810072
      vertex 9.80085689127445 21.29204470548182 7.450623346362249
    endloop
  endfacet
  facet normal -4.755290387703461e-15 -0.7071067815628643 0.7071067808102306
    outer loop
      vertex 10.20034012074099 21.24142135679722 7.399999997623764
      vertex 9.945746536552903 21.43208029770011 7.5906589387295895
      vertex 9.874775896966455 21.35375820986396 7.512336850810072
    endloop
  endfacet
  facet normal 7.110065080637255e-15 -0.7071067815628566 0.7071067808102387
    outer loop
      vertex 10.20034012074099 21.24142135679722 7.399999997623764
      vertex 10.013085338473317 21.526256716913068 7.6848353580427835
      vertex 9.945746536552903 21.43208029770011 7.5906589387295895
    endloop
  endfacet
  facet normal 0 -0.8682431421244597 0.49613893835683287
    outer loop
      vertex 9.031370851397512 21.24142135679722 7.422316012942414
      vertex 9.568629148602483 21.24142135679722 7.422316012942414
      vertex 9.568629148602483 22.005000002980232 8.758578643762691
    endloop
  endfacet
  facet normal 0.04261529574035147 -0.8674543915466254 0.49568822374092814
    outer loop
      vertex 9.568629148602483 21.24142135679722 7.422316012942414
      vertex 9.647042866051194 21.24142135679722 7.415574630760771
      vertex 9.647042866051194 22.008852221369743 8.758578643762691
    endloop
  endfacet
  facet normal 0.12773660132549033 -0.8611306045266559 0.4920746311580884
    outer loop
      vertex 9.647042866051194 21.24142135679722 7.415574630760771
      vertex 9.724701407551763 21.247534132269926 7.406112773102979
      vertex 9.647042866051194 22.008852221369743 8.758578643762691
    endloop
  endfacet
  facet normal -4.658269705736799e-15 -0.7071067815628603 0.7071067808102347
    outer loop
      vertex 10.20034012074099 21.24142135679722 7.399999997623764
      vertex 10.076143774390218 21.635380490940783 7.7939591321866475
      vertex 10.013085338473317 21.526256716913068 7.6848353580427835
    endloop
  endfacet
  facet normal 0.21251579319046734 -0.8484104127002787 0.48480595011444444
    outer loop
      vertex 9.724701407551763 21.247534132269926 7.406112773102979
      vertex 9.80085689127445 21.29204470548182 7.450623346362249
      vertex 9.724701407551763 22.020371772646904 8.758578643762691
    endloop
  endfacet
  facet normal 0.2966758179940929 -0.8291533169153226 0.4738018953801837
    outer loop
      vertex 9.80085689127445 21.29204470548182 7.450623346362249
      vertex 9.874775896966455 21.35375820986396 7.512336850810072
      vertex 9.80085689127445 22.039447732567787 8.758578643762691
    endloop
  endfacet
  facet normal 0.3798666865979736 -0.8031607150238059 0.4589489800136021
    outer loop
      vertex 9.874775896966455 21.35375820986396 7.512336850810072
      vertex 9.945746536552903 21.43208029770011 7.5906589387295895
      vertex 9.874775896966455 22.065896377265453 8.758578643762691
    endloop
  endfacet
  facet normal 0.4616354279408252 -0.770192222278855 0.4401098413022029
    outer loop
      vertex 9.945746536552903 21.43208029770011 7.5906589387295895
      vertex 10.013085338473317 21.526256716913068 7.6848353580427835
      vertex 9.945746536552903 22.099462986290455 8.758578643762691
    endloop
  endfacet
  facet normal 0 -1 0
    outer loop
      vertex 10.20034012074099 21.24142135679722 7.399999997623764
      vertex 10.565093613770692 21.24142135679722 7.355043109856759
      vertex 10.610050501498414 21.24142135679722 7.399999997623764
    endloop
  endfacet
  facet normal -4.060618394265157e-15 -0.7071067815628602 0.7071067808102348
    outer loop
      vertex 10.20034012074099 21.24142135679722 7.399999997623764
      vertex 10.134314577281472 21.758400680619197 7.916979321996001
      vertex 10.076143774390218 21.635380490940783 7.7939591321866475
    endloop
  endfacet
  facet normal 1.0103099142996821e-14 -0.7071067815628592 0.7071067808102357
    outer loop
      vertex 10.20034012074099 21.24142135679722 7.399999997623764
      vertex 10.26568542718887 22.06493264678679 8.223511288489856
      vertex 10.134314577281472 21.758400680619197 7.916979321996001
    endloop
  endfacet
  facet normal -6.265595918864135e-16 -0.7071067815628589 0.7071067808102361
    outer loop
      vertex 10.20034012074099 21.24142135679722 7.399999997623764
      vertex 12.399999999999999 22.136396106353693 8.294974748132825
      vertex 10.26568542718887 22.06493264678679 8.223511288489856
    endloop
  endfacet
  facet normal 0.0426152957403626 -0.8674543915466252 0.4956882237409274
    outer loop
      vertex 9.568629148602483 21.24142135679722 7.422316012942414
      vertex 9.647042866051194 22.008852221369743 8.758578643762691
      vertex 9.568629148602483 22.005000002980232 8.758578643762691
    endloop
  endfacet
  facet normal 0.1277366013254899 -0.8611306045266559 0.49207463115808847
    outer loop
      vertex 9.724701407551763 21.247534132269926 7.406112773102979
      vertex 9.724701407551763 22.020371772646904 8.758578643762691
      vertex 9.647042866051194 22.008852221369743 8.758578643762691
    endloop
  endfacet
  facet normal 0.21251579319046746 -0.8484104127002787 0.4848059501144444
    outer loop
      vertex 9.80085689127445 21.29204470548182 7.450623346362249
      vertex 9.80085689127445 22.039447732567787 8.758578643762691
      vertex 9.724701407551763 22.020371772646904 8.758578643762691
    endloop
  endfacet
  facet normal 0.2966758179940826 -0.8291533169153257 0.47380189538018475
    outer loop
      vertex 9.874775896966455 21.35375820986396 7.512336850810072
      vertex 9.874775896966455 22.065896377265453 8.758578643762691
      vertex 9.80085689127445 22.039447732567787 8.758578643762691
    endloop
  endfacet
  facet normal 0.5413975414142654 -0.7299899515154448 0.4171371151516817
    outer loop
      vertex 10.013085338473317 21.526256716913068 7.6848353580427835
      vertex 10.076143774390218 21.635380490940783 7.7939591321866475
      vertex 10.013085338473317 22.139824308753013 8.758578643762691
    endloop
  endfacet
  facet normal 0.6184119129827242 -0.6823124547975559 0.3898928313128887
    outer loop
      vertex 10.076143774390218 21.635380490940783 7.7939591321866475
      vertex 10.134314577281472 21.758400680619197 7.916979321996001
      vertex 10.076143774390218 22.186591640412807 8.758578643762691
    endloop
  endfacet
  facet normal 0.379866686597992 -0.8031607150237988 0.45894898001359935
    outer loop
      vertex 9.945746536552903 21.43208029770011 7.5906589387295895
      vertex 9.945746536552903 22.099462986290455 8.758578643762691
      vertex 9.874775896966455 22.065896377265453 8.758578643762691
    endloop
  endfacet
  facet normal 0.4616354279408113 -0.7701922222788616 0.44010984130220554
    outer loop
      vertex 10.013085338473317 21.526256716913068 7.6848353580427835
      vertex 10.013085338473317 22.139824308753013 8.758578643762691
      vertex 9.945746536552903 22.099462986290455 8.758578643762691
    endloop
  endfacet
  facet normal 0.5413975414142725 -0.7299899515154405 0.41713711515167995
    outer loop
      vertex 10.076143774390218 21.635380490940783 7.7939591321866475
      vertex 10.076143774390218 22.186591640412807 8.758578643762691
      vertex 10.013085338473317 22.139824308753013 8.758578643762691
    endloop
  endfacet
  facet normal 0.6184119129827274 -0.6823124547975538 0.38989283131288777
    outer loop
      vertex 10.134314577281472 21.758400680619197 7.916979321996001
      vertex 10.134314577281472 22.23931457877159 8.758578643762691
      vertex 10.076143774390218 22.186591640412807 8.758578643762691
    endloop
  endfacet
  facet normal 0 -1 0
    outer loop
      vertex 9.568629148602483 22.005000002980232 8.758578643762691
      vertex 9.568629148602483 22.005000002980232 9.5
      vertex 9.031370851397512 22.005000002980232 9.5
    endloop
  endfacet
  facet normal 0.049067667625102826 -0.9987954565344359 0
    outer loop
      vertex 9.568629148602483 22.005000002980232 8.758578643762691
      vertex 9.647042866051194 22.008852221369743 8.758578643762691
      vertex 9.568629148602483 22.005000002980232 9.5
    endloop
  endfacet
  facet normal 0.14673041005620283 -0.9891765195174916 0
    outer loop
      vertex 9.647042866051194 22.008852221369743 8.758578643762691
      vertex 9.724701407551763 22.020371772646904 8.758578643762691
      vertex 9.647042866051194 22.008852221369743 9.5
    endloop
  endfacet
  facet normal 0.049067667625102826 -0.9987954565344359 0
    outer loop
      vertex 9.647042866051194 22.008852221369743 8.758578643762691
      vertex 9.647042866051194 22.008852221369743 9.5
      vertex 9.568629148602483 22.005000002980232 9.5
    endloop
  endfacet
  facet normal 0.24298023145634273 -0.9700312402811686 0
    outer loop
      vertex 9.724701407551763 22.020371772646904 8.758578643762691
      vertex 9.80085689127445 22.039447732567787 8.758578643762691
      vertex 9.724701407551763 22.020371772646904 9.5
    endloop
  endfacet
  facet normal 0.33688987086283995 -0.9415440589319328 0
    outer loop
      vertex 9.80085689127445 22.039447732567787 8.758578643762691
      vertex 9.874775896966455 22.065896377265453 8.758578643762691
      vertex 9.80085689127445 22.039447732567787 9.5
    endloop
  endfacet
  facet normal 0.4275550557300843 -0.903989310954308 0
    outer loop
      vertex 9.874775896966455 22.065896377265453 8.758578643762691
      vertex 9.945746536552903 22.099462986290455 8.758578643762691
      vertex 9.874775896966455 22.065896377265453 9.5
    endloop
  endfacet
  facet normal 0.14673041005620283 -0.9891765195174916 0
    outer loop
      vertex 9.724701407551763 22.020371772646904 8.758578643762691
      vertex 9.724701407551763 22.020371772646904 9.5
      vertex 9.647042866051194 22.008852221369743 9.5
    endloop
  endfacet
  facet normal 0.24298023145634273 -0.9700312402811686 0
    outer loop
      vertex 9.80085689127445 22.039447732567787 8.758578643762691
      vertex 9.80085689127445 22.039447732567787 9.5
      vertex 9.724701407551763 22.020371772646904 9.5
    endloop
  endfacet
  facet normal 0.33688987086283995 -0.9415440589319328 0
    outer loop
      vertex 9.874775896966455 22.065896377265453 8.758578643762691
      vertex 9.874775896966455 22.065896377265453 9.5
      vertex 9.80085689127445 22.039447732567787 9.5
    endloop
  endfacet
  facet normal 0.4275550557300843 -0.903989310954308 0
    outer loop
      vertex 9.945746536552903 22.099462986290455 8.758578643762691
      vertex 9.945746536552903 22.099462986290455 9.5
      vertex 9.874775896966455 22.065896377265453 9.5
    endloop
  endfacet
  facet normal 0.5141027240427101 -0.8577286220780237 0
    outer loop
      vertex 9.945746536552903 22.099462986290455 8.758578643762691
      vertex 10.013085338473317 22.139824308753013 8.758578643762691
      vertex 9.945746536552903 22.099462986290455 9.5
    endloop
  endfacet
  facet normal 0.5956993719989603 -0.803207481414388 0
    outer loop
      vertex 10.013085338473317 22.139824308753013 8.758578643762691
      vertex 10.076143774390218 22.186591640412807 8.758578643762691
      vertex 10.013085338473317 22.139824308753013 9.5
    endloop
  endfacet
  facet normal 0.5141027240427101 -0.8577286220780237 0
    outer loop
      vertex 10.013085338473317 22.139824308753013 8.758578643762691
      vertex 10.013085338473317 22.139824308753013 9.5
      vertex 9.945746536552903 22.099462986290455 9.5
    endloop
  endfacet
  facet normal 0.5956993719989603 -0.803207481414388 0
    outer loop
      vertex 10.076143774390218 22.186591640412807 8.758578643762691
      vertex 10.076143774390218 22.186591640412807 9.5
      vertex 10.013085338473317 22.139824308753013 9.5
    endloop
  endfacet
  facet normal 0.6715589257472103 -0.7409511517294868 0
    outer loop
      vertex 10.076143774390218 22.186591640412807 8.758578643762691
      vertex 10.134314577281472 22.23931457877159 8.758578643762691
      vertex 10.076143774390218 22.186591640412807 9.5
    endloop
  endfacet
  facet normal 0.6715589257472103 -0.7409511517294868 0
    outer loop
      vertex 10.134314577281472 22.23931457877159 8.758578643762691
      vertex 10.134314577281472 22.23931457877159 9.5
      vertex 10.076143774390218 22.186591640412807 9.5
    endloop
  endfacet
  facet normal 0.6556100469067322 -0.6556100840890657 0.37463433376518046
    outer loop
      vertex 10.134314577281472 21.758400680619197 7.916979321996001
      vertex 10.26568542718887 22.06493264678679 8.223511288489856
      vertex 10.134314577281472 22.23931457877159 8.758578643762691
    endloop
  endfacet
  facet normal 0.6184119618982651 -0.6823124213761935 0.3898928122149658
    outer loop
      vertex 10.26568542718887 22.06493264678679 8.223511288489856
      vertex 10.323856222629544 22.187952836465204 8.346531478299209
      vertex 10.26568542718887 22.37068542122841 8.758578643762691
    endloop
  endfacet
  facet normal 0.6556100469067282 -0.6556100840890695 0.37463433376518074
    outer loop
      vertex 10.26568542718887 22.06493264678679 8.223511288489856
      vertex 10.26568542718887 22.37068542122841 8.758578643762691
      vertex 10.134314577281472 22.23931457877159 8.758578643762691
    endloop
  endfacet
  facet normal 0.5413974961959986 -0.7299899767965478 0.41713712959802457
    outer loop
      vertex 10.323856222629544 22.187952836465204 8.346531478299209
      vertex 10.386914665997026 22.297076610492923 8.455655252443073
      vertex 10.323856222629544 22.423408359587192 8.758578643762691
    endloop
  endfacet
  facet normal -6.480678962169097e-16 -0.7071067815628584 0.7071067808102366
    outer loop
      vertex 10.26568542718887 22.06493264678679 8.223511288489856
      vertex 12.399999999999999 22.136396106353693 8.294974748132825
      vertex 10.323856222629544 22.187952836465204 8.346531478299209
    endloop
  endfacet
  facet normal 0.7071067611350814 -0.707106801238013 0
    outer loop
      vertex 10.134314577281472 22.23931457877159 8.758578643762691
      vertex 10.26568542718887 22.37068542122841 8.758578643762691
      vertex 10.134314577281472 22.23931457877159 9.5
    endloop
  endfacet
  facet normal 0.6184119618982628 -0.6823124213761955 0.3898928122149663
    outer loop
      vertex 10.323856222629544 22.187952836465204 8.346531478299209
      vertex 10.323856222629544 22.423408359587192 8.758578643762691
      vertex 10.26568542718887 22.37068542122841 8.758578643762691
    endloop
  endfacet
  facet normal 0.4616354681327937 -0.7701922041186008 0.4401098309249044
    outer loop
      vertex 10.386914665997026 22.297076610492923 8.455655252443073
      vertex 10.454253460466859 22.391253029705876 8.549831671756266
      vertex 10.386914665997026 22.470175691246986 8.758578643762691
    endloop
  endfacet
  facet normal 0.3798666524735987 -0.8031607271906037 0.45894898696604947
    outer loop
      vertex 10.454253460466859 22.391253029705876 8.549831671756266
      vertex 10.525224107503888 22.46957511754203 8.628153759675785
      vertex 10.454253460466859 22.510537013709545 8.758578643762691
    endloop
  endfacet
  facet normal 0.5413974961959763 -0.7299899767965634 0.4171371295980265
    outer loop
      vertex 10.386914665997026 22.297076610492923 8.455655252443073
      vertex 10.386914665997026 22.470175691246986 8.758578643762691
      vertex 10.323856222629544 22.423408359587192 8.758578643762691
    endloop
  endfacet
  facet normal 0.4616354681327959 -0.7701922041185993 0.44010983092490447
    outer loop
      vertex 10.454253460466859 22.391253029705876 8.549831671756266
      vertex 10.454253460466859 22.510537013709545 8.758578643762691
      vertex 10.386914665997026 22.470175691246986 8.758578643762691
    endloop
  endfacet
  facet normal 0.37986665247361234 -0.8031607271905945 0.4589489869660541
    outer loop
      vertex 10.525224107503888 22.46957511754203 8.628153759675785
      vertex 10.525224107503888 22.544103622734546 8.758578643762691
      vertex 10.454253460466859 22.510537013709545 8.758578643762691
    endloop
  endfacet
  facet normal 0.29667584526522855 -0.8291533095594654 0.47380189117683735
    outer loop
      vertex 10.525224107503888 22.46957511754203 8.628153759675785
      vertex 10.599143105745313 22.531288621924165 8.689867264123606
      vertex 10.525224107503888 22.544103622734546 8.758578643762691
    endloop
  endfacet
  facet normal 0.6715589729696431 -0.7409511089295691 0
    outer loop
      vertex 10.26568542718887 22.37068542122841 8.758578643762691
      vertex 10.323856222629544 22.423408359587192 8.758578643762691
      vertex 10.26568542718887 22.37068542122841 9.5
    endloop
  endfacet
  facet normal 0.7071067611350814 -0.707106801238013 0
    outer loop
      vertex 10.26568542718887 22.37068542122841 8.758578643762691
      vertex 10.26568542718887 22.37068542122841 9.5
      vertex 10.134314577281472 22.23931457877159 9.5
    endloop
  endfacet
  facet normal 0.6715589729696431 -0.7409511089295691 0
    outer loop
      vertex 10.323856222629544 22.423408359587192 8.758578643762691
      vertex 10.323856222629544 22.423408359587192 9.5
      vertex 10.26568542718887 22.37068542122841 9.5
    endloop
  endfacet
  facet normal 0.5956993265912575 -0.8032075150910394 0
    outer loop
      vertex 10.323856222629544 22.423408359587192 8.758578643762691
      vertex 10.386914665997026 22.470175691246986 8.758578643762691
      vertex 10.323856222629544 22.423408359587192 9.5
    endloop
  endfacet
  facet normal 0.5141027658906873 -0.8577285969953113 0
    outer loop
      vertex 10.386914665997026 22.470175691246986 8.758578643762691
      vertex 10.454253460466859 22.510537013709545 8.758578643762691
      vertex 10.386914665997026 22.470175691246986 9.5
    endloop
  endfacet
  facet normal 0.4275550190500273 -0.9039893283026802 0
    outer loop
      vertex 10.454253460466859 22.510537013709545 8.758578643762691
      vertex 10.525224107503888 22.544103622734546 8.758578643762691
      vertex 10.454253460466859 22.510537013709545 9.5
    endloop
  endfacet
  facet normal 0.5956993265912575 -0.8032075150910394 0
    outer loop
      vertex 10.386914665997026 22.470175691246986 8.758578643762691
      vertex 10.386914665997026 22.470175691246986 9.5
      vertex 10.323856222629544 22.423408359587192 9.5
    endloop
  endfacet
  facet normal 0.5141027658906873 -0.8577285969953113 0
    outer loop
      vertex 10.454253460466859 22.510537013709545 8.758578643762691
      vertex 10.454253460466859 22.510537013709545 9.5
      vertex 10.386914665997026 22.470175691246986 9.5
    endloop
  endfacet
  facet normal 0.33688990096538984 -0.9415440481610671 0
    outer loop
      vertex 10.525224107503888 22.544103622734546 8.758578643762691
      vertex 10.599143105745313 22.570552267432213 8.758578643762691
      vertex 10.525224107503888 22.544103622734546 9.5
    endloop
  endfacet
  facet normal 0.4275550190500273 -0.9039893283026802 0
    outer loop
      vertex 10.525224107503888 22.544103622734546 8.758578643762691
      vertex 10.525224107503888 22.544103622734546 9.5
      vertex 10.454253460466859 22.510537013709545 9.5
    endloop
  endfacet
  facet normal 0.21251579319051714 -0.8484104127002772 0.48480595011442534
    outer loop
      vertex 10.599143105745313 22.531288621924165 8.689867264123606
      vertex 10.675298589468 22.575799195136064 8.734377837382876
      vertex 10.599143105745313 22.570552267432213 8.758578643762691
    endloop
  endfacet
  facet normal 0.2966758452652155 -0.8291533095594767 0.4738018911768255
    outer loop
      vertex 10.599143105745313 22.531288621924165 8.689867264123606
      vertex 10.599143105745313 22.570552267432213 8.758578643762691
      vertex 10.525224107503888 22.544103622734546 8.758578643762691
    endloop
  endfacet
  facet normal 0.21251579319048525 -0.8484104127003518 0.48480595011430877
    outer loop
      vertex 10.675298589468 22.575799195136064 8.734377837382876
      vertex 10.675298589468 22.589628227353096 8.758578643762691
      vertex 10.599143105745313 22.570552267432213 8.758578643762691
    endloop
  endfacet
  facet normal 0.1277365892703941 -0.8611306058747639 0.4920746319282559
    outer loop
      vertex 10.675298589468 22.575799195136064 8.734377837382876
      vertex 10.745219449243756 22.600000001490116 8.758578643762691
      vertex 10.675298589468 22.589628227353096 8.758578643762691
    endloop
  endfacet
  facet normal 0.24298023145634273 -0.9700312402811686 0
    outer loop
      vertex 10.599143105745313 22.570552267432213 8.758578643762691
      vertex 10.675298589468 22.589628227353096 8.758578643762691
      vertex 10.599143105745313 22.570552267432213 9.5
    endloop
  endfacet
  facet normal 0.14673039628194712 -0.9891765215607085 -6.774438504008734e-19
    outer loop
      vertex 10.675298589468 22.589628227353096 8.758578643762691
      vertex 10.745219449243756 22.600000001490116 8.758578643762691
      vertex 10.745219449243756 22.600000001490116 9.5
    endloop
  endfacet
  facet normal 0.33688990096538984 -0.9415440481610671 0
    outer loop
      vertex 10.599143105745313 22.570552267432213 8.758578643762691
      vertex 10.599143105745313 22.570552267432213 9.5
      vertex 10.525224107503888 22.544103622734546 9.5
    endloop
  endfacet
  facet normal 0.24298023145634273 -0.9700312402811686 0
    outer loop
      vertex 10.675298589468 22.589628227353096 8.758578643762691
      vertex 10.675298589468 22.589628227353096 9.5
      vertex 10.599143105745313 22.570552267432213 9.5
    endloop
  endfacet
  facet normal 0.14673039628194712 -0.9891765215607085 0
    outer loop
      vertex 10.675298589468 22.589628227353096 8.758578643762691
      vertex 10.745219449243756 22.600000001490116 9.5
      vertex 10.675298589468 22.589628227353096 9.5
    endloop
  endfacet
  facet normal 0 0 -1
    outer loop
      vertex 2 18.541421353816986 9.5
      vertex 9.724701407551763 22.020371772646904 9.5
      vertex 12.799999997019768 22.600000001490116 9.5
    endloop
  endfacet
  facet normal 0 0 -1
    outer loop
      vertex 9.724701407551763 22.020371772646904 9.5
      vertex 9.80085689127445 22.039447732567787 9.5
      vertex 12.799999997019768 22.600000001490116 9.5
    endloop
  endfacet
  facet normal 0 0 -1
    outer loop
      vertex 9.80085689127445 22.039447732567787 9.5
      vertex 9.874775896966455 22.065896377265453 9.5
      vertex 12.799999997019768 22.600000001490116 9.5
    endloop
  endfacet
  facet normal 0 0 -1
    outer loop
      vertex 9.874775896966455 22.065896377265453 9.5
      vertex 9.945746536552903 22.099462986290455 9.5
      vertex 12.799999997019768 22.600000001490116 9.5
    endloop
  endfacet
  facet normal 0 0 -1
    outer loop
      vertex 9.945746536552903 22.099462986290455 9.5
      vertex 10.013085338473317 22.139824308753013 9.5
      vertex 12.799999997019768 22.600000001490116 9.5
    endloop
  endfacet
  facet normal 0 0 -1
    outer loop
      vertex 10.013085338473317 22.139824308753013 9.5
      vertex 10.076143774390218 22.186591640412807 9.5
      vertex 12.799999997019768 22.600000001490116 9.5
    endloop
  endfacet
  facet normal 0 0 -1
    outer loop
      vertex -1.5 28 6.800000000000001
      vertex 16.32720778733492 27.000000001490115 6.800000000000001
      vertex 10.568629147673533 21.24142135679722 6.800000000000001
    endloop
  endfacet
  facet normal 0 0 -1
    outer loop
      vertex 24.199999994039537 6.800000004470348 9.5
      vertex 12.799999997019768 22.072792208093095 9.5
      vertex 24.199999994039537 22.600000001490116 9.5
    endloop
  endfacet
  facet normal -1 0 1.257593817514752e-11
    outer loop
      vertex 24.200000002980232 6.558578640222549 8.758578643762691
      vertex 24.200000002980232 21.24142135679722 8.758578643762691
      vertex 24.2000000029556 21.24142135679722 6.800000000000001
    endloop
  endfacet
  facet normal 0 0 -1
    outer loop
      vertex 24.200000002980232 6.558578640222549 8.758578643762691
      vertex 24.2 21.24142135679722 8.758578643762691
      vertex 24.200000002980232 21.24142135679722 8.758578643762691
    endloop
  endfacet
  facet normal -1 0 0
    outer loop
      vertex 24.2 6.558578640222549 8.758578643762691
      vertex 24.2 22.600000001490116 9.5
      vertex 24.2 21.24142135679722 8.758578643762691
    endloop
  endfacet
  facet normal 0 0 -1
    outer loop
      vertex 24.199999994039537 6.800000004470348 9.5
      vertex 24.199999994039537 22.600000001490116 9.5
      vertex 24.2 22.600000001490116 9.5
    endloop
  endfacet
  facet normal 0 0 1
    outer loop
      vertex -1.5 28 10
      vertex 5.8284012579630975 3.9000195848885086 10
      vertex 51.5 28 10
    endloop
  endfacet
  facet normal 0 -0.7071067815628597 0.7071067808102355
    outer loop
      vertex 10.20034012074099 21.24142135679722 7.399999997623764
      vertex 10.610050501498414 21.24142135679722 7.399999997623764
      vertex 12.399999999999999 22.136396106353693 8.294974748132825
    endloop
  endfacet
  facet normal -2.34388892412631e-16 -0.7071067815628502 0.7071067808102449
    outer loop
      vertex 10.323856222629544 22.187952836465204 8.346531478299209
      vertex 12.399999999999999 22.136396106353693 8.294974748132825
      vertex 10.386914665997026 22.297076610492923 8.455655252443073
    endloop
  endfacet
  facet normal -2.2991772285527244e-15 -0.707106781562863 0.707106780810232
    outer loop
      vertex 12.399999999999999 22.136396106353693 8.294974748132825
      vertex 10.454253460466859 22.391253029705876 8.549831671756266
      vertex 10.386914665997026 22.297076610492923 8.455655252443073
    endloop
  endfacet
  facet normal -3.8068811894013664e-15 -0.7071067815628688 0.7071067808102263
    outer loop
      vertex 12.399999999999999 22.136396106353693 8.294974748132825
      vertex 10.525224107503888 22.46957511754203 8.628153759675785
      vertex 10.454253460466859 22.391253029705876 8.549831671756266
    endloop
  endfacet
  facet normal 2.5463236809144204e-15 -0.707106781562851 0.707106780810244
    outer loop
      vertex 12.399999999999999 22.136396106353693 8.294974748132825
      vertex 10.599143105745313 22.531288621924165 8.689867264123606
      vertex 10.525224107503888 22.46957511754203 8.628153759675785
    endloop
  endfacet
  facet normal 8.881028921375344e-15 -0.7071067815628365 0.7071067808102587
    outer loop
      vertex 12.399999999999999 22.136396106353693 8.294974748132825
      vertex 10.675298589468 22.575799195136064 8.734377837382876
      vertex 10.599143105745313 22.531288621924165 8.689867264123606
    endloop
  endfacet
  facet normal -1.8084722098449524e-14 -0.7071067815628894 0.7071067808102056
    outer loop
      vertex 12.399999999999999 22.136396106353693 8.294974748132825
      vertex 10.745219449243756 22.600000001490116 8.758578643762691
      vertex 10.675298589468 22.575799195136064 8.734377837382876
    endloop
  endfacet
  facet normal -1.0605513864391722e-18 -0.7071067815628571 0.7071067808102378
    outer loop
      vertex 12.399999999999999 22.136396106353693 8.294974748132825
      vertex 12.399999999999999 22.600000001490116 8.758578643762691
      vertex 10.745219449243756 22.600000001490116 8.758578643762691
    endloop
  endfacet
  facet normal 0 -1 0
    outer loop
      vertex 10.745219449243756 22.600000001490116 8.758578643762691
      vertex 12.399999999999999 22.600000001490116 8.758578643762691
      vertex 10.745219449243756 22.600000001490116 9.5
    endloop
  endfacet
  facet normal 0.5773500429191334 -0.5773513629535763 -0.5773494016944356
    outer loop
      vertex 10.610050501498414 21.24142135679722 7.399999997623764
      vertex 13.32720778939624 22.600000001490116 8.758578643202782
      vertex 12.399999999999999 22.136396106353693 8.294974748132825
    endloop
  endfacet
  facet normal 1 0 0
    outer loop
      vertex 12.399999999999999 22.136396106353693 8.294974748132825
      vertex 12.399999999999999 22.600000001490116 8.758578643202782
      vertex 12.399999999999999 22.600000001490116 8.758578643762691
    endloop
  endfacet
  facet normal -1.6797947300188324e-17 -0.7071067811358593 0.7071067812372358
    outer loop
      vertex 12.399999999999999 22.136396106353693 8.294974748132825
      vertex 13.32720778939624 22.600000001490116 8.758578643202782
      vertex 12.399999999999999 22.600000001490116 8.758578643202782
    endloop
  endfacet
  facet normal 0 -1 0
    outer loop
      vertex 10.745219449243756 22.600000001490116 9.5
      vertex 12.399999999999999 22.600000001490116 8.758578643762691
      vertex 12.799999997019768 22.600000001490116 8.758578643762691
    endloop
  endfacet
  facet normal 0 -1 0
    outer loop
      vertex 10.745219449243756 22.600000001490116 9.5
      vertex 12.799999997019768 22.600000001490116 8.758578643762691
      vertex 12.799999997019768 22.600000001490116 9.5
    endloop
  endfacet
  facet normal 0 -1 0
    outer loop
      vertex 12.399999999999999 22.600000001490116 8.758578643762691
      vertex 12.399999999999999 22.600000001490116 8.758578643202782
      vertex 12.799999997019768 22.600000001490116 8.758578643762691
    endloop
  endfacet
  facet normal 0 -1 0
    outer loop
      vertex 12.399999999999999 22.600000001490116 8.758578643202782
      vertex 13.32720778939624 22.600000001490116 8.758578643202782
      vertex 12.799999997019768 22.600000001490116 8.758578643762691
    endloop
  endfacet
  facet normal 0 -1 0
    outer loop
      vertex 12.799999997019768 22.600000001490116 8.758578643762691
      vertex 13.32720778939624 22.600000001490116 8.758578643202782
      vertex 13.327207789956148 22.600000001490116 8.758578643762691
    endloop
  endfacet
  facet normal 0 -1 0
    outer loop
      vertex 12.799999997019768 22.600000001490116 8.758578643762691
      vertex 13.327207789956148 22.600000001490116 8.758578643762691
      vertex 13.327207789956148 22.600000001490116 9.5
    endloop
  endfacet
  facet normal 0 -1 0
    outer loop
      vertex 12.799999997019768 22.600000001490116 8.758578643762691
      vertex 13.327207789956148 22.600000001490116 9.5
      vertex 12.799999997019768 22.600000001490116 9.5
    endloop
  endfacet
  facet normal 0 0 -1
    outer loop
      vertex 10.076143774390218 22.186591640412807 9.5
      vertex 10.134314577281472 22.23931457877159 9.5
      vertex 12.799999997019768 22.600000001490116 9.5
    endloop
  endfacet
  facet normal 0 0 -1
    outer loop
      vertex 10.134314577281472 22.23931457877159 9.5
      vertex 10.26568542718887 22.37068542122841 9.5
      vertex 12.799999997019768 22.600000001490116 9.5
    endloop
  endfacet
  facet normal 0 0 -1
    outer loop
      vertex 10.26568542718887 22.37068542122841 9.5
      vertex 10.323856222629544 22.423408359587192 9.5
      vertex 12.799999997019768 22.600000001490116 9.5
    endloop
  endfacet
  facet normal 0 0 -1
    outer loop
      vertex 10.323856222629544 22.423408359587192 9.5
      vertex 10.386914665997026 22.470175691246986 9.5
      vertex 12.799999997019768 22.600000001490116 9.5
    endloop
  endfacet
  facet normal 0 0 -1
    outer loop
      vertex 10.386914665997026 22.470175691246986 9.5
      vertex 10.454253460466859 22.510537013709545 9.5
      vertex 12.799999997019768 22.600000001490116 9.5
    endloop
  endfacet
  facet normal 0 0 -1
    outer loop
      vertex 10.454253460466859 22.510537013709545 9.5
      vertex 10.525224107503888 22.544103622734546 9.5
      vertex 12.799999997019768 22.600000001490116 9.5
    endloop
  endfacet
  facet normal 0 0 -1
    outer loop
      vertex 10.525224107503888 22.544103622734546 9.5
      vertex 10.599143105745313 22.570552267432213 9.5
      vertex 12.799999997019768 22.600000001490116 9.5
    endloop
  endfacet
  facet normal 0 0 -1
    outer loop
      vertex 10.599143105745313 22.570552267432213 9.5
      vertex 10.675298589468 22.589628227353096 9.5
      vertex 12.799999997019768 22.600000001490116 9.5
    endloop
  endfacet
  facet normal 0 0 -1
    outer loop
      vertex 10.675298589468 22.589628227353096 9.5
      vertex 10.745219449243756 22.600000001490116 9.5
      vertex 12.799999997019768 22.600000001490116 9.5
    endloop
  endfacet
  facet normal 0 0 -1
    outer loop
      vertex 12.799999997019768 22.072792208093095 9.5
      vertex 12.799999997019768 22.600000001490116 9.5
      vertex 13.327207789956148 22.600000001490116 9.5
    endloop
  endfacet
  facet normal 0.7071067814954618 -0.7071067808776332 0
    outer loop
      vertex 10.568629147673533 21.24142135679722 6.800000000000001
      vertex 16.32720778733492 27.000000001490115 7.355043109856759
      vertex 10.568629147673533 21.24142135679722 7.355043109856759
    endloop
  endfacet
  facet normal 0 0 1
    outer loop
      vertex 10.565093613770692 21.24142135679722 7.355043109856759
      vertex 10.568629147673533 21.24142135679722 7.355043109856759
      vertex 16.32720778733492 27.000000001490115 7.355043109856759
    endloop
  endfacet
  facet normal 0.5773502695259438 -0.5773502690214886 -0.5773502690214448
    outer loop
      vertex 10.565093613770692 21.24142135679722 7.355043109856759
      vertex 16.32720778733492 27.003535535396047 7.355043109856759
      vertex 10.610050501498414 21.24142135679722 7.399999997623764
    endloop
  endfacet
  facet normal 0.5773502695259284 -0.5773502690214726 -0.5773502690214763
    outer loop
      vertex 10.610050501498414 21.24142135679722 7.399999997623764
      vertex 16.32720778733492 25.600000001490116 8.758578643762691
      vertex 13.32720778939624 22.600000001490116 8.758578643202782
    endloop
  endfacet
  facet normal 0.5773508799208465 -0.5773508794163905 -0.5773490482297037
    outer loop
      vertex 13.327207789956148 22.600000001490116 8.758578643762691
      vertex 13.32720778939624 22.600000001490116 8.758578643202782
      vertex 16.32720778733492 25.600000001490116 8.758578643762691
    endloop
  endfacet
  facet normal 0.7071067814954621 -0.7071067808776328 0
    outer loop
      vertex 13.327207789956148 22.600000001490116 8.758578643762691
      vertex 16.32720778733492 25.600000001490116 8.758578643762691
      vertex 13.327207789956148 22.600000001490116 9.5
    endloop
  endfacet
  facet normal 0 0 -1
    outer loop
      vertex 12.799999997019768 22.072792208093095 9.5
      vertex 13.327207789956148 22.600000001490116 9.5
      vertex 24.199999994039537 25.600000001490116 9.5
    endloop
  endfacet
  facet normal 0.5773502695259292 -0.5773502690214745 -0.5773502690214738
    outer loop
      vertex 10.610050501498414 21.24142135679722 7.399999997623764
      vertex 16.32720778733492 27.003535535396047 7.355043109856759
      vertex 16.32720778733492 25.600000001490116 8.758578643762691
    endloop
  endfacet
  facet normal 0.7071067814954618 -0.7071067808776332 -8.670165277751947e-17
    outer loop
      vertex 10.568629147673533 21.24142135679722 6.800000000000001
      vertex 16.32720778733492 27.000000001490115 6.800000000000001
      vertex 16.32720778733492 27.000000001490115 7.355043109856759
    endloop
  endfacet
  facet normal 0 0 1
    outer loop
      vertex 10.565093613770692 21.24142135679722 7.355043109856759
      vertex 16.32720778733492 27.000000001490115 7.355043109856759
      vertex 16.32720778733492 27.003535535396047 7.355043109856759
    endloop
  endfacet
  facet normal 0.7071067814954621 -0.7071067808776328 0
    outer loop
      vertex 16.32720778733492 25.600000001490116 8.758578643762691
      vertex 16.32720778733492 25.600000001490116 9.5
      vertex 13.327207789956148 22.600000001490116 9.5
    endloop
  endfacet
  facet normal 0 0 -1
    outer loop
      vertex 13.327207789956148 22.600000001490116 9.5
      vertex 16.32720778733492 25.600000001490116 9.5
      vertex 24.199999994039537 25.600000001490116 9.5
    endloop
  endfacet
  facet normal 0 1 0
    outer loop
      vertex -1.5 28 6.800000000000001
      vertex -1.5 28 10
      vertex 51.5 28 6.800000000000001
    endloop
  endfacet
  facet normal 0 0 -1
    outer loop
      vertex 12.799999997019768 22.072792208093095 9.5
      vertex 24.199999994039537 25.600000001490116 9.5
      vertex 24.199999994039537 22.600000001490116 9.5
    endloop
  endfacet
  facet normal 0 -1 0
    outer loop
      vertex 24.199999994039537 21.24142135679722 6.800000000000001
      vertex 24.2000000029556 21.24142135679722 6.800000000000001
      vertex 24.2 21.24142135679722 7.399999998509884
    endloop
  endfacet
  facet normal 0 -1 0
    outer loop
      vertex 24.199999994039537 21.24142135679722 6.800000000000001
      vertex 24.2 21.24142135679722 7.399999998509884
      vertex 24.199999994039537 21.24142135679722 7.358578643762691
    endloop
  endfacet
  facet normal 0 -1 0
    outer loop
      vertex 24.199999994039537 21.24142135679722 7.358578643762691
      vertex 24.2 21.24142135679722 7.399999998509884
      vertex 24.199999994039537 21.24142135679722 7.399999998509884
    endloop
  endfacet
  facet normal 0 -1 0
    outer loop
      vertex 24.2000000029556 21.24142135679722 6.800000000000001
      vertex 24.200000002980232 21.24142135679722 8.758578643762691
      vertex 24.2 21.24142135679722 7.399999998509884
    endloop
  endfacet
  facet normal 0 -0.7071067811865475 0.7071067811865475
    outer loop
      vertex 24.199999994039537 21.24142135679722 7.399999998509884
      vertex 24.2 21.24142135679722 7.399999998509884
      vertex 24.2 22.600000001490116 8.758578643202782
    endloop
  endfacet
  facet normal 0 -1 0
    outer loop
      vertex 24.2 21.24142135679722 7.399999998509884
      vertex 24.200000002980232 21.24142135679722 8.758578643762691
      vertex 24.2 21.24142135679722 8.758578643762691
    endloop
  endfacet
  facet normal -1 0 0
    outer loop
      vertex 24.2 21.24142135679722 7.399999998509884
      vertex 24.2 21.24142135679722 8.758578643762691
      vertex 24.2 22.600000001490116 8.758578643202782
    endloop
  endfacet
  facet normal 1.340840690806471e-10 -0.7071067811865476 0.7071067811865476
    outer loop
      vertex 24.199999994039537 21.24142135679722 7.399999998509884
      vertex 24.2 22.600000001490116 8.758578643202782
      vertex 24.199999994039537 22.595000002050025 8.75357864376269
    endloop
  endfacet
  facet normal -1 0 0
    outer loop
      vertex 24.2 21.24142135679722 8.758578643762691
      vertex 24.2 22.600000001490116 9.5
      vertex 24.2 22.600000001490116 8.758578643202782
    endloop
  endfacet
  facet normal 1.3006512805489636e-11 -0.7071067811865476 0.7071067811865476
    outer loop
      vertex 24.199999994039537 22.595000002050025 8.75357864376269
      vertex 24.2 22.600000001490116 8.758578643202782
      vertex 24.199999994039537 22.600000001490116 8.758578643202782
    endloop
  endfacet
  facet normal 0 -1 0
    outer loop
      vertex 24.199999994039537 22.600000001490116 8.758578643202782
      vertex 24.2 22.600000001490116 8.758578643202782
      vertex 24.2 22.600000001490116 9.5
    endloop
  endfacet
  facet normal 0 -1 0
    outer loop
      vertex 24.199999994039537 22.600000001490116 8.758578643202782
      vertex 24.2 22.600000001490116 9.5
      vertex 24.199999994039537 22.600000001490116 9.5
    endloop
  endfacet
  facet normal 0 0 -1
    outer loop
      vertex 24.199999994039537 21.24142135679722 6.800000000000001
      vertex 24.199999994039537 27.000000001490115 6.800000000000001
      vertex 24.2000000029556 21.24142135679722 6.800000000000001
    endloop
  endfacet
  facet normal -1 0 0
    outer loop
      vertex 24.199999994039537 21.24142135679722 6.800000000000001
      vertex 24.199999994039537 21.24142135679722 7.358578643762691
      vertex 24.199999994039537 27.000000001490115 6.800000000000001
    endloop
  endfacet
  facet normal -1 0 0
    outer loop
      vertex 24.199999994039537 21.24142135679722 7.358578643762691
      vertex 24.199999994039537 21.24142135679722 7.399999998509884
      vertex 24.199999994039537 27.000000001490115 7.358578643762691
    endloop
  endfacet
  facet normal -1 0 0
    outer loop
      vertex 24.199999994039537 21.24142135679722 7.399999998509884
      vertex 24.199999994039537 22.595000002050025 8.75357864376269
      vertex 24.199999994039537 25.600000001490116 8.75357864376269
    endloop
  endfacet
  facet normal -1 0 0
    outer loop
      vertex 24.199999994039537 22.595000002050025 8.75357864376269
      vertex 24.199999994039537 22.600000001490116 8.758578643202782
      vertex 24.199999994039537 25.600000001490116 8.75357864376269
    endloop
  endfacet
  facet normal -1 0 0
    outer loop
      vertex 24.199999994039537 22.600000001490116 8.758578643202782
      vertex 24.199999994039537 22.600000001490116 9.5
      vertex 24.199999994039537 25.600000001490116 9.5
    endloop
  endfacet
  facet normal 0 -1 0
    outer loop
      vertex 16.32720778733492 25.600000001490116 8.758578643762691
      vertex 24.199999994039537 25.600000001490116 9.5
      vertex 16.32720778733492 25.600000001490116 9.5
    endloop
  endfacet
  facet normal 0 -0.7071067811865479 -0.7071067811865471
    outer loop
      vertex 16.32720778733492 27.003535535396047 7.355043109856759
      vertex 24.199999994039537 27.003535535396047 7.355043109856759
      vertex 16.32720778733492 25.600000001490116 8.758578643762691
    endloop
  endfacet
  facet normal 0 -1 0
    outer loop
      vertex 16.32720778733492 27.000000001490115 6.800000000000001
      vertex 24.199999994039537 27.000000001490115 7.355043109856759
      vertex 16.32720778733492 27.000000001490115 7.355043109856759
    endloop
  endfacet
  facet normal 0 0 1
    outer loop
      vertex 16.32720778733492 27.003535535396047 7.355043109856759
      vertex 16.32720778733492 27.000000001490115 7.355043109856759
      vertex 24.199999994039537 27.000000001490115 7.355043109856759
    endloop
  endfacet
  facet normal 0 -1 0
    outer loop
      vertex 16.32720778733492 25.600000001490116 8.758578643762691
      vertex 24.199999994039537 25.600000001490116 8.758578643762691
      vertex 24.199999994039537 25.600000001490116 9.5
    endloop
  endfacet
  facet normal -6.2678858645831335e-18 -0.7071067811865479 -0.7071067811865471
    outer loop
      vertex 24.199999994039537 27.000000001490115 7.358578643762691
      vertex 24.199999994039537 25.600000001490116 8.758578643762691
      vertex 16.32720778733492 25.600000001490116 8.758578643762691
    endloop
  endfacet
  facet normal -1 0 0
    outer loop
      vertex 24.199999994039537 21.24142135679722 7.399999998509884
      vertex 24.199999994039537 25.600000001490116 8.75357864376269
      vertex 24.199999994039537 27.000000001490115 7.358578643762691
    endloop
  endfacet
  facet normal -1 0 0
    outer loop
      vertex 24.199999994039537 21.24142135679722 7.358578643762691
      vertex 24.199999994039537 27.000000001490115 7.355043109856759
      vertex 24.199999994039537 27.000000001490115 6.800000000000001
    endloop
  endfacet
  facet normal -1 0 0
    outer loop
      vertex 24.199999994039537 21.24142135679722 7.358578643762691
      vertex 24.199999994039537 27.000000001490115 7.358578643762691
      vertex 24.199999994039537 27.000000001490115 7.355043109856759
    endloop
  endfacet
  facet normal -1 0 0
    outer loop
      vertex 24.199999994039537 22.600000001490116 8.758578643202782
      vertex 24.199999994039537 25.600000001490116 8.758578643762691
      vertex 24.199999994039537 25.600000001490116 8.75357864376269
    endloop
  endfacet
  facet normal -1 0 0
    outer loop
      vertex 24.199999994039537 22.600000001490116 8.758578643202782
      vertex 24.199999994039537 25.600000001490116 9.5
      vertex 24.199999994039537 25.600000001490116 8.758578643762691
    endloop
  endfacet
  facet normal -1 0 0
    outer loop
      vertex 24.199999994039537 27.000000001490115 7.358578643762691
      vertex 24.199999994039537 25.600000001490116 8.75357864376269
      vertex 24.199999994039537 25.600000001490116 8.758578643762691
    endloop
  endfacet
  facet normal -1.6380447213394382e-16 -0.7071067811865475 -0.7071067811865475
    outer loop
      vertex 24.199999994039537 27.003535535396047 7.355043109856759
      vertex 24.199999994039537 27.000000001490115 7.358578643762691
      vertex 16.32720778733492 25.600000001490116 8.758578643762691
    endloop
  endfacet
  facet normal 0 -1 0
    outer loop
      vertex 16.32720778733492 27.000000001490115 6.800000000000001
      vertex 24.199999994039537 27.000000001490115 6.800000000000001
      vertex 24.199999994039537 27.000000001490115 7.355043109856759
    endloop
  endfacet
  facet normal 0 0 1
    outer loop
      vertex 16.32720778733492 27.003535535396047 7.355043109856759
      vertex 24.199999994039537 27.000000001490115 7.355043109856759
      vertex 24.199999994039537 27.003535535396047 7.355043109856759
    endloop
  endfacet
  facet normal 0 0 -1
    outer loop
      vertex -1.5 28 6.800000000000001
      vertex 51.5 28 6.800000000000001
      vertex 16.32720778733492 27.000000001490115 6.800000000000001
    endloop
  endfacet
  facet normal -1 0 0
    outer loop
      vertex 24.199999994039537 27.003535535396047 7.355043109856759
      vertex 24.199999994039537 27.000000001490115 7.355043109856759
      vertex 24.199999994039537 27.000000001490115 7.358578643762691
    endloop
  endfacet
  facet normal 0 -1 0
    outer loop
      vertex -1.5 0 6.800000000000001
      vertex 42.99998474121094 0 10
      vertex 39.791307047032674 0 10
    endloop
  endfacet
  facet normal 0 0 1
    outer loop
      vertex 20.369320678710938 2.8704711914062497 10
      vertex 39.00004346256593 1 10
      vertex 20.399984741210936 3.1400146484375 10
    endloop
  endfacet
  facet normal 0 0 1
    outer loop
      vertex 20.399984741210936 3.1400146484375 10
      vertex 39.00004346256593 1 10
      vertex 20.399984741210936 3.5000244140625 10
    endloop
  endfacet
  facet normal 0 -1 0
    outer loop
      vertex -1.5 0 6.800000000000001
      vertex 51.5 0 10
      vertex 42.99998474121094 0 10
    endloop
  endfacet
  facet normal 0 0 1
    outer loop
      vertex 20.369320678710938 3.76956787109375 10
      vertex 20.399984741210936 3.5000244140625 10
      vertex 39.00004346256593 3.9000244140625 10
    endloop
  endfacet
  facet normal 0 0 -1
    outer loop
      vertex -1.5 0 6.800000000000001
      vertex 34.879898987710476 6.558578640222549 6.800000000000001
      vertex 52.20000000298023 6.558578640222549 6.800000000000001
    endloop
  endfacet
  facet normal 0 0 -1
    outer loop
      vertex 24.200000002980232 6.558578640222549 6.800000000000001
      vertex 34.63847763091326 6.799999997019768 6.800000000000001
      vertex 34.879898987710476 6.558578640222549 6.800000000000001
    endloop
  endfacet
  facet normal 0 -1 0
    outer loop
      vertex -1.5 0 6.800000000000001
      vertex 51.5 0 6.800000000000001
      vertex 51.5 0 10
    endloop
  endfacet
  facet normal 0 0 1
    outer loop
      vertex 20.369320678710938 2.8704711914062497 10
      vertex 39.1294112167667 0.8705992655492291 10
      vertex 39.00004346256593 1 10
    endloop
  endfacet
  facet normal 0 0 1
    outer loop
      vertex 20.369320678710938 2.8704711914062497 10
      vertex 39.791307047032674 0 10
      vertex 39.761576630360224 0.062397779138997765 10
    endloop
  endfacet
  facet normal 0 0 1
    outer loop
      vertex 20.369320678710938 2.8704711914062497 10
      vertex 39.761576630360224 0.062397779138997765 10
      vertex 39.742523156830394 0.12241644535703057 10
    endloop
  endfacet
  facet normal 0 0 1
    outer loop
      vertex 20.369320678710938 2.8704711914062497 10
      vertex 39.742523156830394 0.12241644535703057 10
      vertex 39.7070986562827 0.19761595663752268 10
    endloop
  endfacet
  facet normal 0 0 1
    outer loop
      vertex 20.369320678710938 2.8704711914062497 10
      vertex 39.62912652498189 0.2950664783892502 10
      vertex 39.527019331239664 0.4226505005265149 10
    endloop
  endfacet
  facet normal 0 0 1
    outer loop
      vertex 20.369320678710938 2.8704711914062497 10
      vertex 39.7070986562827 0.19761595663752268 10
      vertex 39.62912652498189 0.2950664783892502 10
    endloop
  endfacet
  facet normal 0 0 1
    outer loop
      vertex 20.369320678710938 2.8704711914062497 10
      vertex 39.527019331239664 0.4226505005265149 10
      vertex 39.513936981965 0.448651431589087 10
    endloop
  endfacet
  facet normal 0 0 1
    outer loop
      vertex 20.369320678710938 2.8704711914062497 10
      vertex 39.513936981965 0.448651431589087 10
      vertex 39.5 0.47636100136348314 10
    endloop
  endfacet
  facet normal 0 0 1
    outer loop
      vertex 20.369320678710938 2.8704711914062497 10
      vertex 39.5 0.47636100136348314 10
      vertex 39.38491619482632 0.5998522534243897 10
    endloop
  endfacet
  facet normal 0 0 1
    outer loop
      vertex 20.369320678710938 2.8704711914062497 10
      vertex 39.38491619482632 0.5998522534243897 10
      vertex 39.26170546817716 0.732080081080873 10
    endloop
  endfacet
  facet normal 0 0 1
    outer loop
      vertex 20.369320678710938 2.8704711914062497 10
      vertex 39.260875686344214 0.73468969984483 10
      vertex 39.258804823981095 0.7412075702482083 10
    endloop
  endfacet
  facet normal 0 0 1
    outer loop
      vertex 20.369320678710938 2.8704711914062497 10
      vertex 39.26170546817716 0.732080081080873 10
      vertex 39.260875686344214 0.73468969984483 10
    endloop
  endfacet
  facet normal 0 0 1
    outer loop
      vertex 20.369320678710938 2.8704711914062497 10
      vertex 39.258804823981095 0.7412075702482083 10
      vertex 39.1294112167667 0.8705992655492291 10
    endloop
  endfacet
  facet normal 0 0 -1
    outer loop
      vertex -1.5 0 6.800000000000001
      vertex 52.20000000298023 6.558578640222549 6.800000000000001
      vertex 51.5 0 6.800000000000001
    endloop
  endfacet
  facet normal 0 0 1
    outer loop
      vertex 20.399984741210936 3.5000244140625 10
      vertex 39.00004346256593 1 10
      vertex 39.00004346256593 3.9000244140625 10
    endloop
  endfacet
  facet normal 0 0 1
    outer loop
      vertex 20.369320678710938 3.76956787109375 10
      vertex 39.00004346256593 3.9000244140625 10
      vertex 39.258804823981095 4.158846356008357 10
    endloop
  endfacet
  facet normal 0 0 1
    outer loop
      vertex 20.369320678710938 3.76956787109375 10
      vertex 39.258804823981095 4.158846356008357 10
      vertex 39.26170546817716 4.167974483488595 10
    endloop
  endfacet
  facet normal 0 0 1
    outer loop
      vertex 20.369320678710938 3.76956787109375 10
      vertex 39.26170546817716 4.167974483488595 10
      vertex 39.5 4.423663412699017 10
    endloop
  endfacet
  facet normal 0 0 1
    outer loop
      vertex 20.369320678710938 3.76956787109375 10
      vertex 39.5 4.423663412699017 10
      vertex 39.527019331239664 4.477373913535985 10
    endloop
  endfacet
  facet normal 0 0 1
    outer loop
      vertex 20.369320678710938 3.76956787109375 10
      vertex 39.527019331239664 4.477373913535985 10
      vertex 39.7070986562827 4.702426232750201 10
    endloop
  endfacet
  facet normal 0 0 1
    outer loop
      vertex 20.369320678710938 3.76956787109375 10
      vertex 39.7070986562827 4.702426232750201 10
      vertex 39.742523156830394 4.7776316831208305 10
    endloop
  endfacet
  facet normal 0 0 1
    outer loop
      vertex 20.369320678710938 3.76956787109375 10
      vertex 39.742523156830394 4.7776316831208305 10
      vertex 39.761576630360224 4.837648824745386 10
    endloop
  endfacet
  facet normal 0 0 1
    outer loop
      vertex 20.369320678710938 3.76956787109375 10
      vertex 39.761576630360224 4.837648824745386 10
      vertex 39.791307047032674 4.9000244140625 10
    endloop
  endfacet
  facet normal 0.7071067818355871 0.707106780537508 0
    outer loop
      vertex 34.05857864022255 5.399999998509884 8.758578643762691
      vertex 30 9.458578646183014 9.5
      vertex 34.05857864022255 5.399999998509884 9.5
    endloop
  endfacet
  facet normal -3.4433563339103263e-16 0.7071067815628588 0.7071067808102361
    outer loop
      vertex 34.63847763091326 6.799999997019768 7.358578643762691
      vertex 34.05857864022255 5.399999998509884 8.758578643762691
      vertex 34.879898987710476 6.558578640222549 7.600000000816871
    endloop
  endfacet
  facet normal 0.7071067811865475 0.7071067811865475 0
    outer loop
      vertex 34.879898987710476 6.558578640222549 6.800000000000001
      vertex 34.63847763091326 6.799999997019768 6.800000000000001
      vertex 34.63847763091326 6.799999997019768 7.358578643762691
    endloop
  endfacet
  facet normal 0.7071067811865476 0.7071067811865476 0
    outer loop
      vertex 34.879898987710476 6.558578640222549 6.800000000000001
      vertex 34.63847763091326 6.799999997019768 7.358578643762691
      vertex 34.879898987710476 6.558578640222549 7.600000000816871
    endloop
  endfacet
  facet normal 0 0 -1
    outer loop
      vertex 34.05857864022255 5.399999998509884 9.5
      vertex 30 9.458578646183014 9.5
      vertex 40.79999999701977 5.399999998509884 9.5
    endloop
  endfacet
  facet normal 0 1 0
    outer loop
      vertex 34.05857864022255 5.399999998509884 8.758578643762691
      vertex 34.05857864022255 5.399999998509884 9.5
      vertex 40.4 5.399999998509884 8.758578643762691
    endloop
  endfacet
  facet normal -6.484781065187146e-18 0.7071067815628588 0.7071067808102364
    outer loop
      vertex 34.879898987710476 6.558578640222549 7.600000000816871
      vertex 34.05857864022255 5.399999998509884 8.758578643762691
      vertex 40.4 5.399999998509884 8.758578643762691
    endloop
  endfacet
  facet normal 0 1 0
    outer loop
      vertex 34.05857864022255 5.399999998509884 9.5
      vertex 40.79999999701977 5.399999998509884 8.758578643762691
      vertex 40.4 5.399999998509884 8.758578643762691
    endloop
  endfacet
  facet normal 0 1 0
    outer loop
      vertex 34.05857864022255 5.399999998509884 9.5
      vertex 40.79999999701977 5.399999998509884 9.5
      vertex 40.79999999701977 5.399999998509884 8.758578643762691
    endloop
  endfacet
  facet normal 1.2260848441703858e-16 0.707106781562859 0.7071067808102361
    outer loop
      vertex 34.879898987710476 6.558578640222549 7.600000000816871
      vertex 40.4 5.399999998509884 8.758578643762691
      vertex 40.4 5.926048002020892 8.232530639691774
    endloop
  endfacet
  facet normal 0 0.7071067815628584 0.7071067808102365
    outer loop
      vertex 34.879898987710476 6.558578640222549 7.600000000816871
      vertex 40.4 5.926048002020892 8.232530639691774
      vertex 40.79999999701977 6.558578640222549 7.600000000816871
    endloop
  endfacet
  facet normal 0 0 -1
    outer loop
      vertex 24.200000002980232 6.558578640222549 6.800000000000001
      vertex 31.399999998509884 10.038477629423149 6.800000000000001
      vertex 34.63847763091326 6.799999997019768 6.800000000000001
    endloop
  endfacet
  facet normal 0.5000000010675026 0.500000000149622 0.7071067803259106
    outer loop
      vertex 31.399999998509884 10.038477629423141 7.358578643762691
      vertex 30 9.458578646183014 8.758578643762691
      vertex 34.05857864022255 5.399999998509884 8.758578643762691
    endloop
  endfacet
  facet normal 0.7071067818355871 0.707106780537508 3.6524494194192917e-16
    outer loop
      vertex 34.05857864022255 5.399999998509884 8.758578643762691
      vertex 30 9.458578646183014 8.758578643762691
      vertex 30 9.458578646183014 9.5
    endloop
  endfacet
  facet normal 0 0 -1
    outer loop
      vertex 24.200000002980232 6.558578640222549 6.800000000000001
      vertex 31.158578641712666 10.27989898622036 6.800000000000001
      vertex 31.399999998509884 10.038477629423149 6.800000000000001
    endloop
  endfacet
  facet normal 0.7071067815628589 -3.4433563468680604e-16 0.7071067808102363
    outer loop
      vertex 31.399999998509884 10.038477629423141 7.358578643762691
      vertex 31.158578641712666 10.27989898622036 7.600000000816871
      vertex 30 9.458578646183014 8.758578643762691
    endloop
  endfacet
  facet normal 0.7071067811865371 0.7071067811865579 8.994786900450683e-15
    outer loop
      vertex 31.399999998509884 10.038477629423149 6.800000000000001
      vertex 31.158578641712666 10.27989898622036 6.800000000000001
      vertex 31.399999998509884 10.038477629423141 7.358578643762691
    endloop
  endfacet
  facet normal 0.7071067811865476 0.7071067811865476 0
    outer loop
      vertex 31.158578641712666 10.27989898622036 6.800000000000001
      vertex 31.158578641712666 10.27989898622036 7.600000000816871
      vertex 31.399999998509884 10.038477629423141 7.358578643762691
    endloop
  endfacet
  facet normal 0 0 1
    outer loop
      vertex 51.5 28 10
      vertex 5.8663787841796875 3.76956787109375 10
      vertex 20.369320678710938 3.76956787109375 10
    endloop
  endfacet
  facet normal 0 0 -1
    outer loop
      vertex 24.200000002980232 6.558578640222549 6.800000000000001
      vertex 24.2000000029556 21.24142135679722 6.800000000000001
      vertex 31.158578641712666 10.27989898622036 6.800000000000001
    endloop
  endfacet
  facet normal 1 0 0
    outer loop
      vertex 30 9.458578646183014 8.758578643762691
      vertex 30 18.541421353816986 9.5
      vertex 30 9.458578646183014 9.5
    endloop
  endfacet
  facet normal 1 0 0
    outer loop
      vertex 31.158578641712666 10.27989898622036 6.800000000000001
      vertex 31.158578641712666 17.72010101377964 7.600000000816871
      vertex 31.158578641712666 10.27989898622036 7.600000000816871
    endloop
  endfacet
  facet normal 0.7071067815628588 -4.527517483672284e-18 0.7071067808102363
    outer loop
      vertex 31.158578641712666 10.27989898622036 7.600000000816871
      vertex 30 18.541421353816986 8.758578643762691
      vertex 30 9.458578646183014 8.758578643762691
    endloop
  endfacet
  facet normal 0.4999999997628341 0.4999999997628341 0.7071067815219509
    outer loop
      vertex 34.63847763091326 6.799999997019768 7.358578643762691
      vertex 31.399999998509884 10.038477629423141 7.358578643762691
      vertex 34.05857864022255 5.399999998509884 8.758578643762691
    endloop
  endfacet
  facet normal 0.7071067811865475 0.7071067811865475 0
    outer loop
      vertex 34.63847763091326 6.799999997019768 6.800000000000001
      vertex 31.399999998509884 10.038477629423141 7.358578643762691
      vertex 34.63847763091326 6.799999997019768 7.358578643762691
    endloop
  endfacet
  facet normal 0.7071067811865482 0.7071067811865468 8.939993917555341e-15
    outer loop
      vertex 34.63847763091326 6.799999997019768 6.800000000000001
      vertex 31.399999998509884 10.038477629423149 6.800000000000001
      vertex 31.399999998509884 10.038477629423141 7.358578643762691
    endloop
  endfacet
  facet normal 0 0 -1
    outer loop
      vertex 30 9.458578646183014 9.5
      vertex 40.79999999701977 10.32720779786737 9.5
      vertex 40.79999999701977 5.399999998509884 9.5
    endloop
  endfacet
  facet normal 0 0 1
    outer loop
      vertex 51.5 28 10
      vertex 20.369320678710938 3.76956787109375 10
      vertex 39.791307047032674 4.9000244140625 10
    endloop
  endfacet
  facet normal 0 0 -1
    outer loop
      vertex 30 9.458578646183014 9.5
      vertex 40.79999999701977 22.072792208093095 9.5
      vertex 40.79999999701977 10.32720779786737 9.5
    endloop
  endfacet
  facet normal 0 0 1
    outer loop
      vertex 51.5 0 10
      vertex 43.423410734193915 0.05461214607893202 10
      vertex 42.99998474121094 0 10
    endloop
  endfacet
  facet normal 1 0 0
    outer loop
      vertex 40.4 5.926048002020892 8.232530639691774
      vertex 40.4 5.399999998509884 8.758578643762691
      vertex 40.4 5.399999998509884 8.758578643202782
    endloop
  endfacet
  facet normal 0 1 0
    outer loop
      vertex 40.4 5.399999998509884 8.758578643762691
      vertex 40.79999999701977 5.399999998509884 8.758578643762691
      vertex 40.4 5.399999998509884 8.758578643202782
    endloop
  endfacet
  facet normal 3.1401849401458375e-15 0.7071067811865475 0.7071067811865475
    outer loop
      vertex 40.4 5.926048002020892 8.232530639691774
      vertex 40.4 5.399999998509884 8.758578643202782
      vertex 40.79999999701977 5.926048024969823 8.23253061674284
    endloop
  endfacet
  facet normal 0 1 0
    outer loop
      vertex 34.879898987710476 6.558578640222549 6.800000000000001
      vertex 34.879898987710476 6.558578640222549 7.600000000816871
      vertex 52.20000000298023 6.558578640222549 6.800000000000001
    endloop
  endfacet
  facet normal 3.1629500241507067e-15 0.7071067815628576 0.7071067808102376
    outer loop
      vertex 40.79999999701977 6.558578640222549 7.600000000816871
      vertex 40.4 5.926048002020892 8.232530639691774
      vertex 40.79999999701977 5.926048024969823 8.23253061674284
    endloop
  endfacet
  facet normal -1 0 0
    outer loop
      vertex 40.79999999701977 6.558578640222549 7.600000000816871
      vertex 40.79999999701977 5.926048024969823 8.23253061674284
      vertex 40.79999999701977 6.558578640222549 7.600000001490116
    endloop
  endfacet
  facet normal 0 1 0
    outer loop
      vertex 34.879898987710476 6.558578640222549 7.600000000816871
      vertex 40.79999999701977 6.558578640222549 7.600000000816871
      vertex 52.20000000298023 6.558578640222549 6.800000000000001
    endloop
  endfacet
  facet normal 0 1 0
    outer loop
      vertex 40.4 5.399999998509884 8.758578643202782
      vertex 40.79999999701977 5.399999998509884 8.758578643762691
      vertex 52.2 5.399999998509884 8.758578643202782
    endloop
  endfacet
  facet normal 0 1 0
    outer loop
      vertex 40.79999999701977 5.399999998509884 8.758578643762691
      vertex 40.79999999701977 5.399999998509884 9.5
      vertex 52.2 5.399999998509884 8.758578643202782
    endloop
  endfacet
  facet normal -2.510537383656188e-16 0.7071067811865487 0.7071067811865461
    outer loop
      vertex 40.79999999701977 5.926048024969823 8.23253061674284
      vertex 40.4 5.399999998509884 8.758578643202782
      vertex 52.2 6.558578640222549 7.600000001490116
    endloop
  endfacet
  facet normal 0 1 0
    outer loop
      vertex 40.79999999701977 6.558578640222549 7.600000000816871
      vertex 40.79999999701977 6.558578640222549 7.600000001490116
      vertex 52.2 6.558578640222549 7.600000001490116
    endloop
  endfacet
  facet normal 0 0.7071067811865467 0.7071067811865486
    outer loop
      vertex 40.79999999701977 6.558578640222549 7.600000001490116
      vertex 40.79999999701977 5.926048024969823 8.23253061674284
      vertex 52.2 6.558578640222549 7.600000001490116
    endloop
  endfacet
  facet normal 0 0 -1
    outer loop
      vertex 40.79999999701977 5.399999998509884 9.5
      vertex 44.32720778733492 6.800000004470348 9.5
      vertex 52.2 5.399999998509884 9.5
    endloop
  endfacet
  facet normal 0 0 1
    outer loop
      vertex 51.5 0 10
      vertex 43.48405373127611 0.06259920275046958 10
      vertex 43.423410734193915 0.05461214607893202 10
    endloop
  endfacet
  facet normal 0 0 1
    outer loop
      vertex 51.5 0 10
      vertex 43.923908719855284 0.23038779766545628 10
      vertex 43.48405373127611 0.06259920275046958 10
    endloop
  endfacet
  facet normal 0 0 1
    outer loop
      vertex 51.5 0 10
      vertex 43.955352322809084 0.24341204607299463 10
      vertex 43.923908719855284 0.23038779766545628 10
    endloop
  endfacet
  facet normal 0 0 1
    outer loop
      vertex 51.5 0 10
      vertex 44.16039359190283 0.3717464559774423 10
      vertex 43.955352322809084 0.24341204607299463 10
    endloop
  endfacet
  facet normal 0 0 1
    outer loop
      vertex 51.5 0 10
      vertex 44.177738584860556 0.3850558274915357 10
      vertex 44.16039359190283 0.3717464559774423 10
    endloop
  endfacet
  facet normal 0 0 1
    outer loop
      vertex 51.5 0 10
      vertex 44.379983489497555 0.5524358215323254 10
      vertex 44.177738584860556 0.3850558274915357 10
    endloop
  endfacet
  facet normal 0 0 1
    outer loop
      vertex 51.5 0 10
      vertex 44.57114277864172 0.7629983149088824 10
      vertex 44.379983489497555 0.5524358215323254 10
    endloop
  endfacet
  facet normal 0 0 1
    outer loop
      vertex 51.5 0 10
      vertex 44.57294297999306 0.765344194222165 10
      vertex 44.57114277864172 0.7629983149088824 10
    endloop
  endfacet
  facet normal 0 0 1
    outer loop
      vertex 51.5 0 10
      vertex 44.73204040527344 1 10
      vertex 44.57294297999306 0.765344194222165 10
    endloop
  endfacet
  facet normal 0 0 1
    outer loop
      vertex 51.5 0 10
      vertex 44.87937927246094 1.31597900390625 10
      vertex 44.73204040527344 1 10
    endloop
  endfacet
  facet normal 0 0 1
    outer loop
      vertex 51.5 0 10
      vertex 44.96960447778109 1.6527098959660345 10
      vertex 44.87937927246094 1.31597900390625 10
    endloop
  endfacet
  facet normal 0 0 1
    outer loop
      vertex 51.5 0 10
      vertex 44.96960450377666 1.6527100934182626 10
      vertex 44.96960447778109 1.6527098959660345 10
    endloop
  endfacet
  facet normal 0 0 1
    outer loop
      vertex 51.5 0 10
      vertex 44.99999999998836 2 10
      vertex 44.96960450377666 1.6527100934182626 10
    endloop
  endfacet
  facet normal 0 0 1
    outer loop
      vertex 51.5 0 10
      vertex 44.99999999998836 2.9000244140625 10
      vertex 44.99999999998836 2 10
    endloop
  endfacet
  facet normal 0.7071067811865476 -0.7071067811865476 0
    outer loop
      vertex 51.5 0 6.800000000000001
      vertex 53 1.5 10
      vertex 51.5 0 10
    endloop
  endfacet
  facet normal 0.7071067811865476 -0.7071067811865476 0
    outer loop
      vertex 51.5 0 6.800000000000001
      vertex 53 1.5 6.800000000000001
      vertex 53 1.5 10
    endloop
  endfacet
  facet normal 0 0 -1
    outer loop
      vertex 51.5 0 6.800000000000001
      vertex 52.20000000298023 6.558578640222549 6.800000000000001
      vertex 53 1.5 6.800000000000001
    endloop
  endfacet
  facet normal 0 1 0
    outer loop
      vertex 52.2 5.399999998509884 8.758578643202782
      vertex 40.79999999701977 5.399999998509884 9.5
      vertex 52.2 5.399999998509884 9.5
    endloop
  endfacet
  facet normal -2.871162089234817e-18 0.7071067811865475 0.7071067811865475
    outer loop
      vertex 52.2 6.558578640222549 7.600000001490116
      vertex 40.4 5.399999998509884 8.758578643202782
      vertex 52.2 5.399999998509884 8.758578643202782
    endloop
  endfacet
  facet normal 0 1 0
    outer loop
      vertex 52.20000000298023 6.558578640222549 6.800000000000001
      vertex 40.79999999701977 6.558578640222549 7.600000000816871
      vertex 52.2 6.558578640222549 7.600000001490116
    endloop
  endfacet
  facet normal 0 1 0
    outer loop
      vertex 52.20000000298023 6.558578640222549 6.800000000000001
      vertex 52.2 6.558578640222549 7.600000001490116
      vertex 52.20000000298023 6.558578640222549 8.758578643762691
    endloop
  endfacet
  facet normal -1 0 0
    outer loop
      vertex 52.2 6.558578640222549 7.600000001490116
      vertex 52.2 5.399999998509884 8.758578643202782
      vertex 52.2 6.558578640222549 8.758578643762691
    endloop
  endfacet
  facet normal 0 1 0
    outer loop
      vertex 52.2 6.558578640222549 7.600000001490116
      vertex 52.2 6.558578640222549 8.758578643762691
      vertex 52.20000000298023 6.558578640222549 8.758578643762691
    endloop
  endfacet
  facet normal 0 0 -1
    outer loop
      vertex 44.32720778733492 6.800000004470348 9.5
      vertex 52.19999999403954 6.800000004470348 9.5
      vertex 52.2 5.399999998509884 9.5
    endloop
  endfacet
  facet normal 0 0 -1
    outer loop
      vertex 40.79999999701977 5.399999998509884 9.5
      vertex 40.79999999701977 10.32720779786737 9.5
      vertex 44.32720778733492 6.800000004470348 9.5
    endloop
  endfacet
  facet normal 0 0 -1
    outer loop
      vertex 44.32720778733492 6.800000004470348 9.5
      vertex 40.79999999701977 10.32720779786737 9.5
      vertex 40.79999999701977 22.072792208093095 9.5
    endloop
  endfacet
  facet normal 0 0 -1
    outer loop
      vertex 44.32720778733492 6.800000004470348 9.5
      vertex 40.79999999701977 22.072792208093095 9.5
      vertex 52.19999999403954 6.800000004470348 9.5
    endloop
  endfacet
  facet normal 0 0 1
    outer loop
      vertex 51.5 28 10
      vertex 39.791307047032674 4.9000244140625 10
      vertex 42.99998474121094 4.9000244140625 10
    endloop
  endfacet
  facet normal 0 0 1
    outer loop
      vertex 51.5 28 10
      vertex 42.99998474121094 4.9000244140625 10
      vertex 43.423410734193915 4.845412267983568 10
    endloop
  endfacet
  facet normal 0 0 1
    outer loop
      vertex 51.5 0 10
      vertex 51.5 28 10
      vertex 44.99999999998836 2.9000244140625 10
    endloop
  endfacet
  facet normal 1 0 0
    outer loop
      vertex 53 1.5 6.800000000000001
      vertex 53 26.5 10
      vertex 53 1.5 10
    endloop
  endfacet
  facet normal 0 0 1
    outer loop
      vertex 51.5 0 10
      vertex 53 1.5 10
      vertex 51.5 28 10
    endloop
  endfacet
  facet normal 0 0 1
    outer loop
      vertex 51.5 28 10
      vertex 44.379983489497555 4.34758922684227 10
      vertex 44.57114277864172 4.137026272000586 10
    endloop
  endfacet
  facet normal 0 0 1
    outer loop
      vertex 51.5 28 10
      vertex 44.96960450377666 3.247314320644237 10
      vertex 44.99999999998836 2.9000244140625 10
    endloop
  endfacet
  facet normal 0 0 1
    outer loop
      vertex 51.5 28 10
      vertex 44.96960447778109 3.247314518108107 10
      vertex 44.96960450377666 3.247314320644237 10
    endloop
  endfacet
  facet normal 0 0 1
    outer loop
      vertex 51.5 28 10
      vertex 44.87937927246094 3.58404541015625 10
      vertex 44.96960447778109 3.247314518108107 10
    endloop
  endfacet
  facet normal 0 0 1
    outer loop
      vertex 51.5 28 10
      vertex 44.73204040527344 3.9000244140625 10
      vertex 44.87937927246094 3.58404541015625 10
    endloop
  endfacet
  facet normal 0 0 1
    outer loop
      vertex 51.5 28 10
      vertex 44.57294297999306 4.134680219840335 10
      vertex 44.73204040527344 3.9000244140625 10
    endloop
  endfacet
  facet normal 0 0 1
    outer loop
      vertex 51.5 28 10
      vertex 44.57114277864172 4.137026272000586 10
      vertex 44.57294297999306 4.134680219840335 10
    endloop
  endfacet
  facet normal 0 0 1
    outer loop
      vertex 51.5 28 10
      vertex 43.423410734193915 4.845412267983568 10
      vertex 43.48405373127611 4.837428786538557 10
    endloop
  endfacet
  facet normal 0 0 1
    outer loop
      vertex 51.5 28 10
      vertex 43.48405373127611 4.837428786538557 10
      vertex 43.923908719855284 4.669638605742996 10
    endloop
  endfacet
  facet normal 0 0 1
    outer loop
      vertex 51.5 28 10
      vertex 44.16039359190283 4.528279235989341 10
      vertex 44.177738584860556 4.514969864475015 10
    endloop
  endfacet
  facet normal 0 0 1
    outer loop
      vertex 51.5 28 10
      vertex 43.955352322809084 4.6566143573359895 10
      vertex 44.16039359190283 4.528279235989341 10
    endloop
  endfacet
  facet normal 0 0 1
    outer loop
      vertex 51.5 28 10
      vertex 43.923908719855284 4.669638605742996 10
      vertex 43.955352322809084 4.6566143573359895 10
    endloop
  endfacet
  facet normal 0 0 1
    outer loop
      vertex 51.5 28 10
      vertex 44.177738584860556 4.514969864475015 10
      vertex 44.379983489497555 4.34758922684227 10
    endloop
  endfacet
  facet normal -1 0 0
    outer loop
      vertex 52.2 5.399999998509884 8.758578643202782
      vertex 52.2 5.399999998509884 9.5
      vertex 52.2 22.600000001490116 9.5
    endloop
  endfacet
  facet normal 0 0 -1
    outer loop
      vertex 53 1.5 6.800000000000001
      vertex 52.20000000298023 6.558578640222549 6.800000000000001
      vertex 53 26.5 6.800000000000001
    endloop
  endfacet
  facet normal -1 -1.677291768142726e-12 0
    outer loop
      vertex 52.20000000298023 6.558578640222549 6.800000000000001
      vertex 52.20000000298023 6.558578640222549 8.758578643762691
      vertex 52.200000002955605 21.24142135679722 6.800000000000001
    endloop
  endfacet
  facet normal 0 0 -1
    outer loop
      vertex 52.2 6.558578640222549 8.758578643762691
      vertex 52.2 21.24142135679722 8.758578643762691
      vertex 52.20000000298023 6.558578640222549 8.758578643762691
    endloop
  endfacet
  facet normal -1 0 0
    outer loop
      vertex 52.2 5.399999998509884 8.758578643202782
      vertex 52.2 22.600000001490116 9.5
      vertex 52.2 6.558578640222549 8.758578643762691
    endloop
  endfacet
  facet normal 0 0 -1
    outer loop
      vertex 52.2 5.399999998509884 9.5
      vertex 52.19999999403954 6.800000004470348 9.5
      vertex 52.2 22.600000001490116 9.5
    endloop
  endfacet
  facet normal 1 0 0
    outer loop
      vertex 30 9.458578646183014 8.758578643762691
      vertex 30 18.541421353816986 8.758578643762691
      vertex 30 18.541421353816986 9.5
    endloop
  endfacet
  facet normal 0.7071067815628588 0 0.7071067808102364
    outer loop
      vertex 31.158578641712666 10.27989898622036 7.600000000816871
      vertex 31.158578641712666 17.72010101377964 7.600000000816871
      vertex 30 18.541421353816986 8.758578643762691
    endloop
  endfacet
  facet normal 1 0 0
    outer loop
      vertex 31.158578641712666 10.27989898622036 6.800000000000001
      vertex 31.158578641712666 17.72010101377964 6.800000000000001
      vertex 31.158578641712666 17.72010101377964 7.600000000816871
    endloop
  endfacet
  facet normal 0 0 -1
    outer loop
      vertex 24.2000000029556 21.24142135679722 6.800000000000001
      vertex 31.158578641712666 17.72010101377964 6.800000000000001
      vertex 31.158578641712666 10.27989898622036 6.800000000000001
    endloop
  endfacet
  facet normal 0 0 -1
    outer loop
      vertex 24.2000000029556 21.24142135679722 6.800000000000001
      vertex 31.399999998509884 17.96152237057686 6.800000000000001
      vertex 31.158578641712666 17.72010101377964 6.800000000000001
    endloop
  endfacet
  facet normal 0.7071067815628589 3.494107107249416e-16 0.7071067808102363
    outer loop
      vertex 31.399999998509884 17.96152237057686 7.358578643762691
      vertex 30 18.541421353816986 8.758578643762691
      vertex 31.158578641712666 17.72010101377964 7.600000000816871
    endloop
  endfacet
  facet normal 0.7071067811865475 -0.7071067811865475 0
    outer loop
      vertex 31.158578641712666 17.72010101377964 6.800000000000001
      vertex 31.399999998509884 17.96152237057686 6.800000000000001
      vertex 31.399999998509884 17.96152237057686 7.358578643762691
    endloop
  endfacet
  facet normal 0.7071067811865476 -0.7071067811865476 0
    outer loop
      vertex 31.158578641712666 17.72010101377964 6.800000000000001
      vertex 31.399999998509884 17.96152237057686 7.358578643762691
      vertex 31.158578641712666 17.72010101377964 7.600000000816871
    endloop
  endfacet
  facet normal 0 0 -1
    outer loop
      vertex 24.2000000029556 21.24142135679722 6.800000000000001
      vertex 34.63847763091326 21.200000002980232 6.800000000000001
      vertex 31.399999998509884 17.96152237057686 6.800000000000001
    endloop
  endfacet
  facet normal 0.5000000010675026 -0.500000000149622 0.7071067803259106
    outer loop
      vertex 31.399999998509884 17.96152237057686 7.358578643762691
      vertex 34.05857864022255 22.600000001490116 8.758578643762691
      vertex 30 18.541421353816986 8.758578643762691
    endloop
  endfacet
  facet normal 0.7071067818355871 -0.707106780537508 0
    outer loop
      vertex 30 18.541421353816986 8.758578643762691
      vertex 34.05857864022255 22.600000001490116 9.5
      vertex 30 18.541421353816986 9.5
    endloop
  endfacet
  facet normal 0 0 -1
    outer loop
      vertex 30 9.458578646183014 9.5
      vertex 30 18.541421353816986 9.5
      vertex 40.79999999701977 22.600000001490116 9.5
    endloop
  endfacet
  facet normal 0.7071067811865475 -0.7071067811865475 0
    outer loop
      vertex 31.399999998509884 17.96152237057686 6.800000000000001
      vertex 34.63847763091326 21.200000002980232 7.358578643762691
      vertex 31.399999998509884 17.96152237057686 7.358578643762691
    endloop
  endfacet
  facet normal 0.7071067811865475 -0.7071067811865475 8.679605745199369e-17
    outer loop
      vertex 31.399999998509884 17.96152237057686 6.800000000000001
      vertex 34.63847763091326 21.200000002980232 6.800000000000001
      vertex 34.63847763091326 21.200000002980232 7.358578643762691
    endloop
  endfacet
  facet normal 0.4999999997628341 -0.4999999997628341 0.7071067815219508
    outer loop
      vertex 31.399999998509884 17.96152237057686 7.358578643762691
      vertex 34.63847763091326 21.200000002980232 7.358578643762691
      vertex 34.05857864022255 22.600000001490116 8.758578643762691
    endloop
  endfacet
  facet normal 0 0 -1
    outer loop
      vertex 30 18.541421353816986 9.5
      vertex 36.46568542271852 22.23931457877159 9.5
      vertex 36.52385622560978 22.186591640412807 9.5
    endloop
  endfacet
  facet normal 0 0 -1
    outer loop
      vertex 30 18.541421353816986 9.5
      vertex 36.52385622560978 22.186591640412807 9.5
      vertex 36.58691466152668 22.139824308753013 9.5
    endloop
  endfacet
  facet normal 0 0 -1
    outer loop
      vertex 30 18.541421353816986 9.5
      vertex 36.72522410303354 22.065896377265453 9.5
      vertex 36.799143108725545 22.039447732567787 9.5
    endloop
  endfacet
  facet normal 0 0 -1
    outer loop
      vertex 30 18.541421353816986 9.5
      vertex 36.799143108725545 22.039447732567787 9.5
      vertex 36.87529859244823 22.020371772646904 9.5
    endloop
  endfacet
  facet normal 0 0 -1
    outer loop
      vertex 30 18.541421353816986 9.5
      vertex 36.87529859244823 22.020371772646904 9.5
      vertex 36.9529571339488 22.008852221369743 9.5
    endloop
  endfacet
  facet normal 0 0 -1
    outer loop
      vertex 30 18.541421353816986 9.5
      vertex 36.65425346344709 22.099462986290455 9.5
      vertex 36.72522410303354 22.065896377265453 9.5
    endloop
  endfacet
  facet normal 0 0 -1
    outer loop
      vertex 30 18.541421353816986 9.5
      vertex 36.58691466152668 22.139824308753013 9.5
      vertex 36.65425346344709 22.099462986290455 9.5
    endloop
  endfacet
  facet normal 0 0 -1
    outer loop
      vertex 30 18.541421353816986 9.5
      vertex 36.9529571339488 22.008852221369743 9.5
      vertex 37.03137085139751 22.005000002980232 9.5
    endloop
  endfacet
  facet normal 0 0 -1
    outer loop
      vertex 30 18.541421353816986 9.5
      vertex 37.03137085139751 22.005000002980232 9.5
      vertex 37.56862914860248 22.005000002980232 9.5
    endloop
  endfacet
  facet normal 0 0 -1
    outer loop
      vertex 30 18.541421353816986 9.5
      vertex 37.56862914860248 22.005000002980232 9.5
      vertex 37.647042866051194 22.008852221369743 9.5
    endloop
  endfacet
  facet normal 0 0 -1
    outer loop
      vertex 30 18.541421353816986 9.5
      vertex 37.647042866051194 22.008852221369743 9.5
      vertex 37.72470140755176 22.020371772646904 9.5
    endloop
  endfacet
  facet normal 0 0 -1
    outer loop
      vertex 30 9.458578646183014 9.5
      vertex 40.79999999701977 22.600000001490116 9.5
      vertex 40.79999999701977 22.072792208093095 9.5
    endloop
  endfacet
  facet normal 0 0 -1
    outer loop
      vertex 24.2000000029556 21.24142135679722 6.800000000000001
      vertex 24.199999994039537 27.000000001490115 6.800000000000001
      vertex 34.63847763091326 21.200000002980232 6.800000000000001
    endloop
  endfacet
  facet normal 0 0 -1
    outer loop
      vertex 24.199999994039537 27.000000001490115 6.800000000000001
      vertex 34.679898984730244 21.24142135679722 6.800000000000001
      vertex 34.63847763091326 21.200000002980232 6.800000000000001
    endloop
  endfacet
  facet normal 0 0 -1
    outer loop
      vertex 16.32720778733492 27.000000001490115 6.800000000000001
      vertex 51.5 28 6.800000000000001
      vertex 24.199999994039537 27.000000001490115 6.800000000000001
    endloop
  endfacet
  facet normal 0.7071067818355871 -0.707106780537508 -3.6524494194192917e-16
    outer loop
      vertex 30 18.541421353816986 8.758578643762691
      vertex 34.05857864022255 22.600000001490116 8.758578643762691
      vertex 34.05857864022255 22.600000001490116 9.5
    endloop
  endfacet
  facet normal 0.7071067811865476 -0.7071067811865476 0
    outer loop
      vertex 34.63847763091326 21.200000002980232 6.800000000000001
      vertex 34.679898984730244 21.24142135679722 6.800000000000001
      vertex 34.63847763091326 21.200000002980232 7.358578643762691
    endloop
  endfacet
  facet normal 0.7071067811865476 -0.7071067811865476 0
    outer loop
      vertex 34.679898984730244 21.24142135679722 6.800000000000001
      vertex 34.679898984730244 21.24142135679722 7.399999997623764
      vertex 34.63847763091326 21.200000002980232 7.358578643762691
    endloop
  endfacet
  facet normal 0 -1 0
    outer loop
      vertex 34.679898984730244 21.24142135679722 6.800000000000001
      vertex 36.892959593879716 21.24142135679722 7.399999997623764
      vertex 34.679898984730244 21.24142135679722 7.399999997623764
    endloop
  endfacet
  facet normal 2.2315262366275992e-14 -0.707106781562868 0.707106780810227
    outer loop
      vertex 34.63847763091326 21.200000002980232 7.358578643762691
      vertex 34.679898984730244 21.24142135679722 7.399999997623764
      vertex 35.924701410531995 22.575799195136064 8.734377837382876
    endloop
  endfacet
  facet normal 2.7472280514064474e-17 -0.7071067815628588 0.7071067808102364
    outer loop
      vertex 34.63847763091326 21.200000002980232 7.358578643762691
      vertex 35.854780550756246 22.600000001490116 8.758578643762691
      vertex 34.05857864022255 22.600000001490116 8.758578643762691
    endloop
  endfacet
  facet normal 3.0830085997966225e-14 -0.7071067815628719 0.7071067808102233
    outer loop
      vertex 34.63847763091326 21.200000002980232 7.358578643762691
      vertex 35.924701410531995 22.575799195136064 8.734377837382876
      vertex 35.854780550756246 22.600000001490116 8.758578643762691
    endloop
  endfacet
  facet normal 0 -1 0
    outer loop
      vertex 34.05857864022255 22.600000001490116 8.758578643762691
      vertex 35.854780550756246 22.600000001490116 8.758578643762691
      vertex 34.05857864022255 22.600000001490116 9.5
    endloop
  endfacet
  facet normal 0 -1 0
    outer loop
      vertex 35.854780550756246 22.600000001490116 8.758578643762691
      vertex 35.854780550756246 22.600000001490116 9.5
      vertex 34.05857864022255 22.600000001490116 9.5
    endloop
  endfacet
  facet normal 0 0 -1
    outer loop
      vertex 30 18.541421353816986 9.5
      vertex 34.05857864022255 22.600000001490116 9.5
      vertex 35.854780550756246 22.600000001490116 9.5
    endloop
  endfacet
  facet normal 0 0 -1
    outer loop
      vertex 30 18.541421353816986 9.5
      vertex 36.00085689425468 22.570552267432213 9.5
      vertex 36.074775892496106 22.544103622734546 9.5
    endloop
  endfacet
  facet normal 0 0 -1
    outer loop
      vertex 30 18.541421353816986 9.5
      vertex 36.074775892496106 22.544103622734546 9.5
      vertex 36.145746539533135 22.510537013709545 9.5
    endloop
  endfacet
  facet normal 0 0 -1
    outer loop
      vertex 30 18.541421353816986 9.5
      vertex 36.21308533400297 22.470175691246986 9.5
      vertex 36.27614377737045 22.423408359587192 9.5
    endloop
  endfacet
  facet normal 0 0 -1
    outer loop
      vertex 30 18.541421353816986 9.5
      vertex 36.145746539533135 22.510537013709545 9.5
      vertex 36.21308533400297 22.470175691246986 9.5
    endloop
  endfacet
  facet normal 0 0 -1
    outer loop
      vertex 30 18.541421353816986 9.5
      vertex 35.854780550756246 22.600000001490116 9.5
      vertex 35.924701410531995 22.589628227353096 9.5
    endloop
  endfacet
  facet normal 0 0 -1
    outer loop
      vertex 30 18.541421353816986 9.5
      vertex 35.924701410531995 22.589628227353096 9.5
      vertex 36.00085689425468 22.570552267432213 9.5
    endloop
  endfacet
  facet normal 0 0 -1
    outer loop
      vertex 30 18.541421353816986 9.5
      vertex 36.334314572811124 22.37068542122841 9.5
      vertex 36.46568542271852 22.23931457877159 9.5
    endloop
  endfacet
  facet normal 0 0 -1
    outer loop
      vertex 30 18.541421353816986 9.5
      vertex 36.27614377737045 22.423408359587192 9.5
      vertex 36.334314572811124 22.37068542122841 9.5
    endloop
  endfacet
  facet normal 0 -0.7071067815628904 0.7071067808102047
    outer loop
      vertex 34.679898984730244 21.24142135679722 7.399999997623764
      vertex 36.892959593879716 21.24142135679722 7.399999997623764
      vertex 36.87529859244823 21.247534132269926 7.406112773102979
    endloop
  endfacet
  facet normal 0 -1 0
    outer loop
      vertex 34.679898984730244 21.24142135679722 6.800000000000001
      vertex 36.9529571339488 21.24142135679722 7.415574630760771
      vertex 36.892959593879716 21.24142135679722 7.399999997623764
    endloop
  endfacet
  facet normal 0 -1 0
    outer loop
      vertex 34.679898984730244 21.24142135679722 6.800000000000001
      vertex 37.03137085139751 21.24142135679722 7.422316012942414
      vertex 36.9529571339488 21.24142135679722 7.415574630760771
    endloop
  endfacet
  facet normal -1.8550876565508548e-16 -0.7071067815628571 0.707106780810238
    outer loop
      vertex 34.679898984730244 21.24142135679722 7.399999997623764
      vertex 36.87529859244823 21.247534132269926 7.406112773102979
      vertex 36.799143108725545 21.29204470548182 7.450623346362249
    endloop
  endfacet
  facet normal -2.894109895530668e-16 -0.7071067815628549 0.7071067808102401
    outer loop
      vertex 34.679898984730244 21.24142135679722 7.399999997623764
      vertex 36.799143108725545 21.29204470548182 7.450623346362249
      vertex 36.72522410303354 21.35375820986396 7.512336850810072
    endloop
  endfacet
  facet normal 9.41308857118717e-16 -0.707106781562866 0.7071067808102289
    outer loop
      vertex 34.679898984730244 21.24142135679722 7.399999997623764
      vertex 36.72522410303354 21.35375820986396 7.512336850810072
      vertex 36.65425346344709 21.43208029770011 7.5906589387295895
    endloop
  endfacet
  facet normal -1.3200215054176352e-15 -0.7071067815628544 0.7071067808102408
    outer loop
      vertex 34.679898984730244 21.24142135679722 7.399999997623764
      vertex 36.65425346344709 21.43208029770011 7.5906589387295895
      vertex 36.58691466152668 21.526256716913068 7.6848353580427835
    endloop
  endfacet
  facet normal 7.953200003581083e-16 -0.7071067815628614 0.7071067808102336
    outer loop
      vertex 34.679898984730244 21.24142135679722 7.399999997623764
      vertex 36.58691466152668 21.526256716913068 7.6848353580427835
      vertex 36.52385622560978 21.635380490940783 7.7939591321866475
    endloop
  endfacet
  facet normal 6.12609452277791e-16 -0.707106781562861 0.707106780810234
    outer loop
      vertex 34.679898984730244 21.24142135679722 7.399999997623764
      vertex 36.52385622560978 21.635380490940783 7.7939591321866475
      vertex 36.46568542271852 21.758400680619197 7.916979321996001
    endloop
  endfacet
  facet normal -1.486821538539144e-15 -0.7071067815628574 0.7071067808102376
    outer loop
      vertex 34.679898984730244 21.24142135679722 7.399999997623764
      vertex 36.46568542271852 21.758400680619197 7.916979321996001
      vertex 36.334314572811124 22.06493264678679 8.223511288489856
    endloop
  endfacet
  facet normal -3.381353827514326e-16 -0.7071067815628588 0.7071067808102365
    outer loop
      vertex 34.679898984730244 21.24142135679722 7.399999997623764
      vertex 36.334314572811124 22.06493264678679 8.223511288489856
      vertex 36.27614377737045 22.187952836465204 8.346531478299209
    endloop
  endfacet
  facet normal 0 -1 0
    outer loop
      vertex 34.679898984730244 21.24142135679722 6.800000000000001
      vertex 37.56862914860248 21.24142135679722 7.422316012942414
      vertex 37.03137085139751 21.24142135679722 7.422316012942414
    endloop
  endfacet
  facet normal 0 -1 0
    outer loop
      vertex 34.679898984730244 21.24142135679722 6.800000000000001
      vertex 37.647042866051194 21.24142135679722 7.415574630760771
      vertex 37.56862914860248 21.24142135679722 7.422316012942414
    endloop
  endfacet
  facet normal 0 -1 0
    outer loop
      vertex 34.679898984730244 21.24142135679722 6.800000000000001
      vertex 37.707040406120285 21.24142135679722 7.399999997623764
      vertex 37.647042866051194 21.24142135679722 7.415574630760771
    endloop
  endfacet
  facet normal 0 -1 0
    outer loop
      vertex 34.679898984730244 21.24142135679722 6.800000000000001
      vertex 38.20034012074099 21.24142135679722 7.399999997623764
      vertex 37.707040406120285 21.24142135679722 7.399999997623764
    endloop
  endfacet
  facet normal 0 -1 0
    outer loop
      vertex 34.679898984730244 21.24142135679722 6.800000000000001
      vertex 38.56509361377069 21.24142135679722 7.355043109856759
      vertex 38.20034012074099 21.24142135679722 7.399999997623764
    endloop
  endfacet
  facet normal -0.3798666865979722 -0.8031607150238059 0.4589489800136034
    outer loop
      vertex 36.72522410303354 21.35375820986396 7.512336850810072
      vertex 36.65425346344709 22.099462986290455 8.758578643762691
      vertex 36.65425346344709 21.43208029770011 7.5906589387295895
    endloop
  endfacet
  facet normal -0.2966758179940936 -0.8291533169153227 0.4738018953801831
    outer loop
      vertex 36.799143108725545 21.29204470548182 7.450623346362249
      vertex 36.72522410303354 22.065896377265453 8.758578643762691
      vertex 36.72522410303354 21.35375820986396 7.512336850810072
    endloop
  endfacet
  facet normal -0.4616354279408265 -0.7701922222788548 0.4401098413022017
    outer loop
      vertex 36.65425346344709 21.43208029770011 7.5906589387295895
      vertex 36.58691466152668 22.139824308753013 8.758578643762691
      vertex 36.58691466152668 21.526256716913068 7.6848353580427835
    endloop
  endfacet
  facet normal -0.21251579319046737 -0.8484104127002787 0.4848059501144444
    outer loop
      vertex 36.87529859244823 21.247534132269926 7.406112773102979
      vertex 36.799143108725545 22.039447732567787 8.758578643762691
      vertex 36.799143108725545 21.29204470548182 7.450623346362249
    endloop
  endfacet
  facet normal -0.12773660132546366 -0.8611306045266589 0.4920746311580902
    outer loop
      vertex 36.892959593879716 21.24142135679722 7.399999997623764
      vertex 36.87529859244823 22.020371772646904 8.758578643762691
      vertex 36.87529859244823 21.247534132269926 7.406112773102979
    endloop
  endfacet
  facet normal -0.1277366013254982 -0.861130604526655 0.4920746311580879
    outer loop
      vertex 36.892959593879716 21.24142135679722 7.399999997623764
      vertex 36.9529571339488 21.24142135679722 7.415574630760771
      vertex 36.9529571339488 22.008852221369743 8.758578643762691
    endloop
  endfacet
  facet normal -0.04261529574035143 -0.8674543915466256 0.49568822374092764
    outer loop
      vertex 36.9529571339488 21.24142135679722 7.415574630760771
      vertex 37.03137085139751 21.24142135679722 7.422316012942414
      vertex 37.03137085139751 22.005000002980232 8.758578643762691
    endloop
  endfacet
  facet normal -0.5413975414142645 -0.729989951515445 0.4171371151516825
    outer loop
      vertex 36.58691466152668 21.526256716913068 7.6848353580427835
      vertex 36.52385622560978 22.186591640412807 8.758578643762691
      vertex 36.52385622560978 21.635380490940783 7.7939591321866475
    endloop
  endfacet
  facet normal -0.3798666865979917 -0.8031607150237995 0.4589489800135984
    outer loop
      vertex 36.72522410303354 21.35375820986396 7.512336850810072
      vertex 36.72522410303354 22.065896377265453 8.758578643762691
      vertex 36.65425346344709 22.099462986290455 8.758578643762691
    endloop
  endfacet
  facet normal -0.2966758179940812 -0.8291533169153257 0.4738018953801854
    outer loop
      vertex 36.799143108725545 21.29204470548182 7.450623346362249
      vertex 36.799143108725545 22.039447732567787 8.758578643762691
      vertex 36.72522410303354 22.065896377265453 8.758578643762691
    endloop
  endfacet
  facet normal -0.12773660132549092 -0.861130604526656 0.4920746311580882
    outer loop
      vertex 36.892959593879716 21.24142135679722 7.399999997623764
      vertex 36.9529571339488 22.008852221369743 8.758578643762691
      vertex 36.87529859244823 22.020371772646904 8.758578643762691
    endloop
  endfacet
  facet normal -0.0426152957403635 -0.867454391546625 0.49568822374092786
    outer loop
      vertex 36.9529571339488 21.24142135679722 7.415574630760771
      vertex 37.03137085139751 22.005000002980232 8.758578643762691
      vertex 36.9529571339488 22.008852221369743 8.758578643762691
    endloop
  endfacet
  facet normal -0.21251579319046762 -0.8484104127002787 0.48480595011444444
    outer loop
      vertex 36.87529859244823 21.247534132269926 7.406112773102979
      vertex 36.87529859244823 22.020371772646904 8.758578643762691
      vertex 36.799143108725545 22.039447732567787 8.758578643762691
    endloop
  endfacet
  facet normal -2.1583515986417113e-17 -0.8682431421244597 0.49613893835683287
    outer loop
      vertex 37.03137085139751 21.24142135679722 7.422316012942414
      vertex 37.56862914860248 22.005000002980232 8.758578643762691
      vertex 37.03137085139751 22.005000002980232 8.758578643762691
    endloop
  endfacet
  facet normal 5.330248093083352e-15 -0.707106781562862 0.7071067808102333
    outer loop
      vertex 34.679898984730244 21.24142135679722 7.399999997623764
      vertex 36.21308533400297 22.297076610492923 8.455655252443073
      vertex 36.145746539533135 22.391253029705876 8.549831671756266
    endloop
  endfacet
  facet normal -7.888469447117497e-15 -0.7071067815628548 0.7071067808102401
    outer loop
      vertex 34.679898984730244 21.24142135679722 7.399999997623764
      vertex 36.074775892496106 22.46957511754203 8.628153759675785
      vertex 36.00085689425468 22.531288621924165 8.689867264123606
    endloop
  endfacet
  facet normal 1.1453168926471045e-14 -0.7071067815628658 0.7071067808102294
    outer loop
      vertex 34.679898984730244 21.24142135679722 7.399999997623764
      vertex 36.145746539533135 22.391253029705876 8.549831671756266
      vertex 36.074775892496106 22.46957511754203 8.628153759675785
    endloop
  endfacet
  facet normal -7.710232583906928e-15 -0.7071067815628523 0.7071067808102426
    outer loop
      vertex 34.679898984730244 21.24142135679722 7.399999997623764
      vertex 36.27614377737045 22.187952836465204 8.346531478299209
      vertex 36.21308533400297 22.297076610492923 8.455655252443073
    endloop
  endfacet
  facet normal -2.1730826196156833e-14 -0.7071067815628471 0.7071067808102479
    outer loop
      vertex 34.679898984730244 21.24142135679722 7.399999997623764
      vertex 36.00085689425468 22.531288621924165 8.689867264123606
      vertex 35.924701410531995 22.575799195136064 8.734377837382876
    endloop
  endfacet
  facet normal -0.6184119618982659 -0.6823124213761932 0.389892812214965
    outer loop
      vertex 36.334314572811124 22.06493264678679 8.223511288489856
      vertex 36.27614377737045 22.423408359587192 8.758578643762691
      vertex 36.27614377737045 22.187952836465204 8.346531478299209
    endloop
  endfacet
  facet normal -0.6184119618982626 -0.6823124213761952 0.38989281221496674
    outer loop
      vertex 36.334314572811124 22.06493264678679 8.223511288489856
      vertex 36.334314572811124 22.37068542122841 8.758578643762691
      vertex 36.27614377737045 22.423408359587192 8.758578643762691
    endloop
  endfacet
  facet normal -0.3798666524735877 -0.8031607271906033 0.458948986966059
    outer loop
      vertex 36.145746539533135 22.391253029705876 8.549831671756266
      vertex 36.074775892496106 22.544103622734546 8.758578643762691
      vertex 36.074775892496106 22.46957511754203 8.628153759675785
    endloop
  endfacet
  facet normal -0.541397496196009 -0.7299899767965452 0.417137129598016
    outer loop
      vertex 36.27614377737045 22.187952836465204 8.346531478299209
      vertex 36.21308533400297 22.470175691246986 8.758578643762691
      vertex 36.21308533400297 22.297076610492923 8.455655252443073
    endloop
  endfacet
  facet normal -0.5413974961959745 -0.7299899767965613 0.41713712959803234
    outer loop
      vertex 36.27614377737045 22.187952836465204 8.346531478299209
      vertex 36.27614377737045 22.423408359587192 8.758578643762691
      vertex 36.21308533400297 22.470175691246986 8.758578643762691
    endloop
  endfacet
  facet normal -0.4616354681327925 -0.7701922041186009 0.4401098309249054
    outer loop
      vertex 36.21308533400297 22.297076610492923 8.455655252443073
      vertex 36.145746539533135 22.510537013709545 8.758578643762691
      vertex 36.145746539533135 22.391253029705876 8.549831671756266
    endloop
  endfacet
  facet normal -0.12773658927040688 -0.8611306058747624 0.49207463192825507
    outer loop
      vertex 35.924701410531995 22.575799195136064 8.734377837382876
      vertex 35.924701410531995 22.589628227353096 8.758578643762691
      vertex 35.854780550756246 22.600000001490116 8.758578643762691
    endloop
  endfacet
  facet normal -0.14673039628196172 -0.9891765215607063 1.0768356611184085e-19
    outer loop
      vertex 35.854780550756246 22.600000001490116 8.758578643762691
      vertex 35.924701410531995 22.589628227353096 8.758578643762691
      vertex 35.924701410531995 22.589628227353096 9.5
    endloop
  endfacet
  facet normal -0.14673039628196172 -0.9891765215607063 0
    outer loop
      vertex 35.854780550756246 22.600000001490116 8.758578643762691
      vertex 35.924701410531995 22.589628227353096 9.5
      vertex 35.854780550756246 22.600000001490116 9.5
    endloop
  endfacet
  facet normal -0.29667584526524515 -0.8291533095594688 0.473801891176821
    outer loop
      vertex 36.074775892496106 22.46957511754203 8.628153759675785
      vertex 36.00085689425468 22.570552267432213 8.758578643762691
      vertex 36.00085689425468 22.531288621924165 8.689867264123606
    endloop
  endfacet
  facet normal -0.2966758452652129 -0.8291533095594695 0.47380189117683974
    outer loop
      vertex 36.074775892496106 22.46957511754203 8.628153759675785
      vertex 36.074775892496106 22.544103622734546 8.758578643762691
      vertex 36.00085689425468 22.570552267432213 8.758578643762691
    endloop
  endfacet
  facet normal -0.37986665247361384 -0.8031607271905982 0.45894898696604625
    outer loop
      vertex 36.145746539533135 22.391253029705876 8.549831671756266
      vertex 36.145746539533135 22.510537013709545 8.758578643762691
      vertex 36.074775892496106 22.544103622734546 8.758578643762691
    endloop
  endfacet
  facet normal -0.4616354681327962 -0.7701922041185996 0.4401098309249037
    outer loop
      vertex 36.21308533400297 22.297076610492923 8.455655252443073
      vertex 36.21308533400297 22.470175691246986 8.758578643762691
      vertex 36.145746539533135 22.510537013709545 8.758578643762691
    endloop
  endfacet
  facet normal -0.4275550190500273 -0.9039893283026802 0
    outer loop
      vertex 36.145746539533135 22.510537013709545 8.758578643762691
      vertex 36.145746539533135 22.510537013709545 9.5
      vertex 36.074775892496106 22.544103622734546 9.5
    endloop
  endfacet
  facet normal -0.6715589729696431 -0.7409511089295691 0
    outer loop
      vertex 36.334314572811124 22.37068542122841 8.758578643762691
      vertex 36.27614377737045 22.423408359587192 9.5
      vertex 36.27614377737045 22.423408359587192 8.758578643762691
    endloop
  endfacet
  facet normal -0.6715589729696431 -0.7409511089295691 0
    outer loop
      vertex 36.334314572811124 22.37068542122841 8.758578643762691
      vertex 36.334314572811124 22.37068542122841 9.5
      vertex 36.27614377737045 22.423408359587192 9.5
    endloop
  endfacet
  facet normal -0.5956993265912575 -0.8032075150910394 0
    outer loop
      vertex 36.21308533400297 22.470175691246986 8.758578643762691
      vertex 36.27614377737045 22.423408359587192 8.758578643762691
      vertex 36.21308533400297 22.470175691246986 9.5
    endloop
  endfacet
  facet normal -0.5141027658906873 -0.8577285969953113 0
    outer loop
      vertex 36.145746539533135 22.510537013709545 8.758578643762691
      vertex 36.21308533400297 22.470175691246986 8.758578643762691
      vertex 36.145746539533135 22.510537013709545 9.5
    endloop
  endfacet
  facet normal -0.5956993265912575 -0.8032075150910394 0
    outer loop
      vertex 36.27614377737045 22.423408359587192 8.758578643762691
      vertex 36.27614377737045 22.423408359587192 9.5
      vertex 36.21308533400297 22.470175691246986 9.5
    endloop
  endfacet
  facet normal -0.5141027658906873 -0.8577285969953113 0
    outer loop
      vertex 36.21308533400297 22.470175691246986 8.758578643762691
      vertex 36.21308533400297 22.470175691246986 9.5
      vertex 36.145746539533135 22.510537013709545 9.5
    endloop
  endfacet
  facet normal -0.21251579319062228 -0.848410412700326 0.48480595011429395
    outer loop
      vertex 36.00085689425468 22.531288621924165 8.689867264123606
      vertex 35.924701410531995 22.589628227353096 8.758578643762691
      vertex 35.924701410531995 22.575799195136064 8.734377837382876
    endloop
  endfacet
  facet normal -0.21251579319046882 -0.8484104127002863 0.48480595011443056
    outer loop
      vertex 36.00085689425468 22.531288621924165 8.689867264123606
      vertex 36.00085689425468 22.570552267432213 8.758578643762691
      vertex 35.924701410531995 22.589628227353096 8.758578643762691
    endloop
  endfacet
  facet normal -0.24298023145634273 -0.9700312402811686 0
    outer loop
      vertex 35.924701410531995 22.589628227353096 8.758578643762691
      vertex 36.00085689425468 22.570552267432213 8.758578643762691
      vertex 35.924701410531995 22.589628227353096 9.5
    endloop
  endfacet
  facet normal -0.33688990096538984 -0.9415440481610671 0
    outer loop
      vertex 36.00085689425468 22.570552267432213 8.758578643762691
      vertex 36.074775892496106 22.544103622734546 8.758578643762691
      vertex 36.00085689425468 22.570552267432213 9.5
    endloop
  endfacet
  facet normal -0.4275550190500273 -0.9039893283026802 0
    outer loop
      vertex 36.145746539533135 22.510537013709545 8.758578643762691
      vertex 36.074775892496106 22.544103622734546 9.5
      vertex 36.074775892496106 22.544103622734546 8.758578643762691
    endloop
  endfacet
  facet normal -0.24298023145634273 -0.9700312402811686 0
    outer loop
      vertex 36.00085689425468 22.570552267432213 8.758578643762691
      vertex 36.00085689425468 22.570552267432213 9.5
      vertex 35.924701410531995 22.589628227353096 9.5
    endloop
  endfacet
  facet normal -0.33688990096538984 -0.9415440481610671 0
    outer loop
      vertex 36.074775892496106 22.544103622734546 8.758578643762691
      vertex 36.074775892496106 22.544103622734546 9.5
      vertex 36.00085689425468 22.570552267432213 9.5
    endloop
  endfacet
  facet normal -0.6184119129827238 -0.6823124547975561 0.38989283131288915
    outer loop
      vertex 36.52385622560978 21.635380490940783 7.7939591321866475
      vertex 36.46568542271852 22.23931457877159 8.758578643762691
      vertex 36.46568542271852 21.758400680619197 7.916979321996001
    endloop
  endfacet
  facet normal -0.6556100469067352 -0.6556100840890643 0.37463433376517774
    outer loop
      vertex 36.46568542271852 21.758400680619197 7.916979321996001
      vertex 36.334314572811124 22.37068542122841 8.758578643762691
      vertex 36.334314572811124 22.06493264678679 8.223511288489856
    endloop
  endfacet
  facet normal -0.5413975414142728 -0.7299899515154407 0.41713711515167934
    outer loop
      vertex 36.58691466152668 21.526256716913068 7.6848353580427835
      vertex 36.58691466152668 22.139824308753013 8.758578643762691
      vertex 36.52385622560978 22.186591640412807 8.758578643762691
    endloop
  endfacet
  facet normal -0.6184119129827272 -0.6823124547975539 0.38989283131288754
    outer loop
      vertex 36.52385622560978 21.635380490940783 7.7939591321866475
      vertex 36.52385622560978 22.186591640412807 8.758578643762691
      vertex 36.46568542271852 22.23931457877159 8.758578643762691
    endloop
  endfacet
  facet normal -0.46163542794081136 -0.7701922222788611 0.44010984130220643
    outer loop
      vertex 36.65425346344709 21.43208029770011 7.5906589387295895
      vertex 36.65425346344709 22.099462986290455 8.758578643762691
      vertex 36.58691466152668 22.139824308753013 8.758578643762691
    endloop
  endfacet
  facet normal -0.6556100469067276 -0.6556100840890692 0.37463433376518235
    outer loop
      vertex 36.46568542271852 21.758400680619197 7.916979321996001
      vertex 36.46568542271852 22.23931457877159 8.758578643762691
      vertex 36.334314572811124 22.37068542122841 8.758578643762691
    endloop
  endfacet
  facet normal -0.4275550557300843 -0.903989310954308 0
    outer loop
      vertex 36.72522410303354 22.065896377265453 8.758578643762691
      vertex 36.65425346344709 22.099462986290455 9.5
      vertex 36.65425346344709 22.099462986290455 8.758578643762691
    endloop
  endfacet
  facet normal -0.33688987086283995 -0.9415440589319328 0
    outer loop
      vertex 36.72522410303354 22.065896377265453 8.758578643762691
      vertex 36.799143108725545 22.039447732567787 8.758578643762691
      vertex 36.72522410303354 22.065896377265453 9.5
    endloop
  endfacet
  facet normal -0.4275550557300843 -0.903989310954308 0
    outer loop
      vertex 36.72522410303354 22.065896377265453 8.758578643762691
      vertex 36.72522410303354 22.065896377265453 9.5
      vertex 36.65425346344709 22.099462986290455 9.5
    endloop
  endfacet
  facet normal -0.33688987086283995 -0.9415440589319328 0
    outer loop
      vertex 36.799143108725545 22.039447732567787 8.758578643762691
      vertex 36.799143108725545 22.039447732567787 9.5
      vertex 36.72522410303354 22.065896377265453 9.5
    endloop
  endfacet
  facet normal -0.5956993719989603 -0.803207481414388 0
    outer loop
      vertex 36.58691466152668 22.139824308753013 8.758578643762691
      vertex 36.52385622560978 22.186591640412807 9.5
      vertex 36.52385622560978 22.186591640412807 8.758578643762691
    endloop
  endfacet
  facet normal -0.5956993719989603 -0.803207481414388 0
    outer loop
      vertex 36.58691466152668 22.139824308753013 8.758578643762691
      vertex 36.58691466152668 22.139824308753013 9.5
      vertex 36.52385622560978 22.186591640412807 9.5
    endloop
  endfacet
  facet normal -0.6715589257472103 -0.7409511517294868 0
    outer loop
      vertex 36.52385622560978 22.186591640412807 8.758578643762691
      vertex 36.46568542271852 22.23931457877159 9.5
      vertex 36.46568542271852 22.23931457877159 8.758578643762691
    endloop
  endfacet
  facet normal -0.7071067611350814 -0.707106801238013 0
    outer loop
      vertex 36.46568542271852 22.23931457877159 8.758578643762691
      vertex 36.46568542271852 22.23931457877159 9.5
      vertex 36.334314572811124 22.37068542122841 9.5
    endloop
  endfacet
  facet normal -0.6715589257472103 -0.7409511517294868 0
    outer loop
      vertex 36.52385622560978 22.186591640412807 8.758578643762691
      vertex 36.52385622560978 22.186591640412807 9.5
      vertex 36.46568542271852 22.23931457877159 9.5
    endloop
  endfacet
  facet normal -0.5141027240427101 -0.8577286220780237 0
    outer loop
      vertex 36.58691466152668 22.139824308753013 8.758578643762691
      vertex 36.65425346344709 22.099462986290455 8.758578643762691
      vertex 36.58691466152668 22.139824308753013 9.5
    endloop
  endfacet
  facet normal -0.5141027240427101 -0.8577286220780237 0
    outer loop
      vertex 36.65425346344709 22.099462986290455 8.758578643762691
      vertex 36.65425346344709 22.099462986290455 9.5
      vertex 36.58691466152668 22.139824308753013 9.5
    endloop
  endfacet
  facet normal -0.24298023145634273 -0.9700312402811686 0
    outer loop
      vertex 36.799143108725545 22.039447732567787 8.758578643762691
      vertex 36.87529859244823 22.020371772646904 8.758578643762691
      vertex 36.799143108725545 22.039447732567787 9.5
    endloop
  endfacet
  facet normal -0.14673041005620283 -0.9891765195174916 0
    outer loop
      vertex 36.87529859244823 22.020371772646904 8.758578643762691
      vertex 36.9529571339488 22.008852221369743 8.758578643762691
      vertex 36.87529859244823 22.020371772646904 9.5
    endloop
  endfacet
  facet normal -0.049067667625102826 -0.9987954565344359 0
    outer loop
      vertex 36.9529571339488 22.008852221369743 8.758578643762691
      vertex 37.03137085139751 22.005000002980232 8.758578643762691
      vertex 36.9529571339488 22.008852221369743 9.5
    endloop
  endfacet
  facet normal -0.24298023145634273 -0.9700312402811686 0
    outer loop
      vertex 36.87529859244823 22.020371772646904 8.758578643762691
      vertex 36.87529859244823 22.020371772646904 9.5
      vertex 36.799143108725545 22.039447732567787 9.5
    endloop
  endfacet
  facet normal -0.14673041005620283 -0.9891765195174916 0
    outer loop
      vertex 36.9529571339488 22.008852221369743 8.758578643762691
      vertex 36.9529571339488 22.008852221369743 9.5
      vertex 36.87529859244823 22.020371772646904 9.5
    endloop
  endfacet
  facet normal -0.049067667625102826 -0.9987954565344359 0
    outer loop
      vertex 37.03137085139751 22.005000002980232 8.758578643762691
      vertex 37.03137085139751 22.005000002980232 9.5
      vertex 36.9529571339488 22.008852221369743 9.5
    endloop
  endfacet
  facet normal 0 -1 0
    outer loop
      vertex 37.03137085139751 22.005000002980232 8.758578643762691
      vertex 37.56862914860248 22.005000002980232 8.758578643762691
      vertex 37.03137085139751 22.005000002980232 9.5
    endloop
  endfacet
  facet normal -0.7071067611350814 -0.707106801238013 0
    outer loop
      vertex 36.334314572811124 22.37068542122841 8.758578643762691
      vertex 36.46568542271852 22.23931457877159 8.758578643762691
      vertex 36.334314572811124 22.37068542122841 9.5
    endloop
  endfacet
  facet normal 0 -1 0
    outer loop
      vertex 34.679898984730244 21.24142135679722 6.800000000000001
      vertex 38.56862914767353 21.24142135679722 6.800000000000001
      vertex 38.56862914767353 21.24142135679722 7.355043109856759
    endloop
  endfacet
  facet normal 0 -1 0
    outer loop
      vertex 34.679898984730244 21.24142135679722 6.800000000000001
      vertex 38.56862914767353 21.24142135679722 7.355043109856759
      vertex 38.56509361377069 21.24142135679722 7.355043109856759
    endloop
  endfacet
  facet normal 0.12773660132549328 -0.8611306045266331 0.49207463115812733
    outer loop
      vertex 37.707040406120285 21.24142135679722 7.399999997623764
      vertex 37.72470140755176 21.247534132269926 7.406112773102979
      vertex 37.647042866051194 21.24142135679722 7.415574630760771
    endloop
  endfacet
  facet normal 0 -0.7071067815628904 0.7071067808102047
    outer loop
      vertex 37.707040406120285 21.24142135679722 7.399999997623764
      vertex 38.20034012074099 21.24142135679722 7.399999997623764
      vertex 37.72470140755176 21.247534132269926 7.406112773102979
    endloop
  endfacet
  facet normal 8.419466550645941e-16 -0.7071067815628576 0.7071067808102375
    outer loop
      vertex 38.20034012074099 21.24142135679722 7.399999997623764
      vertex 37.80085689127445 21.29204470548182 7.450623346362249
      vertex 37.72470140755176 21.247534132269926 7.406112773102979
    endloop
  endfacet
  facet normal 1.354369657726094e-15 -0.7071067815628556 0.7071067808102395
    outer loop
      vertex 38.20034012074099 21.24142135679722 7.399999997623764
      vertex 37.874775896966455 21.35375820986396 7.512336850810072
      vertex 37.80085689127445 21.29204470548182 7.450623346362249
    endloop
  endfacet
  facet normal -4.755290387703461e-15 -0.7071067815628643 0.7071067808102306
    outer loop
      vertex 38.20034012074099 21.24142135679722 7.399999997623764
      vertex 37.9457465365529 21.43208029770011 7.5906589387295895
      vertex 37.874775896966455 21.35375820986396 7.512336850810072
    endloop
  endfacet
  facet normal 7.110065080637255e-15 -0.7071067815628566 0.7071067808102387
    outer loop
      vertex 38.20034012074099 21.24142135679722 7.399999997623764
      vertex 38.01308533847332 21.526256716913068 7.6848353580427835
      vertex 37.9457465365529 21.43208029770011 7.5906589387295895
    endloop
  endfacet
  facet normal 0 -0.8682431421244597 0.49613893835683287
    outer loop
      vertex 37.03137085139751 21.24142135679722 7.422316012942414
      vertex 37.56862914860248 21.24142135679722 7.422316012942414
      vertex 37.56862914860248 22.005000002980232 8.758578643762691
    endloop
  endfacet
  facet normal 0.04261529574035147 -0.8674543915466254 0.49568822374092814
    outer loop
      vertex 37.56862914860248 21.24142135679722 7.422316012942414
      vertex 37.647042866051194 21.24142135679722 7.415574630760771
      vertex 37.647042866051194 22.008852221369743 8.758578643762691
    endloop
  endfacet
  facet normal 0.12773660132549033 -0.8611306045266559 0.4920746311580884
    outer loop
      vertex 37.647042866051194 21.24142135679722 7.415574630760771
      vertex 37.72470140755176 21.247534132269926 7.406112773102979
      vertex 37.647042866051194 22.008852221369743 8.758578643762691
    endloop
  endfacet
  facet normal -4.658269705736799e-15 -0.7071067815628603 0.7071067808102347
    outer loop
      vertex 38.20034012074099 21.24142135679722 7.399999997623764
      vertex 38.07614377439022 21.635380490940783 7.7939591321866475
      vertex 38.01308533847332 21.526256716913068 7.6848353580427835
    endloop
  endfacet
  facet normal 0.21251579319046734 -0.8484104127002787 0.48480595011444444
    outer loop
      vertex 37.72470140755176 21.247534132269926 7.406112773102979
      vertex 37.80085689127445 21.29204470548182 7.450623346362249
      vertex 37.72470140755176 22.020371772646904 8.758578643762691
    endloop
  endfacet
  facet normal 0.2966758179940929 -0.8291533169153226 0.4738018953801837
    outer loop
      vertex 37.80085689127445 21.29204470548182 7.450623346362249
      vertex 37.874775896966455 21.35375820986396 7.512336850810072
      vertex 37.80085689127445 22.039447732567787 8.758578643762691
    endloop
  endfacet
  facet normal 0.3798666865979736 -0.8031607150238059 0.4589489800136021
    outer loop
      vertex 37.874775896966455 21.35375820986396 7.512336850810072
      vertex 37.9457465365529 21.43208029770011 7.5906589387295895
      vertex 37.874775896966455 22.065896377265453 8.758578643762691
    endloop
  endfacet
  facet normal 0.4616354279408252 -0.770192222278855 0.4401098413022029
    outer loop
      vertex 37.9457465365529 21.43208029770011 7.5906589387295895
      vertex 38.01308533847332 21.526256716913068 7.6848353580427835
      vertex 37.9457465365529 22.099462986290455 8.758578643762691
    endloop
  endfacet
  facet normal 0 -1 0
    outer loop
      vertex 38.20034012074099 21.24142135679722 7.399999997623764
      vertex 38.56509361377069 21.24142135679722 7.355043109856759
      vertex 38.610050501498414 21.24142135679722 7.399999997623764
    endloop
  endfacet
  facet normal -4.060618394265157e-15 -0.7071067815628602 0.7071067808102348
    outer loop
      vertex 38.20034012074099 21.24142135679722 7.399999997623764
      vertex 38.13431457728147 21.758400680619197 7.916979321996001
      vertex 38.07614377439022 21.635380490940783 7.7939591321866475
    endloop
  endfacet
  facet normal 1.0103099142996821e-14 -0.7071067815628592 0.7071067808102357
    outer loop
      vertex 38.20034012074099 21.24142135679722 7.399999997623764
      vertex 38.26568542718887 22.06493264678679 8.223511288489856
      vertex 38.13431457728147 21.758400680619197 7.916979321996001
    endloop
  endfacet
  facet normal -6.265595918864135e-16 -0.7071067815628589 0.7071067808102361
    outer loop
      vertex 38.20034012074099 21.24142135679722 7.399999997623764
      vertex 40.4 22.136396106353693 8.294974748132825
      vertex 38.26568542718887 22.06493264678679 8.223511288489856
    endloop
  endfacet
  facet normal 0.0426152957403626 -0.8674543915466252 0.4956882237409274
    outer loop
      vertex 37.56862914860248 21.24142135679722 7.422316012942414
      vertex 37.647042866051194 22.008852221369743 8.758578643762691
      vertex 37.56862914860248 22.005000002980232 8.758578643762691
    endloop
  endfacet
  facet normal 0.1277366013254899 -0.8611306045266559 0.49207463115808847
    outer loop
      vertex 37.72470140755176 21.247534132269926 7.406112773102979
      vertex 37.72470140755176 22.020371772646904 8.758578643762691
      vertex 37.647042866051194 22.008852221369743 8.758578643762691
    endloop
  endfacet
  facet normal 0.21251579319046746 -0.8484104127002787 0.4848059501144444
    outer loop
      vertex 37.80085689127445 21.29204470548182 7.450623346362249
      vertex 37.80085689127445 22.039447732567787 8.758578643762691
      vertex 37.72470140755176 22.020371772646904 8.758578643762691
    endloop
  endfacet
  facet normal 0.2966758179940826 -0.8291533169153257 0.47380189538018475
    outer loop
      vertex 37.874775896966455 21.35375820986396 7.512336850810072
      vertex 37.874775896966455 22.065896377265453 8.758578643762691
      vertex 37.80085689127445 22.039447732567787 8.758578643762691
    endloop
  endfacet
  facet normal 0.5413975414142654 -0.7299899515154448 0.4171371151516817
    outer loop
      vertex 38.01308533847332 21.526256716913068 7.6848353580427835
      vertex 38.07614377439022 21.635380490940783 7.7939591321866475
      vertex 38.01308533847332 22.139824308753013 8.758578643762691
    endloop
  endfacet
  facet normal 0.6184119129827242 -0.6823124547975559 0.3898928313128887
    outer loop
      vertex 38.07614377439022 21.635380490940783 7.7939591321866475
      vertex 38.13431457728147 21.758400680619197 7.916979321996001
      vertex 38.07614377439022 22.186591640412807 8.758578643762691
    endloop
  endfacet
  facet normal 0.379866686597992 -0.8031607150237988 0.45894898001359935
    outer loop
      vertex 37.9457465365529 21.43208029770011 7.5906589387295895
      vertex 37.9457465365529 22.099462986290455 8.758578643762691
      vertex 37.874775896966455 22.065896377265453 8.758578643762691
    endloop
  endfacet
  facet normal 0.4616354279408113 -0.7701922222788616 0.44010984130220554
    outer loop
      vertex 38.01308533847332 21.526256716913068 7.6848353580427835
      vertex 38.01308533847332 22.139824308753013 8.758578643762691
      vertex 37.9457465365529 22.099462986290455 8.758578643762691
    endloop
  endfacet
  facet normal 0.5413975414142725 -0.7299899515154405 0.41713711515167995
    outer loop
      vertex 38.07614377439022 21.635380490940783 7.7939591321866475
      vertex 38.07614377439022 22.186591640412807 8.758578643762691
      vertex 38.01308533847332 22.139824308753013 8.758578643762691
    endloop
  endfacet
  facet normal 0.6184119129827274 -0.6823124547975538 0.38989283131288777
    outer loop
      vertex 38.13431457728147 21.758400680619197 7.916979321996001
      vertex 38.13431457728147 22.23931457877159 8.758578643762691
      vertex 38.07614377439022 22.186591640412807 8.758578643762691
    endloop
  endfacet
  facet normal 0 -1 0
    outer loop
      vertex 37.56862914860248 22.005000002980232 8.758578643762691
      vertex 37.56862914860248 22.005000002980232 9.5
      vertex 37.03137085139751 22.005000002980232 9.5
    endloop
  endfacet
  facet normal 0.049067667625102826 -0.9987954565344359 0
    outer loop
      vertex 37.56862914860248 22.005000002980232 8.758578643762691
      vertex 37.647042866051194 22.008852221369743 8.758578643762691
      vertex 37.56862914860248 22.005000002980232 9.5
    endloop
  endfacet
  facet normal 0.14673041005620283 -0.9891765195174916 0
    outer loop
      vertex 37.647042866051194 22.008852221369743 8.758578643762691
      vertex 37.72470140755176 22.020371772646904 8.758578643762691
      vertex 37.647042866051194 22.008852221369743 9.5
    endloop
  endfacet
  facet normal 0.049067667625102826 -0.9987954565344359 0
    outer loop
      vertex 37.647042866051194 22.008852221369743 8.758578643762691
      vertex 37.647042866051194 22.008852221369743 9.5
      vertex 37.56862914860248 22.005000002980232 9.5
    endloop
  endfacet
  facet normal 0.24298023145634273 -0.9700312402811686 0
    outer loop
      vertex 37.72470140755176 22.020371772646904 8.758578643762691
      vertex 37.80085689127445 22.039447732567787 8.758578643762691
      vertex 37.72470140755176 22.020371772646904 9.5
    endloop
  endfacet
  facet normal 0.33688987086283995 -0.9415440589319328 0
    outer loop
      vertex 37.80085689127445 22.039447732567787 8.758578643762691
      vertex 37.874775896966455 22.065896377265453 8.758578643762691
      vertex 37.80085689127445 22.039447732567787 9.5
    endloop
  endfacet
  facet normal 0.4275550557300843 -0.903989310954308 0
    outer loop
      vertex 37.874775896966455 22.065896377265453 8.758578643762691
      vertex 37.9457465365529 22.099462986290455 8.758578643762691
      vertex 37.874775896966455 22.065896377265453 9.5
    endloop
  endfacet
  facet normal 0.14673041005620283 -0.9891765195174916 0
    outer loop
      vertex 37.72470140755176 22.020371772646904 8.758578643762691
      vertex 37.72470140755176 22.020371772646904 9.5
      vertex 37.647042866051194 22.008852221369743 9.5
    endloop
  endfacet
  facet normal 0.24298023145634273 -0.9700312402811686 0
    outer loop
      vertex 37.80085689127445 22.039447732567787 8.758578643762691
      vertex 37.80085689127445 22.039447732567787 9.5
      vertex 37.72470140755176 22.020371772646904 9.5
    endloop
  endfacet
  facet normal 0.33688987086283995 -0.9415440589319328 0
    outer loop
      vertex 37.874775896966455 22.065896377265453 8.758578643762691
      vertex 37.874775896966455 22.065896377265453 9.5
      vertex 37.80085689127445 22.039447732567787 9.5
    endloop
  endfacet
  facet normal 0.4275550557300843 -0.903989310954308 0
    outer loop
      vertex 37.9457465365529 22.099462986290455 8.758578643762691
      vertex 37.9457465365529 22.099462986290455 9.5
      vertex 37.874775896966455 22.065896377265453 9.5
    endloop
  endfacet
  facet normal 0.5141027240427101 -0.8577286220780237 0
    outer loop
      vertex 37.9457465365529 22.099462986290455 8.758578643762691
      vertex 38.01308533847332 22.139824308753013 8.758578643762691
      vertex 37.9457465365529 22.099462986290455 9.5
    endloop
  endfacet
  facet normal 0.5956993719989603 -0.803207481414388 0
    outer loop
      vertex 38.01308533847332 22.139824308753013 8.758578643762691
      vertex 38.07614377439022 22.186591640412807 8.758578643762691
      vertex 38.01308533847332 22.139824308753013 9.5
    endloop
  endfacet
  facet normal 0.5141027240427101 -0.8577286220780237 0
    outer loop
      vertex 38.01308533847332 22.139824308753013 8.758578643762691
      vertex 38.01308533847332 22.139824308753013 9.5
      vertex 37.9457465365529 22.099462986290455 9.5
    endloop
  endfacet
  facet normal 0.5956993719989603 -0.803207481414388 0
    outer loop
      vertex 38.07614377439022 22.186591640412807 8.758578643762691
      vertex 38.07614377439022 22.186591640412807 9.5
      vertex 38.01308533847332 22.139824308753013 9.5
    endloop
  endfacet
  facet normal 0.6715589257472103 -0.7409511517294868 0
    outer loop
      vertex 38.07614377439022 22.186591640412807 8.758578643762691
      vertex 38.13431457728147 22.23931457877159 8.758578643762691
      vertex 38.07614377439022 22.186591640412807 9.5
    endloop
  endfacet
  facet normal 0.6715589257472103 -0.7409511517294868 0
    outer loop
      vertex 38.13431457728147 22.23931457877159 8.758578643762691
      vertex 38.13431457728147 22.23931457877159 9.5
      vertex 38.07614377439022 22.186591640412807 9.5
    endloop
  endfacet
  facet normal 0.6556100469067322 -0.6556100840890657 0.37463433376518046
    outer loop
      vertex 38.13431457728147 21.758400680619197 7.916979321996001
      vertex 38.26568542718887 22.06493264678679 8.223511288489856
      vertex 38.13431457728147 22.23931457877159 8.758578643762691
    endloop
  endfacet
  facet normal 0.6184119618982651 -0.6823124213761935 0.3898928122149658
    outer loop
      vertex 38.26568542718887 22.06493264678679 8.223511288489856
      vertex 38.323856222629544 22.187952836465204 8.346531478299209
      vertex 38.26568542718887 22.37068542122841 8.758578643762691
    endloop
  endfacet
  facet normal 0.6556100469067282 -0.6556100840890695 0.37463433376518074
    outer loop
      vertex 38.26568542718887 22.06493264678679 8.223511288489856
      vertex 38.26568542718887 22.37068542122841 8.758578643762691
      vertex 38.13431457728147 22.23931457877159 8.758578643762691
    endloop
  endfacet
  facet normal 0.5413974961959986 -0.7299899767965478 0.41713712959802457
    outer loop
      vertex 38.323856222629544 22.187952836465204 8.346531478299209
      vertex 38.386914665997026 22.297076610492923 8.455655252443073
      vertex 38.323856222629544 22.423408359587192 8.758578643762691
    endloop
  endfacet
  facet normal -6.480678962169097e-16 -0.7071067815628584 0.7071067808102366
    outer loop
      vertex 38.26568542718887 22.06493264678679 8.223511288489856
      vertex 40.4 22.136396106353693 8.294974748132825
      vertex 38.323856222629544 22.187952836465204 8.346531478299209
    endloop
  endfacet
  facet normal 0.7071067611350814 -0.707106801238013 0
    outer loop
      vertex 38.13431457728147 22.23931457877159 8.758578643762691
      vertex 38.26568542718887 22.37068542122841 8.758578643762691
      vertex 38.13431457728147 22.23931457877159 9.5
    endloop
  endfacet
  facet normal 0.6184119618982628 -0.6823124213761955 0.3898928122149663
    outer loop
      vertex 38.323856222629544 22.187952836465204 8.346531478299209
      vertex 38.323856222629544 22.423408359587192 8.758578643762691
      vertex 38.26568542718887 22.37068542122841 8.758578643762691
    endloop
  endfacet
  facet normal 0.4616354681327937 -0.7701922041186008 0.4401098309249044
    outer loop
      vertex 38.386914665997026 22.297076610492923 8.455655252443073
      vertex 38.45425346046686 22.391253029705876 8.549831671756266
      vertex 38.386914665997026 22.470175691246986 8.758578643762691
    endloop
  endfacet
  facet normal 0.3798666524735987 -0.8031607271906037 0.45894898696604947
    outer loop
      vertex 38.45425346046686 22.391253029705876 8.549831671756266
      vertex 38.52522410750389 22.46957511754203 8.628153759675785
      vertex 38.45425346046686 22.510537013709545 8.758578643762691
    endloop
  endfacet
  facet normal 0.5413974961959763 -0.7299899767965634 0.4171371295980265
    outer loop
      vertex 38.386914665997026 22.297076610492923 8.455655252443073
      vertex 38.386914665997026 22.470175691246986 8.758578643762691
      vertex 38.323856222629544 22.423408359587192 8.758578643762691
    endloop
  endfacet
  facet normal 0.4616354681327959 -0.7701922041185993 0.44010983092490447
    outer loop
      vertex 38.45425346046686 22.391253029705876 8.549831671756266
      vertex 38.45425346046686 22.510537013709545 8.758578643762691
      vertex 38.386914665997026 22.470175691246986 8.758578643762691
    endloop
  endfacet
  facet normal 0.37986665247361234 -0.8031607271905945 0.4589489869660541
    outer loop
      vertex 38.52522410750389 22.46957511754203 8.628153759675785
      vertex 38.52522410750389 22.544103622734546 8.758578643762691
      vertex 38.45425346046686 22.510537013709545 8.758578643762691
    endloop
  endfacet
  facet normal 0.29667584526522855 -0.8291533095594654 0.47380189117683735
    outer loop
      vertex 38.52522410750389 22.46957511754203 8.628153759675785
      vertex 38.59914310574531 22.531288621924165 8.689867264123606
      vertex 38.52522410750389 22.544103622734546 8.758578643762691
    endloop
  endfacet
  facet normal 0.6715589729696431 -0.7409511089295691 0
    outer loop
      vertex 38.26568542718887 22.37068542122841 8.758578643762691
      vertex 38.323856222629544 22.423408359587192 8.758578643762691
      vertex 38.26568542718887 22.37068542122841 9.5
    endloop
  endfacet
  facet normal 0.7071067611350814 -0.707106801238013 0
    outer loop
      vertex 38.26568542718887 22.37068542122841 8.758578643762691
      vertex 38.26568542718887 22.37068542122841 9.5
      vertex 38.13431457728147 22.23931457877159 9.5
    endloop
  endfacet
  facet normal 0.6715589729696431 -0.7409511089295691 0
    outer loop
      vertex 38.323856222629544 22.423408359587192 8.758578643762691
      vertex 38.323856222629544 22.423408359587192 9.5
      vertex 38.26568542718887 22.37068542122841 9.5
    endloop
  endfacet
  facet normal 0.5956993265912575 -0.8032075150910394 0
    outer loop
      vertex 38.323856222629544 22.423408359587192 8.758578643762691
      vertex 38.386914665997026 22.470175691246986 8.758578643762691
      vertex 38.323856222629544 22.423408359587192 9.5
    endloop
  endfacet
  facet normal 0.5141027658906873 -0.8577285969953113 0
    outer loop
      vertex 38.386914665997026 22.470175691246986 8.758578643762691
      vertex 38.45425346046686 22.510537013709545 8.758578643762691
      vertex 38.386914665997026 22.470175691246986 9.5
    endloop
  endfacet
  facet normal 0.4275550190500273 -0.9039893283026802 0
    outer loop
      vertex 38.45425346046686 22.510537013709545 8.758578643762691
      vertex 38.52522410750389 22.544103622734546 8.758578643762691
      vertex 38.45425346046686 22.510537013709545 9.5
    endloop
  endfacet
  facet normal 0.5956993265912575 -0.8032075150910394 0
    outer loop
      vertex 38.386914665997026 22.470175691246986 8.758578643762691
      vertex 38.386914665997026 22.470175691246986 9.5
      vertex 38.323856222629544 22.423408359587192 9.5
    endloop
  endfacet
  facet normal 0.5141027658906873 -0.8577285969953113 0
    outer loop
      vertex 38.45425346046686 22.510537013709545 8.758578643762691
      vertex 38.45425346046686 22.510537013709545 9.5
      vertex 38.386914665997026 22.470175691246986 9.5
    endloop
  endfacet
  facet normal 0.33688990096538984 -0.9415440481610671 0
    outer loop
      vertex 38.52522410750389 22.544103622734546 8.758578643762691
      vertex 38.59914310574531 22.570552267432213 8.758578643762691
      vertex 38.52522410750389 22.544103622734546 9.5
    endloop
  endfacet
  facet normal 0.4275550190500273 -0.9039893283026802 0
    outer loop
      vertex 38.52522410750389 22.544103622734546 8.758578643762691
      vertex 38.52522410750389 22.544103622734546 9.5
      vertex 38.45425346046686 22.510537013709545 9.5
    endloop
  endfacet
  facet normal 0.21251579319051714 -0.8484104127002772 0.48480595011442534
    outer loop
      vertex 38.59914310574531 22.531288621924165 8.689867264123606
      vertex 38.675298589468 22.575799195136064 8.734377837382876
      vertex 38.59914310574531 22.570552267432213 8.758578643762691
    endloop
  endfacet
  facet normal 0.2966758452652155 -0.8291533095594767 0.4738018911768255
    outer loop
      vertex 38.59914310574531 22.531288621924165 8.689867264123606
      vertex 38.59914310574531 22.570552267432213 8.758578643762691
      vertex 38.52522410750389 22.544103622734546 8.758578643762691
    endloop
  endfacet
  facet normal 0.21251579319048525 -0.8484104127003518 0.48480595011430877
    outer loop
      vertex 38.675298589468 22.575799195136064 8.734377837382876
      vertex 38.675298589468 22.589628227353096 8.758578643762691
      vertex 38.59914310574531 22.570552267432213 8.758578643762691
    endloop
  endfacet
  facet normal 0.1277365892703941 -0.8611306058747639 0.4920746319282559
    outer loop
      vertex 38.675298589468 22.575799195136064 8.734377837382876
      vertex 38.745219449243756 22.600000001490116 8.758578643762691
      vertex 38.675298589468 22.589628227353096 8.758578643762691
    endloop
  endfacet
  facet normal 0.24298023145634273 -0.9700312402811686 0
    outer loop
      vertex 38.59914310574531 22.570552267432213 8.758578643762691
      vertex 38.675298589468 22.589628227353096 8.758578643762691
      vertex 38.59914310574531 22.570552267432213 9.5
    endloop
  endfacet
  facet normal 0.14673039628194712 -0.9891765215607085 -6.774438504008734e-19
    outer loop
      vertex 38.675298589468 22.589628227353096 8.758578643762691
      vertex 38.745219449243756 22.600000001490116 8.758578643762691
      vertex 38.745219449243756 22.600000001490116 9.5
    endloop
  endfacet
  facet normal 0.33688990096538984 -0.9415440481610671 0
    outer loop
      vertex 38.59914310574531 22.570552267432213 8.758578643762691
      vertex 38.59914310574531 22.570552267432213 9.5
      vertex 38.52522410750389 22.544103622734546 9.5
    endloop
  endfacet
  facet normal 0.24298023145634273 -0.9700312402811686 0
    outer loop
      vertex 38.675298589468 22.589628227353096 8.758578643762691
      vertex 38.675298589468 22.589628227353096 9.5
      vertex 38.59914310574531 22.570552267432213 9.5
    endloop
  endfacet
  facet normal 0.14673039628194712 -0.9891765215607085 0
    outer loop
      vertex 38.675298589468 22.589628227353096 8.758578643762691
      vertex 38.745219449243756 22.600000001490116 9.5
      vertex 38.675298589468 22.589628227353096 9.5
    endloop
  endfacet
  facet normal 0 0 -1
    outer loop
      vertex 30 18.541421353816986 9.5
      vertex 37.72470140755176 22.020371772646904 9.5
      vertex 40.79999999701977 22.600000001490116 9.5
    endloop
  endfacet
  facet normal 0 0 -1
    outer loop
      vertex 37.72470140755176 22.020371772646904 9.5
      vertex 37.80085689127445 22.039447732567787 9.5
      vertex 40.79999999701977 22.600000001490116 9.5
    endloop
  endfacet
  facet normal 0 0 -1
    outer loop
      vertex 37.80085689127445 22.039447732567787 9.5
      vertex 37.874775896966455 22.065896377265453 9.5
      vertex 40.79999999701977 22.600000001490116 9.5
    endloop
  endfacet
  facet normal 0 0 -1
    outer loop
      vertex 37.874775896966455 22.065896377265453 9.5
      vertex 37.9457465365529 22.099462986290455 9.5
      vertex 40.79999999701977 22.600000001490116 9.5
    endloop
  endfacet
  facet normal 0 0 -1
    outer loop
      vertex 37.9457465365529 22.099462986290455 9.5
      vertex 38.01308533847332 22.139824308753013 9.5
      vertex 40.79999999701977 22.600000001490116 9.5
    endloop
  endfacet
  facet normal 0 0 -1
    outer loop
      vertex 38.01308533847332 22.139824308753013 9.5
      vertex 38.07614377439022 22.186591640412807 9.5
      vertex 40.79999999701977 22.600000001490116 9.5
    endloop
  endfacet
  facet normal 0 0 -1
    outer loop
      vertex 24.199999994039537 27.000000001490115 6.800000000000001
      vertex 44.32720778733492 27.000000001490115 6.800000000000001
      vertex 34.679898984730244 21.24142135679722 6.800000000000001
    endloop
  endfacet
  facet normal 0 1 0
    outer loop
      vertex -1.5 28 10
      vertex 51.5 28 10
      vertex 51.5 28 6.800000000000001
    endloop
  endfacet
  facet normal 0 0 -1
    outer loop
      vertex 52.19999999403954 6.800000004470348 9.5
      vertex 40.79999999701977 22.072792208093095 9.5
      vertex 52.19999999403954 22.600000001490116 9.5
    endloop
  endfacet
  facet normal -1 0 1.2574124250702814e-11
    outer loop
      vertex 52.20000000298023 6.558578640222549 8.758578643762691
      vertex 52.20000000298023 21.24142135679722 8.758578643762691
      vertex 52.200000002955605 21.24142135679722 6.800000000000001
    endloop
  endfacet
  facet normal 0 0 -1
    outer loop
      vertex 52.20000000298023 6.558578640222549 8.758578643762691
      vertex 52.2 21.24142135679722 8.758578643762691
      vertex 52.20000000298023 21.24142135679722 8.758578643762691
    endloop
  endfacet
  facet normal -1 0 0
    outer loop
      vertex 52.2 6.558578640222549 8.758578643762691
      vertex 52.2 22.600000001490116 9.5
      vertex 52.2 21.24142135679722 8.758578643762691
    endloop
  endfacet
  facet normal 0 0 -1
    outer loop
      vertex 52.19999999403954 6.800000004470348 9.5
      vertex 52.19999999403954 22.600000001490116 9.5
      vertex 52.2 22.600000001490116 9.5
    endloop
  endfacet
  facet normal 0 0 -1
    outer loop
      vertex 52.20000000298023 6.558578640222549 6.800000000000001
      vertex 52.200000002955605 21.24142135679722 6.800000000000001
      vertex 53 26.5 6.800000000000001
    endloop
  endfacet
  facet normal 1 0 0
    outer loop
      vertex 53 1.5 6.800000000000001
      vertex 53 26.5 6.800000000000001
      vertex 53 26.5 10
    endloop
  endfacet
  facet normal 0 0 1
    outer loop
      vertex 53 1.5 10
      vertex 53 26.5 10
      vertex 51.5 28 10
    endloop
  endfacet
  facet normal 0 -0.7071067815628597 0.7071067808102355
    outer loop
      vertex 38.20034012074099 21.24142135679722 7.399999997623764
      vertex 38.610050501498414 21.24142135679722 7.399999997623764
      vertex 40.4 22.136396106353693 8.294974748132825
    endloop
  endfacet
  facet normal -2.34388892412631e-16 -0.7071067815628502 0.7071067808102449
    outer loop
      vertex 38.323856222629544 22.187952836465204 8.346531478299209
      vertex 40.4 22.136396106353693 8.294974748132825
      vertex 38.386914665997026 22.297076610492923 8.455655252443073
    endloop
  endfacet
  facet normal -2.2991772285527244e-15 -0.707106781562863 0.707106780810232
    outer loop
      vertex 40.4 22.136396106353693 8.294974748132825
      vertex 38.45425346046686 22.391253029705876 8.549831671756266
      vertex 38.386914665997026 22.297076610492923 8.455655252443073
    endloop
  endfacet
  facet normal -3.8068811894013664e-15 -0.7071067815628688 0.7071067808102263
    outer loop
      vertex 40.4 22.136396106353693 8.294974748132825
      vertex 38.52522410750389 22.46957511754203 8.628153759675785
      vertex 38.45425346046686 22.391253029705876 8.549831671756266
    endloop
  endfacet
  facet normal 2.5463236809144204e-15 -0.707106781562851 0.707106780810244
    outer loop
      vertex 40.4 22.136396106353693 8.294974748132825
      vertex 38.59914310574531 22.531288621924165 8.689867264123606
      vertex 38.52522410750389 22.46957511754203 8.628153759675785
    endloop
  endfacet
  facet normal 8.881028921375344e-15 -0.7071067815628365 0.7071067808102587
    outer loop
      vertex 40.4 22.136396106353693 8.294974748132825
      vertex 38.675298589468 22.575799195136064 8.734377837382876
      vertex 38.59914310574531 22.531288621924165 8.689867264123606
    endloop
  endfacet
  facet normal -1.8084722098449524e-14 -0.7071067815628894 0.7071067808102056
    outer loop
      vertex 40.4 22.136396106353693 8.294974748132825
      vertex 38.745219449243756 22.600000001490116 8.758578643762691
      vertex 38.675298589468 22.575799195136064 8.734377837382876
    endloop
  endfacet
  facet normal -1.0605513864391722e-18 -0.7071067815628571 0.7071067808102378
    outer loop
      vertex 40.4 22.136396106353693 8.294974748132825
      vertex 40.4 22.600000001490116 8.758578643762691
      vertex 38.745219449243756 22.600000001490116 8.758578643762691
    endloop
  endfacet
  facet normal 0 -1 0
    outer loop
      vertex 38.745219449243756 22.600000001490116 8.758578643762691
      vertex 40.4 22.600000001490116 8.758578643762691
      vertex 38.745219449243756 22.600000001490116 9.5
    endloop
  endfacet
  facet normal 0.5773500429191334 -0.5773513629535763 -0.5773494016944356
    outer loop
      vertex 38.610050501498414 21.24142135679722 7.399999997623764
      vertex 41.32720778939624 22.600000001490116 8.758578643202782
      vertex 40.4 22.136396106353693 8.294974748132825
    endloop
  endfacet
  facet normal 1 0 0
    outer loop
      vertex 40.4 22.136396106353693 8.294974748132825
      vertex 40.4 22.600000001490116 8.758578643202782
      vertex 40.4 22.600000001490116 8.758578643762691
    endloop
  endfacet
  facet normal -1.6797947300188324e-17 -0.7071067811358593 0.7071067812372358
    outer loop
      vertex 40.4 22.136396106353693 8.294974748132825
      vertex 41.32720778939624 22.600000001490116 8.758578643202782
      vertex 40.4 22.600000001490116 8.758578643202782
    endloop
  endfacet
  facet normal 0 -1 0
    outer loop
      vertex 38.745219449243756 22.600000001490116 9.5
      vertex 40.4 22.600000001490116 8.758578643762691
      vertex 40.79999999701977 22.600000001490116 8.758578643762691
    endloop
  endfacet
  facet normal 0 -1 0
    outer loop
      vertex 38.745219449243756 22.600000001490116 9.5
      vertex 40.79999999701977 22.600000001490116 8.758578643762691
      vertex 40.79999999701977 22.600000001490116 9.5
    endloop
  endfacet
  facet normal 0 -1 0
    outer loop
      vertex 40.4 22.600000001490116 8.758578643762691
      vertex 40.4 22.600000001490116 8.758578643202782
      vertex 40.79999999701977 22.600000001490116 8.758578643762691
    endloop
  endfacet
  facet normal 0 -1 0
    outer loop
      vertex 40.4 22.600000001490116 8.758578643202782
      vertex 41.32720778939624 22.600000001490116 8.758578643202782
      vertex 40.79999999701977 22.600000001490116 8.758578643762691
    endloop
  endfacet
  facet normal 0 -1 0
    outer loop
      vertex 40.79999999701977 22.600000001490116 8.758578643762691
      vertex 41.32720778939624 22.600000001490116 8.758578643202782
      vertex 41.32720778995615 22.600000001490116 8.758578643762691
    endloop
  endfacet
  facet normal 0 -1 0
    outer loop
      vertex 40.79999999701977 22.600000001490116 8.758578643762691
      vertex 41.32720778995615 22.600000001490116 8.758578643762691
      vertex 41.32720778995615 22.600000001490116 9.5
    endloop
  endfacet
  facet normal 0 -1 0
    outer loop
      vertex 40.79999999701977 22.600000001490116 8.758578643762691
      vertex 41.32720778995615 22.600000001490116 9.5
      vertex 40.79999999701977 22.600000001490116 9.5
    endloop
  endfacet
  facet normal 0 0 -1
    outer loop
      vertex 38.07614377439022 22.186591640412807 9.5
      vertex 38.13431457728147 22.23931457877159 9.5
      vertex 40.79999999701977 22.600000001490116 9.5
    endloop
  endfacet
  facet normal 0 0 -1
    outer loop
      vertex 38.13431457728147 22.23931457877159 9.5
      vertex 38.26568542718887 22.37068542122841 9.5
      vertex 40.79999999701977 22.600000001490116 9.5
    endloop
  endfacet
  facet normal 0 0 -1
    outer loop
      vertex 38.26568542718887 22.37068542122841 9.5
      vertex 38.323856222629544 22.423408359587192 9.5
      vertex 40.79999999701977 22.600000001490116 9.5
    endloop
  endfacet
  facet normal 0 0 -1
    outer loop
      vertex 38.323856222629544 22.423408359587192 9.5
      vertex 38.386914665997026 22.470175691246986 9.5
      vertex 40.79999999701977 22.600000001490116 9.5
    endloop
  endfacet
  facet normal 0 0 -1
    outer loop
      vertex 38.386914665997026 22.470175691246986 9.5
      vertex 38.45425346046686 22.510537013709545 9.5
      vertex 40.79999999701977 22.600000001490116 9.5
    endloop
  endfacet
  facet normal 0 0 -1
    outer loop
      vertex 38.45425346046686 22.510537013709545 9.5
      vertex 38.52522410750389 22.544103622734546 9.5
      vertex 40.79999999701977 22.600000001490116 9.5
    endloop
  endfacet
  facet normal 0 0 -1
    outer loop
      vertex 38.52522410750389 22.544103622734546 9.5
      vertex 38.59914310574531 22.570552267432213 9.5
      vertex 40.79999999701977 22.600000001490116 9.5
    endloop
  endfacet
  facet normal 0 0 -1
    outer loop
      vertex 38.59914310574531 22.570552267432213 9.5
      vertex 38.675298589468 22.589628227353096 9.5
      vertex 40.79999999701977 22.600000001490116 9.5
    endloop
  endfacet
  facet normal 0 0 -1
    outer loop
      vertex 38.675298589468 22.589628227353096 9.5
      vertex 38.745219449243756 22.600000001490116 9.5
      vertex 40.79999999701977 22.600000001490116 9.5
    endloop
  endfacet
  facet normal 0 0 -1
    outer loop
      vertex 40.79999999701977 22.072792208093095 9.5
      vertex 40.79999999701977 22.600000001490116 9.5
      vertex 41.32720778995615 22.600000001490116 9.5
    endloop
  endfacet
  facet normal 0 0 -1
    outer loop
      vertex 34.679898984730244 21.24142135679722 6.800000000000001
      vertex 44.32720778733492 27.000000001490115 6.800000000000001
      vertex 38.56862914767353 21.24142135679722 6.800000000000001
    endloop
  endfacet
  facet normal 0.7071067814954618 -0.7071067808776332 0
    outer loop
      vertex 38.56862914767353 21.24142135679722 6.800000000000001
      vertex 44.32720778733492 27.000000001490115 7.355043109856759
      vertex 38.56862914767353 21.24142135679722 7.355043109856759
    endloop
  endfacet
  facet normal 0 0 1
    outer loop
      vertex 38.56509361377069 21.24142135679722 7.355043109856759
      vertex 38.56862914767353 21.24142135679722 7.355043109856759
      vertex 44.32720778733492 27.000000001490115 7.355043109856759
    endloop
  endfacet
  facet normal 0.5773502695259438 -0.5773502690214886 -0.5773502690214448
    outer loop
      vertex 38.56509361377069 21.24142135679722 7.355043109856759
      vertex 44.32720778733492 27.003535535396047 7.355043109856759
      vertex 38.610050501498414 21.24142135679722 7.399999997623764
    endloop
  endfacet
  facet normal 0.5773502695259284 -0.5773502690214726 -0.5773502690214763
    outer loop
      vertex 38.610050501498414 21.24142135679722 7.399999997623764
      vertex 44.32720778733492 25.600000001490116 8.758578643762691
      vertex 41.32720778939624 22.600000001490116 8.758578643202782
    endloop
  endfacet
  facet normal 0.5773508799208465 -0.5773508794163905 -0.5773490482297037
    outer loop
      vertex 41.32720778995615 22.600000001490116 8.758578643762691
      vertex 41.32720778939624 22.600000001490116 8.758578643202782
      vertex 44.32720778733492 25.600000001490116 8.758578643762691
    endloop
  endfacet
  facet normal 0.7071067814954621 -0.7071067808776328 0
    outer loop
      vertex 41.32720778995615 22.600000001490116 8.758578643762691
      vertex 44.32720778733492 25.600000001490116 8.758578643762691
      vertex 41.32720778995615 22.600000001490116 9.5
    endloop
  endfacet
  facet normal 0 0 -1
    outer loop
      vertex 40.79999999701977 22.072792208093095 9.5
      vertex 41.32720778995615 22.600000001490116 9.5
      vertex 52.19999999403954 25.600000001490116 9.5
    endloop
  endfacet
  facet normal 0.5773502695259292 -0.5773502690214745 -0.5773502690214738
    outer loop
      vertex 38.610050501498414 21.24142135679722 7.399999997623764
      vertex 44.32720778733492 27.003535535396047 7.355043109856759
      vertex 44.32720778733492 25.600000001490116 8.758578643762691
    endloop
  endfacet
  facet normal 0.7071067814954618 -0.7071067808776332 -8.670165277751947e-17
    outer loop
      vertex 38.56862914767353 21.24142135679722 6.800000000000001
      vertex 44.32720778733492 27.000000001490115 6.800000000000001
      vertex 44.32720778733492 27.000000001490115 7.355043109856759
    endloop
  endfacet
  facet normal 0 0 1
    outer loop
      vertex 38.56509361377069 21.24142135679722 7.355043109856759
      vertex 44.32720778733492 27.000000001490115 7.355043109856759
      vertex 44.32720778733492 27.003535535396047 7.355043109856759
    endloop
  endfacet
  facet normal 0 0 -1
    outer loop
      vertex 24.199999994039537 27.000000001490115 6.800000000000001
      vertex 51.5 28 6.800000000000001
      vertex 44.32720778733492 27.000000001490115 6.800000000000001
    endloop
  endfacet
  facet normal 0.7071067814954621 -0.7071067808776328 0
    outer loop
      vertex 44.32720778733492 25.600000001490116 8.758578643762691
      vertex 44.32720778733492 25.600000001490116 9.5
      vertex 41.32720778995615 22.600000001490116 9.5
    endloop
  endfacet
  facet normal 0 0 -1
    outer loop
      vertex 41.32720778995615 22.600000001490116 9.5
      vertex 44.32720778733492 25.600000001490116 9.5
      vertex 52.19999999403954 25.600000001490116 9.5
    endloop
  endfacet
  facet normal 0 0 -1
    outer loop
      vertex 40.79999999701977 22.072792208093095 9.5
      vertex 52.19999999403954 25.600000001490116 9.5
      vertex 52.19999999403954 22.600000001490116 9.5
    endloop
  endfacet
  facet normal 0 -1 0
    outer loop
      vertex 52.19999999403954 21.24142135679722 6.800000000000001
      vertex 52.200000002955605 21.24142135679722 6.800000000000001
      vertex 52.2 21.24142135679722 7.399999998509884
    endloop
  endfacet
  facet normal 0 -1 0
    outer loop
      vertex 52.19999999403954 21.24142135679722 6.800000000000001
      vertex 52.2 21.24142135679722 7.399999998509884
      vertex 52.19999999403954 21.24142135679722 7.358578643762691
    endloop
  endfacet
  facet normal 0 -1 0
    outer loop
      vertex 52.19999999403954 21.24142135679722 7.358578643762691
      vertex 52.2 21.24142135679722 7.399999998509884
      vertex 52.19999999403954 21.24142135679722 7.399999998509884
    endloop
  endfacet
  facet normal 0 -1 0
    outer loop
      vertex 52.200000002955605 21.24142135679722 6.800000000000001
      vertex 52.20000000298023 21.24142135679722 8.758578643762691
      vertex 52.2 21.24142135679722 7.399999998509884
    endloop
  endfacet
  facet normal 0 -0.7071067811865475 0.7071067811865475
    outer loop
      vertex 52.19999999403954 21.24142135679722 7.399999998509884
      vertex 52.2 21.24142135679722 7.399999998509884
      vertex 52.2 22.600000001490116 8.758578643202782
    endloop
  endfacet
  facet normal 0 -1 0
    outer loop
      vertex 52.2 21.24142135679722 7.399999998509884
      vertex 52.20000000298023 21.24142135679722 8.758578643762691
      vertex 52.2 21.24142135679722 8.758578643762691
    endloop
  endfacet
  facet normal -1 0 0
    outer loop
      vertex 52.2 21.24142135679722 7.399999998509884
      vertex 52.2 21.24142135679722 8.758578643762691
      vertex 52.2 22.600000001490116 8.758578643202782
    endloop
  endfacet
  facet normal 1.3408398916033308e-10 -0.7071067811865476 0.7071067811865476
    outer loop
      vertex 52.19999999403954 21.24142135679722 7.399999998509884
      vertex 52.2 22.600000001490116 8.758578643202782
      vertex 52.19999999403954 22.595000002050025 8.75357864376269
    endloop
  endfacet
  facet normal -1 0 0
    outer loop
      vertex 52.2 21.24142135679722 8.758578643762691
      vertex 52.2 22.600000001490116 9.5
      vertex 52.2 22.600000001490116 8.758578643202782
    endloop
  endfacet
  facet normal 1.300650505300573e-11 -0.7071067811865476 0.7071067811865476
    outer loop
      vertex 52.19999999403954 22.595000002050025 8.75357864376269
      vertex 52.2 22.600000001490116 8.758578643202782
      vertex 52.19999999403954 22.600000001490116 8.758578643202782
    endloop
  endfacet
  facet normal 0 -1 0
    outer loop
      vertex 52.19999999403954 22.600000001490116 8.758578643202782
      vertex 52.2 22.600000001490116 8.758578643202782
      vertex 52.2 22.600000001490116 9.5
    endloop
  endfacet
  facet normal 0 -1 0
    outer loop
      vertex 52.19999999403954 22.600000001490116 8.758578643202782
      vertex 52.2 22.600000001490116 9.5
      vertex 52.19999999403954 22.600000001490116 9.5
    endloop
  endfacet
  facet normal 0 0 -1
    outer loop
      vertex 52.19999999403954 21.24142135679722 6.800000000000001
      vertex 52.19999999403954 27.000000001490115 6.800000000000001
      vertex 52.200000002955605 21.24142135679722 6.800000000000001
    endloop
  endfacet
  facet normal -1 0 0
    outer loop
      vertex 52.19999999403954 21.24142135679722 6.800000000000001
      vertex 52.19999999403954 21.24142135679722 7.358578643762691
      vertex 52.19999999403954 27.000000001490115 6.800000000000001
    endloop
  endfacet
  facet normal -1 0 0
    outer loop
      vertex 52.19999999403954 21.24142135679722 7.358578643762691
      vertex 52.19999999403954 21.24142135679722 7.399999998509884
      vertex 52.19999999403954 27.000000001490115 7.358578643762691
    endloop
  endfacet
  facet normal -1 0 0
    outer loop
      vertex 52.19999999403954 21.24142135679722 7.399999998509884
      vertex 52.19999999403954 22.595000002050025 8.75357864376269
      vertex 52.19999999403954 25.600000001490116 8.75357864376269
    endloop
  endfacet
  facet normal -1 0 0
    outer loop
      vertex 52.19999999403954 22.595000002050025 8.75357864376269
      vertex 52.19999999403954 22.600000001490116 8.758578643202782
      vertex 52.19999999403954 25.600000001490116 8.75357864376269
    endloop
  endfacet
  facet normal -1 0 0
    outer loop
      vertex 52.19999999403954 22.600000001490116 8.758578643202782
      vertex 52.19999999403954 22.600000001490116 9.5
      vertex 52.19999999403954 25.600000001490116 9.5
    endloop
  endfacet
  facet normal 0 -1 0
    outer loop
      vertex 44.32720778733492 25.600000001490116 8.758578643762691
      vertex 52.19999999403954 25.600000001490116 9.5
      vertex 44.32720778733492 25.600000001490116 9.5
    endloop
  endfacet
  facet normal 0 -0.7071067811865479 -0.7071067811865471
    outer loop
      vertex 44.32720778733492 27.003535535396047 7.355043109856759
      vertex 52.19999999403954 27.003535535396047 7.355043109856759
      vertex 44.32720778733492 25.600000001490116 8.758578643762691
    endloop
  endfacet
  facet normal 0 -1 0
    outer loop
      vertex 44.32720778733492 27.000000001490115 6.800000000000001
      vertex 52.19999999403954 27.000000001490115 7.355043109856759
      vertex 44.32720778733492 27.000000001490115 7.355043109856759
    endloop
  endfacet
  facet normal 0 0 1
    outer loop
      vertex 44.32720778733492 27.003535535396047 7.355043109856759
      vertex 44.32720778733492 27.000000001490115 7.355043109856759
      vertex 52.19999999403954 27.000000001490115 7.355043109856759
    endloop
  endfacet
  facet normal 0 0 -1
    outer loop
      vertex 44.32720778733492 27.000000001490115 6.800000000000001
      vertex 51.5 28 6.800000000000001
      vertex 52.19999999403954 27.000000001490115 6.800000000000001
    endloop
  endfacet
  facet normal 0 -1 0
    outer loop
      vertex 44.32720778733492 25.600000001490116 8.758578643762691
      vertex 52.19999999403954 25.600000001490116 8.758578643762691
      vertex 52.19999999403954 25.600000001490116 9.5
    endloop
  endfacet
  facet normal -6.2678858645831335e-18 -0.7071067811865479 -0.7071067811865471
    outer loop
      vertex 52.19999999403954 27.000000001490115 7.358578643762691
      vertex 52.19999999403954 25.600000001490116 8.758578643762691
      vertex 44.32720778733492 25.600000001490116 8.758578643762691
    endloop
  endfacet
  facet normal 0 0 -1
    outer loop
      vertex 52.200000002955605 21.24142135679722 6.800000000000001
      vertex 52.19999999403954 27.000000001490115 6.800000000000001
      vertex 53 26.5 6.800000000000001
    endloop
  endfacet
  facet normal -1 0 0
    outer loop
      vertex 52.19999999403954 21.24142135679722 7.399999998509884
      vertex 52.19999999403954 25.600000001490116 8.75357864376269
      vertex 52.19999999403954 27.000000001490115 7.358578643762691
    endloop
  endfacet
  facet normal -1 0 0
    outer loop
      vertex 52.19999999403954 21.24142135679722 7.358578643762691
      vertex 52.19999999403954 27.000000001490115 7.355043109856759
      vertex 52.19999999403954 27.000000001490115 6.800000000000001
    endloop
  endfacet
  facet normal -1 0 0
    outer loop
      vertex 52.19999999403954 21.24142135679722 7.358578643762691
      vertex 52.19999999403954 27.000000001490115 7.358578643762691
      vertex 52.19999999403954 27.000000001490115 7.355043109856759
    endloop
  endfacet
  facet normal -1 0 0
    outer loop
      vertex 52.19999999403954 22.600000001490116 8.758578643202782
      vertex 52.19999999403954 25.600000001490116 8.758578643762691
      vertex 52.19999999403954 25.600000001490116 8.75357864376269
    endloop
  endfacet
  facet normal -1 0 0
    outer loop
      vertex 52.19999999403954 22.600000001490116 8.758578643202782
      vertex 52.19999999403954 25.600000001490116 9.5
      vertex 52.19999999403954 25.600000001490116 8.758578643762691
    endloop
  endfacet
  facet normal -1 0 0
    outer loop
      vertex 52.19999999403954 27.000000001490115 7.358578643762691
      vertex 52.19999999403954 25.600000001490116 8.75357864376269
      vertex 52.19999999403954 25.600000001490116 8.758578643762691
    endloop
  endfacet
  facet normal -1.6380447213394382e-16 -0.7071067811865475 -0.7071067811865475
    outer loop
      vertex 52.19999999403954 27.003535535396047 7.355043109856759
      vertex 52.19999999403954 27.000000001490115 7.358578643762691
      vertex 44.32720778733492 25.600000001490116 8.758578643762691
    endloop
  endfacet
  facet normal 0 -1 0
    outer loop
      vertex 44.32720778733492 27.000000001490115 6.800000000000001
      vertex 52.19999999403954 27.000000001490115 6.800000000000001
      vertex 52.19999999403954 27.000000001490115 7.355043109856759
    endloop
  endfacet
  facet normal 0 0 1
    outer loop
      vertex 44.32720778733492 27.003535535396047 7.355043109856759
      vertex 52.19999999403954 27.000000001490115 7.355043109856759
      vertex 52.19999999403954 27.003535535396047 7.355043109856759
    endloop
  endfacet
  facet normal -1 0 0
    outer loop
      vertex 52.19999999403954 27.003535535396047 7.355043109856759
      vertex 52.19999999403954 27.000000001490115 7.355043109856759
      vertex 52.19999999403954 27.000000001490115 7.358578643762691
    endloop
  endfacet
  facet normal 0.7071067811865476 0.7071067811865476 0
    outer loop
      vertex 53 26.5 6.800000000000001
      vertex 51.5 28 10
      vertex 53 26.5 10
    endloop
  endfacet
  facet normal 0.7071067811865476 0.7071067811865476 0
    outer loop
      vertex 53 26.5 6.800000000000001
      vertex 51.5 28 6.800000000000001
      vertex 51.5 28 10
    endloop
  endfacet
  facet normal 0 0 -1
    outer loop
      vertex 53 26.5 6.800000000000001
      vertex 52.19999999403954 27.000000001490115 6.800000000000001
      vertex 51.5 28 6.800000000000001
    endloop
  endfacet
endsolid OpenSCAD_Model
